yil,brend,model,viloyat,dvigatel_turi,sotilgan_soni,ortacha_narx_usd,umumiy_tushum_usd
2022,Chevrolet,Cobalt,Toshkent shahri,Benzin,471,11406.00,5372226.00
2022,Chevrolet,Damas,Toshkent shahri,Benzin,74,8371.00,619454.00
2022,Chevrolet,Labo,Toshkent shahri,Benzin,36,8014.00,288504.00
2022,Chevrolet,Lacetti/Gentra,Toshkent shahri,Benzin,373,13130.00,4897490.00
2022,Chevrolet,Tracker-2,Toshkent shahri,Benzin (Turbo),105,19780.00,2076900.00
2022,Chevrolet,Onix,Toshkent shahri,Benzin (Turbo),134,16283.00,2181922.00
2022,Chevrolet,Malibu-2,Toshkent shahri,Benzin (Turbo),37,34076.00,1260812.00
2022,BYD,Song Plus DM-i,Toshkent shahri,Gibrid (PHEV),88,30010.00,2640880.00
2022,BYD,Chazor (Destroyer 05),Toshkent shahri,Gibrid (PHEV),68,23447.00,1594396.00
2022,BYD,Song Plus EV,Toshkent shahri,Elektromobil (EV),11,34260.00,376860.00
2022,BYD,Han,Toshkent shahri,Elektromobil (EV),3,48475.00,145425.00
2022,Chery,Tiggo 7 Pro,Toshkent shahri,Benzin (Turbo),17,25487.00,433279.00
2022,Chery,Arrizo 6 Pro,Toshkent shahri,Benzin (Turbo),12,19974.00,239688.00
2022,Chery,Tiggo 8 Pro,Toshkent shahri,Benzin (Turbo),4,31850.00,127400.00
2022,Haval,Jolion,Toshkent shahri,Benzin (Turbo),14,22430.00,314020.00
2022,Haval,M6,Toshkent shahri,Benzin,15,18906.00,283590.00
2022,Haval,H6,Toshkent shahri,Benzin (Turbo),7,28573.00,200011.00
2022,Kia,Sonet,Toshkent shahri,Benzin,34,17687.00,601358.00
2022,Kia,K5,Toshkent shahri,Benzin,13,32564.00,423332.00
2022,Kia,Sportage,Toshkent shahri,Benzin,10,34145.00,341450.00
2022,Geely,Monjaro,Toshkent shahri,Benzin (Turbo),6,35166.00,210996.00
2022,Jetour,Dashing,Toshkent shahri,Benzin (Turbo),6,26063.00,156378.00
2022,Chevrolet,Cobalt,Toshkent viloyati,Benzin,189,11301.00,2135889.00
2022,Chevrolet,Damas,Toshkent viloyati,Benzin,133,8689.00,1155637.00
2022,Chevrolet,Labo,Toshkent viloyati,Benzin,81,7990.00,647190.00
2022,Chevrolet,Lacetti/Gentra,Toshkent viloyati,Benzin,127,13017.00,1653159.00
2022,Chevrolet,Tracker-2,Toshkent viloyati,Benzin (Turbo),40,19919.00,796760.00
2022,Chevrolet,Onix,Toshkent viloyati,Benzin (Turbo),50,16245.00,812250.00
2022,Chevrolet,Malibu-2,Toshkent viloyati,Benzin (Turbo),7,34007.00,238049.00
2022,BYD,Song Plus DM-i,Toshkent viloyati,Gibrid (PHEV),14,30598.00,428372.00
2022,BYD,Chazor (Destroyer 05),Toshkent viloyati,Gibrid (PHEV),11,22916.00,252076.00
2022,BYD,Song Plus EV,Toshkent viloyati,Elektromobil (EV),1,34463.00,34463.00
2022,BYD,Han,Toshkent viloyati,Elektromobil (EV),1,48156.00,48156.00
2022,Chery,Tiggo 7 Pro,Toshkent viloyati,Benzin (Turbo),7,25314.00,177198.00
2022,Chery,Arrizo 6 Pro,Toshkent viloyati,Benzin (Turbo),3,19935.00,59805.00
2022,Chery,Tiggo 8 Pro,Toshkent viloyati,Benzin (Turbo),1,31862.00,31862.00
2022,Haval,Jolion,Toshkent viloyati,Benzin (Turbo),6,22462.00,134772.00
2022,Haval,M6,Toshkent viloyati,Benzin,7,18888.00,132216.00
2022,Haval,H6,Toshkent viloyati,Benzin (Turbo),3,28340.00,85020.00
2022,Kia,Sonet,Toshkent viloyati,Benzin,12,17327.00,207924.00
2022,Kia,K5,Toshkent viloyati,Benzin,5,32332.00,161660.00
2022,Kia,Sportage,Toshkent viloyati,Benzin,4,33847.00,135388.00
2022,Geely,Monjaro,Toshkent viloyati,Benzin (Turbo),3,35092.00,105276.00
2022,Jetour,Dashing,Toshkent viloyati,Benzin (Turbo),1,25898.00,25898.00
2022,Chevrolet,Cobalt,Samarqand,Benzin,184,11334.00,2085456.00
2022,Chevrolet,Damas,Samarqand,Benzin,141,8526.00,1202166.00
2022,Chevrolet,Labo,Samarqand,Benzin,74,8056.00,596144.00
2022,Chevrolet,Lacetti/Gentra,Samarqand,Benzin,160,12804.00,2048640.00
2022,Chevrolet,Tracker-2,Samarqand,Benzin (Turbo),50,20042.00,1002100.00
2022,Chevrolet,Onix,Samarqand,Benzin (Turbo),51,16181.00,825231.00
2022,Chevrolet,Malibu-2,Samarqand,Benzin (Turbo),6,33978.00,203868.00
2022,BYD,Song Plus DM-i,Samarqand,Gibrid (PHEV),17,30424.00,517208.00
2022,BYD,Chazor (Destroyer 05),Samarqand,Gibrid (PHEV),12,22795.00,273540.00
2022,BYD,Song Plus EV,Samarqand,Elektromobil (EV),2,34433.00,68866.00
2022,BYD,Han,Samarqand,Elektromobil (EV),1,48654.00,48654.00
2022,Chery,Tiggo 7 Pro,Samarqand,Benzin (Turbo),4,25470.00,101880.00
2022,Chery,Arrizo 6 Pro,Samarqand,Benzin (Turbo),6,20083.00,120498.00
2022,Chery,Tiggo 8 Pro,Samarqand,Benzin (Turbo),3,31865.00,95595.00
2022,Haval,Jolion,Samarqand,Benzin (Turbo),3,22433.00,67299.00
2022,Haval,M6,Samarqand,Benzin,6,18883.00,113298.00
2022,Haval,H6,Samarqand,Benzin (Turbo),2,28585.00,57170.00
2022,Kia,Sonet,Samarqand,Benzin,11,17630.00,193930.00
2022,Kia,K5,Samarqand,Benzin,4,32530.00,130120.00
2022,Kia,Sportage,Samarqand,Benzin,3,33989.00,101967.00
2022,Geely,Monjaro,Samarqand,Benzin (Turbo),1,34920.00,34920.00
2022,Jetour,Dashing,Samarqand,Benzin (Turbo),2,25915.00,51830.00
2022,Chevrolet,Cobalt,Farg‘ona,Benzin,130,11497.00,1494610.00
2022,Chevrolet,Damas,Farg‘ona,Benzin,245,8436.00,2066820.00
2022,Chevrolet,Labo,Farg‘ona,Benzin,164,8033.00,1317412.00
2022,Chevrolet,Lacetti/Gentra,Farg‘ona,Benzin,115,12971.00,1491665.00
2022,Chevrolet,Tracker-2,Farg‘ona,Benzin (Turbo),38,20121.00,764598.00
2022,Chevrolet,Onix,Farg‘ona,Benzin (Turbo),43,16207.00,696901.00
2022,Chevrolet,Malibu-2,Farg‘ona,Benzin (Turbo),5,33851.00,169255.00
2022,BYD,Song Plus DM-i,Farg‘ona,Gibrid (PHEV),12,30117.00,361404.00
2022,BYD,Chazor (Destroyer 05),Farg‘ona,Gibrid (PHEV),8,22812.00,182496.00
2022,BYD,Song Plus EV,Farg‘ona,Elektromobil (EV),1,34312.00,34312.00
2022,BYD,Han,Farg‘ona,Elektromobil (EV),1,48565.00,48565.00
2022,Chery,Tiggo 7 Pro,Farg‘ona,Benzin (Turbo),7,25642.00,179494.00
2022,Chery,Arrizo 6 Pro,Farg‘ona,Benzin (Turbo),4,19925.00,79700.00
2022,Chery,Tiggo 8 Pro,Farg‘ona,Benzin (Turbo),1,31929.00,31929.00
2022,Haval,Jolion,Farg‘ona,Benzin (Turbo),2,22497.00,44994.00
2022,Haval,M6,Farg‘ona,Benzin,6,18846.00,113076.00
2022,Haval,H6,Farg‘ona,Benzin (Turbo),3,28422.00,85266.00
2022,Kia,Sonet,Farg‘ona,Benzin,10,17554.00,175540.00
2022,Kia,K5,Farg‘ona,Benzin,4,32397.00,129588.00
2022,Kia,Sportage,Farg‘ona,Benzin,4,33997.00,135988.00
2022,Geely,Monjaro,Farg‘ona,Benzin (Turbo),3,34943.00,104829.00
2022,Jetour,Dashing,Farg‘ona,Benzin (Turbo),1,25896.00,25896.00
2022,Chevrolet,Cobalt,Andijon,Benzin,129,11648.00,1502592.00
2022,Chevrolet,Damas,Andijon,Benzin,214,8558.00,1831412.00
2022,Chevrolet,Labo,Andijon,Benzin,144,8145.00,1172880.00
2022,Chevrolet,Lacetti/Gentra,Andijon,Benzin,111,12946.00,1437006.00
2022,Chevrolet,Tracker-2,Andijon,Benzin (Turbo),33,20138.00,664554.00
2022,Chevrolet,Onix,Andijon,Benzin (Turbo),39,16525.00,644475.00
2022,Chevrolet,Malibu-2,Andijon,Benzin (Turbo),4,33950.00,135800.00
2022,BYD,Song Plus DM-i,Andijon,Gibrid (PHEV),10,30264.00,302640.00
2022,BYD,Chazor (Destroyer 05),Andijon,Gibrid (PHEV),7,23463.00,164241.00
2022,BYD,Song Plus EV,Andijon,Elektromobil (EV),1,33843.00,33843.00
2022,BYD,Han,Andijon,Elektromobil (EV),1,48571.00,48571.00
2022,Chery,Tiggo 7 Pro,Andijon,Benzin (Turbo),6,25668.00,154008.00
2022,Chery,Arrizo 6 Pro,Andijon,Benzin (Turbo),3,19939.00,59817.00
2022,Chery,Tiggo 8 Pro,Andijon,Benzin (Turbo),1,31836.00,31836.00
2022,Haval,Jolion,Andijon,Benzin (Turbo),4,22532.00,90128.00
2022,Haval,M6,Andijon,Benzin,4,18698.00,74792.00
2022,Haval,H6,Andijon,Benzin (Turbo),3,28451.00,85353.00
2022,Kia,Sonet,Andijon,Benzin,9,17353.00,156177.00
2022,Kia,K5,Andijon,Benzin,4,32374.00,129496.00
2022,Kia,Sportage,Andijon,Benzin,4,33912.00,135648.00
2022,Geely,Monjaro,Andijon,Benzin (Turbo),2,35148.00,70296.00
2022,Jetour,Dashing,Andijon,Benzin (Turbo),1,26183.00,26183.00
2022,Chevrolet,Cobalt,Namangan,Benzin,112,11462.00,1283744.00
2022,Chevrolet,Damas,Namangan,Benzin,175,8507.00,1488725.00
2022,Chevrolet,Labo,Namangan,Benzin,110,8103.00,891330.00
2022,Chevrolet,Lacetti/Gentra,Namangan,Benzin,88,13183.00,1160104.00
2022,Chevrolet,Tracker-2,Namangan,Benzin (Turbo),33,19682.00,649506.00
2022,Chevrolet,Onix,Namangan,Benzin (Turbo),37,16434.00,608058.00
2022,Chevrolet,Malibu-2,Namangan,Benzin (Turbo),7,33821.00,236747.00
2022,BYD,Song Plus DM-i,Namangan,Gibrid (PHEV),9,30599.00,275391.00
2022,BYD,Chazor (Destroyer 05),Namangan,Gibrid (PHEV),7,23262.00,162834.00
2022,BYD,Song Plus EV,Namangan,Elektromobil (EV),1,34137.00,34137.00
2022,BYD,Han,Namangan,Elektromobil (EV),1,48276.00,48276.00
2022,Chery,Tiggo 7 Pro,Namangan,Benzin (Turbo),5,25585.00,127925.00
2022,Chery,Arrizo 6 Pro,Namangan,Benzin (Turbo),4,20116.00,80464.00
2022,Chery,Tiggo 8 Pro,Namangan,Benzin (Turbo),2,32103.00,64206.00
2022,Haval,Jolion,Namangan,Benzin (Turbo),2,22519.00,45038.00
2022,Haval,M6,Namangan,Benzin,4,18757.00,75028.00
2022,Haval,H6,Namangan,Benzin (Turbo),1,28480.00,28480.00
2022,Kia,Sonet,Namangan,Benzin,8,17394.00,139152.00
2022,Kia,K5,Namangan,Benzin,2,32460.00,64920.00
2022,Kia,Sportage,Namangan,Benzin,1,34055.00,34055.00
2022,Geely,Monjaro,Namangan,Benzin (Turbo),1,35022.00,35022.00
2022,Jetour,Dashing,Namangan,Benzin (Turbo),1,25853.00,25853.00
2022,Chevrolet,Cobalt,Buxoro,Benzin,132,11579.00,1528428.00
2022,Chevrolet,Damas,Buxoro,Benzin,92,8413.00,773996.00
2022,Chevrolet,Labo,Buxoro,Benzin,43,8185.00,351955.00
2022,Chevrolet,Lacetti/Gentra,Buxoro,Benzin,92,13072.00,1202624.00
2022,Chevrolet,Tracker-2,Buxoro,Benzin (Turbo),27,20187.00,545049.00
2022,Chevrolet,Onix,Buxoro,Benzin (Turbo),34,16382.00,556988.00
2022,Chevrolet,Malibu-2,Buxoro,Benzin (Turbo),4,34112.00,136448.00
2022,BYD,Song Plus DM-i,Buxoro,Gibrid (PHEV),11,29885.00,328735.00
2022,BYD,Chazor (Destroyer 05),Buxoro,Gibrid (PHEV),8,23211.00,185688.00
2022,BYD,Song Plus EV,Buxoro,Elektromobil (EV),2,34099.00,68198.00
2022,BYD,Han,Buxoro,Elektromobil (EV),1,48799.00,48799.00
2022,Chery,Tiggo 7 Pro,Buxoro,Benzin (Turbo),3,25514.00,76542.00
2022,Chery,Arrizo 6 Pro,Buxoro,Benzin (Turbo),1,19985.00,19985.00
2022,Chery,Tiggo 8 Pro,Buxoro,Benzin (Turbo),2,31862.00,63724.00
2022,Haval,Jolion,Buxoro,Benzin (Turbo),2,22469.00,44938.00
2022,Haval,M6,Buxoro,Benzin,3,18925.00,56775.00
2022,Haval,H6,Buxoro,Benzin (Turbo),2,28400.00,56800.00
2022,Kia,Sonet,Buxoro,Benzin,4,17563.00,70252.00
2022,Kia,K5,Buxoro,Benzin,2,32304.00,64608.00
2022,Kia,Sportage,Buxoro,Benzin,2,33902.00,67804.00
2022,Geely,Monjaro,Buxoro,Benzin (Turbo),3,35110.00,105330.00
2022,Jetour,Dashing,Buxoro,Benzin (Turbo),3,26107.00,78321.00
2022,Chevrolet,Cobalt,Qashqadaryo,Benzin,72,11357.00,817704.00
2022,Chevrolet,Damas,Qashqadaryo,Benzin,56,8645.00,484120.00
2022,Chevrolet,Labo,Qashqadaryo,Benzin,37,7928.00,293336.00
2022,Chevrolet,Lacetti/Gentra,Qashqadaryo,Benzin,69,12857.00,887133.00
2022,Chevrolet,Tracker-2,Qashqadaryo,Benzin (Turbo),22,19745.00,434390.00
2022,Chevrolet,Onix,Qashqadaryo,Benzin (Turbo),26,16092.00,418392.00
2022,Chevrolet,Malibu-2,Qashqadaryo,Benzin (Turbo),4,34172.00,136688.00
2022,BYD,Song Plus DM-i,Qashqadaryo,Gibrid (PHEV),8,30121.00,240968.00
2022,BYD,Chazor (Destroyer 05),Qashqadaryo,Gibrid (PHEV),7,23280.00,162960.00
2022,BYD,Song Plus EV,Qashqadaryo,Elektromobil (EV),1,34489.00,34489.00
2022,BYD,Han,Qashqadaryo,Elektromobil (EV),1,48085.00,48085.00
2022,Chery,Tiggo 7 Pro,Qashqadaryo,Benzin (Turbo),3,25484.00,76452.00
2022,Chery,Arrizo 6 Pro,Qashqadaryo,Benzin (Turbo),1,19846.00,19846.00
2022,Chery,Tiggo 8 Pro,Qashqadaryo,Benzin (Turbo),1,31893.00,31893.00
2022,Haval,Jolion,Qashqadaryo,Benzin (Turbo),3,22503.00,67509.00
2022,Haval,M6,Qashqadaryo,Benzin,3,18999.00,56997.00
2022,Haval,H6,Qashqadaryo,Benzin (Turbo),1,28338.00,28338.00
2022,Kia,Sonet,Qashqadaryo,Benzin,4,17399.00,69596.00
2022,Kia,K5,Qashqadaryo,Benzin,2,32322.00,64644.00
2022,Kia,Sportage,Qashqadaryo,Benzin,1,34049.00,34049.00
2022,Geely,Monjaro,Qashqadaryo,Benzin (Turbo),2,35089.00,70178.00
2022,Jetour,Dashing,Qashqadaryo,Benzin (Turbo),2,25979.00,51958.00
2022,Chevrolet,Cobalt,Xorazm,Benzin,72,11395.00,820440.00
2022,Chevrolet,Damas,Xorazm,Benzin,105,8556.00,898380.00
2022,Chevrolet,Labo,Xorazm,Benzin,73,7815.00,570495.00
2022,Chevrolet,Lacetti/Gentra,Xorazm,Benzin,53,13079.00,693187.00
2022,Chevrolet,Tracker-2,Xorazm,Benzin (Turbo),18,20029.00,360522.00
2022,Chevrolet,Onix,Xorazm,Benzin (Turbo),21,16519.00,346899.00
2022,Chevrolet,Malibu-2,Xorazm,Benzin (Turbo),4,33900.00,135600.00
2022,BYD,Song Plus DM-i,Xorazm,Gibrid (PHEV),3,30117.00,90351.00
2022,BYD,Chazor (Destroyer 05),Xorazm,Gibrid (PHEV),4,22742.00,90968.00
2022,BYD,Song Plus EV,Xorazm,Elektromobil (EV),1,34255.00,34255.00
2022,BYD,Han,Xorazm,Elektromobil (EV),1,48301.00,48301.00
2022,Chery,Tiggo 7 Pro,Xorazm,Benzin (Turbo),1,25685.00,25685.00
2022,Chery,Arrizo 6 Pro,Xorazm,Benzin (Turbo),2,20014.00,40028.00
2022,Chery,Tiggo 8 Pro,Xorazm,Benzin (Turbo),1,32136.00,32136.00
2022,Haval,Jolion,Xorazm,Benzin (Turbo),1,22389.00,22389.00
2022,Haval,M6,Xorazm,Benzin,3,18714.00,56142.00
2022,Haval,H6,Xorazm,Benzin (Turbo),1,28413.00,28413.00
2022,Kia,Sonet,Xorazm,Benzin,3,17374.00,52122.00
2022,Kia,K5,Xorazm,Benzin,2,32576.00,65152.00
2022,Kia,Sportage,Xorazm,Benzin,2,34048.00,68096.00
2022,Geely,Monjaro,Xorazm,Benzin (Turbo),1,34991.00,34991.00
2022,Jetour,Dashing,Xorazm,Benzin (Turbo),2,26026.00,52052.00
2022,Chevrolet,Cobalt,Surxondaryo,Benzin,64,11395.00,729280.00
2022,Chevrolet,Damas,Surxondaryo,Benzin,54,8451.00,456354.00
2022,Chevrolet,Labo,Surxondaryo,Benzin,29,8067.00,233943.00
2022,Chevrolet,Lacetti/Gentra,Surxondaryo,Benzin,56,13168.00,737408.00
2022,Chevrolet,Tracker-2,Surxondaryo,Benzin (Turbo),19,19922.00,378518.00
2022,Chevrolet,Onix,Surxondaryo,Benzin (Turbo),21,16036.00,336756.00
2022,Chevrolet,Malibu-2,Surxondaryo,Benzin (Turbo),1,34196.00,34196.00
2022,BYD,Song Plus DM-i,Surxondaryo,Gibrid (PHEV),5,30548.00,152740.00
2022,BYD,Chazor (Destroyer 05),Surxondaryo,Gibrid (PHEV),4,23434.00,93736.00
2022,BYD,Song Plus EV,Surxondaryo,Elektromobil (EV),1,34083.00,34083.00
2022,BYD,Han,Surxondaryo,Elektromobil (EV),1,48143.00,48143.00
2022,Chery,Tiggo 7 Pro,Surxondaryo,Benzin (Turbo),1,25672.00,25672.00
2022,Chery,Arrizo 6 Pro,Surxondaryo,Benzin (Turbo),2,20178.00,40356.00
2022,Chery,Tiggo 8 Pro,Surxondaryo,Benzin (Turbo),1,31852.00,31852.00
2022,Haval,Jolion,Surxondaryo,Benzin (Turbo),2,22408.00,44816.00
2022,Haval,M6,Surxondaryo,Benzin,2,18780.00,37560.00
2022,Haval,H6,Surxondaryo,Benzin (Turbo),1,28522.00,28522.00
2022,Kia,Sonet,Surxondaryo,Benzin,4,17421.00,69684.00
2022,Kia,K5,Surxondaryo,Benzin,2,32534.00,65068.00
2022,Kia,Sportage,Surxondaryo,Benzin,1,34130.00,34130.00
2022,Geely,Monjaro,Surxondaryo,Benzin (Turbo),1,35052.00,35052.00
2022,Jetour,Dashing,Surxondaryo,Benzin (Turbo),2,26029.00,52058.00
2022,Chevrolet,Cobalt,Navoiy,Benzin,49,11469.00,561981.00
2022,Chevrolet,Damas,Navoiy,Benzin,38,8692.00,330296.00
2022,Chevrolet,Labo,Navoiy,Benzin,22,7804.00,171688.00
2022,Chevrolet,Lacetti/Gentra,Navoiy,Benzin,41,12828.00,525948.00
2022,Chevrolet,Tracker-2,Navoiy,Benzin (Turbo),11,20149.00,221639.00
2022,Chevrolet,Onix,Navoiy,Benzin (Turbo),13,16485.00,214305.00
2022,Chevrolet,Malibu-2,Navoiy,Benzin (Turbo),2,34091.00,68182.00
2022,BYD,Song Plus DM-i,Navoiy,Gibrid (PHEV),4,29919.00,119676.00
2022,BYD,Chazor (Destroyer 05),Navoiy,Gibrid (PHEV),2,22881.00,45762.00
2022,BYD,Song Plus EV,Navoiy,Elektromobil (EV),2,33866.00,67732.00
2022,BYD,Han,Navoiy,Elektromobil (EV),1,48038.00,48038.00
2022,Chery,Tiggo 7 Pro,Navoiy,Benzin (Turbo),1,25425.00,25425.00
2022,Chery,Arrizo 6 Pro,Navoiy,Benzin (Turbo),1,20019.00,20019.00
2022,Chery,Tiggo 8 Pro,Navoiy,Benzin (Turbo),1,31925.00,31925.00
2022,Haval,Jolion,Navoiy,Benzin (Turbo),1,22300.00,22300.00
2022,Haval,M6,Navoiy,Benzin,1,18986.00,18986.00
2022,Haval,H6,Navoiy,Benzin (Turbo),1,28490.00,28490.00
2022,Kia,Sonet,Navoiy,Benzin,3,17668.00,53004.00
2022,Kia,K5,Navoiy,Benzin,1,32416.00,32416.00
2022,Kia,Sportage,Navoiy,Benzin,1,33933.00,33933.00
2022,Geely,Monjaro,Navoiy,Benzin (Turbo),1,34879.00,34879.00
2022,Jetour,Dashing,Navoiy,Benzin (Turbo),1,26173.00,26173.00
2022,Chevrolet,Cobalt,Jizzax,Benzin,34,11346.00,385764.00
2022,Chevrolet,Damas,Jizzax,Benzin,24,8532.00,204768.00
2022,Chevrolet,Labo,Jizzax,Benzin,13,7800.00,101400.00
2022,Chevrolet,Lacetti/Gentra,Jizzax,Benzin,23,13172.00,302956.00
2022,Chevrolet,Tracker-2,Jizzax,Benzin (Turbo),8,20120.00,160960.00
2022,Chevrolet,Onix,Jizzax,Benzin (Turbo),11,15986.00,175846.00
2022,Chevrolet,Malibu-2,Jizzax,Benzin (Turbo),1,34172.00,34172.00
2022,BYD,Song Plus DM-i,Jizzax,Gibrid (PHEV),2,29857.00,59714.00
2022,BYD,Chazor (Destroyer 05),Jizzax,Gibrid (PHEV),2,23347.00,46694.00
2022,BYD,Song Plus EV,Jizzax,Elektromobil (EV),1,34397.00,34397.00
2022,BYD,Han,Jizzax,Elektromobil (EV),1,48040.00,48040.00
2022,Chery,Tiggo 7 Pro,Jizzax,Benzin (Turbo),1,25527.00,25527.00
2022,Chery,Arrizo 6 Pro,Jizzax,Benzin (Turbo),1,20011.00,20011.00
2022,Chery,Tiggo 8 Pro,Jizzax,Benzin (Turbo),1,32019.00,32019.00
2022,Haval,Jolion,Jizzax,Benzin (Turbo),1,22334.00,22334.00
2022,Haval,M6,Jizzax,Benzin,1,18852.00,18852.00
2022,Haval,H6,Jizzax,Benzin (Turbo),1,28496.00,28496.00
2022,Kia,Sonet,Jizzax,Benzin,2,17602.00,35204.00
2022,Kia,K5,Jizzax,Benzin,1,32304.00,32304.00
2022,Kia,Sportage,Jizzax,Benzin,1,33918.00,33918.00
2022,Geely,Monjaro,Jizzax,Benzin (Turbo),1,34945.00,34945.00
2022,Jetour,Dashing,Jizzax,Benzin (Turbo),1,26023.00,26023.00
2022,Chevrolet,Cobalt,Sirdaryo,Benzin,23,11614.00,267122.00
2022,Chevrolet,Damas,Sirdaryo,Benzin,22,8582.00,188804.00
2022,Chevrolet,Labo,Sirdaryo,Benzin,10,7904.00,79040.00
2022,Chevrolet,Lacetti/Gentra,Sirdaryo,Benzin,19,12898.00,245062.00
2022,Chevrolet,Tracker-2,Sirdaryo,Benzin (Turbo),6,20086.00,120516.00
2022,Chevrolet,Onix,Sirdaryo,Benzin (Turbo),7,15997.00,111979.00
2022,Chevrolet,Malibu-2,Sirdaryo,Benzin (Turbo),1,33877.00,33877.00
2022,BYD,Song Plus DM-i,Sirdaryo,Gibrid (PHEV),2,30306.00,60612.00
2022,BYD,Chazor (Destroyer 05),Sirdaryo,Gibrid (PHEV),1,23187.00,23187.00
2022,BYD,Song Plus EV,Sirdaryo,Elektromobil (EV),1,34499.00,34499.00
2022,BYD,Han,Sirdaryo,Elektromobil (EV),1,48437.00,48437.00
2022,Chery,Tiggo 7 Pro,Sirdaryo,Benzin (Turbo),1,25417.00,25417.00
2022,Chery,Arrizo 6 Pro,Sirdaryo,Benzin (Turbo),1,19853.00,19853.00
2022,Chery,Tiggo 8 Pro,Sirdaryo,Benzin (Turbo),1,32035.00,32035.00
2022,Haval,Jolion,Sirdaryo,Benzin (Turbo),1,22612.00,22612.00
2022,Haval,M6,Sirdaryo,Benzin,1,18711.00,18711.00
2022,Haval,H6,Sirdaryo,Benzin (Turbo),1,28528.00,28528.00
2022,Kia,Sonet,Sirdaryo,Benzin,1,17640.00,17640.00
2022,Kia,K5,Sirdaryo,Benzin,1,32402.00,32402.00
2022,Kia,Sportage,Sirdaryo,Benzin,1,33991.00,33991.00
2022,Geely,Monjaro,Sirdaryo,Benzin (Turbo),1,35146.00,35146.00
2022,Jetour,Dashing,Sirdaryo,Benzin (Turbo),1,26107.00,26107.00
2022,Chevrolet,Cobalt,Qoraqalpog‘iston Res.,Benzin,20,11634.00,232680.00
2022,Chevrolet,Damas,Qoraqalpog‘iston Res.,Benzin,23,8329.00,191567.00
2022,Chevrolet,Labo,Qoraqalpog‘iston Res.,Benzin,11,7932.00,87252.00
2022,Chevrolet,Lacetti/Gentra,Qoraqalpog‘iston Res.,Benzin,20,13084.00,261680.00
2022,Chevrolet,Tracker-2,Qoraqalpog‘iston Res.,Benzin (Turbo),5,19718.00,98590.00
2022,Chevrolet,Onix,Qoraqalpog‘iston Res.,Benzin (Turbo),7,16520.00,115640.00
2022,Chevrolet,Malibu-2,Qoraqalpog‘iston Res.,Benzin (Turbo),1,33925.00,33925.00
2022,BYD,Song Plus DM-i,Qoraqalpog‘iston Res.,Gibrid (PHEV),3,30596.00,91788.00
2022,BYD,Chazor (Destroyer 05),Qoraqalpog‘iston Res.,Gibrid (PHEV),1,22810.00,22810.00
2022,BYD,Song Plus EV,Qoraqalpog‘iston Res.,Elektromobil (EV),1,34460.00,34460.00
2022,BYD,Han,Qoraqalpog‘iston Res.,Elektromobil (EV),2,48373.00,96746.00
2022,Chery,Tiggo 7 Pro,Qoraqalpog‘iston Res.,Benzin (Turbo),1,25699.00,25699.00
2022,Chery,Arrizo 6 Pro,Qoraqalpog‘iston Res.,Benzin (Turbo),1,19983.00,19983.00
2022,Chery,Tiggo 8 Pro,Qoraqalpog‘iston Res.,Benzin (Turbo),1,32080.00,32080.00
2022,Haval,Jolion,Qoraqalpog‘iston Res.,Benzin (Turbo),1,22392.00,22392.00
2022,Haval,M6,Qoraqalpog‘iston Res.,Benzin,1,18759.00,18759.00
2022,Haval,H6,Qoraqalpog‘iston Res.,Benzin (Turbo),1,28576.00,28576.00
2022,Kia,Sonet,Qoraqalpog‘iston Res.,Benzin,1,17304.00,17304.00
2022,Kia,K5,Qoraqalpog‘iston Res.,Benzin,1,32321.00,32321.00
2022,Kia,Sportage,Qoraqalpog‘iston Res.,Benzin,1,34125.00,34125.00
2022,Geely,Monjaro,Qoraqalpog‘iston Res.,Benzin (Turbo),1,35145.00,35145.00
2022,Jetour,Dashing,Qoraqalpog‘iston Res.,Benzin (Turbo),1,25845.00,25845.00
2022,Chevrolet,Cobalt,Toshkent shahri,Benzin,455,11600.00,5278000.00
2022,Chevrolet,Damas,Toshkent shahri,Benzin,61,8372.00,510692.00
2022,Chevrolet,Labo,Toshkent shahri,Benzin,40,8013.00,320520.00
2022,Chevrolet,Lacetti/Gentra,Toshkent shahri,Benzin,337,13038.00,4393806.00
2022,Chevrolet,Tracker-2,Toshkent shahri,Benzin (Turbo),113,19697.00,2225761.00
2022,Chevrolet,Onix,Toshkent shahri,Benzin (Turbo),140,16547.00,2316580.00
2022,Chevrolet,Malibu-2,Toshkent shahri,Benzin (Turbo),39,33979.00,1325181.00
2022,BYD,Song Plus DM-i,Toshkent shahri,Gibrid (PHEV),86,30568.00,2628848.00
2022,BYD,Chazor (Destroyer 05),Toshkent shahri,Gibrid (PHEV),71,23225.00,1648975.00
2022,BYD,Song Plus EV,Toshkent shahri,Elektromobil (EV),13,34173.00,444249.00
2022,BYD,Han,Toshkent shahri,Elektromobil (EV),6,48385.00,290310.00
2022,Chery,Tiggo 7 Pro,Toshkent shahri,Benzin (Turbo),18,25664.00,461952.00
2022,Chery,Arrizo 6 Pro,Toshkent shahri,Benzin (Turbo),13,20037.00,260481.00
2022,Chery,Tiggo 8 Pro,Toshkent shahri,Benzin (Turbo),5,32162.00,160810.00
2022,Haval,Jolion,Toshkent shahri,Benzin (Turbo),13,22593.00,293709.00
2022,Haval,M6,Toshkent shahri,Benzin,15,18826.00,282390.00
2022,Haval,H6,Toshkent shahri,Benzin (Turbo),6,28418.00,170508.00
2022,Kia,Sonet,Toshkent shahri,Benzin,29,17327.00,502483.00
2022,Kia,K5,Toshkent shahri,Benzin,12,32599.00,391188.00
2022,Kia,Sportage,Toshkent shahri,Benzin,8,33824.00,270592.00
2022,Geely,Monjaro,Toshkent shahri,Benzin (Turbo),6,34867.00,209202.00
2022,Jetour,Dashing,Toshkent shahri,Benzin (Turbo),8,26193.00,209544.00
2022,Chevrolet,Cobalt,Toshkent viloyati,Benzin,178,11410.00,2030980.00
2022,Chevrolet,Damas,Toshkent viloyati,Benzin,166,8527.00,1415482.00
2022,Chevrolet,Labo,Toshkent viloyati,Benzin,94,8063.00,757922.00
2022,Chevrolet,Lacetti/Gentra,Toshkent viloyati,Benzin,154,13168.00,2027872.00
2022,Chevrolet,Tracker-2,Toshkent viloyati,Benzin (Turbo),41,20167.00,826847.00
2022,Chevrolet,Onix,Toshkent viloyati,Benzin (Turbo),59,16256.00,959104.00
2022,Chevrolet,Malibu-2,Toshkent viloyati,Benzin (Turbo),6,34114.00,204684.00
2022,BYD,Song Plus DM-i,Toshkent viloyati,Gibrid (PHEV),15,30590.00,458850.00
2022,BYD,Chazor (Destroyer 05),Toshkent viloyati,Gibrid (PHEV),10,23323.00,233230.00
2022,BYD,Song Plus EV,Toshkent viloyati,Elektromobil (EV),1,34215.00,34215.00
2022,BYD,Han,Toshkent viloyati,Elektromobil (EV),1,48645.00,48645.00
2022,Chery,Tiggo 7 Pro,Toshkent viloyati,Benzin (Turbo),6,25417.00,152502.00
2022,Chery,Arrizo 6 Pro,Toshkent viloyati,Benzin (Turbo),4,19861.00,79444.00
2022,Chery,Tiggo 8 Pro,Toshkent viloyati,Benzin (Turbo),2,31993.00,63986.00
2022,Haval,Jolion,Toshkent viloyati,Benzin (Turbo),7,22472.00,157304.00
2022,Haval,M6,Toshkent viloyati,Benzin,7,18899.00,132293.00
2022,Haval,H6,Toshkent viloyati,Benzin (Turbo),2,28319.00,56638.00
2022,Kia,Sonet,Toshkent viloyati,Benzin,12,17412.00,208944.00
2022,Kia,K5,Toshkent viloyati,Benzin,7,32441.00,227087.00
2022,Kia,Sportage,Toshkent viloyati,Benzin,4,34119.00,136476.00
2022,Geely,Monjaro,Toshkent viloyati,Benzin (Turbo),2,35155.00,70310.00
2022,Jetour,Dashing,Toshkent viloyati,Benzin (Turbo),1,26132.00,26132.00
2022,Chevrolet,Cobalt,Samarqand,Benzin,199,11477.00,2283923.00
2022,Chevrolet,Damas,Samarqand,Benzin,135,8309.00,1121715.00
2022,Chevrolet,Labo,Samarqand,Benzin,83,8185.00,679355.00
2022,Chevrolet,Lacetti/Gentra,Samarqand,Benzin,195,12812.00,2498340.00
2022,Chevrolet,Tracker-2,Samarqand,Benzin (Turbo),42,19968.00,838656.00
2022,Chevrolet,Onix,Samarqand,Benzin (Turbo),51,16303.00,831453.00
2022,Chevrolet,Malibu-2,Samarqand,Benzin (Turbo),7,33837.00,236859.00
2022,BYD,Song Plus DM-i,Samarqand,Gibrid (PHEV),19,30268.00,575092.00
2022,BYD,Chazor (Destroyer 05),Samarqand,Gibrid (PHEV),13,23017.00,299221.00
2022,BYD,Song Plus EV,Samarqand,Elektromobil (EV),1,33935.00,33935.00
2022,BYD,Han,Samarqand,Elektromobil (EV),1,48458.00,48458.00
2022,Chery,Tiggo 7 Pro,Samarqand,Benzin (Turbo),5,25436.00,127180.00
2022,Chery,Arrizo 6 Pro,Samarqand,Benzin (Turbo),4,19800.00,79200.00
2022,Chery,Tiggo 8 Pro,Samarqand,Benzin (Turbo),1,32095.00,32095.00
2022,Haval,Jolion,Samarqand,Benzin (Turbo),5,22528.00,112640.00
2022,Haval,M6,Samarqand,Benzin,6,18869.00,113214.00
2022,Haval,H6,Samarqand,Benzin (Turbo),3,28464.00,85392.00
2022,Kia,Sonet,Samarqand,Benzin,11,17304.00,190344.00
2022,Kia,K5,Samarqand,Benzin,5,32361.00,161805.00
2022,Kia,Sportage,Samarqand,Benzin,2,33931.00,67862.00
2022,Geely,Monjaro,Samarqand,Benzin (Turbo),3,35095.00,105285.00
2022,Jetour,Dashing,Samarqand,Benzin (Turbo),1,26127.00,26127.00
2022,Chevrolet,Cobalt,Farg‘ona,Benzin,122,11478.00,1400316.00
2022,Chevrolet,Damas,Farg‘ona,Benzin,245,8424.00,2063880.00
2022,Chevrolet,Labo,Farg‘ona,Benzin,154,7942.00,1223068.00
2022,Chevrolet,Lacetti/Gentra,Farg‘ona,Benzin,109,12952.00,1411768.00
2022,Chevrolet,Tracker-2,Farg‘ona,Benzin (Turbo),36,19753.00,711108.00
2022,Chevrolet,Onix,Farg‘ona,Benzin (Turbo),39,16013.00,624507.00
2022,Chevrolet,Malibu-2,Farg‘ona,Benzin (Turbo),4,33814.00,135256.00
2022,BYD,Song Plus DM-i,Farg‘ona,Gibrid (PHEV),13,30472.00,396136.00
2022,BYD,Chazor (Destroyer 05),Farg‘ona,Gibrid (PHEV),9,22930.00,206370.00
2022,BYD,Song Plus EV,Farg‘ona,Elektromobil (EV),2,34119.00,68238.00
2022,BYD,Han,Farg‘ona,Elektromobil (EV),1,48288.00,48288.00
2022,Chery,Tiggo 7 Pro,Farg‘ona,Benzin (Turbo),6,25553.00,153318.00
2022,Chery,Arrizo 6 Pro,Farg‘ona,Benzin (Turbo),4,19804.00,79216.00
2022,Chery,Tiggo 8 Pro,Farg‘ona,Benzin (Turbo),1,31922.00,31922.00
2022,Haval,Jolion,Farg‘ona,Benzin (Turbo),4,22696.00,90784.00
2022,Haval,M6,Farg‘ona,Benzin,5,18758.00,93790.00
2022,Haval,H6,Farg‘ona,Benzin (Turbo),1,28483.00,28483.00
2022,Kia,Sonet,Farg‘ona,Benzin,7,17314.00,121198.00
2022,Kia,K5,Farg‘ona,Benzin,3,32346.00,97038.00
2022,Kia,Sportage,Farg‘ona,Benzin,3,34123.00,102369.00
2022,Geely,Monjaro,Farg‘ona,Benzin (Turbo),2,34894.00,69788.00
2022,Jetour,Dashing,Farg‘ona,Benzin (Turbo),3,25914.00,77742.00
2022,Chevrolet,Cobalt,Andijon,Benzin,133,11598.00,1542534.00
2022,Chevrolet,Damas,Andijon,Benzin,273,8582.00,2342886.00
2022,Chevrolet,Labo,Andijon,Benzin,115,8129.00,934835.00
2022,Chevrolet,Lacetti/Gentra,Andijon,Benzin,99,13159.00,1302741.00
2022,Chevrolet,Tracker-2,Andijon,Benzin (Turbo),30,19995.00,599850.00
2022,Chevrolet,Onix,Andijon,Benzin (Turbo),44,16276.00,716144.00
2022,Chevrolet,Malibu-2,Andijon,Benzin (Turbo),6,33903.00,203418.00
2022,BYD,Song Plus DM-i,Andijon,Gibrid (PHEV),11,30059.00,330649.00
2022,BYD,Chazor (Destroyer 05),Andijon,Gibrid (PHEV),7,23382.00,163674.00
2022,BYD,Song Plus EV,Andijon,Elektromobil (EV),1,34159.00,34159.00
2022,BYD,Han,Andijon,Elektromobil (EV),1,48798.00,48798.00
2022,Chery,Tiggo 7 Pro,Andijon,Benzin (Turbo),5,25677.00,128385.00
2022,Chery,Arrizo 6 Pro,Andijon,Benzin (Turbo),3,19981.00,59943.00
2022,Chery,Tiggo 8 Pro,Andijon,Benzin (Turbo),1,32112.00,32112.00
2022,Haval,Jolion,Andijon,Benzin (Turbo),2,22670.00,45340.00
2022,Haval,M6,Andijon,Benzin,3,18998.00,56994.00
2022,Haval,H6,Andijon,Benzin (Turbo),1,28436.00,28436.00
2022,Kia,Sonet,Andijon,Benzin,8,17501.00,140008.00
2022,Kia,K5,Andijon,Benzin,2,32324.00,64648.00
2022,Kia,Sportage,Andijon,Benzin,1,33889.00,33889.00
2022,Geely,Monjaro,Andijon,Benzin (Turbo),1,35009.00,35009.00
2022,Jetour,Dashing,Andijon,Benzin (Turbo),2,26146.00,52292.00
2022,Chevrolet,Cobalt,Namangan,Benzin,99,11663.00,1154637.00
2022,Chevrolet,Damas,Namangan,Benzin,203,8550.00,1735650.00
2022,Chevrolet,Labo,Namangan,Benzin,108,7979.00,861732.00
2022,Chevrolet,Lacetti/Gentra,Namangan,Benzin,89,12997.00,1156733.00
2022,Chevrolet,Tracker-2,Namangan,Benzin (Turbo),29,19805.00,574345.00
2022,Chevrolet,Onix,Namangan,Benzin (Turbo),37,16443.00,608391.00
2022,Chevrolet,Malibu-2,Namangan,Benzin (Turbo),5,34160.00,170800.00
2022,BYD,Song Plus DM-i,Namangan,Gibrid (PHEV),9,30538.00,274842.00
2022,BYD,Chazor (Destroyer 05),Namangan,Gibrid (PHEV),8,22762.00,182096.00
2022,BYD,Song Plus EV,Namangan,Elektromobil (EV),1,34400.00,34400.00
2022,BYD,Han,Namangan,Elektromobil (EV),1,48735.00,48735.00
2022,Chery,Tiggo 7 Pro,Namangan,Benzin (Turbo),3,25440.00,76320.00
2022,Chery,Arrizo 6 Pro,Namangan,Benzin (Turbo),1,20010.00,20010.00
2022,Chery,Tiggo 8 Pro,Namangan,Benzin (Turbo),1,32117.00,32117.00
2022,Haval,Jolion,Namangan,Benzin (Turbo),3,22585.00,67755.00
2022,Haval,M6,Namangan,Benzin,3,18743.00,56229.00
2022,Haval,H6,Namangan,Benzin (Turbo),1,28377.00,28377.00
2022,Kia,Sonet,Namangan,Benzin,7,17670.00,123690.00
2022,Kia,K5,Namangan,Benzin,4,32412.00,129648.00
2022,Kia,Sportage,Namangan,Benzin,1,33913.00,33913.00
2022,Geely,Monjaro,Namangan,Benzin (Turbo),3,34931.00,104793.00
2022,Jetour,Dashing,Namangan,Benzin (Turbo),1,26184.00,26184.00
2022,Chevrolet,Cobalt,Buxoro,Benzin,120,11430.00,1371600.00
2022,Chevrolet,Damas,Buxoro,Benzin,79,8587.00,678373.00
2022,Chevrolet,Labo,Buxoro,Benzin,44,7961.00,350284.00
2022,Chevrolet,Lacetti/Gentra,Buxoro,Benzin,99,13179.00,1304721.00
2022,Chevrolet,Tracker-2,Buxoro,Benzin (Turbo),29,20092.00,582668.00
2022,Chevrolet,Onix,Buxoro,Benzin (Turbo),24,16302.00,391248.00
2022,Chevrolet,Malibu-2,Buxoro,Benzin (Turbo),4,33866.00,135464.00
2022,BYD,Song Plus DM-i,Buxoro,Gibrid (PHEV),10,29900.00,299000.00
2022,BYD,Chazor (Destroyer 05),Buxoro,Gibrid (PHEV),6,23117.00,138702.00
2022,BYD,Song Plus EV,Buxoro,Elektromobil (EV),1,33795.00,33795.00
2022,BYD,Han,Buxoro,Elektromobil (EV),1,48490.00,48490.00
2022,Chery,Tiggo 7 Pro,Buxoro,Benzin (Turbo),3,25699.00,77097.00
2022,Chery,Arrizo 6 Pro,Buxoro,Benzin (Turbo),4,20197.00,80788.00
2022,Chery,Tiggo 8 Pro,Buxoro,Benzin (Turbo),1,32022.00,32022.00
2022,Haval,Jolion,Buxoro,Benzin (Turbo),2,22629.00,45258.00
2022,Haval,M6,Buxoro,Benzin,3,18862.00,56586.00
2022,Haval,H6,Buxoro,Benzin (Turbo),2,28411.00,56822.00
2022,Kia,Sonet,Buxoro,Benzin,6,17680.00,106080.00
2022,Kia,K5,Buxoro,Benzin,3,32381.00,97143.00
2022,Kia,Sportage,Buxoro,Benzin,3,33801.00,101403.00
2022,Geely,Monjaro,Buxoro,Benzin (Turbo),1,34810.00,34810.00
2022,Jetour,Dashing,Buxoro,Benzin (Turbo),2,26033.00,52066.00
2022,Chevrolet,Cobalt,Qashqadaryo,Benzin,78,11418.00,890604.00
2022,Chevrolet,Damas,Qashqadaryo,Benzin,73,8695.00,634735.00
2022,Chevrolet,Labo,Qashqadaryo,Benzin,34,8055.00,273870.00
2022,Chevrolet,Lacetti/Gentra,Qashqadaryo,Benzin,70,13021.00,911470.00
2022,Chevrolet,Tracker-2,Qashqadaryo,Benzin (Turbo),24,20149.00,483576.00
2022,Chevrolet,Onix,Qashqadaryo,Benzin (Turbo),24,16480.00,395520.00
2022,Chevrolet,Malibu-2,Qashqadaryo,Benzin (Turbo),2,34001.00,68002.00
2022,BYD,Song Plus DM-i,Qashqadaryo,Gibrid (PHEV),7,30007.00,210049.00
2022,BYD,Chazor (Destroyer 05),Qashqadaryo,Gibrid (PHEV),5,22827.00,114135.00
2022,BYD,Song Plus EV,Qashqadaryo,Elektromobil (EV),1,34435.00,34435.00
2022,BYD,Han,Qashqadaryo,Elektromobil (EV),1,48525.00,48525.00
2022,Chery,Tiggo 7 Pro,Qashqadaryo,Benzin (Turbo),2,25308.00,50616.00
2022,Chery,Arrizo 6 Pro,Qashqadaryo,Benzin (Turbo),4,20158.00,80632.00
2022,Chery,Tiggo 8 Pro,Qashqadaryo,Benzin (Turbo),1,32000.00,32000.00
2022,Haval,Jolion,Qashqadaryo,Benzin (Turbo),2,22303.00,44606.00
2022,Haval,M6,Qashqadaryo,Benzin,2,18753.00,37506.00
2022,Haval,H6,Qashqadaryo,Benzin (Turbo),1,28514.00,28514.00
2022,Kia,Sonet,Qashqadaryo,Benzin,5,17592.00,87960.00
2022,Kia,K5,Qashqadaryo,Benzin,2,32333.00,64666.00
2022,Kia,Sportage,Qashqadaryo,Benzin,1,33816.00,33816.00
2022,Geely,Monjaro,Qashqadaryo,Benzin (Turbo),1,34875.00,34875.00
2022,Jetour,Dashing,Qashqadaryo,Benzin (Turbo),1,25886.00,25886.00
2022,Chevrolet,Cobalt,Xorazm,Benzin,60,11518.00,691080.00
2022,Chevrolet,Damas,Xorazm,Benzin,110,8467.00,931370.00
2022,Chevrolet,Labo,Xorazm,Benzin,66,8108.00,535128.00
2022,Chevrolet,Lacetti/Gentra,Xorazm,Benzin,46,13193.00,606878.00
2022,Chevrolet,Tracker-2,Xorazm,Benzin (Turbo),17,20125.00,342125.00
2022,Chevrolet,Onix,Xorazm,Benzin (Turbo),21,16532.00,347172.00
2022,Chevrolet,Malibu-2,Xorazm,Benzin (Turbo),2,34091.00,68182.00
2022,BYD,Song Plus DM-i,Xorazm,Gibrid (PHEV),5,30220.00,151100.00
2022,BYD,Chazor (Destroyer 05),Xorazm,Gibrid (PHEV),3,22995.00,68985.00
2022,BYD,Song Plus EV,Xorazm,Elektromobil (EV),1,33710.00,33710.00
2022,BYD,Han,Xorazm,Elektromobil (EV),1,48743.00,48743.00
2022,Chery,Tiggo 7 Pro,Xorazm,Benzin (Turbo),1,25526.00,25526.00
2022,Chery,Arrizo 6 Pro,Xorazm,Benzin (Turbo),1,19951.00,19951.00
2022,Chery,Tiggo 8 Pro,Xorazm,Benzin (Turbo),1,32045.00,32045.00
2022,Haval,Jolion,Xorazm,Benzin (Turbo),2,22549.00,45098.00
2022,Haval,M6,Xorazm,Benzin,1,18635.00,18635.00
2022,Haval,H6,Xorazm,Benzin (Turbo),1,28543.00,28543.00
2022,Kia,Sonet,Xorazm,Benzin,4,17636.00,70544.00
2022,Kia,K5,Xorazm,Benzin,4,32500.00,130000.00
2022,Kia,Sportage,Xorazm,Benzin,1,33953.00,33953.00
2022,Geely,Monjaro,Xorazm,Benzin (Turbo),1,35095.00,35095.00
2022,Jetour,Dashing,Xorazm,Benzin (Turbo),1,25816.00,25816.00
2022,Chevrolet,Cobalt,Surxondaryo,Benzin,73,11403.00,832419.00
2022,Chevrolet,Damas,Surxondaryo,Benzin,50,8341.00,417050.00
2022,Chevrolet,Labo,Surxondaryo,Benzin,26,8028.00,208728.00
2022,Chevrolet,Lacetti/Gentra,Surxondaryo,Benzin,51,12907.00,658257.00
2022,Chevrolet,Tracker-2,Surxondaryo,Benzin (Turbo),16,20173.00,322768.00
2022,Chevrolet,Onix,Surxondaryo,Benzin (Turbo),21,16249.00,341229.00
2022,Chevrolet,Malibu-2,Surxondaryo,Benzin (Turbo),3,34104.00,102312.00
2022,BYD,Song Plus DM-i,Surxondaryo,Gibrid (PHEV),4,29866.00,119464.00
2022,BYD,Chazor (Destroyer 05),Surxondaryo,Gibrid (PHEV),3,22711.00,68133.00
2022,BYD,Song Plus EV,Surxondaryo,Elektromobil (EV),1,34017.00,34017.00
2022,BYD,Han,Surxondaryo,Elektromobil (EV),1,48484.00,48484.00
2022,Chery,Tiggo 7 Pro,Surxondaryo,Benzin (Turbo),3,25673.00,77019.00
2022,Chery,Arrizo 6 Pro,Surxondaryo,Benzin (Turbo),1,19888.00,19888.00
2022,Chery,Tiggo 8 Pro,Surxondaryo,Benzin (Turbo),1,32067.00,32067.00
2022,Haval,Jolion,Surxondaryo,Benzin (Turbo),2,22581.00,45162.00
2022,Haval,M6,Surxondaryo,Benzin,2,18685.00,37370.00
2022,Haval,H6,Surxondaryo,Benzin (Turbo),1,28475.00,28475.00
2022,Kia,Sonet,Surxondaryo,Benzin,5,17627.00,88135.00
2022,Kia,K5,Surxondaryo,Benzin,3,32402.00,97206.00
2022,Kia,Sportage,Surxondaryo,Benzin,1,34072.00,34072.00
2022,Geely,Monjaro,Surxondaryo,Benzin (Turbo),1,34907.00,34907.00
2022,Jetour,Dashing,Surxondaryo,Benzin (Turbo),2,25987.00,51974.00
2022,Chevrolet,Cobalt,Navoiy,Benzin,52,11470.00,596440.00
2022,Chevrolet,Damas,Navoiy,Benzin,40,8482.00,339280.00
2022,Chevrolet,Labo,Navoiy,Benzin,24,8175.00,196200.00
2022,Chevrolet,Lacetti/Gentra,Navoiy,Benzin,33,12803.00,422499.00
2022,Chevrolet,Tracker-2,Navoiy,Benzin (Turbo),12,19810.00,237720.00
2022,Chevrolet,Onix,Navoiy,Benzin (Turbo),16,15990.00,255840.00
2022,Chevrolet,Malibu-2,Navoiy,Benzin (Turbo),3,34110.00,102330.00
2022,BYD,Song Plus DM-i,Navoiy,Gibrid (PHEV),3,30588.00,91764.00
2022,BYD,Chazor (Destroyer 05),Navoiy,Gibrid (PHEV),3,23115.00,69345.00
2022,BYD,Song Plus EV,Navoiy,Elektromobil (EV),1,34307.00,34307.00
2022,BYD,Han,Navoiy,Elektromobil (EV),1,48476.00,48476.00
2022,Chery,Tiggo 7 Pro,Navoiy,Benzin (Turbo),1,25617.00,25617.00
2022,Chery,Arrizo 6 Pro,Navoiy,Benzin (Turbo),3,20035.00,60105.00
2022,Chery,Tiggo 8 Pro,Navoiy,Benzin (Turbo),1,32038.00,32038.00
2022,Haval,Jolion,Navoiy,Benzin (Turbo),1,22658.00,22658.00
2022,Haval,M6,Navoiy,Benzin,1,18939.00,18939.00
2022,Haval,H6,Navoiy,Benzin (Turbo),1,28302.00,28302.00
2022,Kia,Sonet,Navoiy,Benzin,4,17441.00,69764.00
2022,Kia,K5,Navoiy,Benzin,2,32445.00,64890.00
2022,Kia,Sportage,Navoiy,Benzin,1,34092.00,34092.00
2022,Geely,Monjaro,Navoiy,Benzin (Turbo),1,35104.00,35104.00
2022,Jetour,Dashing,Navoiy,Benzin (Turbo),1,26176.00,26176.00
2022,Chevrolet,Cobalt,Jizzax,Benzin,29,11592.00,336168.00
2022,Chevrolet,Damas,Jizzax,Benzin,28,8360.00,234080.00
2022,Chevrolet,Labo,Jizzax,Benzin,15,8094.00,121410.00
2022,Chevrolet,Lacetti/Gentra,Jizzax,Benzin,22,13118.00,288596.00
2022,Chevrolet,Tracker-2,Jizzax,Benzin (Turbo),8,19875.00,159000.00
2022,Chevrolet,Onix,Jizzax,Benzin (Turbo),10,16127.00,161270.00
2022,Chevrolet,Malibu-2,Jizzax,Benzin (Turbo),1,33871.00,33871.00
2022,BYD,Song Plus DM-i,Jizzax,Gibrid (PHEV),2,30509.00,61018.00
2022,BYD,Chazor (Destroyer 05),Jizzax,Gibrid (PHEV),1,22942.00,22942.00
2022,BYD,Song Plus EV,Jizzax,Elektromobil (EV),1,34192.00,34192.00
2022,BYD,Han,Jizzax,Elektromobil (EV),1,48505.00,48505.00
2022,Chery,Tiggo 7 Pro,Jizzax,Benzin (Turbo),1,25558.00,25558.00
2022,Chery,Arrizo 6 Pro,Jizzax,Benzin (Turbo),1,19853.00,19853.00
2022,Chery,Tiggo 8 Pro,Jizzax,Benzin (Turbo),1,31846.00,31846.00
2022,Haval,Jolion,Jizzax,Benzin (Turbo),1,22319.00,22319.00
2022,Haval,M6,Jizzax,Benzin,1,18977.00,18977.00
2022,Haval,H6,Jizzax,Benzin (Turbo),1,28477.00,28477.00
2022,Kia,Sonet,Jizzax,Benzin,2,17637.00,35274.00
2022,Kia,K5,Jizzax,Benzin,1,32459.00,32459.00
2022,Kia,Sportage,Jizzax,Benzin,1,34026.00,34026.00
2022,Geely,Monjaro,Jizzax,Benzin (Turbo),1,34888.00,34888.00
2022,Jetour,Dashing,Jizzax,Benzin (Turbo),1,26128.00,26128.00
2022,Chevrolet,Cobalt,Sirdaryo,Benzin,19,11422.00,217018.00
2022,Chevrolet,Damas,Sirdaryo,Benzin,18,8328.00,149904.00
2022,Chevrolet,Labo,Sirdaryo,Benzin,11,7839.00,86229.00
2022,Chevrolet,Lacetti/Gentra,Sirdaryo,Benzin,20,12824.00,256480.00
2022,Chevrolet,Tracker-2,Sirdaryo,Benzin (Turbo),5,19773.00,98865.00
2022,Chevrolet,Onix,Sirdaryo,Benzin (Turbo),7,16012.00,112084.00
2022,Chevrolet,Malibu-2,Sirdaryo,Benzin (Turbo),1,33889.00,33889.00
2022,BYD,Song Plus DM-i,Sirdaryo,Gibrid (PHEV),1,30303.00,30303.00
2022,BYD,Chazor (Destroyer 05),Sirdaryo,Gibrid (PHEV),2,23022.00,46044.00
2022,BYD,Song Plus EV,Sirdaryo,Elektromobil (EV),1,34267.00,34267.00
2022,BYD,Han,Sirdaryo,Elektromobil (EV),1,48748.00,48748.00
2022,Chery,Tiggo 7 Pro,Sirdaryo,Benzin (Turbo),2,25588.00,51176.00
2022,Chery,Arrizo 6 Pro,Sirdaryo,Benzin (Turbo),1,19967.00,19967.00
2022,Chery,Tiggo 8 Pro,Sirdaryo,Benzin (Turbo),1,31891.00,31891.00
2022,Haval,Jolion,Sirdaryo,Benzin (Turbo),1,22644.00,22644.00
2022,Haval,M6,Sirdaryo,Benzin,1,18780.00,18780.00
2022,Haval,H6,Sirdaryo,Benzin (Turbo),1,28487.00,28487.00
2022,Kia,Sonet,Sirdaryo,Benzin,3,17306.00,51918.00
2022,Kia,K5,Sirdaryo,Benzin,1,32693.00,32693.00
2022,Kia,Sportage,Sirdaryo,Benzin,1,33959.00,33959.00
2022,Geely,Monjaro,Sirdaryo,Benzin (Turbo),1,34881.00,34881.00
2022,Jetour,Dashing,Sirdaryo,Benzin (Turbo),1,26155.00,26155.00
2022,Chevrolet,Cobalt,Qoraqalpog‘iston Res.,Benzin,27,11311.00,305397.00
2022,Chevrolet,Damas,Qoraqalpog‘iston Res.,Benzin,20,8594.00,171880.00
2022,Chevrolet,Labo,Qoraqalpog‘iston Res.,Benzin,11,8159.00,89749.00
2022,Chevrolet,Lacetti/Gentra,Qoraqalpog‘iston Res.,Benzin,16,13022.00,208352.00
2022,Chevrolet,Tracker-2,Qoraqalpog‘iston Res.,Benzin (Turbo),6,20116.00,120696.00
2022,Chevrolet,Onix,Qoraqalpog‘iston Res.,Benzin (Turbo),7,16388.00,114716.00
2022,Chevrolet,Malibu-2,Qoraqalpog‘iston Res.,Benzin (Turbo),1,34118.00,34118.00
2022,BYD,Song Plus DM-i,Qoraqalpog‘iston Res.,Gibrid (PHEV),1,30261.00,30261.00
2022,BYD,Chazor (Destroyer 05),Qoraqalpog‘iston Res.,Gibrid (PHEV),2,22977.00,45954.00
2022,BYD,Song Plus EV,Qoraqalpog‘iston Res.,Elektromobil (EV),1,33895.00,33895.00
2022,BYD,Han,Qoraqalpog‘iston Res.,Elektromobil (EV),1,48323.00,48323.00
2022,Chery,Tiggo 7 Pro,Qoraqalpog‘iston Res.,Benzin (Turbo),1,25518.00,25518.00
2022,Chery,Arrizo 6 Pro,Qoraqalpog‘iston Res.,Benzin (Turbo),1,20193.00,20193.00
2022,Chery,Tiggo 8 Pro,Qoraqalpog‘iston Res.,Benzin (Turbo),1,32173.00,32173.00
2022,Haval,Jolion,Qoraqalpog‘iston Res.,Benzin (Turbo),1,22509.00,22509.00
2022,Haval,M6,Qoraqalpog‘iston Res.,Benzin,1,18905.00,18905.00
2022,Haval,H6,Qoraqalpog‘iston Res.,Benzin (Turbo),2,28680.00,57360.00
2022,Kia,Sonet,Qoraqalpog‘iston Res.,Benzin,1,17306.00,17306.00
2022,Kia,K5,Qoraqalpog‘iston Res.,Benzin,1,32357.00,32357.00
2022,Kia,Sportage,Qoraqalpog‘iston Res.,Benzin,1,33825.00,33825.00
2022,Geely,Monjaro,Qoraqalpog‘iston Res.,Benzin (Turbo),1,34803.00,34803.00
2022,Jetour,Dashing,Qoraqalpog‘iston Res.,Benzin (Turbo),1,25898.00,25898.00
2022,Chevrolet,Cobalt,Toshkent shahri,Benzin,408,11674.00,4762992.00
2022,Chevrolet,Damas,Toshkent shahri,Benzin,74,8584.00,635216.00
2022,Chevrolet,Labo,Toshkent shahri,Benzin,37,7929.00,293373.00
2022,Chevrolet,Lacetti/Gentra,Toshkent shahri,Benzin,384,12974.00,4982016.00
2022,Chevrolet,Tracker-2,Toshkent shahri,Benzin (Turbo),137,20188.00,2765756.00
2022,Chevrolet,Onix,Toshkent shahri,Benzin (Turbo),154,16356.00,2518824.00
2022,Chevrolet,Malibu-2,Toshkent shahri,Benzin (Turbo),38,33820.00,1285160.00
2022,BYD,Song Plus DM-i,Toshkent shahri,Gibrid (PHEV),83,30152.00,2502616.00
2022,BYD,Chazor (Destroyer 05),Toshkent shahri,Gibrid (PHEV),77,23473.00,1807421.00
2022,BYD,Song Plus EV,Toshkent shahri,Elektromobil (EV),12,34358.00,412296.00
2022,BYD,Han,Toshkent shahri,Elektromobil (EV),6,48526.00,291156.00
2022,Chery,Tiggo 7 Pro,Toshkent shahri,Benzin (Turbo),16,25461.00,407376.00
2022,Chery,Arrizo 6 Pro,Toshkent shahri,Benzin (Turbo),12,20070.00,240840.00
2022,Chery,Tiggo 8 Pro,Toshkent shahri,Benzin (Turbo),8,32007.00,256056.00
2022,Haval,Jolion,Toshkent shahri,Benzin (Turbo),13,22444.00,291772.00
2022,Haval,M6,Toshkent shahri,Benzin,15,18692.00,280380.00
2022,Haval,H6,Toshkent shahri,Benzin (Turbo),8,28473.00,227784.00
2022,Kia,Sonet,Toshkent shahri,Benzin,31,17349.00,537819.00
2022,Kia,K5,Toshkent shahri,Benzin,14,32480.00,454720.00
2022,Kia,Sportage,Toshkent shahri,Benzin,11,33823.00,372053.00
2022,Geely,Monjaro,Toshkent shahri,Benzin (Turbo),6,34845.00,209070.00
2022,Jetour,Dashing,Toshkent shahri,Benzin (Turbo),7,25814.00,180698.00
2022,Chevrolet,Cobalt,Toshkent viloyati,Benzin,163,11572.00,1886236.00
2022,Chevrolet,Damas,Toshkent viloyati,Benzin,147,8681.00,1276107.00
2022,Chevrolet,Labo,Toshkent viloyati,Benzin,74,7965.00,589410.00
2022,Chevrolet,Lacetti/Gentra,Toshkent viloyati,Benzin,163,13118.00,2138234.00
2022,Chevrolet,Tracker-2,Toshkent viloyati,Benzin (Turbo),44,20035.00,881540.00
2022,Chevrolet,Onix,Toshkent viloyati,Benzin (Turbo),60,16318.00,979080.00
2022,Chevrolet,Malibu-2,Toshkent viloyati,Benzin (Turbo),7,34008.00,238056.00
2022,BYD,Song Plus DM-i,Toshkent viloyati,Gibrid (PHEV),15,29921.00,448815.00
2022,BYD,Chazor (Destroyer 05),Toshkent viloyati,Gibrid (PHEV),12,23037.00,276444.00
2022,BYD,Song Plus EV,Toshkent viloyati,Elektromobil (EV),1,34065.00,34065.00
2022,BYD,Han,Toshkent viloyati,Elektromobil (EV),2,48101.00,96202.00
2022,Chery,Tiggo 7 Pro,Toshkent viloyati,Benzin (Turbo),7,25691.00,179837.00
2022,Chery,Arrizo 6 Pro,Toshkent viloyati,Benzin (Turbo),6,19840.00,119040.00
2022,Chery,Tiggo 8 Pro,Toshkent viloyati,Benzin (Turbo),3,31875.00,95625.00
2022,Haval,Jolion,Toshkent viloyati,Benzin (Turbo),8,22447.00,179576.00
2022,Haval,M6,Toshkent viloyati,Benzin,6,18760.00,112560.00
2022,Haval,H6,Toshkent viloyati,Benzin (Turbo),2,28652.00,57304.00
2022,Kia,Sonet,Toshkent viloyati,Benzin,11,17301.00,190311.00
2022,Kia,K5,Toshkent viloyati,Benzin,6,32376.00,194256.00
2022,Kia,Sportage,Toshkent viloyati,Benzin,4,33915.00,135660.00
2022,Geely,Monjaro,Toshkent viloyati,Benzin (Turbo),1,34965.00,34965.00
2022,Jetour,Dashing,Toshkent viloyati,Benzin (Turbo),1,26158.00,26158.00
2022,Chevrolet,Cobalt,Samarqand,Benzin,221,11442.00,2528682.00
2022,Chevrolet,Damas,Samarqand,Benzin,124,8405.00,1042220.00
2022,Chevrolet,Labo,Samarqand,Benzin,80,8189.00,655120.00
2022,Chevrolet,Lacetti/Gentra,Samarqand,Benzin,181,12808.00,2318248.00
2022,Chevrolet,Tracker-2,Samarqand,Benzin (Turbo),51,19913.00,1015563.00
2022,Chevrolet,Onix,Samarqand,Benzin (Turbo),51,16292.00,830892.00
2022,Chevrolet,Malibu-2,Samarqand,Benzin (Turbo),7,34182.00,239274.00
2022,BYD,Song Plus DM-i,Samarqand,Gibrid (PHEV),19,29856.00,567264.00
2022,BYD,Chazor (Destroyer 05),Samarqand,Gibrid (PHEV),13,23089.00,300157.00
2022,BYD,Song Plus EV,Samarqand,Elektromobil (EV),3,34013.00,102039.00
2022,BYD,Han,Samarqand,Elektromobil (EV),1,48126.00,48126.00
2022,Chery,Tiggo 7 Pro,Samarqand,Benzin (Turbo),7,25596.00,179172.00
2022,Chery,Arrizo 6 Pro,Samarqand,Benzin (Turbo),4,19811.00,79244.00
2022,Chery,Tiggo 8 Pro,Samarqand,Benzin (Turbo),1,31886.00,31886.00
2022,Haval,Jolion,Samarqand,Benzin (Turbo),4,22542.00,90168.00
2022,Haval,M6,Samarqand,Benzin,7,18721.00,131047.00
2022,Haval,H6,Samarqand,Benzin (Turbo),2,28472.00,56944.00
2022,Kia,Sonet,Samarqand,Benzin,8,17691.00,141528.00
2022,Kia,K5,Samarqand,Benzin,4,32587.00,130348.00
2022,Kia,Sportage,Samarqand,Benzin,4,34106.00,136424.00
2022,Geely,Monjaro,Samarqand,Benzin (Turbo),1,35111.00,35111.00
2022,Jetour,Dashing,Samarqand,Benzin (Turbo),3,26160.00,78480.00
2022,Chevrolet,Cobalt,Farg‘ona,Benzin,135,11542.00,1558170.00
2022,Chevrolet,Damas,Farg‘ona,Benzin,267,8334.00,2225178.00
2022,Chevrolet,Labo,Farg‘ona,Benzin,137,8006.00,1096822.00
2022,Chevrolet,Lacetti/Gentra,Farg‘ona,Benzin,103,13152.00,1354656.00
2022,Chevrolet,Tracker-2,Farg‘ona,Benzin (Turbo),39,19808.00,772512.00
2022,Chevrolet,Onix,Farg‘ona,Benzin (Turbo),46,15998.00,735908.00
2022,Chevrolet,Malibu-2,Farg‘ona,Benzin (Turbo),4,34163.00,136652.00
2022,BYD,Song Plus DM-i,Farg‘ona,Gibrid (PHEV),11,30231.00,332541.00
2022,BYD,Chazor (Destroyer 05),Farg‘ona,Gibrid (PHEV),9,23119.00,208071.00
2022,BYD,Song Plus EV,Farg‘ona,Elektromobil (EV),1,33949.00,33949.00
2022,BYD,Han,Farg‘ona,Elektromobil (EV),1,48577.00,48577.00
2022,Chery,Tiggo 7 Pro,Farg‘ona,Benzin (Turbo),7,25634.00,179438.00
2022,Chery,Arrizo 6 Pro,Farg‘ona,Benzin (Turbo),4,20042.00,80168.00
2022,Chery,Tiggo 8 Pro,Farg‘ona,Benzin (Turbo),3,32170.00,96510.00
2022,Haval,Jolion,Farg‘ona,Benzin (Turbo),3,22430.00,67290.00
2022,Haval,M6,Farg‘ona,Benzin,3,18836.00,56508.00
2022,Haval,H6,Farg‘ona,Benzin (Turbo),3,28524.00,85572.00
2022,Kia,Sonet,Farg‘ona,Benzin,9,17654.00,158886.00
2022,Kia,K5,Farg‘ona,Benzin,3,32386.00,97158.00
2022,Kia,Sportage,Farg‘ona,Benzin,4,34097.00,136388.00
2022,Geely,Monjaro,Farg‘ona,Benzin (Turbo),2,34840.00,69680.00
2022,Jetour,Dashing,Farg‘ona,Benzin (Turbo),2,26117.00,52234.00
2022,Chevrolet,Cobalt,Andijon,Benzin,127,11313.00,1436751.00
2022,Chevrolet,Damas,Andijon,Benzin,221,8530.00,1885130.00
2022,Chevrolet,Labo,Andijon,Benzin,138,8125.00,1121250.00
2022,Chevrolet,Lacetti/Gentra,Andijon,Benzin,89,12944.00,1152016.00
2022,Chevrolet,Tracker-2,Andijon,Benzin (Turbo),37,19715.00,729455.00
2022,Chevrolet,Onix,Andijon,Benzin (Turbo),39,16137.00,629343.00
2022,Chevrolet,Malibu-2,Andijon,Benzin (Turbo),4,33963.00,135852.00
2022,BYD,Song Plus DM-i,Andijon,Gibrid (PHEV),12,30150.00,361800.00
2022,BYD,Chazor (Destroyer 05),Andijon,Gibrid (PHEV),7,22709.00,158963.00
2022,BYD,Song Plus EV,Andijon,Elektromobil (EV),1,34406.00,34406.00
2022,BYD,Han,Andijon,Elektromobil (EV),1,48604.00,48604.00
2022,Chery,Tiggo 7 Pro,Andijon,Benzin (Turbo),4,25565.00,102260.00
2022,Chery,Arrizo 6 Pro,Andijon,Benzin (Turbo),2,19932.00,39864.00
2022,Chery,Tiggo 8 Pro,Andijon,Benzin (Turbo),2,32075.00,64150.00
2022,Haval,Jolion,Andijon,Benzin (Turbo),4,22612.00,90448.00
2022,Haval,M6,Andijon,Benzin,4,18663.00,74652.00
2022,Haval,H6,Andijon,Benzin (Turbo),1,28406.00,28406.00
2022,Kia,Sonet,Andijon,Benzin,7,17474.00,122318.00
2022,Kia,K5,Andijon,Benzin,3,32419.00,97257.00
2022,Kia,Sportage,Andijon,Benzin,4,33843.00,135372.00
2022,Geely,Monjaro,Andijon,Benzin (Turbo),2,35189.00,70378.00
2022,Jetour,Dashing,Andijon,Benzin (Turbo),1,25907.00,25907.00
2022,Chevrolet,Cobalt,Namangan,Benzin,108,11633.00,1256364.00
2022,Chevrolet,Damas,Namangan,Benzin,208,8429.00,1753232.00
2022,Chevrolet,Labo,Namangan,Benzin,108,8081.00,872748.00
2022,Chevrolet,Lacetti/Gentra,Namangan,Benzin,87,13084.00,1138308.00
2022,Chevrolet,Tracker-2,Namangan,Benzin (Turbo),28,20134.00,563752.00
2022,Chevrolet,Onix,Namangan,Benzin (Turbo),36,16033.00,577188.00
2022,Chevrolet,Malibu-2,Namangan,Benzin (Turbo),4,34005.00,136020.00
2022,BYD,Song Plus DM-i,Namangan,Gibrid (PHEV),7,29861.00,209027.00
2022,BYD,Chazor (Destroyer 05),Namangan,Gibrid (PHEV),7,22884.00,160188.00
2022,BYD,Song Plus EV,Namangan,Elektromobil (EV),1,33738.00,33738.00
2022,BYD,Han,Namangan,Elektromobil (EV),1,48177.00,48177.00
2022,Chery,Tiggo 7 Pro,Namangan,Benzin (Turbo),1,25593.00,25593.00
2022,Chery,Arrizo 6 Pro,Namangan,Benzin (Turbo),4,20033.00,80132.00
2022,Chery,Tiggo 8 Pro,Namangan,Benzin (Turbo),1,32179.00,32179.00
2022,Haval,Jolion,Namangan,Benzin (Turbo),3,22651.00,67953.00
2022,Haval,M6,Namangan,Benzin,3,18957.00,56871.00
2022,Haval,H6,Namangan,Benzin (Turbo),1,28589.00,28589.00
2022,Kia,Sonet,Namangan,Benzin,7,17492.00,122444.00
2022,Kia,K5,Namangan,Benzin,3,32444.00,97332.00
2022,Kia,Sportage,Namangan,Benzin,4,33825.00,135300.00
2022,Geely,Monjaro,Namangan,Benzin (Turbo),1,34875.00,34875.00
2022,Jetour,Dashing,Namangan,Benzin (Turbo),2,26127.00,52254.00
2022,Chevrolet,Cobalt,Buxoro,Benzin,132,11441.00,1510212.00
2022,Chevrolet,Damas,Buxoro,Benzin,81,8352.00,676512.00
2022,Chevrolet,Labo,Buxoro,Benzin,46,8019.00,368874.00
2022,Chevrolet,Lacetti/Gentra,Buxoro,Benzin,116,12991.00,1506956.00
2022,Chevrolet,Tracker-2,Buxoro,Benzin (Turbo),29,20234.00,586786.00
2022,Chevrolet,Onix,Buxoro,Benzin (Turbo),29,16563.00,480327.00
2022,Chevrolet,Malibu-2,Buxoro,Benzin (Turbo),3,33897.00,101691.00
2022,BYD,Song Plus DM-i,Buxoro,Gibrid (PHEV),10,30230.00,302300.00
2022,BYD,Chazor (Destroyer 05),Buxoro,Gibrid (PHEV),8,23096.00,184768.00
2022,BYD,Song Plus EV,Buxoro,Elektromobil (EV),1,33978.00,33978.00
2022,BYD,Han,Buxoro,Elektromobil (EV),1,48343.00,48343.00
2022,Chery,Tiggo 7 Pro,Buxoro,Benzin (Turbo),3,25609.00,76827.00
2022,Chery,Arrizo 6 Pro,Buxoro,Benzin (Turbo),1,19864.00,19864.00
2022,Chery,Tiggo 8 Pro,Buxoro,Benzin (Turbo),2,31875.00,63750.00
2022,Haval,Jolion,Buxoro,Benzin (Turbo),4,22615.00,90460.00
2022,Haval,M6,Buxoro,Benzin,5,18692.00,93460.00
2022,Haval,H6,Buxoro,Benzin (Turbo),1,28590.00,28590.00
2022,Kia,Sonet,Buxoro,Benzin,6,17401.00,104406.00
2022,Kia,K5,Buxoro,Benzin,3,32409.00,97227.00
2022,Kia,Sportage,Buxoro,Benzin,1,34129.00,34129.00
2022,Geely,Monjaro,Buxoro,Benzin (Turbo),1,34884.00,34884.00
2022,Jetour,Dashing,Buxoro,Benzin (Turbo),3,26081.00,78243.00
2022,Chevrolet,Cobalt,Qashqadaryo,Benzin,70,11527.00,806890.00
2022,Chevrolet,Damas,Qashqadaryo,Benzin,68,8570.00,582760.00
2022,Chevrolet,Labo,Qashqadaryo,Benzin,38,8101.00,307838.00
2022,Chevrolet,Lacetti/Gentra,Qashqadaryo,Benzin,53,13163.00,697639.00
2022,Chevrolet,Tracker-2,Qashqadaryo,Benzin (Turbo),23,19700.00,453100.00
2022,Chevrolet,Onix,Qashqadaryo,Benzin (Turbo),25,16298.00,407450.00
2022,Chevrolet,Malibu-2,Qashqadaryo,Benzin (Turbo),3,34089.00,102267.00
2022,BYD,Song Plus DM-i,Qashqadaryo,Gibrid (PHEV),7,30183.00,211281.00
2022,BYD,Chazor (Destroyer 05),Qashqadaryo,Gibrid (PHEV),3,23263.00,69789.00
2022,BYD,Song Plus EV,Qashqadaryo,Elektromobil (EV),1,34193.00,34193.00
2022,BYD,Han,Qashqadaryo,Elektromobil (EV),1,48290.00,48290.00
2022,Chery,Tiggo 7 Pro,Qashqadaryo,Benzin (Turbo),2,25435.00,50870.00
2022,Chery,Arrizo 6 Pro,Qashqadaryo,Benzin (Turbo),3,19945.00,59835.00
2022,Chery,Tiggo 8 Pro,Qashqadaryo,Benzin (Turbo),1,31801.00,31801.00
2022,Haval,Jolion,Qashqadaryo,Benzin (Turbo),1,22644.00,22644.00
2022,Haval,M6,Qashqadaryo,Benzin,1,18949.00,18949.00
2022,Haval,H6,Qashqadaryo,Benzin (Turbo),1,28373.00,28373.00
2022,Kia,Sonet,Qashqadaryo,Benzin,4,17338.00,69352.00
2022,Kia,K5,Qashqadaryo,Benzin,4,32611.00,130444.00
2022,Kia,Sportage,Qashqadaryo,Benzin,2,34040.00,68080.00
2022,Geely,Monjaro,Qashqadaryo,Benzin (Turbo),1,34835.00,34835.00
2022,Jetour,Dashing,Qashqadaryo,Benzin (Turbo),1,25883.00,25883.00
2022,Chevrolet,Cobalt,Xorazm,Benzin,72,11684.00,841248.00
2022,Chevrolet,Damas,Xorazm,Benzin,118,8471.00,999578.00
2022,Chevrolet,Labo,Xorazm,Benzin,63,8178.00,515214.00
2022,Chevrolet,Lacetti/Gentra,Xorazm,Benzin,50,12940.00,647000.00
2022,Chevrolet,Tracker-2,Xorazm,Benzin (Turbo),19,19869.00,377511.00
2022,Chevrolet,Onix,Xorazm,Benzin (Turbo),20,16000.00,320000.00
2022,Chevrolet,Malibu-2,Xorazm,Benzin (Turbo),3,34177.00,102531.00
2022,BYD,Song Plus DM-i,Xorazm,Gibrid (PHEV),4,30482.00,121928.00
2022,BYD,Chazor (Destroyer 05),Xorazm,Gibrid (PHEV),2,22992.00,45984.00
2022,BYD,Song Plus EV,Xorazm,Elektromobil (EV),1,34279.00,34279.00
2022,BYD,Han,Xorazm,Elektromobil (EV),1,48059.00,48059.00
2022,Chery,Tiggo 7 Pro,Xorazm,Benzin (Turbo),1,25466.00,25466.00
2022,Chery,Arrizo 6 Pro,Xorazm,Benzin (Turbo),1,19963.00,19963.00
2022,Chery,Tiggo 8 Pro,Xorazm,Benzin (Turbo),1,32041.00,32041.00
2022,Haval,Jolion,Xorazm,Benzin (Turbo),1,22407.00,22407.00
2022,Haval,M6,Xorazm,Benzin,1,18825.00,18825.00
2022,Haval,H6,Xorazm,Benzin (Turbo),3,28449.00,85347.00
2022,Kia,Sonet,Xorazm,Benzin,2,17592.00,35184.00
2022,Kia,K5,Xorazm,Benzin,3,32459.00,97377.00
2022,Kia,Sportage,Xorazm,Benzin,3,33810.00,101430.00
2022,Geely,Monjaro,Xorazm,Benzin (Turbo),1,35053.00,35053.00
2022,Jetour,Dashing,Xorazm,Benzin (Turbo),1,26057.00,26057.00
2022,Chevrolet,Cobalt,Surxondaryo,Benzin,68,11445.00,778260.00
2022,Chevrolet,Damas,Surxondaryo,Benzin,47,8622.00,405234.00
2022,Chevrolet,Labo,Surxondaryo,Benzin,24,8040.00,192960.00
2022,Chevrolet,Lacetti/Gentra,Surxondaryo,Benzin,43,13079.00,562397.00
2022,Chevrolet,Tracker-2,Surxondaryo,Benzin (Turbo),18,19816.00,356688.00
2022,Chevrolet,Onix,Surxondaryo,Benzin (Turbo),22,16010.00,352220.00
2022,Chevrolet,Malibu-2,Surxondaryo,Benzin (Turbo),2,34178.00,68356.00
2022,BYD,Song Plus DM-i,Surxondaryo,Gibrid (PHEV),4,29919.00,119676.00
2022,BYD,Chazor (Destroyer 05),Surxondaryo,Gibrid (PHEV),3,23260.00,69780.00
2022,BYD,Song Plus EV,Surxondaryo,Elektromobil (EV),1,34341.00,34341.00
2022,BYD,Han,Surxondaryo,Elektromobil (EV),1,48159.00,48159.00
2022,Chery,Tiggo 7 Pro,Surxondaryo,Benzin (Turbo),2,25448.00,50896.00
2022,Chery,Arrizo 6 Pro,Surxondaryo,Benzin (Turbo),2,19866.00,39732.00
2022,Chery,Tiggo 8 Pro,Surxondaryo,Benzin (Turbo),1,32099.00,32099.00
2022,Haval,Jolion,Surxondaryo,Benzin (Turbo),1,22625.00,22625.00
2022,Haval,M6,Surxondaryo,Benzin,1,18729.00,18729.00
2022,Haval,H6,Surxondaryo,Benzin (Turbo),2,28585.00,57170.00
2022,Kia,Sonet,Surxondaryo,Benzin,4,17415.00,69660.00
2022,Kia,K5,Surxondaryo,Benzin,2,32335.00,64670.00
2022,Kia,Sportage,Surxondaryo,Benzin,1,34132.00,34132.00
2022,Geely,Monjaro,Surxondaryo,Benzin (Turbo),2,35110.00,70220.00
2022,Jetour,Dashing,Surxondaryo,Benzin (Turbo),1,26007.00,26007.00
2022,Chevrolet,Cobalt,Navoiy,Benzin,42,11354.00,476868.00
2022,Chevrolet,Damas,Navoiy,Benzin,34,8699.00,295766.00
2022,Chevrolet,Labo,Navoiy,Benzin,21,7829.00,164409.00
2022,Chevrolet,Lacetti/Gentra,Navoiy,Benzin,40,13036.00,521440.00
2022,Chevrolet,Tracker-2,Navoiy,Benzin (Turbo),12,19935.00,239220.00
2022,Chevrolet,Onix,Navoiy,Benzin (Turbo),15,16123.00,241845.00
2022,Chevrolet,Malibu-2,Navoiy,Benzin (Turbo),1,34030.00,34030.00
2022,BYD,Song Plus DM-i,Navoiy,Gibrid (PHEV),3,30649.00,91947.00
2022,BYD,Chazor (Destroyer 05),Navoiy,Gibrid (PHEV),3,23249.00,69747.00
2022,BYD,Song Plus EV,Navoiy,Elektromobil (EV),1,34199.00,34199.00
2022,BYD,Han,Navoiy,Elektromobil (EV),1,48577.00,48577.00
2022,Chery,Tiggo 7 Pro,Navoiy,Benzin (Turbo),1,25660.00,25660.00
2022,Chery,Arrizo 6 Pro,Navoiy,Benzin (Turbo),1,19979.00,19979.00
2022,Chery,Tiggo 8 Pro,Navoiy,Benzin (Turbo),1,31989.00,31989.00
2022,Haval,Jolion,Navoiy,Benzin (Turbo),3,22610.00,67830.00
2022,Haval,M6,Navoiy,Benzin,1,18861.00,18861.00
2022,Haval,H6,Navoiy,Benzin (Turbo),1,28641.00,28641.00
2022,Kia,Sonet,Navoiy,Benzin,4,17615.00,70460.00
2022,Kia,K5,Navoiy,Benzin,1,32538.00,32538.00
2022,Kia,Sportage,Navoiy,Benzin,1,33848.00,33848.00
2022,Geely,Monjaro,Navoiy,Benzin (Turbo),1,35090.00,35090.00
2022,Jetour,Dashing,Navoiy,Benzin (Turbo),1,25957.00,25957.00
2022,Chevrolet,Cobalt,Jizzax,Benzin,33,11313.00,373329.00
2022,Chevrolet,Damas,Jizzax,Benzin,28,8372.00,234416.00
2022,Chevrolet,Labo,Jizzax,Benzin,13,8005.00,104065.00
2022,Chevrolet,Lacetti/Gentra,Jizzax,Benzin,24,13075.00,313800.00
2022,Chevrolet,Tracker-2,Jizzax,Benzin (Turbo),9,19902.00,179118.00
2022,Chevrolet,Onix,Jizzax,Benzin (Turbo),10,16263.00,162630.00
2022,Chevrolet,Malibu-2,Jizzax,Benzin (Turbo),1,33909.00,33909.00
2022,BYD,Song Plus DM-i,Jizzax,Gibrid (PHEV),3,30185.00,90555.00
2022,BYD,Chazor (Destroyer 05),Jizzax,Gibrid (PHEV),1,23182.00,23182.00
2022,BYD,Song Plus EV,Jizzax,Elektromobil (EV),1,33724.00,33724.00
2022,BYD,Han,Jizzax,Elektromobil (EV),1,48536.00,48536.00
2022,Chery,Tiggo 7 Pro,Jizzax,Benzin (Turbo),1,25378.00,25378.00
2022,Chery,Arrizo 6 Pro,Jizzax,Benzin (Turbo),1,20087.00,20087.00
2022,Chery,Tiggo 8 Pro,Jizzax,Benzin (Turbo),1,31927.00,31927.00
2022,Haval,Jolion,Jizzax,Benzin (Turbo),1,22633.00,22633.00
2022,Haval,M6,Jizzax,Benzin,1,18619.00,18619.00
2022,Haval,H6,Jizzax,Benzin (Turbo),1,28689.00,28689.00
2022,Kia,Sonet,Jizzax,Benzin,2,17459.00,34918.00
2022,Kia,K5,Jizzax,Benzin,1,32359.00,32359.00
2022,Kia,Sportage,Jizzax,Benzin,1,33950.00,33950.00
2022,Geely,Monjaro,Jizzax,Benzin (Turbo),1,34929.00,34929.00
2022,Jetour,Dashing,Jizzax,Benzin (Turbo),2,26181.00,52362.00
2022,Chevrolet,Cobalt,Sirdaryo,Benzin,23,11628.00,267444.00
2022,Chevrolet,Damas,Sirdaryo,Benzin,19,8455.00,160645.00
2022,Chevrolet,Labo,Sirdaryo,Benzin,10,7879.00,78790.00
2022,Chevrolet,Lacetti/Gentra,Sirdaryo,Benzin,19,13199.00,250781.00
2022,Chevrolet,Tracker-2,Sirdaryo,Benzin (Turbo),6,20201.00,121206.00
2022,Chevrolet,Onix,Sirdaryo,Benzin (Turbo),6,16075.00,96450.00
2022,Chevrolet,Malibu-2,Sirdaryo,Benzin (Turbo),1,34107.00,34107.00
2022,BYD,Song Plus DM-i,Sirdaryo,Gibrid (PHEV),2,30269.00,60538.00
2022,BYD,Chazor (Destroyer 05),Sirdaryo,Gibrid (PHEV),1,22762.00,22762.00
2022,BYD,Song Plus EV,Sirdaryo,Elektromobil (EV),1,34184.00,34184.00
2022,BYD,Han,Sirdaryo,Elektromobil (EV),1,48482.00,48482.00
2022,Chery,Tiggo 7 Pro,Sirdaryo,Benzin (Turbo),1,25306.00,25306.00
2022,Chery,Arrizo 6 Pro,Sirdaryo,Benzin (Turbo),1,20028.00,20028.00
2022,Chery,Tiggo 8 Pro,Sirdaryo,Benzin (Turbo),3,31885.00,95655.00
2022,Haval,Jolion,Sirdaryo,Benzin (Turbo),1,22529.00,22529.00
2022,Haval,M6,Sirdaryo,Benzin,1,18678.00,18678.00
2022,Haval,H6,Sirdaryo,Benzin (Turbo),2,28675.00,57350.00
2022,Kia,Sonet,Sirdaryo,Benzin,2,17688.00,35376.00
2022,Kia,K5,Sirdaryo,Benzin,1,32487.00,32487.00
2022,Kia,Sportage,Sirdaryo,Benzin,1,34194.00,34194.00
2022,Geely,Monjaro,Sirdaryo,Benzin (Turbo),1,34982.00,34982.00
2022,Jetour,Dashing,Sirdaryo,Benzin (Turbo),1,25916.00,25916.00
2022,Chevrolet,Cobalt,Qoraqalpog‘iston Res.,Benzin,21,11351.00,238371.00
2022,Chevrolet,Damas,Qoraqalpog‘iston Res.,Benzin,20,8411.00,168220.00
2022,Chevrolet,Labo,Qoraqalpog‘iston Res.,Benzin,10,8032.00,80320.00
2022,Chevrolet,Lacetti/Gentra,Qoraqalpog‘iston Res.,Benzin,22,13020.00,286440.00
2022,Chevrolet,Tracker-2,Qoraqalpog‘iston Res.,Benzin (Turbo),5,19670.00,98350.00
2022,Chevrolet,Onix,Qoraqalpog‘iston Res.,Benzin (Turbo),5,16528.00,82640.00
2022,Chevrolet,Malibu-2,Qoraqalpog‘iston Res.,Benzin (Turbo),1,33928.00,33928.00
2022,BYD,Song Plus DM-i,Qoraqalpog‘iston Res.,Gibrid (PHEV),3,29979.00,89937.00
2022,BYD,Chazor (Destroyer 05),Qoraqalpog‘iston Res.,Gibrid (PHEV),1,22709.00,22709.00
2022,BYD,Song Plus EV,Qoraqalpog‘iston Res.,Elektromobil (EV),1,33941.00,33941.00
2022,BYD,Han,Qoraqalpog‘iston Res.,Elektromobil (EV),2,48775.00,97550.00
2022,Chery,Tiggo 7 Pro,Qoraqalpog‘iston Res.,Benzin (Turbo),1,25513.00,25513.00
2022,Chery,Arrizo 6 Pro,Qoraqalpog‘iston Res.,Benzin (Turbo),2,20142.00,40284.00
2022,Chery,Tiggo 8 Pro,Qoraqalpog‘iston Res.,Benzin (Turbo),1,32143.00,32143.00
2022,Haval,Jolion,Qoraqalpog‘iston Res.,Benzin (Turbo),1,22307.00,22307.00
2022,Haval,M6,Qoraqalpog‘iston Res.,Benzin,1,18932.00,18932.00
2022,Haval,H6,Qoraqalpog‘iston Res.,Benzin (Turbo),1,28451.00,28451.00
2022,Kia,Sonet,Qoraqalpog‘iston Res.,Benzin,2,17316.00,34632.00
2022,Kia,K5,Qoraqalpog‘iston Res.,Benzin,1,32438.00,32438.00
2022,Kia,Sportage,Qoraqalpog‘iston Res.,Benzin,1,34198.00,34198.00
2022,Geely,Monjaro,Qoraqalpog‘iston Res.,Benzin (Turbo),1,35060.00,35060.00
2022,Jetour,Dashing,Qoraqalpog‘iston Res.,Benzin (Turbo),1,26149.00,26149.00
2022,Chevrolet,Cobalt,Toshkent shahri,Benzin,424,11667.00,4946808.00
2022,Chevrolet,Damas,Toshkent shahri,Benzin,74,8519.00,630406.00
2022,Chevrolet,Labo,Toshkent shahri,Benzin,40,8159.00,326360.00
2022,Chevrolet,Lacetti/Gentra,Toshkent shahri,Benzin,371,13128.00,4870488.00
2022,Chevrolet,Tracker-2,Toshkent shahri,Benzin (Turbo),113,20210.00,2283730.00
2022,Chevrolet,Onix,Toshkent shahri,Benzin (Turbo),134,16356.00,2191704.00
2022,Chevrolet,Malibu-2,Toshkent shahri,Benzin (Turbo),38,34016.00,1292608.00
2022,BYD,Song Plus DM-i,Toshkent shahri,Gibrid (PHEV),91,30227.00,2750657.00
2022,BYD,Chazor (Destroyer 05),Toshkent shahri,Gibrid (PHEV),72,23477.00,1690344.00
2022,BYD,Song Plus EV,Toshkent shahri,Elektromobil (EV),13,33848.00,440024.00
2022,BYD,Han,Toshkent shahri,Elektromobil (EV),5,48769.00,243845.00
2022,Chery,Tiggo 7 Pro,Toshkent shahri,Benzin (Turbo),15,25673.00,385095.00
2022,Chery,Arrizo 6 Pro,Toshkent shahri,Benzin (Turbo),14,20199.00,282786.00
2022,Chery,Tiggo 8 Pro,Toshkent shahri,Benzin (Turbo),6,32087.00,192522.00
2022,Haval,Jolion,Toshkent shahri,Benzin (Turbo),13,22309.00,290017.00
2022,Haval,M6,Toshkent shahri,Benzin,16,18870.00,301920.00
2022,Haval,H6,Toshkent shahri,Benzin (Turbo),8,28452.00,227616.00
2022,Kia,Sonet,Toshkent shahri,Benzin,28,17614.00,493192.00
2022,Kia,K5,Toshkent shahri,Benzin,11,32413.00,356543.00
2022,Kia,Sportage,Toshkent shahri,Benzin,11,34077.00,374847.00
2022,Geely,Monjaro,Toshkent shahri,Benzin (Turbo),6,34971.00,209826.00
2022,Jetour,Dashing,Toshkent shahri,Benzin (Turbo),7,26087.00,182609.00
2022,Chevrolet,Cobalt,Toshkent viloyati,Benzin,173,11421.00,1975833.00
2022,Chevrolet,Damas,Toshkent viloyati,Benzin,148,8331.00,1232988.00
2022,Chevrolet,Labo,Toshkent viloyati,Benzin,83,8067.00,669561.00
2022,Chevrolet,Lacetti/Gentra,Toshkent viloyati,Benzin,138,13032.00,1798416.00
2022,Chevrolet,Tracker-2,Toshkent viloyati,Benzin (Turbo),57,19951.00,1137207.00
2022,Chevrolet,Onix,Toshkent viloyati,Benzin (Turbo),58,16334.00,947372.00
2022,Chevrolet,Malibu-2,Toshkent viloyati,Benzin (Turbo),6,34023.00,204138.00
2022,BYD,Song Plus DM-i,Toshkent viloyati,Gibrid (PHEV),15,30052.00,450780.00
2022,BYD,Chazor (Destroyer 05),Toshkent viloyati,Gibrid (PHEV),12,23044.00,276528.00
2022,BYD,Song Plus EV,Toshkent viloyati,Elektromobil (EV),1,34233.00,34233.00
2022,BYD,Han,Toshkent viloyati,Elektromobil (EV),2,48769.00,97538.00
2022,Chery,Tiggo 7 Pro,Toshkent viloyati,Benzin (Turbo),6,25328.00,151968.00
2022,Chery,Arrizo 6 Pro,Toshkent viloyati,Benzin (Turbo),4,19849.00,79396.00
2022,Chery,Tiggo 8 Pro,Toshkent viloyati,Benzin (Turbo),2,31894.00,63788.00
2022,Haval,Jolion,Toshkent viloyati,Benzin (Turbo),4,22343.00,89372.00
2022,Haval,M6,Toshkent viloyati,Benzin,6,18877.00,113262.00
2022,Haval,H6,Toshkent viloyati,Benzin (Turbo),5,28483.00,142415.00
2022,Kia,Sonet,Toshkent viloyati,Benzin,12,17302.00,207624.00
2022,Kia,K5,Toshkent viloyati,Benzin,5,32329.00,161645.00
2022,Kia,Sportage,Toshkent viloyati,Benzin,2,34094.00,68188.00
2022,Geely,Monjaro,Toshkent viloyati,Benzin (Turbo),3,35028.00,105084.00
2022,Jetour,Dashing,Toshkent viloyati,Benzin (Turbo),3,25910.00,77730.00
2022,Chevrolet,Cobalt,Samarqand,Benzin,214,11371.00,2433394.00
2022,Chevrolet,Damas,Samarqand,Benzin,121,8428.00,1019788.00
2022,Chevrolet,Labo,Samarqand,Benzin,75,8187.00,614025.00
2022,Chevrolet,Lacetti/Gentra,Samarqand,Benzin,173,12903.00,2232219.00
2022,Chevrolet,Tracker-2,Samarqand,Benzin (Turbo),45,20140.00,906300.00
2022,Chevrolet,Onix,Samarqand,Benzin (Turbo),49,16447.00,805903.00
2022,Chevrolet,Malibu-2,Samarqand,Benzin (Turbo),8,34030.00,272240.00
2022,BYD,Song Plus DM-i,Samarqand,Gibrid (PHEV),18,30580.00,550440.00
2022,BYD,Chazor (Destroyer 05),Samarqand,Gibrid (PHEV),12,22712.00,272544.00
2022,BYD,Song Plus EV,Samarqand,Elektromobil (EV),1,34092.00,34092.00
2022,BYD,Han,Samarqand,Elektromobil (EV),1,48601.00,48601.00
2022,Chery,Tiggo 7 Pro,Samarqand,Benzin (Turbo),6,25613.00,153678.00
2022,Chery,Arrizo 6 Pro,Samarqand,Benzin (Turbo),3,20042.00,60126.00
2022,Chery,Tiggo 8 Pro,Samarqand,Benzin (Turbo),1,32022.00,32022.00
2022,Haval,Jolion,Samarqand,Benzin (Turbo),5,22400.00,112000.00
2022,Haval,M6,Samarqand,Benzin,5,18785.00,93925.00
2022,Haval,H6,Samarqand,Benzin (Turbo),1,28319.00,28319.00
2022,Kia,Sonet,Samarqand,Benzin,8,17693.00,141544.00
2022,Kia,K5,Samarqand,Benzin,5,32592.00,162960.00
2022,Kia,Sportage,Samarqand,Benzin,4,34029.00,136116.00
2022,Geely,Monjaro,Samarqand,Benzin (Turbo),3,35001.00,105003.00
2022,Jetour,Dashing,Samarqand,Benzin (Turbo),1,25837.00,25837.00
2022,Chevrolet,Cobalt,Farg‘ona,Benzin,141,11319.00,1595979.00
2022,Chevrolet,Damas,Farg‘ona,Benzin,258,8572.00,2211576.00
2022,Chevrolet,Labo,Farg‘ona,Benzin,136,7813.00,1062568.00
2022,Chevrolet,Lacetti/Gentra,Farg‘ona,Benzin,140,12802.00,1792280.00
2022,Chevrolet,Tracker-2,Farg‘ona,Benzin (Turbo),40,19704.00,788160.00
2022,Chevrolet,Onix,Farg‘ona,Benzin (Turbo),42,16474.00,691908.00
2022,Chevrolet,Malibu-2,Farg‘ona,Benzin (Turbo),8,33961.00,271688.00
2022,BYD,Song Plus DM-i,Farg‘ona,Gibrid (PHEV),13,30519.00,396747.00
2022,BYD,Chazor (Destroyer 05),Farg‘ona,Gibrid (PHEV),8,22759.00,182072.00
2022,BYD,Song Plus EV,Farg‘ona,Elektromobil (EV),1,34018.00,34018.00
2022,BYD,Han,Farg‘ona,Elektromobil (EV),1,48116.00,48116.00
2022,Chery,Tiggo 7 Pro,Farg‘ona,Benzin (Turbo),4,25655.00,102620.00
2022,Chery,Arrizo 6 Pro,Farg‘ona,Benzin (Turbo),1,20027.00,20027.00
2022,Chery,Tiggo 8 Pro,Farg‘ona,Benzin (Turbo),2,32149.00,64298.00
2022,Haval,Jolion,Farg‘ona,Benzin (Turbo),3,22445.00,67335.00
2022,Haval,M6,Farg‘ona,Benzin,3,18918.00,56754.00
2022,Haval,H6,Farg‘ona,Benzin (Turbo),3,28550.00,85650.00
2022,Kia,Sonet,Farg‘ona,Benzin,8,17602.00,140816.00
2022,Kia,K5,Farg‘ona,Benzin,3,32559.00,97677.00
2022,Kia,Sportage,Farg‘ona,Benzin,5,33947.00,169735.00
2022,Geely,Monjaro,Farg‘ona,Benzin (Turbo),1,34997.00,34997.00
2022,Jetour,Dashing,Farg‘ona,Benzin (Turbo),2,25846.00,51692.00
2022,Chevrolet,Cobalt,Andijon,Benzin,125,11436.00,1429500.00
2022,Chevrolet,Damas,Andijon,Benzin,258,8389.00,2164362.00
2022,Chevrolet,Labo,Andijon,Benzin,114,7860.00,896040.00
2022,Chevrolet,Lacetti/Gentra,Andijon,Benzin,106,12937.00,1371322.00
2022,Chevrolet,Tracker-2,Andijon,Benzin (Turbo),36,20212.00,727632.00
2022,Chevrolet,Onix,Andijon,Benzin (Turbo),34,16400.00,557600.00
2022,Chevrolet,Malibu-2,Andijon,Benzin (Turbo),5,33868.00,169340.00
2022,BYD,Song Plus DM-i,Andijon,Gibrid (PHEV),11,30198.00,332178.00
2022,BYD,Chazor (Destroyer 05),Andijon,Gibrid (PHEV),6,22773.00,136638.00
2022,BYD,Song Plus EV,Andijon,Elektromobil (EV),1,34403.00,34403.00
2022,BYD,Han,Andijon,Elektromobil (EV),1,48259.00,48259.00
2022,Chery,Tiggo 7 Pro,Andijon,Benzin (Turbo),4,25425.00,101700.00
2022,Chery,Arrizo 6 Pro,Andijon,Benzin (Turbo),3,19928.00,59784.00
2022,Chery,Tiggo 8 Pro,Andijon,Benzin (Turbo),3,32079.00,96237.00
2022,Haval,Jolion,Andijon,Benzin (Turbo),5,22481.00,112405.00
2022,Haval,M6,Andijon,Benzin,5,18773.00,93865.00
2022,Haval,H6,Andijon,Benzin (Turbo),1,28330.00,28330.00
2022,Kia,Sonet,Andijon,Benzin,8,17383.00,139064.00
2022,Kia,K5,Andijon,Benzin,4,32663.00,130652.00
2022,Kia,Sportage,Andijon,Benzin,3,33905.00,101715.00
2022,Geely,Monjaro,Andijon,Benzin (Turbo),1,34962.00,34962.00
2022,Jetour,Dashing,Andijon,Benzin (Turbo),1,26019.00,26019.00
2022,Chevrolet,Cobalt,Namangan,Benzin,103,11516.00,1186148.00
2022,Chevrolet,Damas,Namangan,Benzin,175,8504.00,1488200.00
2022,Chevrolet,Labo,Namangan,Benzin,104,8027.00,834808.00
2022,Chevrolet,Lacetti/Gentra,Namangan,Benzin,87,12983.00,1129521.00
2022,Chevrolet,Tracker-2,Namangan,Benzin (Turbo),31,20090.00,622790.00
2022,Chevrolet,Onix,Namangan,Benzin (Turbo),33,16507.00,544731.00
2022,Chevrolet,Malibu-2,Namangan,Benzin (Turbo),2,33806.00,67612.00
2022,BYD,Song Plus DM-i,Namangan,Gibrid (PHEV),10,29919.00,299190.00
2022,BYD,Chazor (Destroyer 05),Namangan,Gibrid (PHEV),7,23354.00,163478.00
2022,BYD,Song Plus EV,Namangan,Elektromobil (EV),1,33898.00,33898.00
2022,BYD,Han,Namangan,Elektromobil (EV),1,48141.00,48141.00
2022,Chery,Tiggo 7 Pro,Namangan,Benzin (Turbo),3,25612.00,76836.00
2022,Chery,Arrizo 6 Pro,Namangan,Benzin (Turbo),3,19868.00,59604.00
2022,Chery,Tiggo 8 Pro,Namangan,Benzin (Turbo),1,31930.00,31930.00
2022,Haval,Jolion,Namangan,Benzin (Turbo),2,22604.00,45208.00
2022,Haval,M6,Namangan,Benzin,4,18970.00,75880.00
2022,Haval,H6,Namangan,Benzin (Turbo),2,28460.00,56920.00
2022,Kia,Sonet,Namangan,Benzin,7,17477.00,122339.00
2022,Kia,K5,Namangan,Benzin,2,32626.00,65252.00
2022,Kia,Sportage,Namangan,Benzin,4,33885.00,135540.00
2022,Geely,Monjaro,Namangan,Benzin (Turbo),2,34860.00,69720.00
2022,Jetour,Dashing,Namangan,Benzin (Turbo),4,25860.00,103440.00
2022,Chevrolet,Cobalt,Buxoro,Benzin,130,11468.00,1490840.00
2022,Chevrolet,Damas,Buxoro,Benzin,85,8385.00,712725.00
2022,Chevrolet,Labo,Buxoro,Benzin,50,7997.00,399850.00
2022,Chevrolet,Lacetti/Gentra,Buxoro,Benzin,109,12897.00,1405773.00
2022,Chevrolet,Tracker-2,Buxoro,Benzin (Turbo),24,20163.00,483912.00
2022,Chevrolet,Onix,Buxoro,Benzin (Turbo),29,15996.00,463884.00
2022,Chevrolet,Malibu-2,Buxoro,Benzin (Turbo),4,33897.00,135588.00
2022,BYD,Song Plus DM-i,Buxoro,Gibrid (PHEV),11,29993.00,329923.00
2022,BYD,Chazor (Destroyer 05),Buxoro,Gibrid (PHEV),9,22785.00,205065.00
2022,BYD,Song Plus EV,Buxoro,Elektromobil (EV),1,34287.00,34287.00
2022,BYD,Han,Buxoro,Elektromobil (EV),1,48570.00,48570.00
2022,Chery,Tiggo 7 Pro,Buxoro,Benzin (Turbo),2,25437.00,50874.00
2022,Chery,Arrizo 6 Pro,Buxoro,Benzin (Turbo),1,20076.00,20076.00
2022,Chery,Tiggo 8 Pro,Buxoro,Benzin (Turbo),1,31819.00,31819.00
2022,Haval,Jolion,Buxoro,Benzin (Turbo),4,22671.00,90684.00
2022,Haval,M6,Buxoro,Benzin,3,18813.00,56439.00
2022,Haval,H6,Buxoro,Benzin (Turbo),1,28569.00,28569.00
2022,Kia,Sonet,Buxoro,Benzin,6,17680.00,106080.00
2022,Kia,K5,Buxoro,Benzin,3,32325.00,96975.00
2022,Kia,Sportage,Buxoro,Benzin,2,34168.00,68336.00
2022,Geely,Monjaro,Buxoro,Benzin (Turbo),2,34896.00,69792.00
2022,Jetour,Dashing,Buxoro,Benzin (Turbo),1,25841.00,25841.00
2022,Chevrolet,Cobalt,Qashqadaryo,Benzin,74,11578.00,856772.00
2022,Chevrolet,Damas,Qashqadaryo,Benzin,67,8388.00,561996.00
2022,Chevrolet,Labo,Qashqadaryo,Benzin,33,7996.00,263868.00
2022,Chevrolet,Lacetti/Gentra,Qashqadaryo,Benzin,63,13106.00,825678.00
2022,Chevrolet,Tracker-2,Qashqadaryo,Benzin (Turbo),21,19657.00,412797.00
2022,Chevrolet,Onix,Qashqadaryo,Benzin (Turbo),23,16482.00,379086.00
2022,Chevrolet,Malibu-2,Qashqadaryo,Benzin (Turbo),3,33884.00,101652.00
2022,BYD,Song Plus DM-i,Qashqadaryo,Gibrid (PHEV),8,29921.00,239368.00
2022,BYD,Chazor (Destroyer 05),Qashqadaryo,Gibrid (PHEV),4,22937.00,91748.00
2022,BYD,Song Plus EV,Qashqadaryo,Elektromobil (EV),2,33803.00,67606.00
2022,BYD,Han,Qashqadaryo,Elektromobil (EV),1,48453.00,48453.00
2022,Chery,Tiggo 7 Pro,Qashqadaryo,Benzin (Turbo),4,25567.00,102268.00
2022,Chery,Arrizo 6 Pro,Qashqadaryo,Benzin (Turbo),2,20164.00,40328.00
2022,Chery,Tiggo 8 Pro,Qashqadaryo,Benzin (Turbo),1,32058.00,32058.00
2022,Haval,Jolion,Qashqadaryo,Benzin (Turbo),5,22307.00,111535.00
2022,Haval,M6,Qashqadaryo,Benzin,2,18700.00,37400.00
2022,Haval,H6,Qashqadaryo,Benzin (Turbo),2,28400.00,56800.00
2022,Kia,Sonet,Qashqadaryo,Benzin,5,17559.00,87795.00
2022,Kia,K5,Qashqadaryo,Benzin,1,32428.00,32428.00
2022,Kia,Sportage,Qashqadaryo,Benzin,2,33862.00,67724.00
2022,Geely,Monjaro,Qashqadaryo,Benzin (Turbo),1,34957.00,34957.00
2022,Jetour,Dashing,Qashqadaryo,Benzin (Turbo),1,26068.00,26068.00
2022,Chevrolet,Cobalt,Xorazm,Benzin,66,11430.00,754380.00
2022,Chevrolet,Damas,Xorazm,Benzin,111,8652.00,960372.00
2022,Chevrolet,Labo,Xorazm,Benzin,60,8026.00,481560.00
2022,Chevrolet,Lacetti/Gentra,Xorazm,Benzin,46,12988.00,597448.00
2022,Chevrolet,Tracker-2,Xorazm,Benzin (Turbo),16,20135.00,322160.00
2022,Chevrolet,Onix,Xorazm,Benzin (Turbo),18,16408.00,295344.00
2022,Chevrolet,Malibu-2,Xorazm,Benzin (Turbo),3,34176.00,102528.00
2022,BYD,Song Plus DM-i,Xorazm,Gibrid (PHEV),5,30244.00,151220.00
2022,BYD,Chazor (Destroyer 05),Xorazm,Gibrid (PHEV),4,23156.00,92624.00
2022,BYD,Song Plus EV,Xorazm,Elektromobil (EV),1,34424.00,34424.00
2022,BYD,Han,Xorazm,Elektromobil (EV),1,48587.00,48587.00
2022,Chery,Tiggo 7 Pro,Xorazm,Benzin (Turbo),1,25585.00,25585.00
2022,Chery,Arrizo 6 Pro,Xorazm,Benzin (Turbo),2,20047.00,40094.00
2022,Chery,Tiggo 8 Pro,Xorazm,Benzin (Turbo),1,32017.00,32017.00
2022,Haval,Jolion,Xorazm,Benzin (Turbo),1,22479.00,22479.00
2022,Haval,M6,Xorazm,Benzin,1,18633.00,18633.00
2022,Haval,H6,Xorazm,Benzin (Turbo),1,28613.00,28613.00
2022,Kia,Sonet,Xorazm,Benzin,2,17374.00,34748.00
2022,Kia,K5,Xorazm,Benzin,3,32449.00,97347.00
2022,Kia,Sportage,Xorazm,Benzin,2,34072.00,68144.00
2022,Geely,Monjaro,Xorazm,Benzin (Turbo),1,35070.00,35070.00
2022,Jetour,Dashing,Xorazm,Benzin (Turbo),2,26146.00,52292.00
2022,Chevrolet,Cobalt,Surxondaryo,Benzin,60,11571.00,694260.00
2022,Chevrolet,Damas,Surxondaryo,Benzin,55,8365.00,460075.00
2022,Chevrolet,Labo,Surxondaryo,Benzin,26,7947.00,206622.00
2022,Chevrolet,Lacetti/Gentra,Surxondaryo,Benzin,54,12923.00,697842.00
2022,Chevrolet,Tracker-2,Surxondaryo,Benzin (Turbo),17,20091.00,341547.00
2022,Chevrolet,Onix,Surxondaryo,Benzin (Turbo),19,16117.00,306223.00
2022,Chevrolet,Malibu-2,Surxondaryo,Benzin (Turbo),3,33941.00,101823.00
2022,BYD,Song Plus DM-i,Surxondaryo,Gibrid (PHEV),4,30309.00,121236.00
2022,BYD,Chazor (Destroyer 05),Surxondaryo,Gibrid (PHEV),4,23463.00,93852.00
2022,BYD,Song Plus EV,Surxondaryo,Elektromobil (EV),1,33906.00,33906.00
2022,BYD,Han,Surxondaryo,Elektromobil (EV),1,48250.00,48250.00
2022,Chery,Tiggo 7 Pro,Surxondaryo,Benzin (Turbo),2,25518.00,51036.00
2022,Chery,Arrizo 6 Pro,Surxondaryo,Benzin (Turbo),1,20175.00,20175.00
2022,Chery,Tiggo 8 Pro,Surxondaryo,Benzin (Turbo),1,31845.00,31845.00
2022,Haval,Jolion,Surxondaryo,Benzin (Turbo),3,22627.00,67881.00
2022,Haval,M6,Surxondaryo,Benzin,2,18789.00,37578.00
2022,Haval,H6,Surxondaryo,Benzin (Turbo),1,28633.00,28633.00
2022,Kia,Sonet,Surxondaryo,Benzin,4,17383.00,69532.00
2022,Kia,K5,Surxondaryo,Benzin,1,32569.00,32569.00
2022,Kia,Sportage,Surxondaryo,Benzin,1,33953.00,33953.00
2022,Geely,Monjaro,Surxondaryo,Benzin (Turbo),1,35083.00,35083.00
2022,Jetour,Dashing,Surxondaryo,Benzin (Turbo),1,25972.00,25972.00
2022,Chevrolet,Cobalt,Navoiy,Benzin,52,11574.00,601848.00
2022,Chevrolet,Damas,Navoiy,Benzin,38,8697.00,330486.00
2022,Chevrolet,Labo,Navoiy,Benzin,20,7963.00,159260.00
2022,Chevrolet,Lacetti/Gentra,Navoiy,Benzin,38,13085.00,497230.00
2022,Chevrolet,Tracker-2,Navoiy,Benzin (Turbo),13,19738.00,256594.00
2022,Chevrolet,Onix,Navoiy,Benzin (Turbo),14,16177.00,226478.00
2022,Chevrolet,Malibu-2,Navoiy,Benzin (Turbo),2,33867.00,67734.00
2022,BYD,Song Plus DM-i,Navoiy,Gibrid (PHEV),5,30625.00,153125.00
2022,BYD,Chazor (Destroyer 05),Navoiy,Gibrid (PHEV),2,23297.00,46594.00
2022,BYD,Song Plus EV,Navoiy,Elektromobil (EV),1,34331.00,34331.00
2022,BYD,Han,Navoiy,Elektromobil (EV),1,48669.00,48669.00
2022,Chery,Tiggo 7 Pro,Navoiy,Benzin (Turbo),1,25567.00,25567.00
2022,Chery,Arrizo 6 Pro,Navoiy,Benzin (Turbo),1,20124.00,20124.00
2022,Chery,Tiggo 8 Pro,Navoiy,Benzin (Turbo),1,32103.00,32103.00
2022,Haval,Jolion,Navoiy,Benzin (Turbo),1,22500.00,22500.00
2022,Haval,M6,Navoiy,Benzin,2,18992.00,37984.00
2022,Haval,H6,Navoiy,Benzin (Turbo),1,28515.00,28515.00
2022,Kia,Sonet,Navoiy,Benzin,3,17364.00,52092.00
2022,Kia,K5,Navoiy,Benzin,1,32446.00,32446.00
2022,Kia,Sportage,Navoiy,Benzin,1,33825.00,33825.00
2022,Geely,Monjaro,Navoiy,Benzin (Turbo),1,34820.00,34820.00
2022,Jetour,Dashing,Navoiy,Benzin (Turbo),1,26106.00,26106.00
2022,Chevrolet,Cobalt,Jizzax,Benzin,36,11478.00,413208.00
2022,Chevrolet,Damas,Jizzax,Benzin,26,8431.00,219206.00
2022,Chevrolet,Labo,Jizzax,Benzin,13,8059.00,104767.00
2022,Chevrolet,Lacetti/Gentra,Jizzax,Benzin,26,12875.00,334750.00
2022,Chevrolet,Tracker-2,Jizzax,Benzin (Turbo),11,19843.00,218273.00
2022,Chevrolet,Onix,Jizzax,Benzin (Turbo),9,16136.00,145224.00
2022,Chevrolet,Malibu-2,Jizzax,Benzin (Turbo),1,33871.00,33871.00
2022,BYD,Song Plus DM-i,Jizzax,Gibrid (PHEV),2,29936.00,59872.00
2022,BYD,Chazor (Destroyer 05),Jizzax,Gibrid (PHEV),2,23421.00,46842.00
2022,BYD,Song Plus EV,Jizzax,Elektromobil (EV),1,34272.00,34272.00
2022,BYD,Han,Jizzax,Elektromobil (EV),1,48647.00,48647.00
2022,Chery,Tiggo 7 Pro,Jizzax,Benzin (Turbo),1,25679.00,25679.00
2022,Chery,Arrizo 6 Pro,Jizzax,Benzin (Turbo),1,19908.00,19908.00
2022,Chery,Tiggo 8 Pro,Jizzax,Benzin (Turbo),1,32040.00,32040.00
2022,Haval,Jolion,Jizzax,Benzin (Turbo),1,22536.00,22536.00
2022,Haval,M6,Jizzax,Benzin,3,18939.00,56817.00
2022,Haval,H6,Jizzax,Benzin (Turbo),1,28348.00,28348.00
2022,Kia,Sonet,Jizzax,Benzin,1,17601.00,17601.00
2022,Kia,K5,Jizzax,Benzin,1,32594.00,32594.00
2022,Kia,Sportage,Jizzax,Benzin,1,34140.00,34140.00
2022,Geely,Monjaro,Jizzax,Benzin (Turbo),1,34905.00,34905.00
2022,Jetour,Dashing,Jizzax,Benzin (Turbo),1,26162.00,26162.00
2022,Chevrolet,Cobalt,Sirdaryo,Benzin,23,11316.00,260268.00
2022,Chevrolet,Damas,Sirdaryo,Benzin,21,8643.00,181503.00
2022,Chevrolet,Labo,Sirdaryo,Benzin,11,7982.00,87802.00
2022,Chevrolet,Lacetti/Gentra,Sirdaryo,Benzin,19,12840.00,243960.00
2022,Chevrolet,Tracker-2,Sirdaryo,Benzin (Turbo),6,19776.00,118656.00
2022,Chevrolet,Onix,Sirdaryo,Benzin (Turbo),6,16532.00,99192.00
2022,Chevrolet,Malibu-2,Sirdaryo,Benzin (Turbo),1,33818.00,33818.00
2022,BYD,Song Plus DM-i,Sirdaryo,Gibrid (PHEV),1,30181.00,30181.00
2022,BYD,Chazor (Destroyer 05),Sirdaryo,Gibrid (PHEV),1,22808.00,22808.00
2022,BYD,Song Plus EV,Sirdaryo,Elektromobil (EV),1,33967.00,33967.00
2022,BYD,Han,Sirdaryo,Elektromobil (EV),1,48601.00,48601.00
2022,Chery,Tiggo 7 Pro,Sirdaryo,Benzin (Turbo),1,25402.00,25402.00
2022,Chery,Arrizo 6 Pro,Sirdaryo,Benzin (Turbo),1,19976.00,19976.00
2022,Chery,Tiggo 8 Pro,Sirdaryo,Benzin (Turbo),1,31974.00,31974.00
2022,Haval,Jolion,Sirdaryo,Benzin (Turbo),1,22623.00,22623.00
2022,Haval,M6,Sirdaryo,Benzin,1,18760.00,18760.00
2022,Haval,H6,Sirdaryo,Benzin (Turbo),1,28446.00,28446.00
2022,Kia,Sonet,Sirdaryo,Benzin,1,17538.00,17538.00
2022,Kia,K5,Sirdaryo,Benzin,2,32524.00,65048.00
2022,Kia,Sportage,Sirdaryo,Benzin,1,34131.00,34131.00
2022,Geely,Monjaro,Sirdaryo,Benzin (Turbo),1,35057.00,35057.00
2022,Jetour,Dashing,Sirdaryo,Benzin (Turbo),1,26084.00,26084.00
2022,Chevrolet,Cobalt,Qoraqalpog‘iston Res.,Benzin,22,11630.00,255860.00
2022,Chevrolet,Damas,Qoraqalpog‘iston Res.,Benzin,22,8565.00,188430.00
2022,Chevrolet,Labo,Qoraqalpog‘iston Res.,Benzin,9,8000.00,72000.00
2022,Chevrolet,Lacetti/Gentra,Qoraqalpog‘iston Res.,Benzin,19,13176.00,250344.00
2022,Chevrolet,Tracker-2,Qoraqalpog‘iston Res.,Benzin (Turbo),6,20103.00,120618.00
2022,Chevrolet,Onix,Qoraqalpog‘iston Res.,Benzin (Turbo),7,16488.00,115416.00
2022,Chevrolet,Malibu-2,Qoraqalpog‘iston Res.,Benzin (Turbo),2,34149.00,68298.00
2022,BYD,Song Plus DM-i,Qoraqalpog‘iston Res.,Gibrid (PHEV),2,30145.00,60290.00
2022,BYD,Chazor (Destroyer 05),Qoraqalpog‘iston Res.,Gibrid (PHEV),2,22967.00,45934.00
2022,BYD,Song Plus EV,Qoraqalpog‘iston Res.,Elektromobil (EV),1,34118.00,34118.00
2022,BYD,Han,Qoraqalpog‘iston Res.,Elektromobil (EV),1,48356.00,48356.00
2022,Chery,Tiggo 7 Pro,Qoraqalpog‘iston Res.,Benzin (Turbo),1,25512.00,25512.00
2022,Chery,Arrizo 6 Pro,Qoraqalpog‘iston Res.,Benzin (Turbo),1,20078.00,20078.00
2022,Chery,Tiggo 8 Pro,Qoraqalpog‘iston Res.,Benzin (Turbo),1,32093.00,32093.00
2022,Haval,Jolion,Qoraqalpog‘iston Res.,Benzin (Turbo),1,22445.00,22445.00
2022,Haval,M6,Qoraqalpog‘iston Res.,Benzin,1,18698.00,18698.00
2022,Haval,H6,Qoraqalpog‘iston Res.,Benzin (Turbo),1,28421.00,28421.00
2022,Kia,Sonet,Qoraqalpog‘iston Res.,Benzin,1,17329.00,17329.00
2022,Kia,K5,Qoraqalpog‘iston Res.,Benzin,2,32494.00,64988.00
2022,Kia,Sportage,Qoraqalpog‘iston Res.,Benzin,1,33955.00,33955.00
2022,Geely,Monjaro,Qoraqalpog‘iston Res.,Benzin (Turbo),1,34822.00,34822.00
2022,Jetour,Dashing,Qoraqalpog‘iston Res.,Benzin (Turbo),1,26159.00,26159.00
2023,Chevrolet,Cobalt,Toshkent shahri,Benzin,493,12024.00,5927832.00
2023,Chevrolet,Damas,Toshkent shahri,Benzin,83,8721.00,723843.00
2023,Chevrolet,Labo,Toshkent shahri,Benzin,40,8046.00,321840.00
2023,Chevrolet,Lacetti/Gentra,Toshkent shahri,Benzin,401,13385.00,5367385.00
2023,Chevrolet,Tracker-2,Toshkent shahri,Benzin (Turbo),136,18901.00,2570536.00
2023,Chevrolet,Onix,Toshkent shahri,Benzin (Turbo),159,15643.00,2487237.00
2023,Chevrolet,Malibu-2,Toshkent shahri,Benzin (Turbo),47,35214.00,1655058.00
2023,BYD,Song Plus DM-i,Toshkent shahri,Gibrid (PHEV),354,27675.00,9796950.00
2023,BYD,Chazor (Destroyer 05),Toshkent shahri,Gibrid (PHEV),233,21227.00,4945891.00
2023,BYD,Song Plus EV,Toshkent shahri,Elektromobil (EV),59,31039.00,1831301.00
2023,BYD,Han,Toshkent shahri,Elektromobil (EV),23,43987.00,1011701.00
2023,Chery,Tiggo 7 Pro,Toshkent shahri,Benzin (Turbo),42,26177.00,1099434.00
2023,Chery,Arrizo 6 Pro,Toshkent shahri,Benzin (Turbo),33,20775.00,685575.00
2023,Chery,Tiggo 8 Pro,Toshkent shahri,Benzin (Turbo),15,33103.00,496545.00
2023,Haval,Jolion,Toshkent shahri,Benzin (Turbo),37,23234.00,859658.00
2023,Haval,M6,Toshkent shahri,Benzin,39,19317.00,753363.00
2023,Haval,H6,Toshkent shahri,Benzin (Turbo),17,29460.00,500820.00
2023,Kia,Sonet,Toshkent shahri,Benzin,44,18086.00,795784.00
2023,Kia,K5,Toshkent shahri,Benzin,19,33304.00,632776.00
2023,Kia,Sportage,Toshkent shahri,Benzin,17,34941.00,593997.00
2023,Zeekr,001,Toshkent shahri,Elektromobil (EV),31,48405.00,1500555.00
2023,Geely,Monjaro,Toshkent shahri,Benzin (Turbo),14,36123.00,505722.00
2023,Jetour,Dashing,Toshkent shahri,Benzin (Turbo),15,26857.00,402855.00
2023,Li Auto,L7/L9,Toshkent shahri,Gibrid (EREV),20,57547.00,1150940.00
2023,Chevrolet,Cobalt,Toshkent viloyati,Benzin,197,12041.00,2372077.00
2023,Chevrolet,Damas,Toshkent viloyati,Benzin,170,8716.00,1481720.00
2023,Chevrolet,Labo,Toshkent viloyati,Benzin,84,8382.00,704088.00
2023,Chevrolet,Lacetti/Gentra,Toshkent viloyati,Benzin,148,13576.00,2009248.00
2023,Chevrolet,Tracker-2,Toshkent viloyati,Benzin (Turbo),49,19262.00,943838.00
2023,Chevrolet,Onix,Toshkent viloyati,Benzin (Turbo),56,15696.00,878976.00
2023,Chevrolet,Malibu-2,Toshkent viloyati,Benzin (Turbo),10,34840.00,348400.00
2023,BYD,Song Plus DM-i,Toshkent viloyati,Gibrid (PHEV),60,27399.00,1643940.00
2023,BYD,Chazor (Destroyer 05),Toshkent viloyati,Gibrid (PHEV),44,20984.00,923296.00
2023,BYD,Song Plus EV,Toshkent viloyati,Elektromobil (EV),10,31203.00,312030.00
2023,BYD,Han,Toshkent viloyati,Elektromobil (EV),4,44034.00,176136.00
2023,Chery,Tiggo 7 Pro,Toshkent viloyati,Benzin (Turbo),16,26337.00,421392.00
2023,Chery,Arrizo 6 Pro,Toshkent viloyati,Benzin (Turbo),12,20613.00,247356.00
2023,Chery,Tiggo 8 Pro,Toshkent viloyati,Benzin (Turbo),7,33008.00,231056.00
2023,Haval,Jolion,Toshkent viloyati,Benzin (Turbo),14,23315.00,326410.00
2023,Haval,M6,Toshkent viloyati,Benzin,17,19171.00,325907.00
2023,Haval,H6,Toshkent viloyati,Benzin (Turbo),7,29318.00,205226.00
2023,Kia,Sonet,Toshkent viloyati,Benzin,17,18198.00,309366.00
2023,Kia,K5,Toshkent viloyati,Benzin,8,33447.00,267576.00
2023,Kia,Sportage,Toshkent viloyati,Benzin,6,34866.00,209196.00
2023,Zeekr,001,Toshkent viloyati,Elektromobil (EV),4,48393.00,193572.00
2023,Geely,Monjaro,Toshkent viloyati,Benzin (Turbo),6,35869.00,215214.00
2023,Jetour,Dashing,Toshkent viloyati,Benzin (Turbo),6,26649.00,159894.00
2023,Li Auto,L7/L9,Toshkent viloyati,Gibrid (EREV),3,57496.00,172488.00
2023,Chevrolet,Cobalt,Samarqand,Benzin,234,11752.00,2749968.00
2023,Chevrolet,Damas,Samarqand,Benzin,157,8790.00,1380030.00
2023,Chevrolet,Labo,Samarqand,Benzin,79,8222.00,649538.00
2023,Chevrolet,Lacetti/Gentra,Samarqand,Benzin,210,13439.00,2822190.00
2023,Chevrolet,Tracker-2,Samarqand,Benzin (Turbo),62,18915.00,1172730.00
2023,Chevrolet,Onix,Samarqand,Benzin (Turbo),49,15606.00,764694.00
2023,Chevrolet,Malibu-2,Samarqand,Benzin (Turbo),7,35068.00,245476.00
2023,BYD,Song Plus DM-i,Samarqand,Gibrid (PHEV),57,27598.00,1573086.00
2023,BYD,Chazor (Destroyer 05),Samarqand,Gibrid (PHEV),56,21330.00,1194480.00
2023,BYD,Song Plus EV,Samarqand,Elektromobil (EV),8,30681.00,245448.00
2023,BYD,Han,Samarqand,Elektromobil (EV),5,44350.00,221750.00
2023,Chery,Tiggo 7 Pro,Samarqand,Benzin (Turbo),13,26324.00,342212.00
2023,Chery,Arrizo 6 Pro,Samarqand,Benzin (Turbo),11,20728.00,228008.00
2023,Chery,Tiggo 8 Pro,Samarqand,Benzin (Turbo),7,33087.00,231609.00
2023,Haval,Jolion,Samarqand,Benzin (Turbo),12,23343.00,280116.00
2023,Haval,M6,Samarqand,Benzin,15,19388.00,290820.00
2023,Haval,H6,Samarqand,Benzin (Turbo),6,29167.00,175002.00
2023,Kia,Sonet,Samarqand,Benzin,17,18013.00,306221.00
2023,Kia,K5,Samarqand,Benzin,9,33445.00,301005.00
2023,Kia,Sportage,Samarqand,Benzin,5,35142.00,175710.00
2023,Zeekr,001,Samarqand,Elektromobil (EV),3,48335.00,145005.00
2023,Geely,Monjaro,Samarqand,Benzin (Turbo),5,36126.00,180630.00
2023,Jetour,Dashing,Samarqand,Benzin (Turbo),7,26731.00,187117.00
2023,Li Auto,L7/L9,Samarqand,Gibrid (EREV),2,57514.00,115028.00
2023,Chevrolet,Cobalt,Farg‘ona,Benzin,174,11971.00,2082954.00
2023,Chevrolet,Damas,Farg‘ona,Benzin,309,8584.00,2652456.00
2023,Chevrolet,Labo,Farg‘ona,Benzin,164,8076.00,1324464.00
2023,Chevrolet,Lacetti/Gentra,Farg‘ona,Benzin,136,13330.00,1812880.00
2023,Chevrolet,Tracker-2,Farg‘ona,Benzin (Turbo),47,18827.00,884869.00
2023,Chevrolet,Onix,Farg‘ona,Benzin (Turbo),52,15400.00,800800.00
2023,Chevrolet,Malibu-2,Farg‘ona,Benzin (Turbo),7,35013.00,245091.00
2023,BYD,Song Plus DM-i,Farg‘ona,Gibrid (PHEV),51,27802.00,1417902.00
2023,BYD,Chazor (Destroyer 05),Farg‘ona,Gibrid (PHEV),35,20983.00,734405.00
2023,BYD,Song Plus EV,Farg‘ona,Elektromobil (EV),1,30859.00,30859.00
2023,BYD,Han,Farg‘ona,Elektromobil (EV),1,43954.00,43954.00
2023,Chery,Tiggo 7 Pro,Farg‘ona,Benzin (Turbo),13,26136.00,339768.00
2023,Chery,Arrizo 6 Pro,Farg‘ona,Benzin (Turbo),10,20572.00,205720.00
2023,Chery,Tiggo 8 Pro,Farg‘ona,Benzin (Turbo),5,33049.00,165245.00
2023,Haval,Jolion,Farg‘ona,Benzin (Turbo),12,23119.00,277428.00
2023,Haval,M6,Farg‘ona,Benzin,13,19538.00,253994.00
2023,Haval,H6,Farg‘ona,Benzin (Turbo),5,29512.00,147560.00
2023,Kia,Sonet,Farg‘ona,Benzin,15,18012.00,270180.00
2023,Kia,K5,Farg‘ona,Benzin,6,33458.00,200748.00
2023,Kia,Sportage,Farg‘ona,Benzin,4,34930.00,139720.00
2023,Zeekr,001,Farg‘ona,Elektromobil (EV),2,48601.00,97202.00
2023,Geely,Monjaro,Farg‘ona,Benzin (Turbo),4,36064.00,144256.00
2023,Jetour,Dashing,Farg‘ona,Benzin (Turbo),5,26606.00,133030.00
2023,Li Auto,L7/L9,Farg‘ona,Gibrid (EREV),1,57597.00,57597.00
2023,Chevrolet,Cobalt,Andijon,Benzin,140,11965.00,1675100.00
2023,Chevrolet,Damas,Andijon,Benzin,221,8787.00,1941927.00
2023,Chevrolet,Labo,Andijon,Benzin,136,8320.00,1131520.00
2023,Chevrolet,Lacetti/Gentra,Andijon,Benzin,101,13403.00,1353703.00
2023,Chevrolet,Tracker-2,Andijon,Benzin (Turbo),41,19243.00,788963.00
2023,Chevrolet,Onix,Andijon,Benzin (Turbo),41,15645.00,641445.00
2023,Chevrolet,Malibu-2,Andijon,Benzin (Turbo),7,34873.00,244111.00
2023,BYD,Song Plus DM-i,Andijon,Gibrid (PHEV),43,27663.00,1189509.00
2023,BYD,Chazor (Destroyer 05),Andijon,Gibrid (PHEV),33,20777.00,685641.00
2023,BYD,Song Plus EV,Andijon,Elektromobil (EV),4,31011.00,124044.00
2023,BYD,Han,Andijon,Elektromobil (EV),1,43621.00,43621.00
2023,Chery,Tiggo 7 Pro,Andijon,Benzin (Turbo),10,26094.00,260940.00
2023,Chery,Arrizo 6 Pro,Andijon,Benzin (Turbo),8,20663.00,165304.00
2023,Chery,Tiggo 8 Pro,Andijon,Benzin (Turbo),4,32771.00,131084.00
2023,Haval,Jolion,Andijon,Benzin (Turbo),8,23312.00,186496.00
2023,Haval,M6,Andijon,Benzin,11,19411.00,213521.00
2023,Haval,H6,Andijon,Benzin (Turbo),5,29358.00,146790.00
2023,Kia,Sonet,Andijon,Benzin,13,17873.00,232349.00
2023,Kia,K5,Andijon,Benzin,5,33370.00,166850.00
2023,Kia,Sportage,Andijon,Benzin,4,35033.00,140132.00
2023,Zeekr,001,Andijon,Elektromobil (EV),1,48515.00,48515.00
2023,Geely,Monjaro,Andijon,Benzin (Turbo),4,36113.00,144452.00
2023,Jetour,Dashing,Andijon,Benzin (Turbo),4,26718.00,106872.00
2023,Li Auto,L7/L9,Andijon,Gibrid (EREV),2,57600.00,115200.00
2023,Chevrolet,Cobalt,Namangan,Benzin,112,11806.00,1322272.00
2023,Chevrolet,Damas,Namangan,Benzin,215,8654.00,1860610.00
2023,Chevrolet,Labo,Namangan,Benzin,104,8095.00,841880.00
2023,Chevrolet,Lacetti/Gentra,Namangan,Benzin,90,13368.00,1203120.00
2023,Chevrolet,Tracker-2,Namangan,Benzin (Turbo),35,18917.00,662095.00
2023,Chevrolet,Onix,Namangan,Benzin (Turbo),36,15374.00,553464.00
2023,Chevrolet,Malibu-2,Namangan,Benzin (Turbo),5,34832.00,174160.00
2023,BYD,Song Plus DM-i,Namangan,Gibrid (PHEV),35,27200.00,952000.00
2023,BYD,Chazor (Destroyer 05),Namangan,Gibrid (PHEV),28,21205.00,593740.00
2023,BYD,Song Plus EV,Namangan,Elektromobil (EV),2,31312.00,62624.00
2023,BYD,Han,Namangan,Elektromobil (EV),1,44251.00,44251.00
2023,Chery,Tiggo 7 Pro,Namangan,Benzin (Turbo),10,26357.00,263570.00
2023,Chery,Arrizo 6 Pro,Namangan,Benzin (Turbo),8,20703.00,165624.00
2023,Chery,Tiggo 8 Pro,Namangan,Benzin (Turbo),3,33118.00,99354.00
2023,Haval,Jolion,Namangan,Benzin (Turbo),6,23277.00,139662.00
2023,Haval,M6,Namangan,Benzin,9,19309.00,173781.00
2023,Haval,H6,Namangan,Benzin (Turbo),6,29515.00,177090.00
2023,Kia,Sonet,Namangan,Benzin,11,18204.00,200244.00
2023,Kia,K5,Namangan,Benzin,4,33503.00,134012.00
2023,Kia,Sportage,Namangan,Benzin,4,35216.00,140864.00
2023,Zeekr,001,Namangan,Elektromobil (EV),2,48346.00,96692.00
2023,Geely,Monjaro,Namangan,Benzin (Turbo),3,36178.00,108534.00
2023,Jetour,Dashing,Namangan,Benzin (Turbo),4,26679.00,106716.00
2023,Li Auto,L7/L9,Namangan,Gibrid (EREV),1,57588.00,57588.00
2023,Chevrolet,Cobalt,Buxoro,Benzin,147,11936.00,1754592.00
2023,Chevrolet,Damas,Buxoro,Benzin,88,8828.00,776864.00
2023,Chevrolet,Labo,Buxoro,Benzin,48,8349.00,400752.00
2023,Chevrolet,Lacetti/Gentra,Buxoro,Benzin,108,13254.00,1431432.00
2023,Chevrolet,Tracker-2,Buxoro,Benzin (Turbo),28,18926.00,529928.00
2023,Chevrolet,Onix,Buxoro,Benzin (Turbo),34,15724.00,534616.00
2023,Chevrolet,Malibu-2,Buxoro,Benzin (Turbo),2,34872.00,69744.00
2023,BYD,Song Plus DM-i,Buxoro,Gibrid (PHEV),43,27685.00,1190455.00
2023,BYD,Chazor (Destroyer 05),Buxoro,Gibrid (PHEV),30,20986.00,629580.00
2023,BYD,Song Plus EV,Buxoro,Elektromobil (EV),3,30710.00,92130.00
2023,BYD,Han,Buxoro,Elektromobil (EV),2,44135.00,88270.00
2023,Chery,Tiggo 7 Pro,Buxoro,Benzin (Turbo),8,26093.00,208744.00
2023,Chery,Arrizo 6 Pro,Buxoro,Benzin (Turbo),7,20587.00,144109.00
2023,Chery,Tiggo 8 Pro,Buxoro,Benzin (Turbo),3,33105.00,99315.00
2023,Haval,Jolion,Buxoro,Benzin (Turbo),6,23130.00,138780.00
2023,Haval,M6,Buxoro,Benzin,9,19435.00,174915.00
2023,Haval,H6,Buxoro,Benzin (Turbo),4,29340.00,117360.00
2023,Kia,Sonet,Buxoro,Benzin,11,18107.00,199177.00
2023,Kia,K5,Buxoro,Benzin,3,33449.00,100347.00
2023,Kia,Sportage,Buxoro,Benzin,3,35041.00,105123.00
2023,Zeekr,001,Buxoro,Elektromobil (EV),1,48600.00,48600.00
2023,Geely,Monjaro,Buxoro,Benzin (Turbo),2,36073.00,72146.00
2023,Jetour,Dashing,Buxoro,Benzin (Turbo),4,26586.00,106344.00
2023,Li Auto,L7/L9,Buxoro,Gibrid (EREV),1,57723.00,57723.00
2023,Chevrolet,Cobalt,Qashqadaryo,Benzin,96,11852.00,1137792.00
2023,Chevrolet,Damas,Qashqadaryo,Benzin,86,8597.00,739342.00
2023,Chevrolet,Labo,Qashqadaryo,Benzin,41,8267.00,338947.00
2023,Chevrolet,Lacetti/Gentra,Qashqadaryo,Benzin,82,13300.00,1090600.00
2023,Chevrolet,Tracker-2,Qashqadaryo,Benzin (Turbo),25,18924.00,473100.00
2023,Chevrolet,Onix,Qashqadaryo,Benzin (Turbo),31,15703.00,486793.00
2023,Chevrolet,Malibu-2,Qashqadaryo,Benzin (Turbo),1,34951.00,34951.00
2023,BYD,Song Plus DM-i,Qashqadaryo,Gibrid (PHEV),25,27715.00,692875.00
2023,BYD,Chazor (Destroyer 05),Qashqadaryo,Gibrid (PHEV),19,20678.00,392882.00
2023,BYD,Song Plus EV,Qashqadaryo,Elektromobil (EV),2,30723.00,61446.00
2023,BYD,Han,Qashqadaryo,Elektromobil (EV),1,44201.00,44201.00
2023,Chery,Tiggo 7 Pro,Qashqadaryo,Benzin (Turbo),7,26168.00,183176.00
2023,Chery,Arrizo 6 Pro,Qashqadaryo,Benzin (Turbo),6,20542.00,123252.00
2023,Chery,Tiggo 8 Pro,Qashqadaryo,Benzin (Turbo),3,33047.00,99141.00
2023,Haval,Jolion,Qashqadaryo,Benzin (Turbo),6,23033.00,138198.00
2023,Haval,M6,Qashqadaryo,Benzin,6,19253.00,115518.00
2023,Haval,H6,Qashqadaryo,Benzin (Turbo),3,29180.00,87540.00
2023,Kia,Sonet,Qashqadaryo,Benzin,7,17849.00,124943.00
2023,Kia,K5,Qashqadaryo,Benzin,3,33541.00,100623.00
2023,Kia,Sportage,Qashqadaryo,Benzin,4,35000.00,140000.00
2023,Zeekr,001,Qashqadaryo,Elektromobil (EV),3,48560.00,145680.00
2023,Geely,Monjaro,Qashqadaryo,Benzin (Turbo),2,36170.00,72340.00
2023,Jetour,Dashing,Qashqadaryo,Benzin (Turbo),3,26795.00,80385.00
2023,Li Auto,L7/L9,Qashqadaryo,Gibrid (EREV),1,57667.00,57667.00
2023,Chevrolet,Cobalt,Xorazm,Benzin,67,11818.00,791806.00
2023,Chevrolet,Damas,Xorazm,Benzin,132,8796.00,1161072.00
2023,Chevrolet,Labo,Xorazm,Benzin,72,8123.00,584856.00
2023,Chevrolet,Lacetti/Gentra,Xorazm,Benzin,58,13497.00,782826.00
2023,Chevrolet,Tracker-2,Xorazm,Benzin (Turbo),17,18714.00,318138.00
2023,Chevrolet,Onix,Xorazm,Benzin (Turbo),20,15772.00,315440.00
2023,Chevrolet,Malibu-2,Xorazm,Benzin (Turbo),3,35029.00,105087.00
2023,BYD,Song Plus DM-i,Xorazm,Gibrid (PHEV),22,27689.00,609158.00
2023,BYD,Chazor (Destroyer 05),Xorazm,Gibrid (PHEV),13,21333.00,277329.00
2023,BYD,Song Plus EV,Xorazm,Elektromobil (EV),2,30602.00,61204.00
2023,BYD,Han,Xorazm,Elektromobil (EV),1,44027.00,44027.00
2023,Chery,Tiggo 7 Pro,Xorazm,Benzin (Turbo),4,26299.00,105196.00
2023,Chery,Arrizo 6 Pro,Xorazm,Benzin (Turbo),3,20730.00,62190.00
2023,Chery,Tiggo 8 Pro,Xorazm,Benzin (Turbo),2,33092.00,66184.00
2023,Haval,Jolion,Xorazm,Benzin (Turbo),2,23044.00,46088.00
2023,Haval,M6,Xorazm,Benzin,6,19332.00,115992.00
2023,Haval,H6,Xorazm,Benzin (Turbo),2,29293.00,58586.00
2023,Kia,Sonet,Xorazm,Benzin,6,18181.00,109086.00
2023,Kia,K5,Xorazm,Benzin,4,33585.00,134340.00
2023,Kia,Sportage,Xorazm,Benzin,1,35177.00,35177.00
2023,Zeekr,001,Xorazm,Elektromobil (EV),1,48469.00,48469.00
2023,Geely,Monjaro,Xorazm,Benzin (Turbo),2,35957.00,71914.00
2023,Jetour,Dashing,Xorazm,Benzin (Turbo),3,26826.00,80478.00
2023,Li Auto,L7/L9,Xorazm,Gibrid (EREV),1,57487.00,57487.00
2023,Chevrolet,Cobalt,Surxondaryo,Benzin,71,11996.00,851716.00
2023,Chevrolet,Damas,Surxondaryo,Benzin,54,8648.00,466992.00
2023,Chevrolet,Labo,Surxondaryo,Benzin,35,8226.00,287910.00
2023,Chevrolet,Lacetti/Gentra,Surxondaryo,Benzin,62,13273.00,822926.00
2023,Chevrolet,Tracker-2,Surxondaryo,Benzin (Turbo),22,18785.00,413270.00
2023,Chevrolet,Onix,Surxondaryo,Benzin (Turbo),22,15243.00,335346.00
2023,Chevrolet,Malibu-2,Surxondaryo,Benzin (Turbo),3,35074.00,105222.00
2023,BYD,Song Plus DM-i,Surxondaryo,Gibrid (PHEV),21,27270.00,572670.00
2023,BYD,Chazor (Destroyer 05),Surxondaryo,Gibrid (PHEV),16,21202.00,339232.00
2023,BYD,Song Plus EV,Surxondaryo,Elektromobil (EV),1,31389.00,31389.00
2023,BYD,Han,Surxondaryo,Elektromobil (EV),1,44050.00,44050.00
2023,Chery,Tiggo 7 Pro,Surxondaryo,Benzin (Turbo),5,26428.00,132140.00
2023,Chery,Arrizo 6 Pro,Surxondaryo,Benzin (Turbo),4,20664.00,82656.00
2023,Chery,Tiggo 8 Pro,Surxondaryo,Benzin (Turbo),2,33007.00,66014.00
2023,Haval,Jolion,Surxondaryo,Benzin (Turbo),8,23301.00,186408.00
2023,Haval,M6,Surxondaryo,Benzin,4,19404.00,77616.00
2023,Haval,H6,Surxondaryo,Benzin (Turbo),2,29248.00,58496.00
2023,Kia,Sonet,Surxondaryo,Benzin,6,17987.00,107922.00
2023,Kia,K5,Surxondaryo,Benzin,2,33620.00,67240.00
2023,Kia,Sportage,Surxondaryo,Benzin,1,35025.00,35025.00
2023,Zeekr,001,Surxondaryo,Elektromobil (EV),3,48291.00,144873.00
2023,Geely,Monjaro,Surxondaryo,Benzin (Turbo),1,36173.00,36173.00
2023,Jetour,Dashing,Surxondaryo,Benzin (Turbo),1,26772.00,26772.00
2023,Li Auto,L7/L9,Surxondaryo,Gibrid (EREV),2,57757.00,115514.00
2023,Chevrolet,Cobalt,Navoiy,Benzin,52,11865.00,616980.00
2023,Chevrolet,Damas,Navoiy,Benzin,47,8622.00,405234.00
2023,Chevrolet,Labo,Navoiy,Benzin,21,8188.00,171948.00
2023,Chevrolet,Lacetti/Gentra,Navoiy,Benzin,49,13288.00,651112.00
2023,Chevrolet,Tracker-2,Navoiy,Benzin (Turbo),15,18808.00,282120.00
2023,Chevrolet,Onix,Navoiy,Benzin (Turbo),15,15398.00,230970.00
2023,Chevrolet,Malibu-2,Navoiy,Benzin (Turbo),2,34951.00,69902.00
2023,BYD,Song Plus DM-i,Navoiy,Gibrid (PHEV),17,27890.00,474130.00
2023,BYD,Chazor (Destroyer 05),Navoiy,Gibrid (PHEV),11,21227.00,233497.00
2023,BYD,Song Plus EV,Navoiy,Elektromobil (EV),1,30708.00,30708.00
2023,BYD,Han,Navoiy,Elektromobil (EV),1,43746.00,43746.00
2023,Chery,Tiggo 7 Pro,Navoiy,Benzin (Turbo),4,26176.00,104704.00
2023,Chery,Arrizo 6 Pro,Navoiy,Benzin (Turbo),3,20723.00,62169.00
2023,Chery,Tiggo 8 Pro,Navoiy,Benzin (Turbo),2,33137.00,66274.00
2023,Haval,Jolion,Navoiy,Benzin (Turbo),3,23169.00,69507.00
2023,Haval,M6,Navoiy,Benzin,4,19530.00,78120.00
2023,Haval,H6,Navoiy,Benzin (Turbo),2,29343.00,58686.00
2023,Kia,Sonet,Navoiy,Benzin,5,17988.00,89940.00
2023,Kia,K5,Navoiy,Benzin,3,33278.00,99834.00
2023,Kia,Sportage,Navoiy,Benzin,2,35142.00,70284.00
2023,Zeekr,001,Navoiy,Elektromobil (EV),1,48390.00,48390.00
2023,Geely,Monjaro,Navoiy,Benzin (Turbo),2,36097.00,72194.00
2023,Jetour,Dashing,Navoiy,Benzin (Turbo),2,26930.00,53860.00
2023,Li Auto,L7/L9,Navoiy,Gibrid (EREV),1,57733.00,57733.00
2023,Chevrolet,Cobalt,Jizzax,Benzin,40,11893.00,475720.00
2023,Chevrolet,Damas,Jizzax,Benzin,35,8742.00,305970.00
2023,Chevrolet,Labo,Jizzax,Benzin,15,8177.00,122655.00
2023,Chevrolet,Lacetti/Gentra,Jizzax,Benzin,28,13357.00,373996.00
2023,Chevrolet,Tracker-2,Jizzax,Benzin (Turbo),9,19016.00,171144.00
2023,Chevrolet,Onix,Jizzax,Benzin (Turbo),9,15411.00,138699.00
2023,Chevrolet,Malibu-2,Jizzax,Benzin (Turbo),2,35058.00,70116.00
2023,BYD,Song Plus DM-i,Jizzax,Gibrid (PHEV),9,27268.00,245412.00
2023,BYD,Chazor (Destroyer 05),Jizzax,Gibrid (PHEV),7,20905.00,146335.00
2023,BYD,Song Plus EV,Jizzax,Elektromobil (EV),2,31141.00,62282.00
2023,BYD,Han,Jizzax,Elektromobil (EV),1,44010.00,44010.00
2023,Chery,Tiggo 7 Pro,Jizzax,Benzin (Turbo),2,26270.00,52540.00
2023,Chery,Arrizo 6 Pro,Jizzax,Benzin (Turbo),2,20446.00,40892.00
2023,Chery,Tiggo 8 Pro,Jizzax,Benzin (Turbo),1,33133.00,33133.00
2023,Haval,Jolion,Jizzax,Benzin (Turbo),1,22996.00,22996.00
2023,Haval,M6,Jizzax,Benzin,2,19376.00,38752.00
2023,Haval,H6,Jizzax,Benzin (Turbo),1,29426.00,29426.00
2023,Kia,Sonet,Jizzax,Benzin,3,17883.00,53649.00
2023,Kia,K5,Jizzax,Benzin,2,33306.00,66612.00
2023,Kia,Sportage,Jizzax,Benzin,1,34981.00,34981.00
2023,Zeekr,001,Jizzax,Elektromobil (EV),1,48348.00,48348.00
2023,Geely,Monjaro,Jizzax,Benzin (Turbo),2,35859.00,71718.00
2023,Jetour,Dashing,Jizzax,Benzin (Turbo),1,26627.00,26627.00
2023,Li Auto,L7/L9,Jizzax,Gibrid (EREV),1,57590.00,57590.00
2023,Chevrolet,Cobalt,Sirdaryo,Benzin,29,11746.00,340634.00
2023,Chevrolet,Damas,Sirdaryo,Benzin,23,8795.00,202285.00
2023,Chevrolet,Labo,Sirdaryo,Benzin,13,8331.00,108303.00
2023,Chevrolet,Lacetti/Gentra,Sirdaryo,Benzin,26,13270.00,345020.00
2023,Chevrolet,Tracker-2,Sirdaryo,Benzin (Turbo),8,18897.00,151176.00
2023,Chevrolet,Onix,Sirdaryo,Benzin (Turbo),9,15200.00,136800.00
2023,Chevrolet,Malibu-2,Sirdaryo,Benzin (Turbo),1,35070.00,35070.00
2023,BYD,Song Plus DM-i,Sirdaryo,Gibrid (PHEV),9,27780.00,250020.00
2023,BYD,Chazor (Destroyer 05),Sirdaryo,Gibrid (PHEV),5,20861.00,104305.00
2023,BYD,Song Plus EV,Sirdaryo,Elektromobil (EV),1,30939.00,30939.00
2023,BYD,Han,Sirdaryo,Elektromobil (EV),1,43774.00,43774.00
2023,Chery,Tiggo 7 Pro,Sirdaryo,Benzin (Turbo),3,26173.00,78519.00
2023,Chery,Arrizo 6 Pro,Sirdaryo,Benzin (Turbo),1,20670.00,20670.00
2023,Chery,Tiggo 8 Pro,Sirdaryo,Benzin (Turbo),1,32859.00,32859.00
2023,Haval,Jolion,Sirdaryo,Benzin (Turbo),2,23343.00,46686.00
2023,Haval,M6,Sirdaryo,Benzin,2,19502.00,39004.00
2023,Haval,H6,Sirdaryo,Benzin (Turbo),1,29232.00,29232.00
2023,Kia,Sonet,Sirdaryo,Benzin,2,18138.00,36276.00
2023,Kia,K5,Sirdaryo,Benzin,2,33521.00,67042.00
2023,Kia,Sportage,Sirdaryo,Benzin,1,35207.00,35207.00
2023,Zeekr,001,Sirdaryo,Elektromobil (EV),1,48599.00,48599.00
2023,Geely,Monjaro,Sirdaryo,Benzin (Turbo),3,36226.00,108678.00
2023,Jetour,Dashing,Sirdaryo,Benzin (Turbo),3,26772.00,80316.00
2023,Li Auto,L7/L9,Sirdaryo,Gibrid (EREV),2,57762.00,115524.00
2023,Chevrolet,Cobalt,Qoraqalpog‘iston Res.,Benzin,24,11884.00,285216.00
2023,Chevrolet,Damas,Qoraqalpog‘iston Res.,Benzin,22,8874.00,195228.00
2023,Chevrolet,Labo,Qoraqalpog‘iston Res.,Benzin,12,8128.00,97536.00
2023,Chevrolet,Lacetti/Gentra,Qoraqalpog‘iston Res.,Benzin,20,13337.00,266740.00
2023,Chevrolet,Tracker-2,Qoraqalpog‘iston Res.,Benzin (Turbo),8,19213.00,153704.00
2023,Chevrolet,Onix,Qoraqalpog‘iston Res.,Benzin (Turbo),9,15575.00,140175.00
2023,Chevrolet,Malibu-2,Qoraqalpog‘iston Res.,Benzin (Turbo),1,35147.00,35147.00
2023,BYD,Song Plus DM-i,Qoraqalpog‘iston Res.,Gibrid (PHEV),9,27618.00,248562.00
2023,BYD,Chazor (Destroyer 05),Qoraqalpog‘iston Res.,Gibrid (PHEV),6,21225.00,127350.00
2023,BYD,Song Plus EV,Qoraqalpog‘iston Res.,Elektromobil (EV),1,31383.00,31383.00
2023,BYD,Han,Qoraqalpog‘iston Res.,Elektromobil (EV),1,44099.00,44099.00
2023,Chery,Tiggo 7 Pro,Qoraqalpog‘iston Res.,Benzin (Turbo),2,26392.00,52784.00
2023,Chery,Arrizo 6 Pro,Qoraqalpog‘iston Res.,Benzin (Turbo),1,20525.00,20525.00
2023,Chery,Tiggo 8 Pro,Qoraqalpog‘iston Res.,Benzin (Turbo),1,32812.00,32812.00
2023,Haval,Jolion,Qoraqalpog‘iston Res.,Benzin (Turbo),1,23364.00,23364.00
2023,Haval,M6,Qoraqalpog‘iston Res.,Benzin,1,19260.00,19260.00
2023,Haval,H6,Qoraqalpog‘iston Res.,Benzin (Turbo),2,29223.00,58446.00
2023,Kia,Sonet,Qoraqalpog‘iston Res.,Benzin,2,17942.00,35884.00
2023,Kia,K5,Qoraqalpog‘iston Res.,Benzin,1,33324.00,33324.00
2023,Kia,Sportage,Qoraqalpog‘iston Res.,Benzin,1,35187.00,35187.00
2023,Zeekr,001,Qoraqalpog‘iston Res.,Elektromobil (EV),1,48588.00,48588.00
2023,Geely,Monjaro,Qoraqalpog‘iston Res.,Benzin (Turbo),1,35896.00,35896.00
2023,Jetour,Dashing,Qoraqalpog‘iston Res.,Benzin (Turbo),1,26663.00,26663.00
2023,Li Auto,L7/L9,Qoraqalpog‘iston Res.,Gibrid (EREV),1,57661.00,57661.00
2023,Chevrolet,Cobalt,Toshkent shahri,Benzin,481,11859.00,5704179.00
2023,Chevrolet,Damas,Toshkent shahri,Benzin,86,8682.00,746652.00
2023,Chevrolet,Labo,Toshkent shahri,Benzin,43,8068.00,346924.00
2023,Chevrolet,Lacetti/Gentra,Toshkent shahri,Benzin,408,13469.00,5495352.00
2023,Chevrolet,Tracker-2,Toshkent shahri,Benzin (Turbo),132,19268.00,2543376.00
2023,Chevrolet,Onix,Toshkent shahri,Benzin (Turbo),133,15591.00,2073603.00
2023,Chevrolet,Malibu-2,Toshkent shahri,Benzin (Turbo),43,34836.00,1497948.00
2023,BYD,Song Plus DM-i,Toshkent shahri,Gibrid (PHEV),347,27421.00,9515087.00
2023,BYD,Chazor (Destroyer 05),Toshkent shahri,Gibrid (PHEV),301,21073.00,6342973.00
2023,BYD,Song Plus EV,Toshkent shahri,Elektromobil (EV),51,31067.00,1584417.00
2023,BYD,Han,Toshkent shahri,Elektromobil (EV),20,43803.00,876060.00
2023,Chery,Tiggo 7 Pro,Toshkent shahri,Benzin (Turbo),38,26135.00,993130.00
2023,Chery,Arrizo 6 Pro,Toshkent shahri,Benzin (Turbo),31,20744.00,643064.00
2023,Chery,Tiggo 8 Pro,Toshkent shahri,Benzin (Turbo),15,33050.00,495750.00
2023,Haval,Jolion,Toshkent shahri,Benzin (Turbo),33,23048.00,760584.00
2023,Haval,M6,Toshkent shahri,Benzin,36,19329.00,695844.00
2023,Haval,H6,Toshkent shahri,Benzin (Turbo),19,29449.00,559531.00
2023,Kia,Sonet,Toshkent shahri,Benzin,46,18043.00,829978.00
2023,Kia,K5,Toshkent shahri,Benzin,19,33382.00,634258.00
2023,Kia,Sportage,Toshkent shahri,Benzin,14,34903.00,488642.00
2023,Zeekr,001,Toshkent shahri,Elektromobil (EV),30,48518.00,1455540.00
2023,Geely,Monjaro,Toshkent shahri,Benzin (Turbo),14,36139.00,505946.00
2023,Jetour,Dashing,Toshkent shahri,Benzin (Turbo),16,26862.00,429792.00
2023,Li Auto,L7/L9,Toshkent shahri,Gibrid (EREV),26,57745.00,1501370.00
2023,Chevrolet,Cobalt,Toshkent viloyati,Benzin,228,11970.00,2729160.00
2023,Chevrolet,Damas,Toshkent viloyati,Benzin,157,8787.00,1379559.00
2023,Chevrolet,Labo,Toshkent viloyati,Benzin,76,8297.00,630572.00
2023,Chevrolet,Lacetti/Gentra,Toshkent viloyati,Benzin,159,13254.00,2107386.00
2023,Chevrolet,Tracker-2,Toshkent viloyati,Benzin (Turbo),53,18778.00,995234.00
2023,Chevrolet,Onix,Toshkent viloyati,Benzin (Turbo),55,15514.00,853270.00
2023,Chevrolet,Malibu-2,Toshkent viloyati,Benzin (Turbo),9,35198.00,316782.00
2023,BYD,Song Plus DM-i,Toshkent viloyati,Gibrid (PHEV),62,27347.00,1695514.00
2023,BYD,Chazor (Destroyer 05),Toshkent viloyati,Gibrid (PHEV),49,20624.00,1010576.00
2023,BYD,Song Plus EV,Toshkent viloyati,Elektromobil (EV),9,30883.00,277947.00
2023,BYD,Han,Toshkent viloyati,Elektromobil (EV),2,43606.00,87212.00
2023,Chery,Tiggo 7 Pro,Toshkent viloyati,Benzin (Turbo),18,26369.00,474642.00
2023,Chery,Arrizo 6 Pro,Toshkent viloyati,Benzin (Turbo),13,20537.00,266981.00
2023,Chery,Tiggo 8 Pro,Toshkent viloyati,Benzin (Turbo),6,32832.00,196992.00
2023,Haval,Jolion,Toshkent viloyati,Benzin (Turbo),13,23262.00,302406.00
2023,Haval,M6,Toshkent viloyati,Benzin,15,19425.00,291375.00
2023,Haval,H6,Toshkent viloyati,Benzin (Turbo),7,29398.00,205786.00
2023,Kia,Sonet,Toshkent viloyati,Benzin,17,18165.00,308805.00
2023,Kia,K5,Toshkent viloyati,Benzin,7,33545.00,234815.00
2023,Kia,Sportage,Toshkent viloyati,Benzin,6,34951.00,209706.00
2023,Zeekr,001,Toshkent viloyati,Elektromobil (EV),6,48457.00,290742.00
2023,Geely,Monjaro,Toshkent viloyati,Benzin (Turbo),5,36197.00,180985.00
2023,Jetour,Dashing,Toshkent viloyati,Benzin (Turbo),8,26749.00,213992.00
2023,Li Auto,L7/L9,Toshkent viloyati,Gibrid (EREV),5,57691.00,288455.00
2023,Chevrolet,Cobalt,Samarqand,Benzin,244,11889.00,2900916.00
2023,Chevrolet,Damas,Samarqand,Benzin,136,8705.00,1183880.00
2023,Chevrolet,Labo,Samarqand,Benzin,79,8405.00,663995.00
2023,Chevrolet,Lacetti/Gentra,Samarqand,Benzin,182,13258.00,2412956.00
2023,Chevrolet,Tracker-2,Samarqand,Benzin (Turbo),45,19013.00,855585.00
2023,Chevrolet,Onix,Samarqand,Benzin (Turbo),46,15360.00,706560.00
2023,Chevrolet,Malibu-2,Samarqand,Benzin (Turbo),7,35123.00,245861.00
2023,BYD,Song Plus DM-i,Samarqand,Gibrid (PHEV),72,27602.00,1987344.00
2023,BYD,Chazor (Destroyer 05),Samarqand,Gibrid (PHEV),53,20874.00,1106322.00
2023,BYD,Song Plus EV,Samarqand,Elektromobil (EV),8,30763.00,246104.00
2023,BYD,Han,Samarqand,Elektromobil (EV),3,44285.00,132855.00
2023,Chery,Tiggo 7 Pro,Samarqand,Benzin (Turbo),15,26451.00,396765.00
2023,Chery,Arrizo 6 Pro,Samarqand,Benzin (Turbo),13,20775.00,270075.00
2023,Chery,Tiggo 8 Pro,Samarqand,Benzin (Turbo),6,32850.00,197100.00
2023,Haval,Jolion,Samarqand,Benzin (Turbo),12,23183.00,278196.00
2023,Haval,M6,Samarqand,Benzin,14,19236.00,269304.00
2023,Haval,H6,Samarqand,Benzin (Turbo),7,29449.00,206143.00
2023,Kia,Sonet,Samarqand,Benzin,15,18193.00,272895.00
2023,Kia,K5,Samarqand,Benzin,6,33332.00,199992.00
2023,Kia,Sportage,Samarqand,Benzin,6,35182.00,211092.00
2023,Zeekr,001,Samarqand,Elektromobil (EV),5,48377.00,241885.00
2023,Geely,Monjaro,Samarqand,Benzin (Turbo),5,35963.00,179815.00
2023,Jetour,Dashing,Samarqand,Benzin (Turbo),7,26671.00,186697.00
2023,Li Auto,L7/L9,Samarqand,Gibrid (EREV),3,57497.00,172491.00
2023,Chevrolet,Cobalt,Farg‘ona,Benzin,154,11783.00,1814582.00
2023,Chevrolet,Damas,Farg‘ona,Benzin,317,8740.00,2770580.00
2023,Chevrolet,Labo,Farg‘ona,Benzin,149,8349.00,1244001.00
2023,Chevrolet,Lacetti/Gentra,Farg‘ona,Benzin,128,13277.00,1699456.00
2023,Chevrolet,Tracker-2,Farg‘ona,Benzin (Turbo),42,18820.00,790440.00
2023,Chevrolet,Onix,Farg‘ona,Benzin (Turbo),55,15584.00,857120.00
2023,Chevrolet,Malibu-2,Farg‘ona,Benzin (Turbo),8,35167.00,281336.00
2023,BYD,Song Plus DM-i,Farg‘ona,Gibrid (PHEV),49,27120.00,1328880.00
2023,BYD,Chazor (Destroyer 05),Farg‘ona,Gibrid (PHEV),38,20902.00,794276.00
2023,BYD,Song Plus EV,Farg‘ona,Elektromobil (EV),3,31195.00,93585.00
2023,BYD,Han,Farg‘ona,Elektromobil (EV),2,43728.00,87456.00
2023,Chery,Tiggo 7 Pro,Farg‘ona,Benzin (Turbo),13,26260.00,341380.00
2023,Chery,Arrizo 6 Pro,Farg‘ona,Benzin (Turbo),10,20633.00,206330.00
2023,Chery,Tiggo 8 Pro,Farg‘ona,Benzin (Turbo),6,32782.00,196692.00
2023,Haval,Jolion,Farg‘ona,Benzin (Turbo),12,23352.00,280224.00
2023,Haval,M6,Farg‘ona,Benzin,11,19215.00,211365.00
2023,Haval,H6,Farg‘ona,Benzin (Turbo),6,29456.00,176736.00
2023,Kia,Sonet,Farg‘ona,Benzin,14,17856.00,249984.00
2023,Kia,K5,Farg‘ona,Benzin,7,33384.00,233688.00
2023,Kia,Sportage,Farg‘ona,Benzin,5,34996.00,174980.00
2023,Zeekr,001,Farg‘ona,Elektromobil (EV),2,48306.00,96612.00
2023,Geely,Monjaro,Farg‘ona,Benzin (Turbo),4,36218.00,144872.00
2023,Jetour,Dashing,Farg‘ona,Benzin (Turbo),5,26688.00,133440.00
2023,Li Auto,L7/L9,Farg‘ona,Gibrid (EREV),1,57514.00,57514.00
2023,Chevrolet,Cobalt,Andijon,Benzin,147,11905.00,1750035.00
2023,Chevrolet,Damas,Andijon,Benzin,218,8641.00,1883738.00
2023,Chevrolet,Labo,Andijon,Benzin,142,8352.00,1185984.00
2023,Chevrolet,Lacetti/Gentra,Andijon,Benzin,115,13572.00,1560780.00
2023,Chevrolet,Tracker-2,Andijon,Benzin (Turbo),36,19298.00,694728.00
2023,Chevrolet,Onix,Andijon,Benzin (Turbo),45,15757.00,709065.00
2023,Chevrolet,Malibu-2,Andijon,Benzin (Turbo),5,34864.00,174320.00
2023,BYD,Song Plus DM-i,Andijon,Gibrid (PHEV),35,27500.00,962500.00
2023,BYD,Chazor (Destroyer 05),Andijon,Gibrid (PHEV),33,21084.00,695772.00
2023,BYD,Song Plus EV,Andijon,Elektromobil (EV),2,31245.00,62490.00
2023,BYD,Han,Andijon,Elektromobil (EV),1,44357.00,44357.00
2023,Chery,Tiggo 7 Pro,Andijon,Benzin (Turbo),12,26353.00,316236.00
2023,Chery,Arrizo 6 Pro,Andijon,Benzin (Turbo),8,20521.00,164168.00
2023,Chery,Tiggo 8 Pro,Andijon,Benzin (Turbo),3,32897.00,98691.00
2023,Haval,Jolion,Andijon,Benzin (Turbo),11,23136.00,254496.00
2023,Haval,M6,Andijon,Benzin,13,19364.00,251732.00
2023,Haval,H6,Andijon,Benzin (Turbo),4,29321.00,117284.00
2023,Kia,Sonet,Andijon,Benzin,11,18071.00,198781.00
2023,Kia,K5,Andijon,Benzin,4,33392.00,133568.00
2023,Kia,Sportage,Andijon,Benzin,3,35218.00,105654.00
2023,Zeekr,001,Andijon,Elektromobil (EV),1,48572.00,48572.00
2023,Geely,Monjaro,Andijon,Benzin (Turbo),5,35986.00,179930.00
2023,Jetour,Dashing,Andijon,Benzin (Turbo),3,26598.00,79794.00
2023,Li Auto,L7/L9,Andijon,Gibrid (EREV),1,57674.00,57674.00
2023,Chevrolet,Cobalt,Namangan,Benzin,136,11998.00,1631728.00
2023,Chevrolet,Damas,Namangan,Benzin,250,8695.00,2173750.00
2023,Chevrolet,Labo,Namangan,Benzin,126,8278.00,1043028.00
2023,Chevrolet,Lacetti/Gentra,Namangan,Benzin,107,13394.00,1433158.00
2023,Chevrolet,Tracker-2,Namangan,Benzin (Turbo),34,19016.00,646544.00
2023,Chevrolet,Onix,Namangan,Benzin (Turbo),44,15494.00,681736.00
2023,Chevrolet,Malibu-2,Namangan,Benzin (Turbo),5,34890.00,174450.00
2023,BYD,Song Plus DM-i,Namangan,Gibrid (PHEV),36,27368.00,985248.00
2023,BYD,Chazor (Destroyer 05),Namangan,Gibrid (PHEV),29,20606.00,597574.00
2023,BYD,Song Plus EV,Namangan,Elektromobil (EV),2,30913.00,61826.00
2023,BYD,Han,Namangan,Elektromobil (EV),1,44352.00,44352.00
2023,Chery,Tiggo 7 Pro,Namangan,Benzin (Turbo),10,26126.00,261260.00
2023,Chery,Arrizo 6 Pro,Namangan,Benzin (Turbo),11,20516.00,225676.00
2023,Chery,Tiggo 8 Pro,Namangan,Benzin (Turbo),3,33041.00,99123.00
2023,Haval,Jolion,Namangan,Benzin (Turbo),9,23295.00,209655.00
2023,Haval,M6,Namangan,Benzin,11,19256.00,211816.00
2023,Haval,H6,Namangan,Benzin (Turbo),5,29518.00,147590.00
2023,Kia,Sonet,Namangan,Benzin,11,17942.00,197362.00
2023,Kia,K5,Namangan,Benzin,4,33613.00,134452.00
2023,Kia,Sportage,Namangan,Benzin,5,34966.00,174830.00
2023,Zeekr,001,Namangan,Elektromobil (EV),1,48239.00,48239.00
2023,Geely,Monjaro,Namangan,Benzin (Turbo),3,35906.00,107718.00
2023,Jetour,Dashing,Namangan,Benzin (Turbo),4,26764.00,107056.00
2023,Li Auto,L7/L9,Namangan,Gibrid (EREV),1,57839.00,57839.00
2023,Chevrolet,Cobalt,Buxoro,Benzin,133,11966.00,1591478.00
2023,Chevrolet,Damas,Buxoro,Benzin,91,8887.00,808717.00
2023,Chevrolet,Labo,Buxoro,Benzin,46,8260.00,379960.00
2023,Chevrolet,Lacetti/Gentra,Buxoro,Benzin,123,13312.00,1637376.00
2023,Chevrolet,Tracker-2,Buxoro,Benzin (Turbo),29,18702.00,542358.00
2023,Chevrolet,Onix,Buxoro,Benzin (Turbo),31,15405.00,477555.00
2023,Chevrolet,Malibu-2,Buxoro,Benzin (Turbo),3,34881.00,104643.00
2023,BYD,Song Plus DM-i,Buxoro,Gibrid (PHEV),42,27743.00,1165206.00
2023,BYD,Chazor (Destroyer 05),Buxoro,Gibrid (PHEV),35,20721.00,725235.00
2023,BYD,Song Plus EV,Buxoro,Elektromobil (EV),4,31078.00,124312.00
2023,BYD,Han,Buxoro,Elektromobil (EV),2,44160.00,88320.00
2023,Chery,Tiggo 7 Pro,Buxoro,Benzin (Turbo),7,26457.00,185199.00
2023,Chery,Arrizo 6 Pro,Buxoro,Benzin (Turbo),7,20535.00,143745.00
2023,Chery,Tiggo 8 Pro,Buxoro,Benzin (Turbo),5,32960.00,164800.00
2023,Haval,Jolion,Buxoro,Benzin (Turbo),9,23292.00,209628.00
2023,Haval,M6,Buxoro,Benzin,8,19458.00,155664.00
2023,Haval,H6,Buxoro,Benzin (Turbo),5,29509.00,147545.00
2023,Kia,Sonet,Buxoro,Benzin,10,18035.00,180350.00
2023,Kia,K5,Buxoro,Benzin,5,33345.00,166725.00
2023,Kia,Sportage,Buxoro,Benzin,3,34911.00,104733.00
2023,Zeekr,001,Buxoro,Elektromobil (EV),2,48609.00,97218.00
2023,Geely,Monjaro,Buxoro,Benzin (Turbo),3,36064.00,108192.00
2023,Jetour,Dashing,Buxoro,Benzin (Turbo),2,26925.00,53850.00
2023,Li Auto,L7/L9,Buxoro,Gibrid (EREV),4,57771.00,231084.00
2023,Chevrolet,Cobalt,Qashqadaryo,Benzin,90,11706.00,1053540.00
2023,Chevrolet,Damas,Qashqadaryo,Benzin,81,8886.00,719766.00
2023,Chevrolet,Labo,Qashqadaryo,Benzin,45,8093.00,364185.00
2023,Chevrolet,Lacetti/Gentra,Qashqadaryo,Benzin,70,13205.00,924350.00
2023,Chevrolet,Tracker-2,Qashqadaryo,Benzin (Turbo),23,18739.00,430997.00
2023,Chevrolet,Onix,Qashqadaryo,Benzin (Turbo),25,15436.00,385900.00
2023,Chevrolet,Malibu-2,Qashqadaryo,Benzin (Turbo),3,35023.00,105069.00
2023,BYD,Song Plus DM-i,Qashqadaryo,Gibrid (PHEV),24,27749.00,665976.00
2023,BYD,Chazor (Destroyer 05),Qashqadaryo,Gibrid (PHEV),17,21192.00,360264.00
2023,BYD,Song Plus EV,Qashqadaryo,Elektromobil (EV),4,31329.00,125316.00
2023,BYD,Han,Qashqadaryo,Elektromobil (EV),1,44390.00,44390.00
2023,Chery,Tiggo 7 Pro,Qashqadaryo,Benzin (Turbo),9,26210.00,235890.00
2023,Chery,Arrizo 6 Pro,Qashqadaryo,Benzin (Turbo),5,20461.00,102305.00
2023,Chery,Tiggo 8 Pro,Qashqadaryo,Benzin (Turbo),3,33053.00,99159.00
2023,Haval,Jolion,Qashqadaryo,Benzin (Turbo),8,23196.00,185568.00
2023,Haval,M6,Qashqadaryo,Benzin,7,19224.00,134568.00
2023,Haval,H6,Qashqadaryo,Benzin (Turbo),2,29310.00,58620.00
2023,Kia,Sonet,Qashqadaryo,Benzin,7,18202.00,127414.00
2023,Kia,K5,Qashqadaryo,Benzin,4,33665.00,134660.00
2023,Kia,Sportage,Qashqadaryo,Benzin,1,35097.00,35097.00
2023,Zeekr,001,Qashqadaryo,Elektromobil (EV),2,48584.00,97168.00
2023,Geely,Monjaro,Qashqadaryo,Benzin (Turbo),4,36175.00,144700.00
2023,Jetour,Dashing,Qashqadaryo,Benzin (Turbo),3,26919.00,80757.00
2023,Li Auto,L7/L9,Qashqadaryo,Gibrid (EREV),2,57683.00,115366.00
2023,Chevrolet,Cobalt,Xorazm,Benzin,69,11809.00,814821.00
2023,Chevrolet,Damas,Xorazm,Benzin,126,8617.00,1085742.00
2023,Chevrolet,Labo,Xorazm,Benzin,67,8135.00,545045.00
2023,Chevrolet,Lacetti/Gentra,Xorazm,Benzin,50,13352.00,667600.00
2023,Chevrolet,Tracker-2,Xorazm,Benzin (Turbo),20,18916.00,378320.00
2023,Chevrolet,Onix,Xorazm,Benzin (Turbo),23,15255.00,350865.00
2023,Chevrolet,Malibu-2,Xorazm,Benzin (Turbo),3,35074.00,105222.00
2023,BYD,Song Plus DM-i,Xorazm,Gibrid (PHEV),19,27554.00,523526.00
2023,BYD,Chazor (Destroyer 05),Xorazm,Gibrid (PHEV),15,20781.00,311715.00
2023,BYD,Song Plus EV,Xorazm,Elektromobil (EV),1,31367.00,31367.00
2023,BYD,Han,Xorazm,Elektromobil (EV),1,44050.00,44050.00
2023,Chery,Tiggo 7 Pro,Xorazm,Benzin (Turbo),7,26429.00,185003.00
2023,Chery,Arrizo 6 Pro,Xorazm,Benzin (Turbo),7,20799.00,145593.00
2023,Chery,Tiggo 8 Pro,Xorazm,Benzin (Turbo),1,33012.00,33012.00
2023,Haval,Jolion,Xorazm,Benzin (Turbo),5,23161.00,115805.00
2023,Haval,M6,Xorazm,Benzin,5,19467.00,97335.00
2023,Haval,H6,Xorazm,Benzin (Turbo),1,29337.00,29337.00
2023,Kia,Sonet,Xorazm,Benzin,7,18031.00,126217.00
2023,Kia,K5,Xorazm,Benzin,2,33277.00,66554.00
2023,Kia,Sportage,Xorazm,Benzin,2,35027.00,70054.00
2023,Zeekr,001,Xorazm,Elektromobil (EV),1,48548.00,48548.00
2023,Geely,Monjaro,Xorazm,Benzin (Turbo),1,35874.00,35874.00
2023,Jetour,Dashing,Xorazm,Benzin (Turbo),2,26598.00,53196.00
2023,Li Auto,L7/L9,Xorazm,Gibrid (EREV),1,57650.00,57650.00
2023,Chevrolet,Cobalt,Surxondaryo,Benzin,67,11797.00,790399.00
2023,Chevrolet,Damas,Surxondaryo,Benzin,61,8830.00,538630.00
2023,Chevrolet,Labo,Surxondaryo,Benzin,34,8178.00,278052.00
2023,Chevrolet,Lacetti/Gentra,Surxondaryo,Benzin,58,13299.00,771342.00
2023,Chevrolet,Tracker-2,Surxondaryo,Benzin (Turbo),22,18890.00,415580.00
2023,Chevrolet,Onix,Surxondaryo,Benzin (Turbo),19,15514.00,294766.00
2023,Chevrolet,Malibu-2,Surxondaryo,Benzin (Turbo),1,34869.00,34869.00
2023,BYD,Song Plus DM-i,Surxondaryo,Gibrid (PHEV),19,27857.00,529283.00
2023,BYD,Chazor (Destroyer 05),Surxondaryo,Gibrid (PHEV),16,20613.00,329808.00
2023,BYD,Song Plus EV,Surxondaryo,Elektromobil (EV),4,31314.00,125256.00
2023,BYD,Han,Surxondaryo,Elektromobil (EV),2,44070.00,88140.00
2023,Chery,Tiggo 7 Pro,Surxondaryo,Benzin (Turbo),5,26139.00,130695.00
2023,Chery,Arrizo 6 Pro,Surxondaryo,Benzin (Turbo),4,20458.00,81832.00
2023,Chery,Tiggo 8 Pro,Surxondaryo,Benzin (Turbo),1,33104.00,33104.00
2023,Haval,Jolion,Surxondaryo,Benzin (Turbo),3,23313.00,69939.00
2023,Haval,M6,Surxondaryo,Benzin,6,19484.00,116904.00
2023,Haval,H6,Surxondaryo,Benzin (Turbo),4,29297.00,117188.00
2023,Kia,Sonet,Surxondaryo,Benzin,8,17928.00,143424.00
2023,Kia,K5,Surxondaryo,Benzin,2,33483.00,66966.00
2023,Kia,Sportage,Surxondaryo,Benzin,3,34912.00,104736.00
2023,Zeekr,001,Surxondaryo,Elektromobil (EV),1,48505.00,48505.00
2023,Geely,Monjaro,Surxondaryo,Benzin (Turbo),1,35967.00,35967.00
2023,Jetour,Dashing,Surxondaryo,Benzin (Turbo),3,26735.00,80205.00
2023,Li Auto,L7/L9,Surxondaryo,Gibrid (EREV),1,57663.00,57663.00
2023,Chevrolet,Cobalt,Navoiy,Benzin,59,11966.00,705994.00
2023,Chevrolet,Damas,Navoiy,Benzin,46,8846.00,406916.00
2023,Chevrolet,Labo,Navoiy,Benzin,24,8403.00,201672.00
2023,Chevrolet,Lacetti/Gentra,Navoiy,Benzin,41,13488.00,553008.00
2023,Chevrolet,Tracker-2,Navoiy,Benzin (Turbo),13,19039.00,247507.00
2023,Chevrolet,Onix,Navoiy,Benzin (Turbo),16,15638.00,250208.00
2023,Chevrolet,Malibu-2,Navoiy,Benzin (Turbo),2,34826.00,69652.00
2023,BYD,Song Plus DM-i,Navoiy,Gibrid (PHEV),17,27144.00,461448.00
2023,BYD,Chazor (Destroyer 05),Navoiy,Gibrid (PHEV),13,20855.00,271115.00
2023,BYD,Song Plus EV,Navoiy,Elektromobil (EV),1,31110.00,31110.00
2023,BYD,Han,Navoiy,Elektromobil (EV),1,43833.00,43833.00
2023,Chery,Tiggo 7 Pro,Navoiy,Benzin (Turbo),4,26303.00,105212.00
2023,Chery,Arrizo 6 Pro,Navoiy,Benzin (Turbo),5,20606.00,103030.00
2023,Chery,Tiggo 8 Pro,Navoiy,Benzin (Turbo),3,32854.00,98562.00
2023,Haval,Jolion,Navoiy,Benzin (Turbo),3,23354.00,70062.00
2023,Haval,M6,Navoiy,Benzin,4,19394.00,77576.00
2023,Haval,H6,Navoiy,Benzin (Turbo),1,29427.00,29427.00
2023,Kia,Sonet,Navoiy,Benzin,3,17888.00,53664.00
2023,Kia,K5,Navoiy,Benzin,1,33285.00,33285.00
2023,Kia,Sportage,Navoiy,Benzin,2,34917.00,69834.00
2023,Zeekr,001,Navoiy,Elektromobil (EV),1,48567.00,48567.00
2023,Geely,Monjaro,Navoiy,Benzin (Turbo),1,36065.00,36065.00
2023,Jetour,Dashing,Navoiy,Benzin (Turbo),1,26939.00,26939.00
2023,Li Auto,L7/L9,Navoiy,Gibrid (EREV),1,57874.00,57874.00
2023,Chevrolet,Cobalt,Jizzax,Benzin,32,11994.00,383808.00
2023,Chevrolet,Damas,Jizzax,Benzin,27,8610.00,232470.00
2023,Chevrolet,Labo,Jizzax,Benzin,15,8088.00,121320.00
2023,Chevrolet,Lacetti/Gentra,Jizzax,Benzin,27,13314.00,359478.00
2023,Chevrolet,Tracker-2,Jizzax,Benzin (Turbo),10,18889.00,188890.00
2023,Chevrolet,Onix,Jizzax,Benzin (Turbo),12,15652.00,187824.00
2023,Chevrolet,Malibu-2,Jizzax,Benzin (Turbo),3,34947.00,104841.00
2023,BYD,Song Plus DM-i,Jizzax,Gibrid (PHEV),10,27337.00,273370.00
2023,BYD,Chazor (Destroyer 05),Jizzax,Gibrid (PHEV),8,20664.00,165312.00
2023,BYD,Song Plus EV,Jizzax,Elektromobil (EV),1,30846.00,30846.00
2023,BYD,Han,Jizzax,Elektromobil (EV),1,44038.00,44038.00
2023,Chery,Tiggo 7 Pro,Jizzax,Benzin (Turbo),3,26170.00,78510.00
2023,Chery,Arrizo 6 Pro,Jizzax,Benzin (Turbo),1,20677.00,20677.00
2023,Chery,Tiggo 8 Pro,Jizzax,Benzin (Turbo),1,33156.00,33156.00
2023,Haval,Jolion,Jizzax,Benzin (Turbo),3,23373.00,70119.00
2023,Haval,M6,Jizzax,Benzin,1,19269.00,19269.00
2023,Haval,H6,Jizzax,Benzin (Turbo),1,29321.00,29321.00
2023,Kia,Sonet,Jizzax,Benzin,1,17837.00,17837.00
2023,Kia,K5,Jizzax,Benzin,1,33356.00,33356.00
2023,Kia,Sportage,Jizzax,Benzin,1,35152.00,35152.00
2023,Zeekr,001,Jizzax,Elektromobil (EV),1,48247.00,48247.00
2023,Geely,Monjaro,Jizzax,Benzin (Turbo),2,36060.00,72120.00
2023,Jetour,Dashing,Jizzax,Benzin (Turbo),1,26627.00,26627.00
2023,Li Auto,L7/L9,Jizzax,Gibrid (EREV),1,57497.00,57497.00
2023,Chevrolet,Cobalt,Sirdaryo,Benzin,27,11831.00,319437.00
2023,Chevrolet,Damas,Sirdaryo,Benzin,21,8899.00,186879.00
2023,Chevrolet,Labo,Sirdaryo,Benzin,12,8404.00,100848.00
2023,Chevrolet,Lacetti/Gentra,Sirdaryo,Benzin,21,13526.00,284046.00
2023,Chevrolet,Tracker-2,Sirdaryo,Benzin (Turbo),7,19288.00,135016.00
2023,Chevrolet,Onix,Sirdaryo,Benzin (Turbo),9,15387.00,138483.00
2023,Chevrolet,Malibu-2,Sirdaryo,Benzin (Turbo),3,34951.00,104853.00
2023,BYD,Song Plus DM-i,Sirdaryo,Gibrid (PHEV),8,27650.00,221200.00
2023,BYD,Chazor (Destroyer 05),Sirdaryo,Gibrid (PHEV),6,20786.00,124716.00
2023,BYD,Song Plus EV,Sirdaryo,Elektromobil (EV),1,31085.00,31085.00
2023,BYD,Han,Sirdaryo,Elektromobil (EV),1,44242.00,44242.00
2023,Chery,Tiggo 7 Pro,Sirdaryo,Benzin (Turbo),2,26301.00,52602.00
2023,Chery,Arrizo 6 Pro,Sirdaryo,Benzin (Turbo),2,20495.00,40990.00
2023,Chery,Tiggo 8 Pro,Sirdaryo,Benzin (Turbo),1,32959.00,32959.00
2023,Haval,Jolion,Sirdaryo,Benzin (Turbo),1,22980.00,22980.00
2023,Haval,M6,Sirdaryo,Benzin,3,19369.00,58107.00
2023,Haval,H6,Sirdaryo,Benzin (Turbo),1,29469.00,29469.00
2023,Kia,Sonet,Sirdaryo,Benzin,3,18111.00,54333.00
2023,Kia,K5,Sirdaryo,Benzin,1,33582.00,33582.00
2023,Kia,Sportage,Sirdaryo,Benzin,1,35164.00,35164.00
2023,Zeekr,001,Sirdaryo,Elektromobil (EV),3,48592.00,145776.00
2023,Geely,Monjaro,Sirdaryo,Benzin (Turbo),3,36237.00,108711.00
2023,Jetour,Dashing,Sirdaryo,Benzin (Turbo),1,26784.00,26784.00
2023,Li Auto,L7/L9,Sirdaryo,Gibrid (EREV),1,57816.00,57816.00
2023,Chevrolet,Cobalt,Qoraqalpog‘iston Res.,Benzin,26,12043.00,313118.00
2023,Chevrolet,Damas,Qoraqalpog‘iston Res.,Benzin,20,8827.00,176540.00
2023,Chevrolet,Labo,Qoraqalpog‘iston Res.,Benzin,11,8258.00,90838.00
2023,Chevrolet,Lacetti/Gentra,Qoraqalpog‘iston Res.,Benzin,20,13298.00,265960.00
2023,Chevrolet,Tracker-2,Qoraqalpog‘iston Res.,Benzin (Turbo),7,19014.00,133098.00
2023,Chevrolet,Onix,Qoraqalpog‘iston Res.,Benzin (Turbo),8,15673.00,125384.00
2023,Chevrolet,Malibu-2,Qoraqalpog‘iston Res.,Benzin (Turbo),1,35048.00,35048.00
2023,BYD,Song Plus DM-i,Qoraqalpog‘iston Res.,Gibrid (PHEV),9,27596.00,248364.00
2023,BYD,Chazor (Destroyer 05),Qoraqalpog‘iston Res.,Gibrid (PHEV),6,20601.00,123606.00
2023,BYD,Song Plus EV,Qoraqalpog‘iston Res.,Elektromobil (EV),2,31357.00,62714.00
2023,BYD,Han,Qoraqalpog‘iston Res.,Elektromobil (EV),2,43612.00,87224.00
2023,Chery,Tiggo 7 Pro,Qoraqalpog‘iston Res.,Benzin (Turbo),1,26160.00,26160.00
2023,Chery,Arrizo 6 Pro,Qoraqalpog‘iston Res.,Benzin (Turbo),3,20737.00,62211.00
2023,Chery,Tiggo 8 Pro,Qoraqalpog‘iston Res.,Benzin (Turbo),1,33028.00,33028.00
2023,Haval,Jolion,Qoraqalpog‘iston Res.,Benzin (Turbo),3,23086.00,69258.00
2023,Haval,M6,Qoraqalpog‘iston Res.,Benzin,2,19218.00,38436.00
2023,Haval,H6,Qoraqalpog‘iston Res.,Benzin (Turbo),1,29297.00,29297.00
2023,Kia,Sonet,Qoraqalpog‘iston Res.,Benzin,3,18025.00,54075.00
2023,Kia,K5,Qoraqalpog‘iston Res.,Benzin,2,33327.00,66654.00
2023,Kia,Sportage,Qoraqalpog‘iston Res.,Benzin,1,35203.00,35203.00
2023,Zeekr,001,Qoraqalpog‘iston Res.,Elektromobil (EV),1,48517.00,48517.00
2023,Geely,Monjaro,Qoraqalpog‘iston Res.,Benzin (Turbo),1,35986.00,35986.00
2023,Jetour,Dashing,Qoraqalpog‘iston Res.,Benzin (Turbo),1,26806.00,26806.00
2023,Li Auto,L7/L9,Qoraqalpog‘iston Res.,Gibrid (EREV),1,57810.00,57810.00
2023,Chevrolet,Cobalt,Toshkent shahri,Benzin,441,11915.00,5254515.00
2023,Chevrolet,Damas,Toshkent shahri,Benzin,81,8694.00,704214.00
2023,Chevrolet,Labo,Toshkent shahri,Benzin,42,8431.00,354102.00
2023,Chevrolet,Lacetti/Gentra,Toshkent shahri,Benzin,410,13261.00,5437010.00
2023,Chevrolet,Tracker-2,Toshkent shahri,Benzin (Turbo),141,18806.00,2651646.00
2023,Chevrolet,Onix,Toshkent shahri,Benzin (Turbo),159,15431.00,2453529.00
2023,Chevrolet,Malibu-2,Toshkent shahri,Benzin (Turbo),49,35040.00,1716960.00
2023,BYD,Song Plus DM-i,Toshkent shahri,Gibrid (PHEV),395,27824.00,10990480.00
2023,BYD,Chazor (Destroyer 05),Toshkent shahri,Gibrid (PHEV),284,20989.00,5960876.00
2023,BYD,Song Plus EV,Toshkent shahri,Elektromobil (EV),54,30941.00,1670814.00
2023,BYD,Han,Toshkent shahri,Elektromobil (EV),23,43832.00,1008136.00
2023,Chery,Tiggo 7 Pro,Toshkent shahri,Benzin (Turbo),46,26291.00,1209386.00
2023,Chery,Arrizo 6 Pro,Toshkent shahri,Benzin (Turbo),29,20548.00,595892.00
2023,Chery,Tiggo 8 Pro,Toshkent shahri,Benzin (Turbo),15,32874.00,493110.00
2023,Haval,Jolion,Toshkent shahri,Benzin (Turbo),39,22980.00,896220.00
2023,Haval,M6,Toshkent shahri,Benzin,44,19310.00,849640.00
2023,Haval,H6,Toshkent shahri,Benzin (Turbo),18,29192.00,525456.00
2023,Kia,Sonet,Toshkent shahri,Benzin,42,17943.00,753606.00
2023,Kia,K5,Toshkent shahri,Benzin,20,33488.00,669760.00
2023,Kia,Sportage,Toshkent shahri,Benzin,18,35037.00,630666.00
2023,Zeekr,001,Toshkent shahri,Elektromobil (EV),29,48478.00,1405862.00
2023,Geely,Monjaro,Toshkent shahri,Benzin (Turbo),16,36157.00,578512.00
2023,Jetour,Dashing,Toshkent shahri,Benzin (Turbo),18,26807.00,482526.00
2023,Li Auto,L7/L9,Toshkent shahri,Gibrid (EREV),27,57726.00,1558602.00
2023,Chevrolet,Cobalt,Toshkent viloyati,Benzin,220,11896.00,2617120.00
2023,Chevrolet,Damas,Toshkent viloyati,Benzin,160,8909.00,1425440.00
2023,Chevrolet,Labo,Toshkent viloyati,Benzin,84,8323.00,699132.00
2023,Chevrolet,Lacetti/Gentra,Toshkent viloyati,Benzin,146,13574.00,1981804.00
2023,Chevrolet,Tracker-2,Toshkent viloyati,Benzin (Turbo),55,19171.00,1054405.00
2023,Chevrolet,Onix,Toshkent viloyati,Benzin (Turbo),60,15569.00,934140.00
2023,Chevrolet,Malibu-2,Toshkent viloyati,Benzin (Turbo),7,34961.00,244727.00
2023,BYD,Song Plus DM-i,Toshkent viloyati,Gibrid (PHEV),61,27848.00,1698728.00
2023,BYD,Chazor (Destroyer 05),Toshkent viloyati,Gibrid (PHEV),44,20849.00,917356.00
2023,BYD,Song Plus EV,Toshkent viloyati,Elektromobil (EV),5,31109.00,155545.00
2023,BYD,Han,Toshkent viloyati,Elektromobil (EV),2,43810.00,87620.00
2023,Chery,Tiggo 7 Pro,Toshkent viloyati,Benzin (Turbo),17,26387.00,448579.00
2023,Chery,Arrizo 6 Pro,Toshkent viloyati,Benzin (Turbo),12,20682.00,248184.00
2023,Chery,Tiggo 8 Pro,Toshkent viloyati,Benzin (Turbo),6,32872.00,197232.00
2023,Haval,Jolion,Toshkent viloyati,Benzin (Turbo),13,23136.00,300768.00
2023,Haval,M6,Toshkent viloyati,Benzin,17,19514.00,331738.00
2023,Haval,H6,Toshkent viloyati,Benzin (Turbo),8,29286.00,234288.00
2023,Kia,Sonet,Toshkent viloyati,Benzin,16,17911.00,286576.00
2023,Kia,K5,Toshkent viloyati,Benzin,7,33520.00,234640.00
2023,Kia,Sportage,Toshkent viloyati,Benzin,5,34908.00,174540.00
2023,Zeekr,001,Toshkent viloyati,Elektromobil (EV),5,48358.00,241790.00
2023,Geely,Monjaro,Toshkent viloyati,Benzin (Turbo),6,36189.00,217134.00
2023,Jetour,Dashing,Toshkent viloyati,Benzin (Turbo),7,26873.00,188111.00
2023,Li Auto,L7/L9,Toshkent viloyati,Gibrid (EREV),5,57732.00,288660.00
2023,Chevrolet,Cobalt,Samarqand,Benzin,198,11946.00,2365308.00
2023,Chevrolet,Damas,Samarqand,Benzin,149,8579.00,1278271.00
2023,Chevrolet,Labo,Samarqand,Benzin,85,8151.00,692835.00
2023,Chevrolet,Lacetti/Gentra,Samarqand,Benzin,187,13553.00,2534411.00
2023,Chevrolet,Tracker-2,Samarqand,Benzin (Turbo),52,19229.00,999908.00
2023,Chevrolet,Onix,Samarqand,Benzin (Turbo),60,15391.00,923460.00
2023,Chevrolet,Malibu-2,Samarqand,Benzin (Turbo),7,35164.00,246148.00
2023,BYD,Song Plus DM-i,Samarqand,Gibrid (PHEV),76,27279.00,2073204.00
2023,BYD,Chazor (Destroyer 05),Samarqand,Gibrid (PHEV),51,20836.00,1062636.00
2023,BYD,Song Plus EV,Samarqand,Elektromobil (EV),8,31292.00,250336.00
2023,BYD,Han,Samarqand,Elektromobil (EV),2,43836.00,87672.00
2023,Chery,Tiggo 7 Pro,Samarqand,Benzin (Turbo),14,26422.00,369908.00
2023,Chery,Arrizo 6 Pro,Samarqand,Benzin (Turbo),13,20587.00,267631.00
2023,Chery,Tiggo 8 Pro,Samarqand,Benzin (Turbo),6,33066.00,198396.00
2023,Haval,Jolion,Samarqand,Benzin (Turbo),13,23306.00,302978.00
2023,Haval,M6,Samarqand,Benzin,16,19253.00,308048.00
2023,Haval,H6,Samarqand,Benzin (Turbo),7,29535.00,206745.00
2023,Kia,Sonet,Samarqand,Benzin,17,18044.00,306748.00
2023,Kia,K5,Samarqand,Benzin,7,33436.00,234052.00
2023,Kia,Sportage,Samarqand,Benzin,5,35066.00,175330.00
2023,Zeekr,001,Samarqand,Elektromobil (EV),2,48310.00,96620.00
2023,Geely,Monjaro,Samarqand,Benzin (Turbo),5,35960.00,179800.00
2023,Jetour,Dashing,Samarqand,Benzin (Turbo),5,26761.00,133805.00
2023,Li Auto,L7/L9,Samarqand,Gibrid (EREV),3,57814.00,173442.00
2023,Chevrolet,Cobalt,Farg‘ona,Benzin,160,11852.00,1896320.00
2023,Chevrolet,Damas,Farg‘ona,Benzin,328,8562.00,2808336.00
2023,Chevrolet,Labo,Farg‘ona,Benzin,143,8205.00,1173315.00
2023,Chevrolet,Lacetti/Gentra,Farg‘ona,Benzin,130,13526.00,1758380.00
2023,Chevrolet,Tracker-2,Farg‘ona,Benzin (Turbo),47,18862.00,886514.00
2023,Chevrolet,Onix,Farg‘ona,Benzin (Turbo),48,15565.00,747120.00
2023,Chevrolet,Malibu-2,Farg‘ona,Benzin (Turbo),6,34962.00,209772.00
2023,BYD,Song Plus DM-i,Farg‘ona,Gibrid (PHEV),48,27608.00,1325184.00
2023,BYD,Chazor (Destroyer 05),Farg‘ona,Gibrid (PHEV),33,20844.00,687852.00
2023,BYD,Song Plus EV,Farg‘ona,Elektromobil (EV),1,31274.00,31274.00
2023,BYD,Han,Farg‘ona,Elektromobil (EV),1,43625.00,43625.00
2023,Chery,Tiggo 7 Pro,Farg‘ona,Benzin (Turbo),12,26367.00,316404.00
2023,Chery,Arrizo 6 Pro,Farg‘ona,Benzin (Turbo),8,20597.00,164776.00
2023,Chery,Tiggo 8 Pro,Farg‘ona,Benzin (Turbo),4,32818.00,131272.00
2023,Haval,Jolion,Farg‘ona,Benzin (Turbo),11,23247.00,255717.00
2023,Haval,M6,Farg‘ona,Benzin,12,19412.00,232944.00
2023,Haval,H6,Farg‘ona,Benzin (Turbo),5,29538.00,147690.00
2023,Kia,Sonet,Farg‘ona,Benzin,14,17868.00,250152.00
2023,Kia,K5,Farg‘ona,Benzin,6,33513.00,201078.00
2023,Kia,Sportage,Farg‘ona,Benzin,3,35156.00,105468.00
2023,Zeekr,001,Farg‘ona,Elektromobil (EV),1,48372.00,48372.00
2023,Geely,Monjaro,Farg‘ona,Benzin (Turbo),5,35971.00,179855.00
2023,Jetour,Dashing,Farg‘ona,Benzin (Turbo),6,26896.00,161376.00
2023,Li Auto,L7/L9,Farg‘ona,Gibrid (EREV),1,57860.00,57860.00
2023,Chevrolet,Cobalt,Andijon,Benzin,128,11709.00,1498752.00
2023,Chevrolet,Damas,Andijon,Benzin,249,8909.00,2218341.00
2023,Chevrolet,Labo,Andijon,Benzin,128,8353.00,1069184.00
2023,Chevrolet,Lacetti/Gentra,Andijon,Benzin,98,13317.00,1305066.00
2023,Chevrolet,Tracker-2,Andijon,Benzin (Turbo),37,18886.00,698782.00
2023,Chevrolet,Onix,Andijon,Benzin (Turbo),44,15389.00,677116.00
2023,Chevrolet,Malibu-2,Andijon,Benzin (Turbo),5,35171.00,175855.00
2023,BYD,Song Plus DM-i,Andijon,Gibrid (PHEV),42,27336.00,1148112.00
2023,BYD,Chazor (Destroyer 05),Andijon,Gibrid (PHEV),30,20735.00,622050.00
2023,BYD,Song Plus EV,Andijon,Elektromobil (EV),2,31391.00,62782.00
2023,BYD,Han,Andijon,Elektromobil (EV),2,44182.00,88364.00
2023,Chery,Tiggo 7 Pro,Andijon,Benzin (Turbo),11,26428.00,290708.00
2023,Chery,Arrizo 6 Pro,Andijon,Benzin (Turbo),9,20712.00,186408.00
2023,Chery,Tiggo 8 Pro,Andijon,Benzin (Turbo),5,33045.00,165225.00
2023,Haval,Jolion,Andijon,Benzin (Turbo),10,23171.00,231710.00
2023,Haval,M6,Andijon,Benzin,12,19536.00,234432.00
2023,Haval,H6,Andijon,Benzin (Turbo),7,29325.00,205275.00
2023,Kia,Sonet,Andijon,Benzin,12,18206.00,218472.00
2023,Kia,K5,Andijon,Benzin,5,33664.00,168320.00
2023,Kia,Sportage,Andijon,Benzin,4,34941.00,139764.00
2023,Zeekr,001,Andijon,Elektromobil (EV),1,48302.00,48302.00
2023,Geely,Monjaro,Andijon,Benzin (Turbo),4,35855.00,143420.00
2023,Jetour,Dashing,Andijon,Benzin (Turbo),5,26957.00,134785.00
2023,Li Auto,L7/L9,Andijon,Gibrid (EREV),1,57575.00,57575.00
2023,Chevrolet,Cobalt,Namangan,Benzin,131,11650.00,1526150.00
2023,Chevrolet,Damas,Namangan,Benzin,225,8666.00,1949850.00
2023,Chevrolet,Labo,Namangan,Benzin,124,8145.00,1009980.00
2023,Chevrolet,Lacetti/Gentra,Namangan,Benzin,108,13328.00,1439424.00
2023,Chevrolet,Tracker-2,Namangan,Benzin (Turbo),37,19151.00,708587.00
2023,Chevrolet,Onix,Namangan,Benzin (Turbo),41,15615.00,640215.00
2023,Chevrolet,Malibu-2,Namangan,Benzin (Turbo),6,34841.00,209046.00
2023,BYD,Song Plus DM-i,Namangan,Gibrid (PHEV),40,27292.00,1091680.00
2023,BYD,Chazor (Destroyer 05),Namangan,Gibrid (PHEV),31,21378.00,662718.00
2023,BYD,Song Plus EV,Namangan,Elektromobil (EV),1,31362.00,31362.00
2023,BYD,Han,Namangan,Elektromobil (EV),1,44129.00,44129.00
2023,Chery,Tiggo 7 Pro,Namangan,Benzin (Turbo),9,26177.00,235593.00
2023,Chery,Arrizo 6 Pro,Namangan,Benzin (Turbo),7,20601.00,144207.00
2023,Chery,Tiggo 8 Pro,Namangan,Benzin (Turbo),3,32842.00,98526.00
2023,Haval,Jolion,Namangan,Benzin (Turbo),8,23346.00,186768.00
2023,Haval,M6,Namangan,Benzin,10,19419.00,194190.00
2023,Haval,H6,Namangan,Benzin (Turbo),5,29179.00,145895.00
2023,Kia,Sonet,Namangan,Benzin,10,17898.00,178980.00
2023,Kia,K5,Namangan,Benzin,4,33299.00,133196.00
2023,Kia,Sportage,Namangan,Benzin,3,35153.00,105459.00
2023,Zeekr,001,Namangan,Elektromobil (EV),1,48475.00,48475.00
2023,Geely,Monjaro,Namangan,Benzin (Turbo),2,35948.00,71896.00
2023,Jetour,Dashing,Namangan,Benzin (Turbo),5,26793.00,133965.00
2023,Li Auto,L7/L9,Namangan,Gibrid (EREV),1,57652.00,57652.00
2023,Chevrolet,Cobalt,Buxoro,Benzin,128,12026.00,1539328.00
2023,Chevrolet,Damas,Buxoro,Benzin,83,8618.00,715294.00
2023,Chevrolet,Labo,Buxoro,Benzin,47,8226.00,386622.00
2023,Chevrolet,Lacetti/Gentra,Buxoro,Benzin,111,13535.00,1502385.00
2023,Chevrolet,Tracker-2,Buxoro,Benzin (Turbo),27,18997.00,512919.00
2023,Chevrolet,Onix,Buxoro,Benzin (Turbo),30,15275.00,458250.00
2023,Chevrolet,Malibu-2,Buxoro,Benzin (Turbo),5,35065.00,175325.00
2023,BYD,Song Plus DM-i,Buxoro,Gibrid (PHEV),36,27741.00,998676.00
2023,BYD,Chazor (Destroyer 05),Buxoro,Gibrid (PHEV),31,21190.00,656890.00
2023,BYD,Song Plus EV,Buxoro,Elektromobil (EV),4,30671.00,122684.00
2023,BYD,Han,Buxoro,Elektromobil (EV),1,44174.00,44174.00
2023,Chery,Tiggo 7 Pro,Buxoro,Benzin (Turbo),9,26444.00,237996.00
2023,Chery,Arrizo 6 Pro,Buxoro,Benzin (Turbo),8,20416.00,163328.00
2023,Chery,Tiggo 8 Pro,Buxoro,Benzin (Turbo),3,32822.00,98466.00
2023,Haval,Jolion,Buxoro,Benzin (Turbo),7,22982.00,160874.00
2023,Haval,M6,Buxoro,Benzin,7,19488.00,136416.00
2023,Haval,H6,Buxoro,Benzin (Turbo),4,29255.00,117020.00
2023,Kia,Sonet,Buxoro,Benzin,9,17975.00,161775.00
2023,Kia,K5,Buxoro,Benzin,4,33454.00,133816.00
2023,Kia,Sportage,Buxoro,Benzin,2,34943.00,69886.00
2023,Zeekr,001,Buxoro,Elektromobil (EV),3,48608.00,145824.00
2023,Geely,Monjaro,Buxoro,Benzin (Turbo),4,36077.00,144308.00
2023,Jetour,Dashing,Buxoro,Benzin (Turbo),4,26685.00,106740.00
2023,Li Auto,L7/L9,Buxoro,Gibrid (EREV),3,57500.00,172500.00
2023,Chevrolet,Cobalt,Qashqadaryo,Benzin,94,11929.00,1121326.00
2023,Chevrolet,Damas,Qashqadaryo,Benzin,79,8702.00,687458.00
2023,Chevrolet,Labo,Qashqadaryo,Benzin,37,8425.00,311725.00
2023,Chevrolet,Lacetti/Gentra,Qashqadaryo,Benzin,78,13413.00,1046214.00
2023,Chevrolet,Tracker-2,Qashqadaryo,Benzin (Turbo),23,18729.00,430767.00
2023,Chevrolet,Onix,Qashqadaryo,Benzin (Turbo),27,15244.00,411588.00
2023,Chevrolet,Malibu-2,Qashqadaryo,Benzin (Turbo),4,35137.00,140548.00
2023,BYD,Song Plus DM-i,Qashqadaryo,Gibrid (PHEV),26,27320.00,710320.00
2023,BYD,Chazor (Destroyer 05),Qashqadaryo,Gibrid (PHEV),17,20966.00,356422.00
2023,BYD,Song Plus EV,Qashqadaryo,Elektromobil (EV),2,31342.00,62684.00
2023,BYD,Han,Qashqadaryo,Elektromobil (EV),2,43715.00,87430.00
2023,Chery,Tiggo 7 Pro,Qashqadaryo,Benzin (Turbo),6,26303.00,157818.00
2023,Chery,Arrizo 6 Pro,Qashqadaryo,Benzin (Turbo),5,20687.00,103435.00
2023,Chery,Tiggo 8 Pro,Qashqadaryo,Benzin (Turbo),3,33147.00,99441.00
2023,Haval,Jolion,Qashqadaryo,Benzin (Turbo),6,23252.00,139512.00
2023,Haval,M6,Qashqadaryo,Benzin,9,19487.00,175383.00
2023,Haval,H6,Qashqadaryo,Benzin (Turbo),3,29452.00,88356.00
2023,Kia,Sonet,Qashqadaryo,Benzin,7,17961.00,125727.00
2023,Kia,K5,Qashqadaryo,Benzin,4,33463.00,133852.00
2023,Kia,Sportage,Qashqadaryo,Benzin,4,35158.00,140632.00
2023,Zeekr,001,Qashqadaryo,Elektromobil (EV),1,48403.00,48403.00
2023,Geely,Monjaro,Qashqadaryo,Benzin (Turbo),1,36165.00,36165.00
2023,Jetour,Dashing,Qashqadaryo,Benzin (Turbo),3,26595.00,79785.00
2023,Li Auto,L7/L9,Qashqadaryo,Gibrid (EREV),3,57781.00,173343.00
2023,Chevrolet,Cobalt,Xorazm,Benzin,71,11732.00,832972.00
2023,Chevrolet,Damas,Xorazm,Benzin,127,8683.00,1102741.00
2023,Chevrolet,Labo,Xorazm,Benzin,73,8435.00,615755.00
2023,Chevrolet,Lacetti/Gentra,Xorazm,Benzin,68,13284.00,903312.00
2023,Chevrolet,Tracker-2,Xorazm,Benzin (Turbo),18,19020.00,342360.00
2023,Chevrolet,Onix,Xorazm,Benzin (Turbo),16,15758.00,252128.00
2023,Chevrolet,Malibu-2,Xorazm,Benzin (Turbo),3,35205.00,105615.00
2023,BYD,Song Plus DM-i,Xorazm,Gibrid (PHEV),20,27717.00,554340.00
2023,BYD,Chazor (Destroyer 05),Xorazm,Gibrid (PHEV),17,20611.00,350387.00
2023,BYD,Song Plus EV,Xorazm,Elektromobil (EV),1,30794.00,30794.00
2023,BYD,Han,Xorazm,Elektromobil (EV),1,44255.00,44255.00
2023,Chery,Tiggo 7 Pro,Xorazm,Benzin (Turbo),7,26450.00,185150.00
2023,Chery,Arrizo 6 Pro,Xorazm,Benzin (Turbo),3,20565.00,61695.00
2023,Chery,Tiggo 8 Pro,Xorazm,Benzin (Turbo),4,33043.00,132172.00
2023,Haval,Jolion,Xorazm,Benzin (Turbo),4,23272.00,93088.00
2023,Haval,M6,Xorazm,Benzin,6,19459.00,116754.00
2023,Haval,H6,Xorazm,Benzin (Turbo),3,29528.00,88584.00
2023,Kia,Sonet,Xorazm,Benzin,5,17866.00,89330.00
2023,Kia,K5,Xorazm,Benzin,3,33511.00,100533.00
2023,Kia,Sportage,Xorazm,Benzin,1,34841.00,34841.00
2023,Zeekr,001,Xorazm,Elektromobil (EV),1,48492.00,48492.00
2023,Geely,Monjaro,Xorazm,Benzin (Turbo),1,35890.00,35890.00
2023,Jetour,Dashing,Xorazm,Benzin (Turbo),1,26652.00,26652.00
2023,Li Auto,L7/L9,Xorazm,Gibrid (EREV),2,57555.00,115110.00
2023,Chevrolet,Cobalt,Surxondaryo,Benzin,72,11870.00,854640.00
2023,Chevrolet,Damas,Surxondaryo,Benzin,58,8730.00,506340.00
2023,Chevrolet,Labo,Surxondaryo,Benzin,32,8360.00,267520.00
2023,Chevrolet,Lacetti/Gentra,Surxondaryo,Benzin,55,13313.00,732215.00
2023,Chevrolet,Tracker-2,Surxondaryo,Benzin (Turbo),19,19085.00,362615.00
2023,Chevrolet,Onix,Surxondaryo,Benzin (Turbo),25,15768.00,394200.00
2023,Chevrolet,Malibu-2,Surxondaryo,Benzin (Turbo),3,34944.00,104832.00
2023,BYD,Song Plus DM-i,Surxondaryo,Gibrid (PHEV),23,27379.00,629717.00
2023,BYD,Chazor (Destroyer 05),Surxondaryo,Gibrid (PHEV),16,21257.00,340112.00
2023,BYD,Song Plus EV,Surxondaryo,Elektromobil (EV),1,31327.00,31327.00
2023,BYD,Han,Surxondaryo,Elektromobil (EV),2,43931.00,87862.00
2023,Chery,Tiggo 7 Pro,Surxondaryo,Benzin (Turbo),5,26214.00,131070.00
2023,Chery,Arrizo 6 Pro,Surxondaryo,Benzin (Turbo),5,20421.00,102105.00
2023,Chery,Tiggo 8 Pro,Surxondaryo,Benzin (Turbo),1,32965.00,32965.00
2023,Haval,Jolion,Surxondaryo,Benzin (Turbo),3,23138.00,69414.00
2023,Haval,M6,Surxondaryo,Benzin,6,19311.00,115866.00
2023,Haval,H6,Surxondaryo,Benzin (Turbo),2,29519.00,59038.00
2023,Kia,Sonet,Surxondaryo,Benzin,6,17947.00,107682.00
2023,Kia,K5,Surxondaryo,Benzin,2,33505.00,67010.00
2023,Kia,Sportage,Surxondaryo,Benzin,1,35025.00,35025.00
2023,Zeekr,001,Surxondaryo,Elektromobil (EV),1,48296.00,48296.00
2023,Geely,Monjaro,Surxondaryo,Benzin (Turbo),3,35991.00,107973.00
2023,Jetour,Dashing,Surxondaryo,Benzin (Turbo),2,26840.00,53680.00
2023,Li Auto,L7/L9,Surxondaryo,Gibrid (EREV),1,57588.00,57588.00
2023,Chevrolet,Cobalt,Navoiy,Benzin,55,11900.00,654500.00
2023,Chevrolet,Damas,Navoiy,Benzin,47,8933.00,419851.00
2023,Chevrolet,Labo,Navoiy,Benzin,25,8284.00,207100.00
2023,Chevrolet,Lacetti/Gentra,Navoiy,Benzin,41,13476.00,552516.00
2023,Chevrolet,Tracker-2,Navoiy,Benzin (Turbo),15,18809.00,282135.00
2023,Chevrolet,Onix,Navoiy,Benzin (Turbo),13,15389.00,200057.00
2023,Chevrolet,Malibu-2,Navoiy,Benzin (Turbo),3,35070.00,105210.00
2023,BYD,Song Plus DM-i,Navoiy,Gibrid (PHEV),16,27823.00,445168.00
2023,BYD,Chazor (Destroyer 05),Navoiy,Gibrid (PHEV),12,20925.00,251100.00
2023,BYD,Song Plus EV,Navoiy,Elektromobil (EV),5,31110.00,155550.00
2023,BYD,Han,Navoiy,Elektromobil (EV),1,44107.00,44107.00
2023,Chery,Tiggo 7 Pro,Navoiy,Benzin (Turbo),5,26283.00,131415.00
2023,Chery,Arrizo 6 Pro,Navoiy,Benzin (Turbo),3,20611.00,61833.00
2023,Chery,Tiggo 8 Pro,Navoiy,Benzin (Turbo),1,33102.00,33102.00
2023,Haval,Jolion,Navoiy,Benzin (Turbo),3,23028.00,69084.00
2023,Haval,M6,Navoiy,Benzin,4,19381.00,77524.00
2023,Haval,H6,Navoiy,Benzin (Turbo),1,29265.00,29265.00
2023,Kia,Sonet,Navoiy,Benzin,4,17953.00,71812.00
2023,Kia,K5,Navoiy,Benzin,3,33600.00,100800.00
2023,Kia,Sportage,Navoiy,Benzin,1,34827.00,34827.00
2023,Zeekr,001,Navoiy,Elektromobil (EV),1,48340.00,48340.00
2023,Geely,Monjaro,Navoiy,Benzin (Turbo),1,36037.00,36037.00
2023,Jetour,Dashing,Navoiy,Benzin (Turbo),2,26783.00,53566.00
2023,Li Auto,L7/L9,Navoiy,Gibrid (EREV),1,57691.00,57691.00
2023,Chevrolet,Cobalt,Jizzax,Benzin,38,11904.00,452352.00
2023,Chevrolet,Damas,Jizzax,Benzin,31,8797.00,272707.00
2023,Chevrolet,Labo,Jizzax,Benzin,18,8212.00,147816.00
2023,Chevrolet,Lacetti/Gentra,Jizzax,Benzin,28,13360.00,374080.00
2023,Chevrolet,Tracker-2,Jizzax,Benzin (Turbo),9,18742.00,168678.00
2023,Chevrolet,Onix,Jizzax,Benzin (Turbo),9,15410.00,138690.00
2023,Chevrolet,Malibu-2,Jizzax,Benzin (Turbo),1,35165.00,35165.00
2023,BYD,Song Plus DM-i,Jizzax,Gibrid (PHEV),9,27851.00,250659.00
2023,BYD,Chazor (Destroyer 05),Jizzax,Gibrid (PHEV),7,20676.00,144732.00
2023,BYD,Song Plus EV,Jizzax,Elektromobil (EV),1,30736.00,30736.00
2023,BYD,Han,Jizzax,Elektromobil (EV),1,44038.00,44038.00
2023,Chery,Tiggo 7 Pro,Jizzax,Benzin (Turbo),2,26331.00,52662.00
2023,Chery,Arrizo 6 Pro,Jizzax,Benzin (Turbo),3,20693.00,62079.00
2023,Chery,Tiggo 8 Pro,Jizzax,Benzin (Turbo),1,32857.00,32857.00
2023,Haval,Jolion,Jizzax,Benzin (Turbo),4,23346.00,93384.00
2023,Haval,M6,Jizzax,Benzin,2,19393.00,38786.00
2023,Haval,H6,Jizzax,Benzin (Turbo),1,29509.00,29509.00
2023,Kia,Sonet,Jizzax,Benzin,3,18056.00,54168.00
2023,Kia,K5,Jizzax,Benzin,1,33650.00,33650.00
2023,Kia,Sportage,Jizzax,Benzin,1,35082.00,35082.00
2023,Zeekr,001,Jizzax,Elektromobil (EV),1,48605.00,48605.00
2023,Geely,Monjaro,Jizzax,Benzin (Turbo),3,36003.00,108009.00
2023,Jetour,Dashing,Jizzax,Benzin (Turbo),1,26630.00,26630.00
2023,Li Auto,L7/L9,Jizzax,Gibrid (EREV),1,57596.00,57596.00
2023,Chevrolet,Cobalt,Sirdaryo,Benzin,30,11852.00,355560.00
2023,Chevrolet,Damas,Sirdaryo,Benzin,22,8931.00,196482.00
2023,Chevrolet,Labo,Sirdaryo,Benzin,12,8046.00,96552.00
2023,Chevrolet,Lacetti/Gentra,Sirdaryo,Benzin,21,13555.00,284655.00
2023,Chevrolet,Tracker-2,Sirdaryo,Benzin (Turbo),6,18914.00,113484.00
2023,Chevrolet,Onix,Sirdaryo,Benzin (Turbo),6,15628.00,93768.00
2023,Chevrolet,Malibu-2,Sirdaryo,Benzin (Turbo),1,35186.00,35186.00
2023,BYD,Song Plus DM-i,Sirdaryo,Gibrid (PHEV),7,27412.00,191884.00
2023,BYD,Chazor (Destroyer 05),Sirdaryo,Gibrid (PHEV),5,21066.00,105330.00
2023,BYD,Song Plus EV,Sirdaryo,Elektromobil (EV),1,30763.00,30763.00
2023,BYD,Han,Sirdaryo,Elektromobil (EV),1,44349.00,44349.00
2023,Chery,Tiggo 7 Pro,Sirdaryo,Benzin (Turbo),2,26157.00,52314.00
2023,Chery,Arrizo 6 Pro,Sirdaryo,Benzin (Turbo),1,20616.00,20616.00
2023,Chery,Tiggo 8 Pro,Sirdaryo,Benzin (Turbo),1,33117.00,33117.00
2023,Haval,Jolion,Sirdaryo,Benzin (Turbo),3,23038.00,69114.00
2023,Haval,M6,Sirdaryo,Benzin,1,19409.00,19409.00
2023,Haval,H6,Sirdaryo,Benzin (Turbo),1,29241.00,29241.00
2023,Kia,Sonet,Sirdaryo,Benzin,2,18041.00,36082.00
2023,Kia,K5,Sirdaryo,Benzin,1,33484.00,33484.00
2023,Kia,Sportage,Sirdaryo,Benzin,1,34988.00,34988.00
2023,Zeekr,001,Sirdaryo,Elektromobil (EV),1,48590.00,48590.00
2023,Geely,Monjaro,Sirdaryo,Benzin (Turbo),1,36155.00,36155.00
2023,Jetour,Dashing,Sirdaryo,Benzin (Turbo),1,26580.00,26580.00
2023,Li Auto,L7/L9,Sirdaryo,Gibrid (EREV),1,57715.00,57715.00
2023,Chevrolet,Cobalt,Qoraqalpog‘iston Res.,Benzin,24,11776.00,282624.00
2023,Chevrolet,Damas,Qoraqalpog‘iston Res.,Benzin,21,8772.00,184212.00
2023,Chevrolet,Labo,Qoraqalpog‘iston Res.,Benzin,11,8047.00,88517.00
2023,Chevrolet,Lacetti/Gentra,Qoraqalpog‘iston Res.,Benzin,21,13442.00,282282.00
2023,Chevrolet,Tracker-2,Qoraqalpog‘iston Res.,Benzin (Turbo),6,18982.00,113892.00
2023,Chevrolet,Onix,Qoraqalpog‘iston Res.,Benzin (Turbo),7,15743.00,110201.00
2023,Chevrolet,Malibu-2,Qoraqalpog‘iston Res.,Benzin (Turbo),1,34835.00,34835.00
2023,BYD,Song Plus DM-i,Qoraqalpog‘iston Res.,Gibrid (PHEV),9,27454.00,247086.00
2023,BYD,Chazor (Destroyer 05),Qoraqalpog‘iston Res.,Gibrid (PHEV),5,20859.00,104295.00
2023,BYD,Song Plus EV,Qoraqalpog‘iston Res.,Elektromobil (EV),1,31020.00,31020.00
2023,BYD,Han,Qoraqalpog‘iston Res.,Elektromobil (EV),1,44243.00,44243.00
2023,Chery,Tiggo 7 Pro,Qoraqalpog‘iston Res.,Benzin (Turbo),3,26094.00,78282.00
2023,Chery,Arrizo 6 Pro,Qoraqalpog‘iston Res.,Benzin (Turbo),1,20507.00,20507.00
2023,Chery,Tiggo 8 Pro,Qoraqalpog‘iston Res.,Benzin (Turbo),1,33027.00,33027.00
2023,Haval,Jolion,Qoraqalpog‘iston Res.,Benzin (Turbo),2,23155.00,46310.00
2023,Haval,M6,Qoraqalpog‘iston Res.,Benzin,2,19418.00,38836.00
2023,Haval,H6,Qoraqalpog‘iston Res.,Benzin (Turbo),1,29354.00,29354.00
2023,Kia,Sonet,Qoraqalpog‘iston Res.,Benzin,1,17976.00,17976.00
2023,Kia,K5,Qoraqalpog‘iston Res.,Benzin,1,33369.00,33369.00
2023,Kia,Sportage,Qoraqalpog‘iston Res.,Benzin,1,35073.00,35073.00
2023,Zeekr,001,Qoraqalpog‘iston Res.,Elektromobil (EV),1,48242.00,48242.00
2023,Geely,Monjaro,Qoraqalpog‘iston Res.,Benzin (Turbo),1,36078.00,36078.00
2023,Jetour,Dashing,Qoraqalpog‘iston Res.,Benzin (Turbo),1,26972.00,26972.00
2023,Li Auto,L7/L9,Qoraqalpog‘iston Res.,Gibrid (EREV),1,57725.00,57725.00
2023,Chevrolet,Cobalt,Toshkent shahri,Benzin,476,11915.00,5671540.00
2023,Chevrolet,Damas,Toshkent shahri,Benzin,81,8812.00,713772.00
2023,Chevrolet,Labo,Toshkent shahri,Benzin,40,8313.00,332520.00
2023,Chevrolet,Lacetti/Gentra,Toshkent shahri,Benzin,449,13448.00,6038152.00
2023,Chevrolet,Tracker-2,Toshkent shahri,Benzin (Turbo),136,19121.00,2600456.00
2023,Chevrolet,Onix,Toshkent shahri,Benzin (Turbo),137,15620.00,2139940.00
2023,Chevrolet,Malibu-2,Toshkent shahri,Benzin (Turbo),42,35198.00,1478316.00
2023,BYD,Song Plus DM-i,Toshkent shahri,Gibrid (PHEV),329,27821.00,9153109.00
2023,BYD,Chazor (Destroyer 05),Toshkent shahri,Gibrid (PHEV),269,20621.00,5547049.00
2023,BYD,Song Plus EV,Toshkent shahri,Elektromobil (EV),46,31049.00,1428254.00
2023,BYD,Han,Toshkent shahri,Elektromobil (EV),24,43624.00,1046976.00
2023,Chery,Tiggo 7 Pro,Toshkent shahri,Benzin (Turbo),45,26249.00,1181205.00
2023,Chery,Arrizo 6 Pro,Toshkent shahri,Benzin (Turbo),33,20623.00,680559.00
2023,Chery,Tiggo 8 Pro,Toshkent shahri,Benzin (Turbo),16,32979.00,527664.00
2023,Haval,Jolion,Toshkent shahri,Benzin (Turbo),36,23124.00,832464.00
2023,Haval,M6,Toshkent shahri,Benzin,38,19378.00,736364.00
2023,Haval,H6,Toshkent shahri,Benzin (Turbo),18,29484.00,530712.00
2023,Kia,Sonet,Toshkent shahri,Benzin,48,18075.00,867600.00
2023,Kia,K5,Toshkent shahri,Benzin,19,33397.00,634543.00
2023,Kia,Sportage,Toshkent shahri,Benzin,15,35186.00,527790.00
2023,Zeekr,001,Toshkent shahri,Elektromobil (EV),31,48238.00,1495378.00
2023,Geely,Monjaro,Toshkent shahri,Benzin (Turbo),14,35884.00,502376.00
2023,Jetour,Dashing,Toshkent shahri,Benzin (Turbo),18,26656.00,479808.00
2023,Li Auto,L7/L9,Toshkent shahri,Gibrid (EREV),22,57828.00,1272216.00
2023,Chevrolet,Cobalt,Toshkent viloyati,Benzin,160,11766.00,1882560.00
2023,Chevrolet,Damas,Toshkent viloyati,Benzin,160,8894.00,1423040.00
2023,Chevrolet,Labo,Toshkent viloyati,Benzin,86,8084.00,695224.00
2023,Chevrolet,Lacetti/Gentra,Toshkent viloyati,Benzin,157,13325.00,2092025.00
2023,Chevrolet,Tracker-2,Toshkent viloyati,Benzin (Turbo),61,19195.00,1170895.00
2023,Chevrolet,Onix,Toshkent viloyati,Benzin (Turbo),69,15208.00,1049352.00
2023,Chevrolet,Malibu-2,Toshkent viloyati,Benzin (Turbo),9,35146.00,316314.00
2023,BYD,Song Plus DM-i,Toshkent viloyati,Gibrid (PHEV),60,27114.00,1626840.00
2023,BYD,Chazor (Destroyer 05),Toshkent viloyati,Gibrid (PHEV),46,21389.00,983894.00
2023,BYD,Song Plus EV,Toshkent viloyati,Elektromobil (EV),9,31007.00,279063.00
2023,BYD,Han,Toshkent viloyati,Elektromobil (EV),1,43865.00,43865.00
2023,Chery,Tiggo 7 Pro,Toshkent viloyati,Benzin (Turbo),18,26272.00,472896.00
2023,Chery,Arrizo 6 Pro,Toshkent viloyati,Benzin (Turbo),12,20705.00,248460.00
2023,Chery,Tiggo 8 Pro,Toshkent viloyati,Benzin (Turbo),7,32771.00,229397.00
2023,Haval,Jolion,Toshkent viloyati,Benzin (Turbo),15,23351.00,350265.00
2023,Haval,M6,Toshkent viloyati,Benzin,16,19442.00,311072.00
2023,Haval,H6,Toshkent viloyati,Benzin (Turbo),8,29300.00,234400.00
2023,Kia,Sonet,Toshkent viloyati,Benzin,14,18139.00,253946.00
2023,Kia,K5,Toshkent viloyati,Benzin,6,33385.00,200310.00
2023,Kia,Sportage,Toshkent viloyati,Benzin,7,34956.00,244692.00
2023,Zeekr,001,Toshkent viloyati,Elektromobil (EV),4,48277.00,193108.00
2023,Geely,Monjaro,Toshkent viloyati,Benzin (Turbo),5,36151.00,180755.00
2023,Jetour,Dashing,Toshkent viloyati,Benzin (Turbo),7,26859.00,188013.00
2023,Li Auto,L7/L9,Toshkent viloyati,Gibrid (EREV),4,57573.00,230292.00
2023,Chevrolet,Cobalt,Samarqand,Benzin,209,11792.00,2464528.00
2023,Chevrolet,Damas,Samarqand,Benzin,149,8672.00,1292128.00
2023,Chevrolet,Labo,Samarqand,Benzin,71,8340.00,592140.00
2023,Chevrolet,Lacetti/Gentra,Samarqand,Benzin,193,13559.00,2616887.00
2023,Chevrolet,Tracker-2,Samarqand,Benzin (Turbo),53,18813.00,997089.00
2023,Chevrolet,Onix,Samarqand,Benzin (Turbo),52,15310.00,796120.00
2023,Chevrolet,Malibu-2,Samarqand,Benzin (Turbo),8,34854.00,278832.00
2023,BYD,Song Plus DM-i,Samarqand,Gibrid (PHEV),67,27408.00,1836336.00
2023,BYD,Chazor (Destroyer 05),Samarqand,Gibrid (PHEV),52,21156.00,1100112.00
2023,BYD,Song Plus EV,Samarqand,Elektromobil (EV),8,31027.00,248216.00
2023,BYD,Han,Samarqand,Elektromobil (EV),5,44325.00,221625.00
2023,Chery,Tiggo 7 Pro,Samarqand,Benzin (Turbo),14,26215.00,367010.00
2023,Chery,Arrizo 6 Pro,Samarqand,Benzin (Turbo),11,20586.00,226446.00
2023,Chery,Tiggo 8 Pro,Samarqand,Benzin (Turbo),6,33048.00,198288.00
2023,Haval,Jolion,Samarqand,Benzin (Turbo),13,23227.00,301951.00
2023,Haval,M6,Samarqand,Benzin,14,19289.00,270046.00
2023,Haval,H6,Samarqand,Benzin (Turbo),7,29252.00,204764.00
2023,Kia,Sonet,Samarqand,Benzin,15,17951.00,269265.00
2023,Kia,K5,Samarqand,Benzin,8,33607.00,268856.00
2023,Kia,Sportage,Samarqand,Benzin,3,34945.00,104835.00
2023,Zeekr,001,Samarqand,Elektromobil (EV),4,48225.00,192900.00
2023,Geely,Monjaro,Samarqand,Benzin (Turbo),5,35877.00,179385.00
2023,Jetour,Dashing,Samarqand,Benzin (Turbo),5,26625.00,133125.00
2023,Li Auto,L7/L9,Samarqand,Gibrid (EREV),5,57807.00,289035.00
2023,Chevrolet,Cobalt,Farg‘ona,Benzin,179,12007.00,2149253.00
2023,Chevrolet,Damas,Farg‘ona,Benzin,269,8906.00,2395714.00
2023,Chevrolet,Labo,Farg‘ona,Benzin,172,8382.00,1441704.00
2023,Chevrolet,Lacetti/Gentra,Farg‘ona,Benzin,110,13414.00,1475540.00
2023,Chevrolet,Tracker-2,Farg‘ona,Benzin (Turbo),40,19165.00,766600.00
2023,Chevrolet,Onix,Farg‘ona,Benzin (Turbo),51,15287.00,779637.00
2023,Chevrolet,Malibu-2,Farg‘ona,Benzin (Turbo),8,35159.00,281272.00
2023,BYD,Song Plus DM-i,Farg‘ona,Gibrid (PHEV),47,27446.00,1289962.00
2023,BYD,Chazor (Destroyer 05),Farg‘ona,Gibrid (PHEV),38,20708.00,786904.00
2023,BYD,Song Plus EV,Farg‘ona,Elektromobil (EV),1,31398.00,31398.00
2023,BYD,Han,Farg‘ona,Elektromobil (EV),1,44188.00,44188.00
2023,Chery,Tiggo 7 Pro,Farg‘ona,Benzin (Turbo),11,26241.00,288651.00
2023,Chery,Arrizo 6 Pro,Farg‘ona,Benzin (Turbo),10,20516.00,205160.00
2023,Chery,Tiggo 8 Pro,Farg‘ona,Benzin (Turbo),4,32851.00,131404.00
2023,Haval,Jolion,Farg‘ona,Benzin (Turbo),12,22999.00,275988.00
2023,Haval,M6,Farg‘ona,Benzin,15,19221.00,288315.00
2023,Haval,H6,Farg‘ona,Benzin (Turbo),6,29403.00,176418.00
2023,Kia,Sonet,Farg‘ona,Benzin,14,17862.00,250068.00
2023,Kia,K5,Farg‘ona,Benzin,6,33596.00,201576.00
2023,Kia,Sportage,Farg‘ona,Benzin,4,34987.00,139948.00
2023,Zeekr,001,Farg‘ona,Elektromobil (EV),1,48434.00,48434.00
2023,Geely,Monjaro,Farg‘ona,Benzin (Turbo),3,36001.00,108003.00
2023,Jetour,Dashing,Farg‘ona,Benzin (Turbo),4,26614.00,106456.00
2023,Li Auto,L7/L9,Farg‘ona,Gibrid (EREV),1,57669.00,57669.00
2023,Chevrolet,Cobalt,Andijon,Benzin,128,11770.00,1506560.00
2023,Chevrolet,Damas,Andijon,Benzin,281,8899.00,2500619.00
2023,Chevrolet,Labo,Andijon,Benzin,152,8250.00,1254000.00
2023,Chevrolet,Lacetti/Gentra,Andijon,Benzin,100,13214.00,1321400.00
2023,Chevrolet,Tracker-2,Andijon,Benzin (Turbo),40,18741.00,749640.00
2023,Chevrolet,Onix,Andijon,Benzin (Turbo),44,15680.00,689920.00
2023,Chevrolet,Malibu-2,Andijon,Benzin (Turbo),5,34853.00,174265.00
2023,BYD,Song Plus DM-i,Andijon,Gibrid (PHEV),41,27444.00,1125204.00
2023,BYD,Chazor (Destroyer 05),Andijon,Gibrid (PHEV),37,21233.00,785621.00
2023,BYD,Song Plus EV,Andijon,Elektromobil (EV),3,30669.00,92007.00
2023,BYD,Han,Andijon,Elektromobil (EV),1,44150.00,44150.00
2023,Chery,Tiggo 7 Pro,Andijon,Benzin (Turbo),12,26351.00,316212.00
2023,Chery,Arrizo 6 Pro,Andijon,Benzin (Turbo),9,20643.00,185787.00
2023,Chery,Tiggo 8 Pro,Andijon,Benzin (Turbo),3,33033.00,99099.00
2023,Haval,Jolion,Andijon,Benzin (Turbo),9,23303.00,209727.00
2023,Haval,M6,Andijon,Benzin,9,19178.00,172602.00
2023,Haval,H6,Andijon,Benzin (Turbo),6,29263.00,175578.00
2023,Kia,Sonet,Andijon,Benzin,12,17961.00,215532.00
2023,Kia,K5,Andijon,Benzin,4,33417.00,133668.00
2023,Kia,Sportage,Andijon,Benzin,3,34918.00,104754.00
2023,Zeekr,001,Andijon,Elektromobil (EV),3,48470.00,145410.00
2023,Geely,Monjaro,Andijon,Benzin (Turbo),4,36125.00,144500.00
2023,Jetour,Dashing,Andijon,Benzin (Turbo),5,26672.00,133360.00
2023,Li Auto,L7/L9,Andijon,Gibrid (EREV),1,57492.00,57492.00
2023,Chevrolet,Cobalt,Namangan,Benzin,121,11711.00,1417031.00
2023,Chevrolet,Damas,Namangan,Benzin,225,8745.00,1967625.00
2023,Chevrolet,Labo,Namangan,Benzin,126,8156.00,1027656.00
2023,Chevrolet,Lacetti/Gentra,Namangan,Benzin,98,13456.00,1318688.00
2023,Chevrolet,Tracker-2,Namangan,Benzin (Turbo),33,18863.00,622479.00
2023,Chevrolet,Onix,Namangan,Benzin (Turbo),37,15575.00,576275.00
2023,Chevrolet,Malibu-2,Namangan,Benzin (Turbo),3,34892.00,104676.00
2023,BYD,Song Plus DM-i,Namangan,Gibrid (PHEV),35,27407.00,959245.00
2023,BYD,Chazor (Destroyer 05),Namangan,Gibrid (PHEV),32,21171.00,677472.00
2023,BYD,Song Plus EV,Namangan,Elektromobil (EV),2,31390.00,62780.00
2023,BYD,Han,Namangan,Elektromobil (EV),2,43750.00,87500.00
2023,Chery,Tiggo 7 Pro,Namangan,Benzin (Turbo),10,26221.00,262210.00
2023,Chery,Arrizo 6 Pro,Namangan,Benzin (Turbo),9,20622.00,185598.00
2023,Chery,Tiggo 8 Pro,Namangan,Benzin (Turbo),3,32848.00,98544.00
2023,Haval,Jolion,Namangan,Benzin (Turbo),8,23157.00,185256.00
2023,Haval,M6,Namangan,Benzin,8,19372.00,154976.00
2023,Haval,H6,Namangan,Benzin (Turbo),6,29529.00,177174.00
2023,Kia,Sonet,Namangan,Benzin,10,17894.00,178940.00
2023,Kia,K5,Namangan,Benzin,4,33349.00,133396.00
2023,Kia,Sportage,Namangan,Benzin,3,35193.00,105579.00
2023,Zeekr,001,Namangan,Elektromobil (EV),2,48423.00,96846.00
2023,Geely,Monjaro,Namangan,Benzin (Turbo),2,36164.00,72328.00
2023,Jetour,Dashing,Namangan,Benzin (Turbo),4,26897.00,107588.00
2023,Li Auto,L7/L9,Namangan,Gibrid (EREV),1,57623.00,57623.00
2023,Chevrolet,Cobalt,Buxoro,Benzin,145,11659.00,1690555.00
2023,Chevrolet,Damas,Buxoro,Benzin,93,8771.00,815703.00
2023,Chevrolet,Labo,Buxoro,Benzin,52,8309.00,432068.00
2023,Chevrolet,Lacetti/Gentra,Buxoro,Benzin,104,13547.00,1408888.00
2023,Chevrolet,Tracker-2,Buxoro,Benzin (Turbo),29,19004.00,551116.00
2023,Chevrolet,Onix,Buxoro,Benzin (Turbo),33,15343.00,506319.00
2023,Chevrolet,Malibu-2,Buxoro,Benzin (Turbo),3,34891.00,104673.00
2023,BYD,Song Plus DM-i,Buxoro,Gibrid (PHEV),42,27821.00,1168482.00
2023,BYD,Chazor (Destroyer 05),Buxoro,Gibrid (PHEV),33,21153.00,698049.00
2023,BYD,Song Plus EV,Buxoro,Elektromobil (EV),4,30872.00,123488.00
2023,BYD,Han,Buxoro,Elektromobil (EV),2,43754.00,87508.00
2023,Chery,Tiggo 7 Pro,Buxoro,Benzin (Turbo),8,26074.00,208592.00
2023,Chery,Arrizo 6 Pro,Buxoro,Benzin (Turbo),6,20614.00,123684.00
2023,Chery,Tiggo 8 Pro,Buxoro,Benzin (Turbo),4,32893.00,131572.00
2023,Haval,Jolion,Buxoro,Benzin (Turbo),6,23311.00,139866.00
2023,Haval,M6,Buxoro,Benzin,9,19337.00,174033.00
2023,Haval,H6,Buxoro,Benzin (Turbo),4,29269.00,117076.00
2023,Kia,Sonet,Buxoro,Benzin,11,18206.00,200266.00
2023,Kia,K5,Buxoro,Benzin,5,33440.00,167200.00
2023,Kia,Sportage,Buxoro,Benzin,2,35008.00,70016.00
2023,Zeekr,001,Buxoro,Elektromobil (EV),3,48431.00,145293.00
2023,Geely,Monjaro,Buxoro,Benzin (Turbo),2,36164.00,72328.00
2023,Jetour,Dashing,Buxoro,Benzin (Turbo),4,26972.00,107888.00
2023,Li Auto,L7/L9,Buxoro,Gibrid (EREV),1,57588.00,57588.00
2023,Chevrolet,Cobalt,Qashqadaryo,Benzin,97,11956.00,1159732.00
2023,Chevrolet,Damas,Qashqadaryo,Benzin,80,8750.00,700000.00
2023,Chevrolet,Labo,Qashqadaryo,Benzin,44,8276.00,364144.00
2023,Chevrolet,Lacetti/Gentra,Qashqadaryo,Benzin,79,13293.00,1050147.00
2023,Chevrolet,Tracker-2,Qashqadaryo,Benzin (Turbo),24,18786.00,450864.00
2023,Chevrolet,Onix,Qashqadaryo,Benzin (Turbo),27,15752.00,425304.00
2023,Chevrolet,Malibu-2,Qashqadaryo,Benzin (Turbo),4,34997.00,139988.00
2023,BYD,Song Plus DM-i,Qashqadaryo,Gibrid (PHEV),29,27674.00,802546.00
2023,BYD,Chazor (Destroyer 05),Qashqadaryo,Gibrid (PHEV),20,20982.00,419640.00
2023,BYD,Song Plus EV,Qashqadaryo,Elektromobil (EV),5,30808.00,154040.00
2023,BYD,Han,Qashqadaryo,Elektromobil (EV),3,43823.00,131469.00
2023,Chery,Tiggo 7 Pro,Qashqadaryo,Benzin (Turbo),7,26067.00,182469.00
2023,Chery,Arrizo 6 Pro,Qashqadaryo,Benzin (Turbo),5,20515.00,102575.00
2023,Chery,Tiggo 8 Pro,Qashqadaryo,Benzin (Turbo),3,33029.00,99087.00
2023,Haval,Jolion,Qashqadaryo,Benzin (Turbo),7,23069.00,161483.00
2023,Haval,M6,Qashqadaryo,Benzin,8,19436.00,155488.00
2023,Haval,H6,Qashqadaryo,Benzin (Turbo),2,29492.00,58984.00
2023,Kia,Sonet,Qashqadaryo,Benzin,7,17874.00,125118.00
2023,Kia,K5,Qashqadaryo,Benzin,2,33353.00,66706.00
2023,Kia,Sportage,Qashqadaryo,Benzin,1,34889.00,34889.00
2023,Zeekr,001,Qashqadaryo,Elektromobil (EV),3,48456.00,145368.00
2023,Geely,Monjaro,Qashqadaryo,Benzin (Turbo),2,36113.00,72226.00
2023,Jetour,Dashing,Qashqadaryo,Benzin (Turbo),4,26940.00,107760.00
2023,Li Auto,L7/L9,Qashqadaryo,Gibrid (EREV),3,57833.00,173499.00
2023,Chevrolet,Cobalt,Xorazm,Benzin,68,11900.00,809200.00
2023,Chevrolet,Damas,Xorazm,Benzin,146,8776.00,1281296.00
2023,Chevrolet,Labo,Xorazm,Benzin,69,8073.00,557037.00
2023,Chevrolet,Lacetti/Gentra,Xorazm,Benzin,57,13268.00,756276.00
2023,Chevrolet,Tracker-2,Xorazm,Benzin (Turbo),17,18797.00,319549.00
2023,Chevrolet,Onix,Xorazm,Benzin (Turbo),19,15281.00,290339.00
2023,Chevrolet,Malibu-2,Xorazm,Benzin (Turbo),4,35011.00,140044.00
2023,BYD,Song Plus DM-i,Xorazm,Gibrid (PHEV),21,27864.00,585144.00
2023,BYD,Chazor (Destroyer 05),Xorazm,Gibrid (PHEV),15,20946.00,314190.00
2023,BYD,Song Plus EV,Xorazm,Elektromobil (EV),1,30909.00,30909.00
2023,BYD,Han,Xorazm,Elektromobil (EV),1,44200.00,44200.00
2023,Chery,Tiggo 7 Pro,Xorazm,Benzin (Turbo),4,26120.00,104480.00
2023,Chery,Arrizo 6 Pro,Xorazm,Benzin (Turbo),2,20644.00,41288.00
2023,Chery,Tiggo 8 Pro,Xorazm,Benzin (Turbo),4,32781.00,131124.00
2023,Haval,Jolion,Xorazm,Benzin (Turbo),5,23096.00,115480.00
2023,Haval,M6,Xorazm,Benzin,5,19291.00,96455.00
2023,Haval,H6,Xorazm,Benzin (Turbo),1,29284.00,29284.00
2023,Kia,Sonet,Xorazm,Benzin,4,17956.00,71824.00
2023,Kia,K5,Xorazm,Benzin,1,33664.00,33664.00
2023,Kia,Sportage,Xorazm,Benzin,2,34900.00,69800.00
2023,Zeekr,001,Xorazm,Elektromobil (EV),1,48357.00,48357.00
2023,Geely,Monjaro,Xorazm,Benzin (Turbo),2,35865.00,71730.00
2023,Jetour,Dashing,Xorazm,Benzin (Turbo),3,26780.00,80340.00
2023,Li Auto,L7/L9,Xorazm,Gibrid (EREV),1,57676.00,57676.00
2023,Chevrolet,Cobalt,Surxondaryo,Benzin,76,11858.00,901208.00
2023,Chevrolet,Damas,Surxondaryo,Benzin,73,8832.00,644736.00
2023,Chevrolet,Labo,Surxondaryo,Benzin,33,8290.00,273570.00
2023,Chevrolet,Lacetti/Gentra,Surxondaryo,Benzin,60,13555.00,813300.00
2023,Chevrolet,Tracker-2,Surxondaryo,Benzin (Turbo),20,18796.00,375920.00
2023,Chevrolet,Onix,Surxondaryo,Benzin (Turbo),23,15712.00,361376.00
2023,Chevrolet,Malibu-2,Surxondaryo,Benzin (Turbo),3,34901.00,104703.00
2023,BYD,Song Plus DM-i,Surxondaryo,Gibrid (PHEV),20,27382.00,547640.00
2023,BYD,Chazor (Destroyer 05),Surxondaryo,Gibrid (PHEV),17,20883.00,355011.00
2023,BYD,Song Plus EV,Surxondaryo,Elektromobil (EV),1,30705.00,30705.00
2023,BYD,Han,Surxondaryo,Elektromobil (EV),1,43617.00,43617.00
2023,Chery,Tiggo 7 Pro,Surxondaryo,Benzin (Turbo),5,26246.00,131230.00
2023,Chery,Arrizo 6 Pro,Surxondaryo,Benzin (Turbo),4,20694.00,82776.00
2023,Chery,Tiggo 8 Pro,Surxondaryo,Benzin (Turbo),1,32948.00,32948.00
2023,Haval,Jolion,Surxondaryo,Benzin (Turbo),6,23156.00,138936.00
2023,Haval,M6,Surxondaryo,Benzin,5,19449.00,97245.00
2023,Haval,H6,Surxondaryo,Benzin (Turbo),2,29477.00,58954.00
2023,Kia,Sonet,Surxondaryo,Benzin,7,17895.00,125265.00
2023,Kia,K5,Surxondaryo,Benzin,3,33570.00,100710.00
2023,Kia,Sportage,Surxondaryo,Benzin,2,34889.00,69778.00
2023,Zeekr,001,Surxondaryo,Elektromobil (EV),2,48514.00,97028.00
2023,Geely,Monjaro,Surxondaryo,Benzin (Turbo),1,35901.00,35901.00
2023,Jetour,Dashing,Surxondaryo,Benzin (Turbo),2,26913.00,53826.00
2023,Li Auto,L7/L9,Surxondaryo,Gibrid (EREV),2,57488.00,114976.00
2023,Chevrolet,Cobalt,Navoiy,Benzin,56,11772.00,659232.00
2023,Chevrolet,Damas,Navoiy,Benzin,43,8574.00,368682.00
2023,Chevrolet,Labo,Navoiy,Benzin,21,8063.00,169323.00
2023,Chevrolet,Lacetti/Gentra,Navoiy,Benzin,40,13573.00,542920.00
2023,Chevrolet,Tracker-2,Navoiy,Benzin (Turbo),12,19273.00,231276.00
2023,Chevrolet,Onix,Navoiy,Benzin (Turbo),17,15485.00,263245.00
2023,Chevrolet,Malibu-2,Navoiy,Benzin (Turbo),2,34945.00,69890.00
2023,BYD,Song Plus DM-i,Navoiy,Gibrid (PHEV),16,27512.00,440192.00
2023,BYD,Chazor (Destroyer 05),Navoiy,Gibrid (PHEV),12,21142.00,253704.00
2023,BYD,Song Plus EV,Navoiy,Elektromobil (EV),4,30757.00,123028.00
2023,BYD,Han,Navoiy,Elektromobil (EV),1,43872.00,43872.00
2023,Chery,Tiggo 7 Pro,Navoiy,Benzin (Turbo),4,26358.00,105432.00
2023,Chery,Arrizo 6 Pro,Navoiy,Benzin (Turbo),2,20509.00,41018.00
2023,Chery,Tiggo 8 Pro,Navoiy,Benzin (Turbo),1,33037.00,33037.00
2023,Haval,Jolion,Navoiy,Benzin (Turbo),2,23031.00,46062.00
2023,Haval,M6,Navoiy,Benzin,5,19454.00,97270.00
2023,Haval,H6,Navoiy,Benzin (Turbo),2,29431.00,58862.00
2023,Kia,Sonet,Navoiy,Benzin,3,17840.00,53520.00
2023,Kia,K5,Navoiy,Benzin,2,33442.00,66884.00
2023,Kia,Sportage,Navoiy,Benzin,1,34845.00,34845.00
2023,Zeekr,001,Navoiy,Elektromobil (EV),2,48283.00,96566.00
2023,Geely,Monjaro,Navoiy,Benzin (Turbo),1,36041.00,36041.00
2023,Jetour,Dashing,Navoiy,Benzin (Turbo),1,26906.00,26906.00
2023,Li Auto,L7/L9,Navoiy,Gibrid (EREV),1,57587.00,57587.00
2023,Chevrolet,Cobalt,Jizzax,Benzin,33,11850.00,391050.00
2023,Chevrolet,Damas,Jizzax,Benzin,26,8632.00,224432.00
2023,Chevrolet,Labo,Jizzax,Benzin,18,8041.00,144738.00
2023,Chevrolet,Lacetti/Gentra,Jizzax,Benzin,25,13199.00,329975.00
2023,Chevrolet,Tracker-2,Jizzax,Benzin (Turbo),9,18849.00,169641.00
2023,Chevrolet,Onix,Jizzax,Benzin (Turbo),9,15539.00,139851.00
2023,Chevrolet,Malibu-2,Jizzax,Benzin (Turbo),1,34877.00,34877.00
2023,BYD,Song Plus DM-i,Jizzax,Gibrid (PHEV),11,27297.00,300267.00
2023,BYD,Chazor (Destroyer 05),Jizzax,Gibrid (PHEV),7,20696.00,144872.00
2023,BYD,Song Plus EV,Jizzax,Elektromobil (EV),2,30878.00,61756.00
2023,BYD,Han,Jizzax,Elektromobil (EV),1,44166.00,44166.00
2023,Chery,Tiggo 7 Pro,Jizzax,Benzin (Turbo),4,26256.00,105024.00
2023,Chery,Arrizo 6 Pro,Jizzax,Benzin (Turbo),2,20529.00,41058.00
2023,Chery,Tiggo 8 Pro,Jizzax,Benzin (Turbo),1,32814.00,32814.00
2023,Haval,Jolion,Jizzax,Benzin (Turbo),2,23268.00,46536.00
2023,Haval,M6,Jizzax,Benzin,4,19282.00,77128.00
2023,Haval,H6,Jizzax,Benzin (Turbo),1,29189.00,29189.00
2023,Kia,Sonet,Jizzax,Benzin,1,17903.00,17903.00
2023,Kia,K5,Jizzax,Benzin,2,33371.00,66742.00
2023,Kia,Sportage,Jizzax,Benzin,2,34988.00,69976.00
2023,Zeekr,001,Jizzax,Elektromobil (EV),2,48523.00,97046.00
2023,Geely,Monjaro,Jizzax,Benzin (Turbo),1,35881.00,35881.00
2023,Jetour,Dashing,Jizzax,Benzin (Turbo),1,26684.00,26684.00
2023,Li Auto,L7/L9,Jizzax,Gibrid (EREV),1,57480.00,57480.00
2023,Chevrolet,Cobalt,Sirdaryo,Benzin,31,11650.00,361150.00
2023,Chevrolet,Damas,Sirdaryo,Benzin,23,8657.00,199111.00
2023,Chevrolet,Labo,Sirdaryo,Benzin,13,8197.00,106561.00
2023,Chevrolet,Lacetti/Gentra,Sirdaryo,Benzin,22,13417.00,295174.00
2023,Chevrolet,Tracker-2,Sirdaryo,Benzin (Turbo),5,18796.00,93980.00
2023,Chevrolet,Onix,Sirdaryo,Benzin (Turbo),8,15273.00,122184.00
2023,Chevrolet,Malibu-2,Sirdaryo,Benzin (Turbo),1,35126.00,35126.00
2023,BYD,Song Plus DM-i,Sirdaryo,Gibrid (PHEV),8,27815.00,222520.00
2023,BYD,Chazor (Destroyer 05),Sirdaryo,Gibrid (PHEV),7,21126.00,147882.00
2023,BYD,Song Plus EV,Sirdaryo,Elektromobil (EV),2,31173.00,62346.00
2023,BYD,Han,Sirdaryo,Elektromobil (EV),1,44093.00,44093.00
2023,Chery,Tiggo 7 Pro,Sirdaryo,Benzin (Turbo),2,26251.00,52502.00
2023,Chery,Arrizo 6 Pro,Sirdaryo,Benzin (Turbo),1,20691.00,20691.00
2023,Chery,Tiggo 8 Pro,Sirdaryo,Benzin (Turbo),1,32873.00,32873.00
2023,Haval,Jolion,Sirdaryo,Benzin (Turbo),1,23189.00,23189.00
2023,Haval,M6,Sirdaryo,Benzin,2,19441.00,38882.00
2023,Haval,H6,Sirdaryo,Benzin (Turbo),1,29357.00,29357.00
2023,Kia,Sonet,Sirdaryo,Benzin,1,17898.00,17898.00
2023,Kia,K5,Sirdaryo,Benzin,1,33391.00,33391.00
2023,Kia,Sportage,Sirdaryo,Benzin,2,34985.00,69970.00
2023,Zeekr,001,Sirdaryo,Elektromobil (EV),1,48575.00,48575.00
2023,Geely,Monjaro,Sirdaryo,Benzin (Turbo),1,35969.00,35969.00
2023,Jetour,Dashing,Sirdaryo,Benzin (Turbo),1,26892.00,26892.00
2023,Li Auto,L7/L9,Sirdaryo,Gibrid (EREV),1,57609.00,57609.00
2023,Chevrolet,Cobalt,Qoraqalpog‘iston Res.,Benzin,23,11781.00,270963.00
2023,Chevrolet,Damas,Qoraqalpog‘iston Res.,Benzin,21,8878.00,186438.00
2023,Chevrolet,Labo,Qoraqalpog‘iston Res.,Benzin,12,8222.00,98664.00
2023,Chevrolet,Lacetti/Gentra,Qoraqalpog‘iston Res.,Benzin,24,13341.00,320184.00
2023,Chevrolet,Tracker-2,Qoraqalpog‘iston Res.,Benzin (Turbo),6,19256.00,115536.00
2023,Chevrolet,Onix,Qoraqalpog‘iston Res.,Benzin (Turbo),9,15281.00,137529.00
2023,Chevrolet,Malibu-2,Qoraqalpog‘iston Res.,Benzin (Turbo),1,34976.00,34976.00
2023,BYD,Song Plus DM-i,Qoraqalpog‘iston Res.,Gibrid (PHEV),8,27834.00,222672.00
2023,BYD,Chazor (Destroyer 05),Qoraqalpog‘iston Res.,Gibrid (PHEV),6,20975.00,125850.00
2023,BYD,Song Plus EV,Qoraqalpog‘iston Res.,Elektromobil (EV),1,31158.00,31158.00
2023,BYD,Han,Qoraqalpog‘iston Res.,Elektromobil (EV),1,43846.00,43846.00
2023,Chery,Tiggo 7 Pro,Qoraqalpog‘iston Res.,Benzin (Turbo),1,26083.00,26083.00
2023,Chery,Arrizo 6 Pro,Qoraqalpog‘iston Res.,Benzin (Turbo),1,20553.00,20553.00
2023,Chery,Tiggo 8 Pro,Qoraqalpog‘iston Res.,Benzin (Turbo),1,32913.00,32913.00
2023,Haval,Jolion,Qoraqalpog‘iston Res.,Benzin (Turbo),2,23155.00,46310.00
2023,Haval,M6,Qoraqalpog‘iston Res.,Benzin,1,19294.00,19294.00
2023,Haval,H6,Qoraqalpog‘iston Res.,Benzin (Turbo),1,29427.00,29427.00
2023,Kia,Sonet,Qoraqalpog‘iston Res.,Benzin,2,17900.00,35800.00
2023,Kia,K5,Qoraqalpog‘iston Res.,Benzin,1,33637.00,33637.00
2023,Kia,Sportage,Qoraqalpog‘iston Res.,Benzin,1,34868.00,34868.00
2023,Zeekr,001,Qoraqalpog‘iston Res.,Elektromobil (EV),1,48517.00,48517.00
2023,Geely,Monjaro,Qoraqalpog‘iston Res.,Benzin (Turbo),1,36205.00,36205.00
2023,Jetour,Dashing,Qoraqalpog‘iston Res.,Benzin (Turbo),1,26881.00,26881.00
2023,Li Auto,L7/L9,Qoraqalpog‘iston Res.,Gibrid (EREV),1,57835.00,57835.00
2024,Chevrolet,Cobalt,Toshkent shahri,Benzin,599,12307.00,7371893.00
2024,Chevrolet,Damas,Toshkent shahri,Benzin,99,8938.00,884862.00
2024,Chevrolet,Labo,Toshkent shahri,Benzin,51,8423.00,429573.00
2024,Chevrolet,Lacetti/Gentra,Toshkent shahri,Benzin,295,13779.00,4064805.00
2024,Chevrolet,Tracker-2,Toshkent shahri,Benzin (Turbo),100,17517.00,1751700.00
2024,Chevrolet,Onix,Toshkent shahri,Benzin (Turbo),131,14450.00,1892950.00
2024,Chevrolet,Malibu-2,Toshkent shahri,Benzin (Turbo),30,35993.00,1079790.00
2024,BYD,Song Plus DM-i,Toshkent shahri,Gibrid (PHEV),855,24989.00,21365595.00
2024,BYD,Chazor (Destroyer 05),Toshkent shahri,Gibrid (PHEV),572,19040.00,10890880.00
2024,BYD,Song Plus EV,Toshkent shahri,Elektromobil (EV),142,28420.00,4035640.00
2024,BYD,Han,Toshkent shahri,Elektromobil (EV),48,40147.00,1927056.00
2024,Chery,Tiggo 7 Pro,Toshkent shahri,Benzin (Turbo),65,27082.00,1760330.00
2024,Chery,Arrizo 6 Pro,Toshkent shahri,Benzin (Turbo),60,21107.00,1266420.00
2024,Chery,Tiggo 8 Pro,Toshkent shahri,Benzin (Turbo),23,34005.00,782115.00
2024,Haval,Jolion,Toshkent shahri,Benzin (Turbo),68,24031.00,1634108.00
2024,Haval,M6,Toshkent shahri,Benzin,66,19825.00,1308450.00
2024,Haval,H6,Toshkent shahri,Benzin (Turbo),31,30313.00,939703.00
2024,Kia,Sonet,Toshkent shahri,Benzin,82,18415.00,1510030.00
2024,Kia,K5,Toshkent shahri,Benzin,31,34454.00,1068074.00
2024,Kia,Sportage,Toshkent shahri,Benzin,23,36118.00,830714.00
2024,Zeekr,001,Toshkent shahri,Elektromobil (EV),27,49749.00,1343223.00
2024,Geely,Monjaro,Toshkent shahri,Benzin (Turbo),24,36983.00,887592.00
2024,Jetour,Dashing,Toshkent shahri,Benzin (Turbo),33,27459.00,906147.00
2024,Li Auto,L7/L9,Toshkent shahri,Gibrid (EREV),23,59237.00,1362451.00
2024,Chevrolet,Cobalt,Toshkent viloyati,Benzin,193,12227.00,2359811.00
2024,Chevrolet,Damas,Toshkent viloyati,Benzin,202,8943.00,1806486.00
2024,Chevrolet,Labo,Toshkent viloyati,Benzin,90,8297.00,746730.00
2024,Chevrolet,Lacetti/Gentra,Toshkent viloyati,Benzin,121,13591.00,1644511.00
2024,Chevrolet,Tracker-2,Toshkent viloyati,Benzin (Turbo),43,17742.00,762906.00
2024,Chevrolet,Onix,Toshkent viloyati,Benzin (Turbo),50,14165.00,708250.00
2024,Chevrolet,Malibu-2,Toshkent viloyati,Benzin (Turbo),6,35858.00,215148.00
2024,BYD,Song Plus DM-i,Toshkent viloyati,Gibrid (PHEV),118,25673.00,3029414.00
2024,BYD,Chazor (Destroyer 05),Toshkent viloyati,Gibrid (PHEV),100,19276.00,1927600.00
2024,BYD,Song Plus EV,Toshkent viloyati,Elektromobil (EV),18,28766.00,517788.00
2024,BYD,Han,Toshkent viloyati,Elektromobil (EV),8,40271.00,322168.00
2024,Chery,Tiggo 7 Pro,Toshkent viloyati,Benzin (Turbo),27,27216.00,734832.00
2024,Chery,Arrizo 6 Pro,Toshkent viloyati,Benzin (Turbo),21,21292.00,447132.00
2024,Chery,Tiggo 8 Pro,Toshkent viloyati,Benzin (Turbo),9,33728.00,303552.00
2024,Haval,Jolion,Toshkent viloyati,Benzin (Turbo),20,23666.00,473320.00
2024,Haval,M6,Toshkent viloyati,Benzin,25,19881.00,497025.00
2024,Haval,H6,Toshkent viloyati,Benzin (Turbo),12,30276.00,363312.00
2024,Kia,Sonet,Toshkent viloyati,Benzin,27,18677.00,504279.00
2024,Kia,K5,Toshkent viloyati,Benzin,12,34368.00,412416.00
2024,Kia,Sportage,Toshkent viloyati,Benzin,9,35853.00,322677.00
2024,Zeekr,001,Toshkent viloyati,Elektromobil (EV),5,49913.00,249565.00
2024,Geely,Monjaro,Toshkent viloyati,Benzin (Turbo),8,37263.00,298104.00
2024,Jetour,Dashing,Toshkent viloyati,Benzin (Turbo),11,27369.00,301059.00
2024,Li Auto,L7/L9,Toshkent viloyati,Gibrid (EREV),2,59281.00,118562.00
2024,Chevrolet,Cobalt,Samarqand,Benzin,271,12212.00,3309452.00
2024,Chevrolet,Damas,Samarqand,Benzin,170,9180.00,1560600.00
2024,Chevrolet,Labo,Samarqand,Benzin,86,8676.00,746136.00
2024,Chevrolet,Lacetti/Gentra,Samarqand,Benzin,143,13933.00,1992419.00
2024,Chevrolet,Tracker-2,Samarqand,Benzin (Turbo),42,17501.00,735042.00
2024,Chevrolet,Onix,Samarqand,Benzin (Turbo),37,14311.00,529507.00
2024,Chevrolet,Malibu-2,Samarqand,Benzin (Turbo),5,35964.00,179820.00
2024,BYD,Song Plus DM-i,Samarqand,Gibrid (PHEV),164,25206.00,4133784.00
2024,BYD,Chazor (Destroyer 05),Samarqand,Gibrid (PHEV),110,19571.00,2152810.00
2024,BYD,Song Plus EV,Samarqand,Elektromobil (EV),17,28121.00,478057.00
2024,BYD,Han,Samarqand,Elektromobil (EV),5,40388.00,201940.00
2024,Chery,Tiggo 7 Pro,Samarqand,Benzin (Turbo),24,27057.00,649368.00
2024,Chery,Arrizo 6 Pro,Samarqand,Benzin (Turbo),20,21007.00,420140.00
2024,Chery,Tiggo 8 Pro,Samarqand,Benzin (Turbo),9,34011.00,306099.00
2024,Haval,Jolion,Samarqand,Benzin (Turbo),20,23663.00,473260.00
2024,Haval,M6,Samarqand,Benzin,20,19967.00,399340.00
2024,Haval,H6,Samarqand,Benzin (Turbo),9,30158.00,271422.00
2024,Kia,Sonet,Samarqand,Benzin,24,18585.00,446040.00
2024,Kia,K5,Samarqand,Benzin,11,34465.00,379115.00
2024,Kia,Sportage,Samarqand,Benzin,8,36182.00,289456.00
2024,Zeekr,001,Samarqand,Elektromobil (EV),2,49913.00,99826.00
2024,Geely,Monjaro,Samarqand,Benzin (Turbo),8,37145.00,297160.00
2024,Jetour,Dashing,Samarqand,Benzin (Turbo),9,27689.00,249201.00
2024,Li Auto,L7/L9,Samarqand,Gibrid (EREV),4,59534.00,238136.00
2024,Chevrolet,Cobalt,Farg‘ona,Benzin,177,12040.00,2131080.00
2024,Chevrolet,Damas,Farg‘ona,Benzin,346,9075.00,3139950.00
2024,Chevrolet,Labo,Farg‘ona,Benzin,164,8349.00,1369236.00
2024,Chevrolet,Lacetti/Gentra,Farg‘ona,Benzin,109,13920.00,1517280.00
2024,Chevrolet,Tracker-2,Farg‘ona,Benzin (Turbo),33,17812.00,587796.00
2024,Chevrolet,Onix,Farg‘ona,Benzin (Turbo),32,14132.00,452224.00
2024,Chevrolet,Malibu-2,Farg‘ona,Benzin (Turbo),4,36122.00,144488.00
2024,BYD,Song Plus DM-i,Farg‘ona,Gibrid (PHEV),114,25485.00,2905290.00
2024,BYD,Chazor (Destroyer 05),Farg‘ona,Gibrid (PHEV),89,19463.00,1732207.00
2024,BYD,Song Plus EV,Farg‘ona,Elektromobil (EV),6,28865.00,173190.00
2024,BYD,Han,Farg‘ona,Elektromobil (EV),1,40817.00,40817.00
2024,Chery,Tiggo 7 Pro,Farg‘ona,Benzin (Turbo),21,26886.00,564606.00
2024,Chery,Arrizo 6 Pro,Farg‘ona,Benzin (Turbo),18,21017.00,378306.00
2024,Chery,Tiggo 8 Pro,Farg‘ona,Benzin (Turbo),8,33894.00,271152.00
2024,Haval,Jolion,Farg‘ona,Benzin (Turbo),17,23940.00,406980.00
2024,Haval,M6,Farg‘ona,Benzin,20,20097.00,401940.00
2024,Haval,H6,Farg‘ona,Benzin (Turbo),11,30263.00,332893.00
2024,Kia,Sonet,Farg‘ona,Benzin,20,18437.00,368740.00
2024,Kia,K5,Farg‘ona,Benzin,10,34558.00,345580.00
2024,Kia,Sportage,Farg‘ona,Benzin,7,36233.00,253631.00
2024,Zeekr,001,Farg‘ona,Elektromobil (EV),1,49780.00,49780.00
2024,Geely,Monjaro,Farg‘ona,Benzin (Turbo),8,36912.00,295296.00
2024,Jetour,Dashing,Farg‘ona,Benzin (Turbo),8,27569.00,220552.00
2024,Li Auto,L7/L9,Farg‘ona,Gibrid (EREV),2,59388.00,118776.00
2024,Chevrolet,Cobalt,Andijon,Benzin,153,12240.00,1872720.00
2024,Chevrolet,Damas,Andijon,Benzin,287,9119.00,2617153.00
2024,Chevrolet,Labo,Andijon,Benzin,149,8297.00,1236253.00
2024,Chevrolet,Lacetti/Gentra,Andijon,Benzin,86,13636.00,1172696.00
2024,Chevrolet,Tracker-2,Andijon,Benzin (Turbo),27,17551.00,473877.00
2024,Chevrolet,Onix,Andijon,Benzin (Turbo),34,14127.00,480318.00
2024,Chevrolet,Malibu-2,Andijon,Benzin (Turbo),3,35943.00,107829.00
2024,BYD,Song Plus DM-i,Andijon,Gibrid (PHEV),91,25597.00,2329327.00
2024,BYD,Chazor (Destroyer 05),Andijon,Gibrid (PHEV),65,19027.00,1236755.00
2024,BYD,Song Plus EV,Andijon,Elektromobil (EV),5,28787.00,143935.00
2024,BYD,Han,Andijon,Elektromobil (EV),3,40337.00,121011.00
2024,Chery,Tiggo 7 Pro,Andijon,Benzin (Turbo),19,26956.00,512164.00
2024,Chery,Arrizo 6 Pro,Andijon,Benzin (Turbo),15,21087.00,316305.00
2024,Chery,Tiggo 8 Pro,Andijon,Benzin (Turbo),7,33923.00,237461.00
2024,Haval,Jolion,Andijon,Benzin (Turbo),16,23837.00,381392.00
2024,Haval,M6,Andijon,Benzin,16,20056.00,320896.00
2024,Haval,H6,Andijon,Benzin (Turbo),9,30014.00,270126.00
2024,Kia,Sonet,Andijon,Benzin,19,18679.00,354901.00
2024,Kia,K5,Andijon,Benzin,7,34615.00,242305.00
2024,Kia,Sportage,Andijon,Benzin,7,36017.00,252119.00
2024,Zeekr,001,Andijon,Elektromobil (EV),1,49882.00,49882.00
2024,Geely,Monjaro,Andijon,Benzin (Turbo),8,36939.00,295512.00
2024,Jetour,Dashing,Andijon,Benzin (Turbo),6,27502.00,165012.00
2024,Li Auto,L7/L9,Andijon,Gibrid (EREV),1,59399.00,59399.00
2024,Chevrolet,Cobalt,Namangan,Benzin,140,12377.00,1732780.00
2024,Chevrolet,Damas,Namangan,Benzin,243,8820.00,2143260.00
2024,Chevrolet,Labo,Namangan,Benzin,145,8430.00,1222350.00
2024,Chevrolet,Lacetti/Gentra,Namangan,Benzin,78,13800.00,1076400.00
2024,Chevrolet,Tracker-2,Namangan,Benzin (Turbo),23,17588.00,404524.00
2024,Chevrolet,Onix,Namangan,Benzin (Turbo),28,14601.00,408828.00
2024,Chevrolet,Malibu-2,Namangan,Benzin (Turbo),3,35983.00,107949.00
2024,BYD,Song Plus DM-i,Namangan,Gibrid (PHEV),82,25088.00,2057216.00
2024,BYD,Chazor (Destroyer 05),Namangan,Gibrid (PHEV),58,19219.00,1114702.00
2024,BYD,Song Plus EV,Namangan,Elektromobil (EV),5,28721.00,143605.00
2024,BYD,Han,Namangan,Elektromobil (EV),2,40811.00,81622.00
2024,Chery,Tiggo 7 Pro,Namangan,Benzin (Turbo),16,26838.00,429408.00
2024,Chery,Arrizo 6 Pro,Namangan,Benzin (Turbo),14,21181.00,296534.00
2024,Chery,Tiggo 8 Pro,Namangan,Benzin (Turbo),6,34003.00,204018.00
2024,Haval,Jolion,Namangan,Benzin (Turbo),14,24015.00,336210.00
2024,Haval,M6,Namangan,Benzin,15,19953.00,299295.00
2024,Haval,H6,Namangan,Benzin (Turbo),6,30051.00,180306.00
2024,Kia,Sonet,Namangan,Benzin,19,18673.00,354787.00
2024,Kia,K5,Namangan,Benzin,6,34354.00,206124.00
2024,Kia,Sportage,Namangan,Benzin,6,36039.00,216234.00
2024,Zeekr,001,Namangan,Elektromobil (EV),1,49801.00,49801.00
2024,Geely,Monjaro,Namangan,Benzin (Turbo),4,37206.00,148824.00
2024,Jetour,Dashing,Namangan,Benzin (Turbo),6,27457.00,164742.00
2024,Li Auto,L7/L9,Namangan,Gibrid (EREV),1,59260.00,59260.00
2024,Chevrolet,Cobalt,Buxoro,Benzin,175,12135.00,2123625.00
2024,Chevrolet,Damas,Buxoro,Benzin,101,8872.00,896072.00
2024,Chevrolet,Labo,Buxoro,Benzin,49,8539.00,418411.00
2024,Chevrolet,Lacetti/Gentra,Buxoro,Benzin,92,13928.00,1281376.00
2024,Chevrolet,Tracker-2,Buxoro,Benzin (Turbo),20,17576.00,351520.00
2024,Chevrolet,Onix,Buxoro,Benzin (Turbo),29,14142.00,410118.00
2024,Chevrolet,Malibu-2,Buxoro,Benzin (Turbo),3,36006.00,108018.00
2024,BYD,Song Plus DM-i,Buxoro,Gibrid (PHEV),80,25629.00,2050320.00
2024,BYD,Chazor (Destroyer 05),Buxoro,Gibrid (PHEV),69,19677.00,1357713.00
2024,BYD,Song Plus EV,Buxoro,Elektromobil (EV),11,28209.00,310299.00
2024,BYD,Han,Buxoro,Elektromobil (EV),6,40229.00,241374.00
2024,Chery,Tiggo 7 Pro,Buxoro,Benzin (Turbo),15,26961.00,404415.00
2024,Chery,Arrizo 6 Pro,Buxoro,Benzin (Turbo),10,21198.00,211980.00
2024,Chery,Tiggo 8 Pro,Buxoro,Benzin (Turbo),7,33934.00,237538.00
2024,Haval,Jolion,Buxoro,Benzin (Turbo),12,24016.00,288192.00
2024,Haval,M6,Buxoro,Benzin,13,19895.00,258635.00
2024,Haval,H6,Buxoro,Benzin (Turbo),6,30225.00,181350.00
2024,Kia,Sonet,Buxoro,Benzin,12,18526.00,222312.00
2024,Kia,K5,Buxoro,Benzin,7,34616.00,242312.00
2024,Kia,Sportage,Buxoro,Benzin,6,36238.00,217428.00
2024,Zeekr,001,Buxoro,Elektromobil (EV),3,49814.00,149442.00
2024,Geely,Monjaro,Buxoro,Benzin (Turbo),5,37113.00,185565.00
2024,Jetour,Dashing,Buxoro,Benzin (Turbo),7,27601.00,193207.00
2024,Li Auto,L7/L9,Buxoro,Gibrid (EREV),2,59283.00,118566.00
2024,Chevrolet,Cobalt,Qashqadaryo,Benzin,104,12301.00,1279304.00
2024,Chevrolet,Damas,Qashqadaryo,Benzin,81,9005.00,729405.00
2024,Chevrolet,Labo,Qashqadaryo,Benzin,45,8622.00,387990.00
2024,Chevrolet,Lacetti/Gentra,Qashqadaryo,Benzin,56,13825.00,774200.00
2024,Chevrolet,Tracker-2,Qashqadaryo,Benzin (Turbo),18,17897.00,322146.00
2024,Chevrolet,Onix,Qashqadaryo,Benzin (Turbo),21,14279.00,299859.00
2024,Chevrolet,Malibu-2,Qashqadaryo,Benzin (Turbo),3,35876.00,107628.00
2024,BYD,Song Plus DM-i,Qashqadaryo,Gibrid (PHEV),48,25232.00,1211136.00
2024,BYD,Chazor (Destroyer 05),Qashqadaryo,Gibrid (PHEV),48,19125.00,918000.00
2024,BYD,Song Plus EV,Qashqadaryo,Elektromobil (EV),10,28181.00,281810.00
2024,BYD,Han,Qashqadaryo,Elektromobil (EV),5,40098.00,200490.00
2024,Chery,Tiggo 7 Pro,Qashqadaryo,Benzin (Turbo),12,27194.00,326328.00
2024,Chery,Arrizo 6 Pro,Qashqadaryo,Benzin (Turbo),9,21193.00,190737.00
2024,Chery,Tiggo 8 Pro,Qashqadaryo,Benzin (Turbo),4,34044.00,136176.00
2024,Haval,Jolion,Qashqadaryo,Benzin (Turbo),10,23946.00,239460.00
2024,Haval,M6,Qashqadaryo,Benzin,10,19958.00,199580.00
2024,Haval,H6,Qashqadaryo,Benzin (Turbo),5,30367.00,151835.00
2024,Kia,Sonet,Qashqadaryo,Benzin,13,18477.00,240201.00
2024,Kia,K5,Qashqadaryo,Benzin,4,34334.00,137336.00
2024,Kia,Sportage,Qashqadaryo,Benzin,5,35869.00,179345.00
2024,Zeekr,001,Qashqadaryo,Elektromobil (EV),1,49927.00,49927.00
2024,Geely,Monjaro,Qashqadaryo,Benzin (Turbo),4,37195.00,148780.00
2024,Jetour,Dashing,Qashqadaryo,Benzin (Turbo),4,27665.00,110660.00
2024,Li Auto,L7/L9,Qashqadaryo,Gibrid (EREV),1,59320.00,59320.00
2024,Chevrolet,Cobalt,Xorazm,Benzin,84,12210.00,1025640.00
2024,Chevrolet,Damas,Xorazm,Benzin,140,8852.00,1239280.00
2024,Chevrolet,Labo,Xorazm,Benzin,69,8545.00,589605.00
2024,Chevrolet,Lacetti/Gentra,Xorazm,Benzin,53,13674.00,724722.00
2024,Chevrolet,Tracker-2,Xorazm,Benzin (Turbo),16,17496.00,279936.00
2024,Chevrolet,Onix,Xorazm,Benzin (Turbo),14,14194.00,198716.00
2024,Chevrolet,Malibu-2,Xorazm,Benzin (Turbo),2,36021.00,72042.00
2024,BYD,Song Plus DM-i,Xorazm,Gibrid (PHEV),50,24924.00,1246200.00
2024,BYD,Chazor (Destroyer 05),Xorazm,Gibrid (PHEV),30,19524.00,585720.00
2024,BYD,Song Plus EV,Xorazm,Elektromobil (EV),3,28138.00,84414.00
2024,BYD,Han,Xorazm,Elektromobil (EV),1,40824.00,40824.00
2024,Chery,Tiggo 7 Pro,Xorazm,Benzin (Turbo),8,26869.00,214952.00
2024,Chery,Arrizo 6 Pro,Xorazm,Benzin (Turbo),7,21054.00,147378.00
2024,Chery,Tiggo 8 Pro,Xorazm,Benzin (Turbo),2,33891.00,67782.00
2024,Haval,Jolion,Xorazm,Benzin (Turbo),8,24017.00,192136.00
2024,Haval,M6,Xorazm,Benzin,8,19925.00,159400.00
2024,Haval,H6,Xorazm,Benzin (Turbo),5,30096.00,150480.00
2024,Kia,Sonet,Xorazm,Benzin,8,18550.00,148400.00
2024,Kia,K5,Xorazm,Benzin,4,34507.00,138028.00
2024,Kia,Sportage,Xorazm,Benzin,3,35902.00,107706.00
2024,Zeekr,001,Xorazm,Elektromobil (EV),1,49944.00,49944.00
2024,Geely,Monjaro,Xorazm,Benzin (Turbo),4,37272.00,149088.00
2024,Jetour,Dashing,Xorazm,Benzin (Turbo),4,27511.00,110044.00
2024,Li Auto,L7/L9,Xorazm,Gibrid (EREV),1,59173.00,59173.00
2024,Chevrolet,Cobalt,Surxondaryo,Benzin,79,12200.00,963800.00
2024,Chevrolet,Damas,Surxondaryo,Benzin,67,9077.00,608159.00
2024,Chevrolet,Labo,Surxondaryo,Benzin,37,8562.00,316794.00
2024,Chevrolet,Lacetti/Gentra,Surxondaryo,Benzin,36,13790.00,496440.00
2024,Chevrolet,Tracker-2,Surxondaryo,Benzin (Turbo),16,17802.00,284832.00
2024,Chevrolet,Onix,Surxondaryo,Benzin (Turbo),15,14223.00,213345.00
2024,Chevrolet,Malibu-2,Surxondaryo,Benzin (Turbo),1,36154.00,36154.00
2024,BYD,Song Plus DM-i,Surxondaryo,Gibrid (PHEV),48,24995.00,1199760.00
2024,BYD,Chazor (Destroyer 05),Surxondaryo,Gibrid (PHEV),35,19065.00,667275.00
2024,BYD,Song Plus EV,Surxondaryo,Elektromobil (EV),9,28146.00,253314.00
2024,BYD,Han,Surxondaryo,Elektromobil (EV),4,40161.00,160644.00
2024,Chery,Tiggo 7 Pro,Surxondaryo,Benzin (Turbo),10,26901.00,269010.00
2024,Chery,Arrizo 6 Pro,Surxondaryo,Benzin (Turbo),9,21326.00,191934.00
2024,Chery,Tiggo 8 Pro,Surxondaryo,Benzin (Turbo),4,33757.00,135028.00
2024,Haval,Jolion,Surxondaryo,Benzin (Turbo),8,23850.00,190800.00
2024,Haval,M6,Surxondaryo,Benzin,7,19927.00,139489.00
2024,Haval,H6,Surxondaryo,Benzin (Turbo),3,30013.00,90039.00
2024,Kia,Sonet,Surxondaryo,Benzin,8,18516.00,148128.00
2024,Kia,K5,Surxondaryo,Benzin,4,34453.00,137812.00
2024,Kia,Sportage,Surxondaryo,Benzin,3,36033.00,108099.00
2024,Zeekr,001,Surxondaryo,Elektromobil (EV),3,49898.00,149694.00
2024,Geely,Monjaro,Surxondaryo,Benzin (Turbo),3,37203.00,111609.00
2024,Jetour,Dashing,Surxondaryo,Benzin (Turbo),4,27360.00,109440.00
2024,Li Auto,L7/L9,Surxondaryo,Gibrid (EREV),1,59294.00,59294.00
2024,Chevrolet,Cobalt,Navoiy,Benzin,61,12122.00,739442.00
2024,Chevrolet,Damas,Navoiy,Benzin,43,8917.00,383431.00
2024,Chevrolet,Labo,Navoiy,Benzin,26,8675.00,225550.00
2024,Chevrolet,Lacetti/Gentra,Navoiy,Benzin,30,13938.00,418140.00
2024,Chevrolet,Tracker-2,Navoiy,Benzin (Turbo),10,17477.00,174770.00
2024,Chevrolet,Onix,Navoiy,Benzin (Turbo),10,14236.00,142360.00
2024,Chevrolet,Malibu-2,Navoiy,Benzin (Turbo),1,36136.00,36136.00
2024,BYD,Song Plus DM-i,Navoiy,Gibrid (PHEV),40,25378.00,1015120.00
2024,BYD,Chazor (Destroyer 05),Navoiy,Gibrid (PHEV),25,19038.00,475950.00
2024,BYD,Song Plus EV,Navoiy,Elektromobil (EV),6,28793.00,172758.00
2024,BYD,Han,Navoiy,Elektromobil (EV),2,40393.00,80786.00
2024,Chery,Tiggo 7 Pro,Navoiy,Benzin (Turbo),6,27008.00,162048.00
2024,Chery,Arrizo 6 Pro,Navoiy,Benzin (Turbo),6,21077.00,126462.00
2024,Chery,Tiggo 8 Pro,Navoiy,Benzin (Turbo),2,34045.00,68090.00
2024,Haval,Jolion,Navoiy,Benzin (Turbo),6,23652.00,141912.00
2024,Haval,M6,Navoiy,Benzin,7,19941.00,139587.00
2024,Haval,H6,Navoiy,Benzin (Turbo),2,30341.00,60682.00
2024,Kia,Sonet,Navoiy,Benzin,7,18442.00,129094.00
2024,Kia,K5,Navoiy,Benzin,4,34625.00,138500.00
2024,Kia,Sportage,Navoiy,Benzin,1,36161.00,36161.00
2024,Zeekr,001,Navoiy,Elektromobil (EV),1,49636.00,49636.00
2024,Geely,Monjaro,Navoiy,Benzin (Turbo),1,36951.00,36951.00
2024,Jetour,Dashing,Navoiy,Benzin (Turbo),2,27752.00,55504.00
2024,Li Auto,L7/L9,Navoiy,Gibrid (EREV),1,59378.00,59378.00
2024,Chevrolet,Cobalt,Jizzax,Benzin,37,11993.00,443741.00
2024,Chevrolet,Damas,Jizzax,Benzin,34,8961.00,304674.00
2024,Chevrolet,Labo,Jizzax,Benzin,16,8387.00,134192.00
2024,Chevrolet,Lacetti/Gentra,Jizzax,Benzin,20,13875.00,277500.00
2024,Chevrolet,Tracker-2,Jizzax,Benzin (Turbo),7,17510.00,122570.00
2024,Chevrolet,Onix,Jizzax,Benzin (Turbo),8,14376.00,115008.00
2024,Chevrolet,Malibu-2,Jizzax,Benzin (Turbo),1,36194.00,36194.00
2024,BYD,Song Plus DM-i,Jizzax,Gibrid (PHEV),26,25669.00,667394.00
2024,BYD,Chazor (Destroyer 05),Jizzax,Gibrid (PHEV),17,19267.00,327539.00
2024,BYD,Song Plus EV,Jizzax,Elektromobil (EV),3,28290.00,84870.00
2024,BYD,Han,Jizzax,Elektromobil (EV),1,40186.00,40186.00
2024,Chery,Tiggo 7 Pro,Jizzax,Benzin (Turbo),5,27152.00,135760.00
2024,Chery,Arrizo 6 Pro,Jizzax,Benzin (Turbo),3,21215.00,63645.00
2024,Chery,Tiggo 8 Pro,Jizzax,Benzin (Turbo),1,33788.00,33788.00
2024,Haval,Jolion,Jizzax,Benzin (Turbo),4,23917.00,95668.00
2024,Haval,M6,Jizzax,Benzin,3,19740.00,59220.00
2024,Haval,H6,Jizzax,Benzin (Turbo),2,30182.00,60364.00
2024,Kia,Sonet,Jizzax,Benzin,6,18384.00,110304.00
2024,Kia,K5,Jizzax,Benzin,1,34260.00,34260.00
2024,Kia,Sportage,Jizzax,Benzin,1,36221.00,36221.00
2024,Zeekr,001,Jizzax,Elektromobil (EV),1,49981.00,49981.00
2024,Geely,Monjaro,Jizzax,Benzin (Turbo),2,37015.00,74030.00
2024,Jetour,Dashing,Jizzax,Benzin (Turbo),1,27434.00,27434.00
2024,Li Auto,L7/L9,Jizzax,Gibrid (EREV),1,59396.00,59396.00
2024,Chevrolet,Cobalt,Sirdaryo,Benzin,26,12286.00,319436.00
2024,Chevrolet,Damas,Sirdaryo,Benzin,25,8829.00,220725.00
2024,Chevrolet,Labo,Sirdaryo,Benzin,12,8675.00,104100.00
2024,Chevrolet,Lacetti/Gentra,Sirdaryo,Benzin,15,13778.00,206670.00
2024,Chevrolet,Tracker-2,Sirdaryo,Benzin (Turbo),5,17695.00,88475.00
2024,Chevrolet,Onix,Sirdaryo,Benzin (Turbo),4,14205.00,56820.00
2024,Chevrolet,Malibu-2,Sirdaryo,Benzin (Turbo),1,36053.00,36053.00
2024,BYD,Song Plus DM-i,Sirdaryo,Gibrid (PHEV),19,25500.00,484500.00
2024,BYD,Chazor (Destroyer 05),Sirdaryo,Gibrid (PHEV),12,19503.00,234036.00
2024,BYD,Song Plus EV,Sirdaryo,Elektromobil (EV),2,28796.00,57592.00
2024,BYD,Han,Sirdaryo,Elektromobil (EV),1,40705.00,40705.00
2024,Chery,Tiggo 7 Pro,Sirdaryo,Benzin (Turbo),4,27068.00,108272.00
2024,Chery,Arrizo 6 Pro,Sirdaryo,Benzin (Turbo),3,21373.00,64119.00
2024,Chery,Tiggo 8 Pro,Sirdaryo,Benzin (Turbo),1,34092.00,34092.00
2024,Haval,Jolion,Sirdaryo,Benzin (Turbo),3,23969.00,71907.00
2024,Haval,M6,Sirdaryo,Benzin,4,19865.00,79460.00
2024,Haval,H6,Sirdaryo,Benzin (Turbo),1,30309.00,30309.00
2024,Kia,Sonet,Sirdaryo,Benzin,2,18431.00,36862.00
2024,Kia,K5,Sirdaryo,Benzin,1,34607.00,34607.00
2024,Kia,Sportage,Sirdaryo,Benzin,1,36002.00,36002.00
2024,Zeekr,001,Sirdaryo,Elektromobil (EV),3,50016.00,150048.00
2024,Geely,Monjaro,Sirdaryo,Benzin (Turbo),1,37068.00,37068.00
2024,Jetour,Dashing,Sirdaryo,Benzin (Turbo),1,27451.00,27451.00
2024,Li Auto,L7/L9,Sirdaryo,Gibrid (EREV),1,59340.00,59340.00
2024,Chevrolet,Cobalt,Qoraqalpog‘iston Res.,Benzin,31,12178.00,377518.00
2024,Chevrolet,Damas,Qoraqalpog‘iston Res.,Benzin,24,9156.00,219744.00
2024,Chevrolet,Labo,Qoraqalpog‘iston Res.,Benzin,14,8407.00,117698.00
2024,Chevrolet,Lacetti/Gentra,Qoraqalpog‘iston Res.,Benzin,14,13586.00,190204.00
2024,Chevrolet,Tracker-2,Qoraqalpog‘iston Res.,Benzin (Turbo),5,17919.00,89595.00
2024,Chevrolet,Onix,Qoraqalpog‘iston Res.,Benzin (Turbo),5,14567.00,72835.00
2024,Chevrolet,Malibu-2,Qoraqalpog‘iston Res.,Benzin (Turbo),1,36238.00,36238.00
2024,BYD,Song Plus DM-i,Qoraqalpog‘iston Res.,Gibrid (PHEV),18,25123.00,452214.00
2024,BYD,Chazor (Destroyer 05),Qoraqalpog‘iston Res.,Gibrid (PHEV),12,19495.00,233940.00
2024,BYD,Song Plus EV,Qoraqalpog‘iston Res.,Elektromobil (EV),2,28468.00,56936.00
2024,BYD,Han,Qoraqalpog‘iston Res.,Elektromobil (EV),1,40118.00,40118.00
2024,Chery,Tiggo 7 Pro,Qoraqalpog‘iston Res.,Benzin (Turbo),3,27089.00,81267.00
2024,Chery,Arrizo 6 Pro,Qoraqalpog‘iston Res.,Benzin (Turbo),4,21028.00,84112.00
2024,Chery,Tiggo 8 Pro,Qoraqalpog‘iston Res.,Benzin (Turbo),1,34091.00,34091.00
2024,Haval,Jolion,Qoraqalpog‘iston Res.,Benzin (Turbo),1,23715.00,23715.00
2024,Haval,M6,Qoraqalpog‘iston Res.,Benzin,2,19818.00,39636.00
2024,Haval,H6,Qoraqalpog‘iston Res.,Benzin (Turbo),1,30132.00,30132.00
2024,Kia,Sonet,Qoraqalpog‘iston Res.,Benzin,3,18542.00,55626.00
2024,Kia,K5,Qoraqalpog‘iston Res.,Benzin,4,34352.00,137408.00
2024,Kia,Sportage,Qoraqalpog‘iston Res.,Benzin,2,36224.00,72448.00
2024,Zeekr,001,Qoraqalpog‘iston Res.,Elektromobil (EV),1,49810.00,49810.00
2024,Geely,Monjaro,Qoraqalpog‘iston Res.,Benzin (Turbo),2,36950.00,73900.00
2024,Jetour,Dashing,Qoraqalpog‘iston Res.,Benzin (Turbo),2,27624.00,55248.00
2024,Li Auto,L7/L9,Qoraqalpog‘iston Res.,Gibrid (EREV),1,59417.00,59417.00
2024,Chevrolet,Cobalt,Toshkent shahri,Benzin,648,11999.00,7775352.00
2024,Chevrolet,Damas,Toshkent shahri,Benzin,95,8923.00,847685.00
2024,Chevrolet,Labo,Toshkent shahri,Benzin,52,8328.00,433056.00
2024,Chevrolet,Lacetti/Gentra,Toshkent shahri,Benzin,261,13905.00,3629205.00
2024,Chevrolet,Tracker-2,Toshkent shahri,Benzin (Turbo),116,17715.00,2054940.00
2024,Chevrolet,Onix,Toshkent shahri,Benzin (Turbo),124,14344.00,1778656.00
2024,Chevrolet,Malibu-2,Toshkent shahri,Benzin (Turbo),32,36100.00,1155200.00
2024,BYD,Song Plus DM-i,Toshkent shahri,Gibrid (PHEV),803,25665.00,20608995.00
2024,BYD,Chazor (Destroyer 05),Toshkent shahri,Gibrid (PHEV),557,19575.00,10903275.00
2024,BYD,Song Plus EV,Toshkent shahri,Elektromobil (EV),121,28540.00,3453340.00
2024,BYD,Han,Toshkent shahri,Elektromobil (EV),53,40604.00,2152012.00
2024,Chery,Tiggo 7 Pro,Toshkent shahri,Benzin (Turbo),63,27205.00,1713915.00
2024,Chery,Arrizo 6 Pro,Toshkent shahri,Benzin (Turbo),53,21321.00,1130013.00
2024,Chery,Tiggo 8 Pro,Toshkent shahri,Benzin (Turbo),27,33874.00,914598.00
2024,Haval,Jolion,Toshkent shahri,Benzin (Turbo),55,24007.00,1320385.00
2024,Haval,M6,Toshkent shahri,Benzin,66,19901.00,1313466.00
2024,Haval,H6,Toshkent shahri,Benzin (Turbo),30,30106.00,903180.00
2024,Kia,Sonet,Toshkent shahri,Benzin,73,18466.00,1348018.00
2024,Kia,K5,Toshkent shahri,Benzin,28,34449.00,964572.00
2024,Kia,Sportage,Toshkent shahri,Benzin,25,36210.00,905250.00
2024,Zeekr,001,Toshkent shahri,Elektromobil (EV),29,49867.00,1446143.00
2024,Geely,Monjaro,Toshkent shahri,Benzin (Turbo),24,37175.00,892200.00
2024,Jetour,Dashing,Toshkent shahri,Benzin (Turbo),34,27608.00,938672.00
2024,Li Auto,L7/L9,Toshkent shahri,Gibrid (EREV),24,59252.00,1422048.00
2024,Chevrolet,Cobalt,Toshkent viloyati,Benzin,211,12143.00,2562173.00
2024,Chevrolet,Damas,Toshkent viloyati,Benzin,191,9203.00,1757773.00
2024,Chevrolet,Labo,Toshkent viloyati,Benzin,90,8363.00,752670.00
2024,Chevrolet,Lacetti/Gentra,Toshkent viloyati,Benzin,124,13944.00,1729056.00
2024,Chevrolet,Tracker-2,Toshkent viloyati,Benzin (Turbo),45,17781.00,800145.00
2024,Chevrolet,Onix,Toshkent viloyati,Benzin (Turbo),47,14546.00,683662.00
2024,Chevrolet,Malibu-2,Toshkent viloyati,Benzin (Turbo),7,36064.00,252448.00
2024,BYD,Song Plus DM-i,Toshkent viloyati,Gibrid (PHEV),136,25404.00,3454944.00
2024,BYD,Chazor (Destroyer 05),Toshkent viloyati,Gibrid (PHEV),105,19135.00,2009175.00
2024,BYD,Song Plus EV,Toshkent viloyati,Elektromobil (EV),16,28721.00,459536.00
2024,BYD,Han,Toshkent viloyati,Elektromobil (EV),6,40299.00,241794.00
2024,Chery,Tiggo 7 Pro,Toshkent viloyati,Benzin (Turbo),25,27157.00,678925.00
2024,Chery,Arrizo 6 Pro,Toshkent viloyati,Benzin (Turbo),22,21134.00,464948.00
2024,Chery,Tiggo 8 Pro,Toshkent viloyati,Benzin (Turbo),11,33761.00,371371.00
2024,Haval,Jolion,Toshkent viloyati,Benzin (Turbo),21,23951.00,502971.00
2024,Haval,M6,Toshkent viloyati,Benzin,23,20049.00,461127.00
2024,Haval,H6,Toshkent viloyati,Benzin (Turbo),13,30138.00,391794.00
2024,Kia,Sonet,Toshkent viloyati,Benzin,28,18436.00,516208.00
2024,Kia,K5,Toshkent viloyati,Benzin,11,34431.00,378741.00
2024,Kia,Sportage,Toshkent viloyati,Benzin,9,35964.00,323676.00
2024,Zeekr,001,Toshkent viloyati,Elektromobil (EV),5,49945.00,249725.00
2024,Geely,Monjaro,Toshkent viloyati,Benzin (Turbo),10,36952.00,369520.00
2024,Jetour,Dashing,Toshkent viloyati,Benzin (Turbo),12,27446.00,329352.00
2024,Li Auto,L7/L9,Toshkent viloyati,Gibrid (EREV),4,59161.00,236644.00
2024,Chevrolet,Cobalt,Samarqand,Benzin,259,12054.00,3121986.00
2024,Chevrolet,Damas,Samarqand,Benzin,182,9018.00,1641276.00
2024,Chevrolet,Labo,Samarqand,Benzin,88,8516.00,749408.00
2024,Chevrolet,Lacetti/Gentra,Samarqand,Benzin,142,13684.00,1943128.00
2024,Chevrolet,Tracker-2,Samarqand,Benzin (Turbo),39,17700.00,690300.00
2024,Chevrolet,Onix,Samarqand,Benzin (Turbo),39,14330.00,558870.00
2024,Chevrolet,Malibu-2,Samarqand,Benzin (Turbo),5,36172.00,180860.00
2024,BYD,Song Plus DM-i,Samarqand,Gibrid (PHEV),137,25348.00,3472676.00
2024,BYD,Chazor (Destroyer 05),Samarqand,Gibrid (PHEV),120,19162.00,2299440.00
2024,BYD,Song Plus EV,Samarqand,Elektromobil (EV),16,28326.00,453216.00
2024,BYD,Han,Samarqand,Elektromobil (EV),8,40858.00,326864.00
2024,Chery,Tiggo 7 Pro,Samarqand,Benzin (Turbo),22,27022.00,594484.00
2024,Chery,Arrizo 6 Pro,Samarqand,Benzin (Turbo),17,21298.00,362066.00
2024,Chery,Tiggo 8 Pro,Samarqand,Benzin (Turbo),10,34044.00,340440.00
2024,Haval,Jolion,Samarqand,Benzin (Turbo),21,23752.00,498792.00
2024,Haval,M6,Samarqand,Benzin,22,20024.00,440528.00
2024,Haval,H6,Samarqand,Benzin (Turbo),12,30324.00,363888.00
2024,Kia,Sonet,Samarqand,Benzin,21,18388.00,386148.00
2024,Kia,K5,Samarqand,Benzin,10,34275.00,342750.00
2024,Kia,Sportage,Samarqand,Benzin,8,36000.00,288000.00
2024,Zeekr,001,Samarqand,Elektromobil (EV),4,50002.00,200008.00
2024,Geely,Monjaro,Samarqand,Benzin (Turbo),8,37031.00,296248.00
2024,Jetour,Dashing,Samarqand,Benzin (Turbo),12,27647.00,331764.00
2024,Li Auto,L7/L9,Samarqand,Gibrid (EREV),3,59187.00,177561.00
2024,Chevrolet,Cobalt,Farg‘ona,Benzin,146,12024.00,1755504.00
2024,Chevrolet,Damas,Farg‘ona,Benzin,390,8921.00,3479190.00
2024,Chevrolet,Labo,Farg‘ona,Benzin,174,8496.00,1478304.00
2024,Chevrolet,Lacetti/Gentra,Farg‘ona,Benzin,107,13659.00,1461513.00
2024,Chevrolet,Tracker-2,Farg‘ona,Benzin (Turbo),38,17676.00,671688.00
2024,Chevrolet,Onix,Farg‘ona,Benzin (Turbo),37,14648.00,541976.00
2024,Chevrolet,Malibu-2,Farg‘ona,Benzin (Turbo),7,36196.00,253372.00
2024,BYD,Song Plus DM-i,Farg‘ona,Gibrid (PHEV),105,25080.00,2633400.00
2024,BYD,Chazor (Destroyer 05),Farg‘ona,Gibrid (PHEV),73,19611.00,1431603.00
2024,BYD,Song Plus EV,Farg‘ona,Elektromobil (EV),6,28300.00,169800.00
2024,BYD,Han,Farg‘ona,Elektromobil (EV),1,40691.00,40691.00
2024,Chery,Tiggo 7 Pro,Farg‘ona,Benzin (Turbo),20,27213.00,544260.00
2024,Chery,Arrizo 6 Pro,Farg‘ona,Benzin (Turbo),17,21242.00,361114.00
2024,Chery,Tiggo 8 Pro,Farg‘ona,Benzin (Turbo),5,33792.00,168960.00
2024,Haval,Jolion,Farg‘ona,Benzin (Turbo),15,23651.00,354765.00
2024,Haval,M6,Farg‘ona,Benzin,18,19971.00,359478.00
2024,Haval,H6,Farg‘ona,Benzin (Turbo),10,30362.00,303620.00
2024,Kia,Sonet,Farg‘ona,Benzin,22,18448.00,405856.00
2024,Kia,K5,Farg‘ona,Benzin,9,34251.00,308259.00
2024,Kia,Sportage,Farg‘ona,Benzin,7,36082.00,252574.00
2024,Zeekr,001,Farg‘ona,Elektromobil (EV),2,49701.00,99402.00
2024,Geely,Monjaro,Farg‘ona,Benzin (Turbo),7,37043.00,259301.00
2024,Jetour,Dashing,Farg‘ona,Benzin (Turbo),8,27629.00,221032.00
2024,Li Auto,L7/L9,Farg‘ona,Gibrid (EREV),1,59406.00,59406.00
2024,Chevrolet,Cobalt,Andijon,Benzin,167,12095.00,2019865.00
2024,Chevrolet,Damas,Andijon,Benzin,284,8841.00,2510844.00
2024,Chevrolet,Labo,Andijon,Benzin,166,8379.00,1390914.00
2024,Chevrolet,Lacetti/Gentra,Andijon,Benzin,92,13725.00,1262700.00
2024,Chevrolet,Tracker-2,Andijon,Benzin (Turbo),31,17483.00,541973.00
2024,Chevrolet,Onix,Andijon,Benzin (Turbo),33,14576.00,481008.00
2024,Chevrolet,Malibu-2,Andijon,Benzin (Turbo),3,36009.00,108027.00
2024,BYD,Song Plus DM-i,Andijon,Gibrid (PHEV),88,25056.00,2204928.00
2024,BYD,Chazor (Destroyer 05),Andijon,Gibrid (PHEV),63,19673.00,1239399.00
2024,BYD,Song Plus EV,Andijon,Elektromobil (EV),6,28560.00,171360.00
2024,BYD,Han,Andijon,Elektromobil (EV),2,40181.00,80362.00
2024,Chery,Tiggo 7 Pro,Andijon,Benzin (Turbo),19,27191.00,516629.00
2024,Chery,Arrizo 6 Pro,Andijon,Benzin (Turbo),15,21057.00,315855.00
2024,Chery,Tiggo 8 Pro,Andijon,Benzin (Turbo),8,33831.00,270648.00
2024,Haval,Jolion,Andijon,Benzin (Turbo),17,23741.00,403597.00
2024,Haval,M6,Andijon,Benzin,16,19779.00,316464.00
2024,Haval,H6,Andijon,Benzin (Turbo),8,30245.00,241960.00
2024,Kia,Sonet,Andijon,Benzin,21,18738.00,393498.00
2024,Kia,K5,Andijon,Benzin,8,34453.00,275624.00
2024,Kia,Sportage,Andijon,Benzin,6,35868.00,215208.00
2024,Zeekr,001,Andijon,Elektromobil (EV),1,49905.00,49905.00
2024,Geely,Monjaro,Andijon,Benzin (Turbo),8,37292.00,298336.00
2024,Jetour,Dashing,Andijon,Benzin (Turbo),7,27500.00,192500.00
2024,Li Auto,L7/L9,Andijon,Gibrid (EREV),2,59390.00,118780.00
2024,Chevrolet,Cobalt,Namangan,Benzin,140,12286.00,1720040.00
2024,Chevrolet,Damas,Namangan,Benzin,261,8981.00,2344041.00
2024,Chevrolet,Labo,Namangan,Benzin,144,8409.00,1210896.00
2024,Chevrolet,Lacetti/Gentra,Namangan,Benzin,71,13931.00,989101.00
2024,Chevrolet,Tracker-2,Namangan,Benzin (Turbo),29,17427.00,505383.00
2024,Chevrolet,Onix,Namangan,Benzin (Turbo),29,14220.00,412380.00
2024,Chevrolet,Malibu-2,Namangan,Benzin (Turbo),5,36010.00,180050.00
2024,BYD,Song Plus DM-i,Namangan,Gibrid (PHEV),90,25282.00,2275380.00
2024,BYD,Chazor (Destroyer 05),Namangan,Gibrid (PHEV),68,18990.00,1291320.00
2024,BYD,Song Plus EV,Namangan,Elektromobil (EV),3,28886.00,86658.00
2024,BYD,Han,Namangan,Elektromobil (EV),2,40476.00,80952.00
2024,Chery,Tiggo 7 Pro,Namangan,Benzin (Turbo),13,26832.00,348816.00
2024,Chery,Arrizo 6 Pro,Namangan,Benzin (Turbo),14,21052.00,294728.00
2024,Chery,Tiggo 8 Pro,Namangan,Benzin (Turbo),6,33917.00,203502.00
2024,Haval,Jolion,Namangan,Benzin (Turbo),15,23947.00,359205.00
2024,Haval,M6,Namangan,Benzin,17,19931.00,338827.00
2024,Haval,H6,Namangan,Benzin (Turbo),9,30368.00,273312.00
2024,Kia,Sonet,Namangan,Benzin,15,18703.00,280545.00
2024,Kia,K5,Namangan,Benzin,6,34353.00,206118.00
2024,Kia,Sportage,Namangan,Benzin,5,35885.00,179425.00
2024,Zeekr,001,Namangan,Elektromobil (EV),1,49733.00,49733.00
2024,Geely,Monjaro,Namangan,Benzin (Turbo),7,37154.00,260078.00
2024,Jetour,Dashing,Namangan,Benzin (Turbo),7,27457.00,192199.00
2024,Li Auto,L7/L9,Namangan,Gibrid (EREV),1,59472.00,59472.00
2024,Chevrolet,Cobalt,Buxoro,Benzin,173,12320.00,2131360.00
2024,Chevrolet,Damas,Buxoro,Benzin,113,9016.00,1018808.00
2024,Chevrolet,Labo,Buxoro,Benzin,55,8306.00,456830.00
2024,Chevrolet,Lacetti/Gentra,Buxoro,Benzin,89,13769.00,1225441.00
2024,Chevrolet,Tracker-2,Buxoro,Benzin (Turbo),20,17782.00,355640.00
2024,Chevrolet,Onix,Buxoro,Benzin (Turbo),25,14281.00,357025.00
2024,Chevrolet,Malibu-2,Buxoro,Benzin (Turbo),2,36068.00,72136.00
2024,BYD,Song Plus DM-i,Buxoro,Gibrid (PHEV),97,25508.00,2474276.00
2024,BYD,Chazor (Destroyer 05),Buxoro,Gibrid (PHEV),72,19457.00,1400904.00
2024,BYD,Song Plus EV,Buxoro,Elektromobil (EV),9,28643.00,257787.00
2024,BYD,Han,Buxoro,Elektromobil (EV),3,40768.00,122304.00
2024,Chery,Tiggo 7 Pro,Buxoro,Benzin (Turbo),12,27111.00,325332.00
2024,Chery,Arrizo 6 Pro,Buxoro,Benzin (Turbo),13,21160.00,275080.00
2024,Chery,Tiggo 8 Pro,Buxoro,Benzin (Turbo),6,33826.00,202956.00
2024,Haval,Jolion,Buxoro,Benzin (Turbo),11,23891.00,262801.00
2024,Haval,M6,Buxoro,Benzin,10,19844.00,198440.00
2024,Haval,H6,Buxoro,Benzin (Turbo),5,30048.00,150240.00
2024,Kia,Sonet,Buxoro,Benzin,16,18503.00,296048.00
2024,Kia,K5,Buxoro,Benzin,5,34635.00,173175.00
2024,Kia,Sportage,Buxoro,Benzin,4,36208.00,144832.00
2024,Zeekr,001,Buxoro,Elektromobil (EV),3,49892.00,149676.00
2024,Geely,Monjaro,Buxoro,Benzin (Turbo),6,37146.00,222876.00
2024,Jetour,Dashing,Buxoro,Benzin (Turbo),5,27509.00,137545.00
2024,Li Auto,L7/L9,Buxoro,Gibrid (EREV),1,59405.00,59405.00
2024,Chevrolet,Cobalt,Qashqadaryo,Benzin,103,12088.00,1245064.00
2024,Chevrolet,Damas,Qashqadaryo,Benzin,90,9207.00,828630.00
2024,Chevrolet,Labo,Qashqadaryo,Benzin,42,8383.00,352086.00
2024,Chevrolet,Lacetti/Gentra,Qashqadaryo,Benzin,55,13668.00,751740.00
2024,Chevrolet,Tracker-2,Qashqadaryo,Benzin (Turbo),17,17870.00,303790.00
2024,Chevrolet,Onix,Qashqadaryo,Benzin (Turbo),24,14365.00,344760.00
2024,Chevrolet,Malibu-2,Qashqadaryo,Benzin (Turbo),2,36108.00,72216.00
2024,BYD,Song Plus DM-i,Qashqadaryo,Gibrid (PHEV),57,25125.00,1432125.00
2024,BYD,Chazor (Destroyer 05),Qashqadaryo,Gibrid (PHEV),41,19661.00,806101.00
2024,BYD,Song Plus EV,Qashqadaryo,Elektromobil (EV),10,28250.00,282500.00
2024,BYD,Han,Qashqadaryo,Elektromobil (EV),2,40576.00,81152.00
2024,Chery,Tiggo 7 Pro,Qashqadaryo,Benzin (Turbo),12,27152.00,325824.00
2024,Chery,Arrizo 6 Pro,Qashqadaryo,Benzin (Turbo),7,21132.00,147924.00
2024,Chery,Tiggo 8 Pro,Qashqadaryo,Benzin (Turbo),4,34042.00,136168.00
2024,Haval,Jolion,Qashqadaryo,Benzin (Turbo),11,23778.00,261558.00
2024,Haval,M6,Qashqadaryo,Benzin,10,19818.00,198180.00
2024,Haval,H6,Qashqadaryo,Benzin (Turbo),5,30302.00,151510.00
2024,Kia,Sonet,Qashqadaryo,Benzin,11,18522.00,203742.00
2024,Kia,K5,Qashqadaryo,Benzin,4,34605.00,138420.00
2024,Kia,Sportage,Qashqadaryo,Benzin,3,35978.00,107934.00
2024,Zeekr,001,Qashqadaryo,Elektromobil (EV),1,49762.00,49762.00
2024,Geely,Monjaro,Qashqadaryo,Benzin (Turbo),5,37215.00,186075.00
2024,Jetour,Dashing,Qashqadaryo,Benzin (Turbo),4,27519.00,110076.00
2024,Li Auto,L7/L9,Qashqadaryo,Gibrid (EREV),1,59223.00,59223.00
2024,Chevrolet,Cobalt,Xorazm,Benzin,75,12311.00,923325.00
2024,Chevrolet,Damas,Xorazm,Benzin,140,8975.00,1256500.00
2024,Chevrolet,Labo,Xorazm,Benzin,79,8308.00,656332.00
2024,Chevrolet,Lacetti/Gentra,Xorazm,Benzin,47,13774.00,647378.00
2024,Chevrolet,Tracker-2,Xorazm,Benzin (Turbo),16,17673.00,282768.00
2024,Chevrolet,Onix,Xorazm,Benzin (Turbo),18,14551.00,261918.00
2024,Chevrolet,Malibu-2,Xorazm,Benzin (Turbo),1,36232.00,36232.00
2024,BYD,Song Plus DM-i,Xorazm,Gibrid (PHEV),52,25498.00,1325896.00
2024,BYD,Chazor (Destroyer 05),Xorazm,Gibrid (PHEV),34,19475.00,662150.00
2024,BYD,Song Plus EV,Xorazm,Elektromobil (EV),2,28475.00,56950.00
2024,BYD,Han,Xorazm,Elektromobil (EV),1,40458.00,40458.00
2024,Chery,Tiggo 7 Pro,Xorazm,Benzin (Turbo),9,26997.00,242973.00
2024,Chery,Arrizo 6 Pro,Xorazm,Benzin (Turbo),6,21230.00,127380.00
2024,Chery,Tiggo 8 Pro,Xorazm,Benzin (Turbo),3,33923.00,101769.00
2024,Haval,Jolion,Xorazm,Benzin (Turbo),8,23864.00,190912.00
2024,Haval,M6,Xorazm,Benzin,7,19885.00,139195.00
2024,Haval,H6,Xorazm,Benzin (Turbo),4,30225.00,120900.00
2024,Kia,Sonet,Xorazm,Benzin,8,18510.00,148080.00
2024,Kia,K5,Xorazm,Benzin,3,34364.00,103092.00
2024,Kia,Sportage,Xorazm,Benzin,1,36059.00,36059.00
2024,Zeekr,001,Xorazm,Elektromobil (EV),1,49996.00,49996.00
2024,Geely,Monjaro,Xorazm,Benzin (Turbo),6,37029.00,222174.00
2024,Jetour,Dashing,Xorazm,Benzin (Turbo),4,27417.00,109668.00
2024,Li Auto,L7/L9,Xorazm,Gibrid (EREV),1,59548.00,59548.00
2024,Chevrolet,Cobalt,Surxondaryo,Benzin,88,12137.00,1068056.00
2024,Chevrolet,Damas,Surxondaryo,Benzin,72,8834.00,636048.00
2024,Chevrolet,Labo,Surxondaryo,Benzin,41,8448.00,346368.00
2024,Chevrolet,Lacetti/Gentra,Surxondaryo,Benzin,44,13902.00,611688.00
2024,Chevrolet,Tracker-2,Surxondaryo,Benzin (Turbo),14,17382.00,243348.00
2024,Chevrolet,Onix,Surxondaryo,Benzin (Turbo),17,14674.00,249458.00
2024,Chevrolet,Malibu-2,Surxondaryo,Benzin (Turbo),1,36117.00,36117.00
2024,BYD,Song Plus DM-i,Surxondaryo,Gibrid (PHEV),48,25104.00,1204992.00
2024,BYD,Chazor (Destroyer 05),Surxondaryo,Gibrid (PHEV),36,18988.00,683568.00
2024,BYD,Song Plus EV,Surxondaryo,Elektromobil (EV),7,28591.00,200137.00
2024,BYD,Han,Surxondaryo,Elektromobil (EV),3,40295.00,120885.00
2024,Chery,Tiggo 7 Pro,Surxondaryo,Benzin (Turbo),10,27041.00,270410.00
2024,Chery,Arrizo 6 Pro,Surxondaryo,Benzin (Turbo),6,21331.00,127986.00
2024,Chery,Tiggo 8 Pro,Surxondaryo,Benzin (Turbo),3,33924.00,101772.00
2024,Haval,Jolion,Surxondaryo,Benzin (Turbo),8,23786.00,190288.00
2024,Haval,M6,Surxondaryo,Benzin,8,20111.00,160888.00
2024,Haval,H6,Surxondaryo,Benzin (Turbo),4,30024.00,120096.00
2024,Kia,Sonet,Surxondaryo,Benzin,10,18641.00,186410.00
2024,Kia,K5,Surxondaryo,Benzin,4,34457.00,137828.00
2024,Kia,Sportage,Surxondaryo,Benzin,2,36008.00,72016.00
2024,Zeekr,001,Surxondaryo,Elektromobil (EV),2,49765.00,99530.00
2024,Geely,Monjaro,Surxondaryo,Benzin (Turbo),4,37162.00,148648.00
2024,Jetour,Dashing,Surxondaryo,Benzin (Turbo),3,27670.00,83010.00
2024,Li Auto,L7/L9,Surxondaryo,Gibrid (EREV),1,59175.00,59175.00
2024,Chevrolet,Cobalt,Navoiy,Benzin,57,12018.00,685026.00
2024,Chevrolet,Damas,Navoiy,Benzin,51,8960.00,456960.00
2024,Chevrolet,Labo,Navoiy,Benzin,28,8568.00,239904.00
2024,Chevrolet,Lacetti/Gentra,Navoiy,Benzin,36,13732.00,494352.00
2024,Chevrolet,Tracker-2,Navoiy,Benzin (Turbo),11,17555.00,193105.00
2024,Chevrolet,Onix,Navoiy,Benzin (Turbo),11,14512.00,159632.00
2024,Chevrolet,Malibu-2,Navoiy,Benzin (Turbo),4,36020.00,144080.00
2024,BYD,Song Plus DM-i,Navoiy,Gibrid (PHEV),38,25258.00,959804.00
2024,BYD,Chazor (Destroyer 05),Navoiy,Gibrid (PHEV),28,19365.00,542220.00
2024,BYD,Song Plus EV,Navoiy,Elektromobil (EV),4,28869.00,115476.00
2024,BYD,Han,Navoiy,Elektromobil (EV),2,40152.00,80304.00
2024,Chery,Tiggo 7 Pro,Navoiy,Benzin (Turbo),6,27018.00,162108.00
2024,Chery,Arrizo 6 Pro,Navoiy,Benzin (Turbo),6,21325.00,127950.00
2024,Chery,Tiggo 8 Pro,Navoiy,Benzin (Turbo),3,33839.00,101517.00
2024,Haval,Jolion,Navoiy,Benzin (Turbo),4,23845.00,95380.00
2024,Haval,M6,Navoiy,Benzin,6,20057.00,120342.00
2024,Haval,H6,Navoiy,Benzin (Turbo),2,30262.00,60524.00
2024,Kia,Sonet,Navoiy,Benzin,7,18571.00,129997.00
2024,Kia,K5,Navoiy,Benzin,3,34261.00,102783.00
2024,Kia,Sportage,Navoiy,Benzin,1,36130.00,36130.00
2024,Zeekr,001,Navoiy,Elektromobil (EV),1,49847.00,49847.00
2024,Geely,Monjaro,Navoiy,Benzin (Turbo),2,37172.00,74344.00
2024,Jetour,Dashing,Navoiy,Benzin (Turbo),3,27642.00,82926.00
2024,Li Auto,L7/L9,Navoiy,Gibrid (EREV),1,59312.00,59312.00
2024,Chevrolet,Cobalt,Jizzax,Benzin,43,12306.00,529158.00
2024,Chevrolet,Damas,Jizzax,Benzin,31,9068.00,281108.00
2024,Chevrolet,Labo,Jizzax,Benzin,15,8334.00,125010.00
2024,Chevrolet,Lacetti/Gentra,Jizzax,Benzin,21,13836.00,290556.00
2024,Chevrolet,Tracker-2,Jizzax,Benzin (Turbo),6,17490.00,104940.00
2024,Chevrolet,Onix,Jizzax,Benzin (Turbo),10,14620.00,146200.00
2024,Chevrolet,Malibu-2,Jizzax,Benzin (Turbo),1,35961.00,35961.00
2024,BYD,Song Plus DM-i,Jizzax,Gibrid (PHEV),25,25442.00,636050.00
2024,BYD,Chazor (Destroyer 05),Jizzax,Gibrid (PHEV),18,19537.00,351666.00
2024,BYD,Song Plus EV,Jizzax,Elektromobil (EV),3,28855.00,86565.00
2024,BYD,Han,Jizzax,Elektromobil (EV),1,40847.00,40847.00
2024,Chery,Tiggo 7 Pro,Jizzax,Benzin (Turbo),3,26853.00,80559.00
2024,Chery,Arrizo 6 Pro,Jizzax,Benzin (Turbo),4,21337.00,85348.00
2024,Chery,Tiggo 8 Pro,Jizzax,Benzin (Turbo),1,34085.00,34085.00
2024,Haval,Jolion,Jizzax,Benzin (Turbo),5,23876.00,119380.00
2024,Haval,M6,Jizzax,Benzin,3,20047.00,60141.00
2024,Haval,H6,Jizzax,Benzin (Turbo),1,30357.00,30357.00
2024,Kia,Sonet,Jizzax,Benzin,5,18704.00,93520.00
2024,Kia,K5,Jizzax,Benzin,3,34349.00,103047.00
2024,Kia,Sportage,Jizzax,Benzin,1,35926.00,35926.00
2024,Zeekr,001,Jizzax,Elektromobil (EV),1,49720.00,49720.00
2024,Geely,Monjaro,Jizzax,Benzin (Turbo),1,37064.00,37064.00
2024,Jetour,Dashing,Jizzax,Benzin (Turbo),2,27723.00,55446.00
2024,Li Auto,L7/L9,Jizzax,Gibrid (EREV),2,59289.00,118578.00
2024,Chevrolet,Cobalt,Sirdaryo,Benzin,34,12203.00,414902.00
2024,Chevrolet,Damas,Sirdaryo,Benzin,28,9115.00,255220.00
2024,Chevrolet,Labo,Sirdaryo,Benzin,11,8473.00,93203.00
2024,Chevrolet,Lacetti/Gentra,Sirdaryo,Benzin,19,13702.00,260338.00
2024,Chevrolet,Tracker-2,Sirdaryo,Benzin (Turbo),5,17643.00,88215.00
2024,Chevrolet,Onix,Sirdaryo,Benzin (Turbo),6,14553.00,87318.00
2024,Chevrolet,Malibu-2,Sirdaryo,Benzin (Turbo),1,36162.00,36162.00
2024,BYD,Song Plus DM-i,Sirdaryo,Gibrid (PHEV),16,25592.00,409472.00
2024,BYD,Chazor (Destroyer 05),Sirdaryo,Gibrid (PHEV),13,18994.00,246922.00
2024,BYD,Song Plus EV,Sirdaryo,Elektromobil (EV),4,28414.00,113656.00
2024,BYD,Han,Sirdaryo,Elektromobil (EV),1,40094.00,40094.00
2024,Chery,Tiggo 7 Pro,Sirdaryo,Benzin (Turbo),2,27040.00,54080.00
2024,Chery,Arrizo 6 Pro,Sirdaryo,Benzin (Turbo),2,21371.00,42742.00
2024,Chery,Tiggo 8 Pro,Sirdaryo,Benzin (Turbo),3,34025.00,102075.00
2024,Haval,Jolion,Sirdaryo,Benzin (Turbo),3,23983.00,71949.00
2024,Haval,M6,Sirdaryo,Benzin,3,19736.00,59208.00
2024,Haval,H6,Sirdaryo,Benzin (Turbo),1,30158.00,30158.00
2024,Kia,Sonet,Sirdaryo,Benzin,2,18495.00,36990.00
2024,Kia,K5,Sirdaryo,Benzin,1,34586.00,34586.00
2024,Kia,Sportage,Sirdaryo,Benzin,1,35882.00,35882.00
2024,Zeekr,001,Sirdaryo,Elektromobil (EV),1,50018.00,50018.00
2024,Geely,Monjaro,Sirdaryo,Benzin (Turbo),2,37236.00,74472.00
2024,Jetour,Dashing,Sirdaryo,Benzin (Turbo),1,27501.00,27501.00
2024,Li Auto,L7/L9,Sirdaryo,Gibrid (EREV),1,59317.00,59317.00
2024,Chevrolet,Cobalt,Qoraqalpog‘iston Res.,Benzin,32,12360.00,395520.00
2024,Chevrolet,Damas,Qoraqalpog‘iston Res.,Benzin,27,9153.00,247131.00
2024,Chevrolet,Labo,Qoraqalpog‘iston Res.,Benzin,14,8569.00,119966.00
2024,Chevrolet,Lacetti/Gentra,Qoraqalpog‘iston Res.,Benzin,18,13747.00,247446.00
2024,Chevrolet,Tracker-2,Qoraqalpog‘iston Res.,Benzin (Turbo),5,17393.00,86965.00
2024,Chevrolet,Onix,Qoraqalpog‘iston Res.,Benzin (Turbo),6,14435.00,86610.00
2024,Chevrolet,Malibu-2,Qoraqalpog‘iston Res.,Benzin (Turbo),1,36038.00,36038.00
2024,BYD,Song Plus DM-i,Qoraqalpog‘iston Res.,Gibrid (PHEV),18,25573.00,460314.00
2024,BYD,Chazor (Destroyer 05),Qoraqalpog‘iston Res.,Gibrid (PHEV),11,19035.00,209385.00
2024,BYD,Song Plus EV,Qoraqalpog‘iston Res.,Elektromobil (EV),2,28724.00,57448.00
2024,BYD,Han,Qoraqalpog‘iston Res.,Elektromobil (EV),1,40285.00,40285.00
2024,Chery,Tiggo 7 Pro,Qoraqalpog‘iston Res.,Benzin (Turbo),4,27049.00,108196.00
2024,Chery,Arrizo 6 Pro,Qoraqalpog‘iston Res.,Benzin (Turbo),2,21236.00,42472.00
2024,Chery,Tiggo 8 Pro,Qoraqalpog‘iston Res.,Benzin (Turbo),1,34028.00,34028.00
2024,Haval,Jolion,Qoraqalpog‘iston Res.,Benzin (Turbo),1,23910.00,23910.00
2024,Haval,M6,Qoraqalpog‘iston Res.,Benzin,2,20032.00,40064.00
2024,Haval,H6,Qoraqalpog‘iston Res.,Benzin (Turbo),1,30072.00,30072.00
2024,Kia,Sonet,Qoraqalpog‘iston Res.,Benzin,2,18524.00,37048.00
2024,Kia,K5,Qoraqalpog‘iston Res.,Benzin,1,34439.00,34439.00
2024,Kia,Sportage,Qoraqalpog‘iston Res.,Benzin,1,36198.00,36198.00
2024,Zeekr,001,Qoraqalpog‘iston Res.,Elektromobil (EV),1,49861.00,49861.00
2024,Geely,Monjaro,Qoraqalpog‘iston Res.,Benzin (Turbo),1,37031.00,37031.00
2024,Jetour,Dashing,Qoraqalpog‘iston Res.,Benzin (Turbo),1,27366.00,27366.00
2024,Li Auto,L7/L9,Qoraqalpog‘iston Res.,Gibrid (EREV),1,59389.00,59389.00
2024,Chevrolet,Cobalt,Toshkent shahri,Benzin,584,12212.00,7131808.00
2024,Chevrolet,Damas,Toshkent shahri,Benzin,103,9176.00,945128.00
2024,Chevrolet,Labo,Toshkent shahri,Benzin,55,8519.00,468545.00
2024,Chevrolet,Tracker-2,Toshkent shahri,Benzin (Turbo),103,17749.00,1828147.00
2024,Chevrolet,Onix,Toshkent shahri,Benzin (Turbo),127,14569.00,1850263.00
2024,Chevrolet,Malibu-2,Toshkent shahri,Benzin (Turbo),34,36205.00,1230970.00
2024,BYD,Song Plus DM-i,Toshkent shahri,Gibrid (PHEV),860,25420.00,21861200.00
2024,BYD,Chazor (Destroyer 05),Toshkent shahri,Gibrid (PHEV),549,19223.00,10553427.00
2024,BYD,Song Plus EV,Toshkent shahri,Elektromobil (EV),106,28292.00,2998952.00
2024,BYD,Han,Toshkent shahri,Elektromobil (EV),50,40313.00,2015650.00
2024,BYD,Seagull,Toshkent shahri,Elektromobil (EV),397,11894.00,4721918.00
2024,Chery,Tiggo 7 Pro,Toshkent shahri,Benzin (Turbo),67,27165.00,1820055.00
2024,Chery,Arrizo 6 Pro,Toshkent shahri,Benzin (Turbo),50,21323.00,1066150.00
2024,Chery,Tiggo 8 Pro,Toshkent shahri,Benzin (Turbo),26,33866.00,880516.00
2024,Haval,Jolion,Toshkent shahri,Benzin (Turbo),65,23855.00,1550575.00
2024,Haval,M6,Toshkent shahri,Benzin,68,19967.00,1357756.00
2024,Haval,H6,Toshkent shahri,Benzin (Turbo),31,30319.00,939889.00
2024,Kia,Sonet,Toshkent shahri,Benzin,77,18611.00,1433047.00
2024,Kia,K5,Toshkent shahri,Benzin,30,34470.00,1034100.00
2024,Kia,Sportage,Toshkent shahri,Benzin,22,36218.00,796796.00
2024,Zeekr,001,Toshkent shahri,Elektromobil (EV),31,49877.00,1546187.00
2024,Geely,Monjaro,Toshkent shahri,Benzin (Turbo),24,37248.00,893952.00
2024,Jetour,Dashing,Toshkent shahri,Benzin (Turbo),34,27542.00,936428.00
2024,Li Auto,L7/L9,Toshkent shahri,Gibrid (EREV),25,59359.00,1483975.00
2024,Chevrolet,Cobalt,Toshkent viloyati,Benzin,214,12100.00,2589400.00
2024,Chevrolet,Damas,Toshkent viloyati,Benzin,169,8815.00,1489735.00
2024,Chevrolet,Labo,Toshkent viloyati,Benzin,105,8434.00,885570.00
2024,Chevrolet,Tracker-2,Toshkent viloyati,Benzin (Turbo),40,17626.00,705040.00
2024,Chevrolet,Onix,Toshkent viloyati,Benzin (Turbo),43,14666.00,630638.00
2024,Chevrolet,Malibu-2,Toshkent viloyati,Benzin (Turbo),7,36127.00,252889.00
2024,BYD,Song Plus DM-i,Toshkent viloyati,Gibrid (PHEV),131,25468.00,3336308.00
2024,BYD,Chazor (Destroyer 05),Toshkent viloyati,Gibrid (PHEV),105,19217.00,2017785.00
2024,BYD,Song Plus EV,Toshkent viloyati,Elektromobil (EV),17,28538.00,485146.00
2024,BYD,Han,Toshkent viloyati,Elektromobil (EV),8,40833.00,326664.00
2024,BYD,Seagull,Toshkent viloyati,Elektromobil (EV),59,12155.00,717145.00
2024,Chery,Tiggo 7 Pro,Toshkent viloyati,Benzin (Turbo),27,27071.00,730917.00
2024,Chery,Arrizo 6 Pro,Toshkent viloyati,Benzin (Turbo),20,21151.00,423020.00
2024,Chery,Tiggo 8 Pro,Toshkent viloyati,Benzin (Turbo),11,34021.00,374231.00
2024,Haval,Jolion,Toshkent viloyati,Benzin (Turbo),22,23951.00,526922.00
2024,Haval,M6,Toshkent viloyati,Benzin,24,19765.00,474360.00
2024,Haval,H6,Toshkent viloyati,Benzin (Turbo),12,30357.00,364284.00
2024,Kia,Sonet,Toshkent viloyati,Benzin,34,18645.00,633930.00
2024,Kia,K5,Toshkent viloyati,Benzin,13,34632.00,450216.00
2024,Kia,Sportage,Toshkent viloyati,Benzin,7,36112.00,252784.00
2024,Zeekr,001,Toshkent viloyati,Elektromobil (EV),4,49993.00,199972.00
2024,Geely,Monjaro,Toshkent viloyati,Benzin (Turbo),10,37120.00,371200.00
2024,Jetour,Dashing,Toshkent viloyati,Benzin (Turbo),11,27564.00,303204.00
2024,Li Auto,L7/L9,Toshkent viloyati,Gibrid (EREV),3,59345.00,178035.00
2024,Chevrolet,Cobalt,Samarqand,Benzin,264,12237.00,3230568.00
2024,Chevrolet,Damas,Samarqand,Benzin,173,8924.00,1543852.00
2024,Chevrolet,Labo,Samarqand,Benzin,114,8592.00,979488.00
2024,Chevrolet,Tracker-2,Samarqand,Benzin (Turbo),40,17608.00,704320.00
2024,Chevrolet,Onix,Samarqand,Benzin (Turbo),42,14126.00,593292.00
2024,Chevrolet,Malibu-2,Samarqand,Benzin (Turbo),6,36233.00,217398.00
2024,BYD,Song Plus DM-i,Samarqand,Gibrid (PHEV),161,25450.00,4097450.00
2024,BYD,Chazor (Destroyer 05),Samarqand,Gibrid (PHEV),130,18972.00,2466360.00
2024,BYD,Song Plus EV,Samarqand,Elektromobil (EV),18,28479.00,512622.00
2024,BYD,Han,Samarqand,Elektromobil (EV),6,40464.00,242784.00
2024,BYD,Seagull,Samarqand,Elektromobil (EV),54,12357.00,667278.00
2024,Chery,Tiggo 7 Pro,Samarqand,Benzin (Turbo),21,27097.00,569037.00
2024,Chery,Arrizo 6 Pro,Samarqand,Benzin (Turbo),20,21357.00,427140.00
2024,Chery,Tiggo 8 Pro,Samarqand,Benzin (Turbo),8,33954.00,271632.00
2024,Haval,Jolion,Samarqand,Benzin (Turbo),21,23784.00,499464.00
2024,Haval,M6,Samarqand,Benzin,23,19749.00,454227.00
2024,Haval,H6,Samarqand,Benzin (Turbo),12,30067.00,360804.00
2024,Kia,Sonet,Samarqand,Benzin,23,18442.00,424166.00
2024,Kia,K5,Samarqand,Benzin,10,34339.00,343390.00
2024,Kia,Sportage,Samarqand,Benzin,9,36071.00,324639.00
2024,Zeekr,001,Samarqand,Elektromobil (EV),3,49964.00,149892.00
2024,Geely,Monjaro,Samarqand,Benzin (Turbo),8,37051.00,296408.00
2024,Jetour,Dashing,Samarqand,Benzin (Turbo),10,27452.00,274520.00
2024,Li Auto,L7/L9,Samarqand,Gibrid (EREV),4,59273.00,237092.00
2024,Chevrolet,Cobalt,Farg‘ona,Benzin,159,12212.00,1941708.00
2024,Chevrolet,Damas,Farg‘ona,Benzin,370,9041.00,3345170.00
2024,Chevrolet,Labo,Farg‘ona,Benzin,200,8419.00,1683800.00
2024,Chevrolet,Tracker-2,Farg‘ona,Benzin (Turbo),34,17726.00,602684.00
2024,Chevrolet,Onix,Farg‘ona,Benzin (Turbo),39,14384.00,560976.00
2024,Chevrolet,Malibu-2,Farg‘ona,Benzin (Turbo),5,36186.00,180930.00
2024,BYD,Song Plus DM-i,Farg‘ona,Gibrid (PHEV),124,25520.00,3164480.00
2024,BYD,Chazor (Destroyer 05),Farg‘ona,Gibrid (PHEV),80,18950.00,1516000.00
2024,BYD,Song Plus EV,Farg‘ona,Elektromobil (EV),7,28166.00,197162.00
2024,BYD,Han,Farg‘ona,Elektromobil (EV),4,40501.00,162004.00
2024,BYD,Seagull,Farg‘ona,Elektromobil (EV),20,12238.00,244760.00
2024,Chery,Tiggo 7 Pro,Farg‘ona,Benzin (Turbo),21,26866.00,564186.00
2024,Chery,Arrizo 6 Pro,Farg‘ona,Benzin (Turbo),16,21391.00,342256.00
2024,Chery,Tiggo 8 Pro,Farg‘ona,Benzin (Turbo),9,33771.00,303939.00
2024,Haval,Jolion,Farg‘ona,Benzin (Turbo),19,23947.00,454993.00
2024,Haval,M6,Farg‘ona,Benzin,21,19931.00,418551.00
2024,Haval,H6,Farg‘ona,Benzin (Turbo),10,30249.00,302490.00
2024,Kia,Sonet,Farg‘ona,Benzin,19,18485.00,351215.00
2024,Kia,K5,Farg‘ona,Benzin,11,34618.00,380798.00
2024,Kia,Sportage,Farg‘ona,Benzin,7,35903.00,251321.00
2024,Zeekr,001,Farg‘ona,Elektromobil (EV),1,49639.00,49639.00
2024,Geely,Monjaro,Farg‘ona,Benzin (Turbo),8,36915.00,295320.00
2024,Jetour,Dashing,Farg‘ona,Benzin (Turbo),8,27540.00,220320.00
2024,Li Auto,L7/L9,Farg‘ona,Gibrid (EREV),1,59508.00,59508.00
2024,Chevrolet,Cobalt,Andijon,Benzin,178,12068.00,2148104.00
2024,Chevrolet,Damas,Andijon,Benzin,294,8882.00,2611308.00
2024,Chevrolet,Labo,Andijon,Benzin,170,8375.00,1423750.00
2024,Chevrolet,Tracker-2,Andijon,Benzin (Turbo),29,17472.00,506688.00
2024,Chevrolet,Onix,Andijon,Benzin (Turbo),34,14350.00,487900.00
2024,Chevrolet,Malibu-2,Andijon,Benzin (Turbo),6,35955.00,215730.00
2024,BYD,Song Plus DM-i,Andijon,Gibrid (PHEV),87,25109.00,2184483.00
2024,BYD,Chazor (Destroyer 05),Andijon,Gibrid (PHEV),69,19575.00,1350675.00
2024,BYD,Song Plus EV,Andijon,Elektromobil (EV),4,28875.00,115500.00
2024,BYD,Han,Andijon,Elektromobil (EV),3,40165.00,120495.00
2024,BYD,Seagull,Andijon,Elektromobil (EV),16,12192.00,195072.00
2024,Chery,Tiggo 7 Pro,Andijon,Benzin (Turbo),20,27161.00,543220.00
2024,Chery,Arrizo 6 Pro,Andijon,Benzin (Turbo),15,21132.00,316980.00
2024,Chery,Tiggo 8 Pro,Andijon,Benzin (Turbo),6,33998.00,203988.00
2024,Haval,Jolion,Andijon,Benzin (Turbo),14,23841.00,333774.00
2024,Haval,M6,Andijon,Benzin,18,19735.00,355230.00
2024,Haval,H6,Andijon,Benzin (Turbo),9,30340.00,273060.00
2024,Kia,Sonet,Andijon,Benzin,23,18723.00,430629.00
2024,Kia,K5,Andijon,Benzin,8,34303.00,274424.00
2024,Kia,Sportage,Andijon,Benzin,6,35873.00,215238.00
2024,Zeekr,001,Andijon,Elektromobil (EV),1,49931.00,49931.00
2024,Geely,Monjaro,Andijon,Benzin (Turbo),6,37034.00,222204.00
2024,Jetour,Dashing,Andijon,Benzin (Turbo),8,27571.00,220568.00
2024,Li Auto,L7/L9,Andijon,Gibrid (EREV),1,59272.00,59272.00
2024,Chevrolet,Cobalt,Namangan,Benzin,155,12262.00,1900610.00
2024,Chevrolet,Damas,Namangan,Benzin,241,9124.00,2198884.00
2024,Chevrolet,Labo,Namangan,Benzin,150,8324.00,1248600.00
2024,Chevrolet,Tracker-2,Namangan,Benzin (Turbo),25,17477.00,436925.00
2024,Chevrolet,Onix,Namangan,Benzin (Turbo),26,14291.00,371566.00
2024,Chevrolet,Malibu-2,Namangan,Benzin (Turbo),3,36067.00,108201.00
2024,BYD,Song Plus DM-i,Namangan,Gibrid (PHEV),78,25166.00,1962948.00
2024,BYD,Chazor (Destroyer 05),Namangan,Gibrid (PHEV),65,19298.00,1254370.00
2024,BYD,Song Plus EV,Namangan,Elektromobil (EV),6,28476.00,170856.00
2024,BYD,Han,Namangan,Elektromobil (EV),2,40736.00,81472.00
2024,BYD,Seagull,Namangan,Elektromobil (EV),15,11772.00,176580.00
2024,Chery,Tiggo 7 Pro,Namangan,Benzin (Turbo),15,26869.00,403035.00
2024,Chery,Arrizo 6 Pro,Namangan,Benzin (Turbo),12,21319.00,255828.00
2024,Chery,Tiggo 8 Pro,Namangan,Benzin (Turbo),9,33802.00,304218.00
2024,Haval,Jolion,Namangan,Benzin (Turbo),14,23820.00,333480.00
2024,Haval,M6,Namangan,Benzin,13,20022.00,260286.00
2024,Haval,H6,Namangan,Benzin (Turbo),7,30246.00,211722.00
2024,Kia,Sonet,Namangan,Benzin,16,18487.00,295792.00
2024,Kia,K5,Namangan,Benzin,6,34298.00,205788.00
2024,Kia,Sportage,Namangan,Benzin,6,36003.00,216018.00
2024,Zeekr,001,Namangan,Elektromobil (EV),2,49930.00,99860.00
2024,Geely,Monjaro,Namangan,Benzin (Turbo),6,36924.00,221544.00
2024,Jetour,Dashing,Namangan,Benzin (Turbo),7,27452.00,192164.00
2024,Li Auto,L7/L9,Namangan,Gibrid (EREV),1,59253.00,59253.00
2024,Chevrolet,Cobalt,Buxoro,Benzin,163,12269.00,1999847.00
2024,Chevrolet,Damas,Buxoro,Benzin,103,8820.00,908460.00
2024,Chevrolet,Labo,Buxoro,Benzin,55,8507.00,467885.00
2024,Chevrolet,Tracker-2,Buxoro,Benzin (Turbo),22,17589.00,386958.00
2024,Chevrolet,Onix,Buxoro,Benzin (Turbo),24,14194.00,340656.00
2024,Chevrolet,Malibu-2,Buxoro,Benzin (Turbo),3,36192.00,108576.00
2024,BYD,Song Plus DM-i,Buxoro,Gibrid (PHEV),97,25570.00,2480290.00
2024,BYD,Chazor (Destroyer 05),Buxoro,Gibrid (PHEV),71,19047.00,1352337.00
2024,BYD,Song Plus EV,Buxoro,Elektromobil (EV),11,28478.00,313258.00
2024,BYD,Han,Buxoro,Elektromobil (EV),5,40606.00,203030.00
2024,BYD,Seagull,Buxoro,Elektromobil (EV),37,11755.00,434935.00
2024,Chery,Tiggo 7 Pro,Buxoro,Benzin (Turbo),14,27160.00,380240.00
2024,Chery,Arrizo 6 Pro,Buxoro,Benzin (Turbo),12,21076.00,252912.00
2024,Chery,Tiggo 8 Pro,Buxoro,Benzin (Turbo),5,34012.00,170060.00
2024,Haval,Jolion,Buxoro,Benzin (Turbo),12,23726.00,284712.00
2024,Haval,M6,Buxoro,Benzin,14,19956.00,279384.00
2024,Haval,H6,Buxoro,Benzin (Turbo),7,30070.00,210490.00
2024,Kia,Sonet,Buxoro,Benzin,15,18375.00,275625.00
2024,Kia,K5,Buxoro,Benzin,6,34575.00,207450.00
2024,Kia,Sportage,Buxoro,Benzin,4,36202.00,144808.00
2024,Zeekr,001,Buxoro,Elektromobil (EV),2,49894.00,99788.00
2024,Geely,Monjaro,Buxoro,Benzin (Turbo),6,37223.00,223338.00
2024,Jetour,Dashing,Buxoro,Benzin (Turbo),6,27524.00,165144.00
2024,Li Auto,L7/L9,Buxoro,Gibrid (EREV),1,59220.00,59220.00
2024,Chevrolet,Cobalt,Qashqadaryo,Benzin,103,12142.00,1250626.00
2024,Chevrolet,Damas,Qashqadaryo,Benzin,74,9034.00,668516.00
2024,Chevrolet,Labo,Qashqadaryo,Benzin,46,8297.00,381662.00
2024,Chevrolet,Tracker-2,Qashqadaryo,Benzin (Turbo),23,17379.00,399717.00
2024,Chevrolet,Onix,Qashqadaryo,Benzin (Turbo),17,14447.00,245599.00
2024,Chevrolet,Malibu-2,Qashqadaryo,Benzin (Turbo),2,36196.00,72392.00
2024,BYD,Song Plus DM-i,Qashqadaryo,Gibrid (PHEV),60,25365.00,1521900.00
2024,BYD,Chazor (Destroyer 05),Qashqadaryo,Gibrid (PHEV),44,19637.00,864028.00
2024,BYD,Song Plus EV,Qashqadaryo,Elektromobil (EV),9,28724.00,258516.00
2024,BYD,Han,Qashqadaryo,Elektromobil (EV),2,40736.00,81472.00
2024,BYD,Seagull,Qashqadaryo,Elektromobil (EV),25,12062.00,301550.00
2024,Chery,Tiggo 7 Pro,Qashqadaryo,Benzin (Turbo),11,27171.00,298881.00
2024,Chery,Arrizo 6 Pro,Qashqadaryo,Benzin (Turbo),9,21148.00,190332.00
2024,Chery,Tiggo 8 Pro,Qashqadaryo,Benzin (Turbo),3,33924.00,101772.00
2024,Haval,Jolion,Qashqadaryo,Benzin (Turbo),9,23803.00,214227.00
2024,Haval,M6,Qashqadaryo,Benzin,12,19894.00,238728.00
2024,Haval,H6,Qashqadaryo,Benzin (Turbo),6,30349.00,182094.00
2024,Kia,Sonet,Qashqadaryo,Benzin,12,18569.00,222828.00
2024,Kia,K5,Qashqadaryo,Benzin,5,34524.00,172620.00
2024,Kia,Sportage,Qashqadaryo,Benzin,5,36192.00,180960.00
2024,Zeekr,001,Qashqadaryo,Elektromobil (EV),1,49732.00,49732.00
2024,Geely,Monjaro,Qashqadaryo,Benzin (Turbo),4,36990.00,147960.00
2024,Jetour,Dashing,Qashqadaryo,Benzin (Turbo),4,27436.00,109744.00
2024,Li Auto,L7/L9,Qashqadaryo,Gibrid (EREV),2,59536.00,119072.00
2024,Chevrolet,Cobalt,Xorazm,Benzin,70,12228.00,855960.00
2024,Chevrolet,Damas,Xorazm,Benzin,146,8924.00,1302904.00
2024,Chevrolet,Labo,Xorazm,Benzin,83,8327.00,691141.00
2024,Chevrolet,Tracker-2,Xorazm,Benzin (Turbo),16,17831.00,285296.00
2024,Chevrolet,Onix,Xorazm,Benzin (Turbo),16,14455.00,231280.00
2024,Chevrolet,Malibu-2,Xorazm,Benzin (Turbo),3,35896.00,107688.00
2024,BYD,Song Plus DM-i,Xorazm,Gibrid (PHEV),38,25229.00,958702.00
2024,BYD,Chazor (Destroyer 05),Xorazm,Gibrid (PHEV),41,19282.00,790562.00
2024,BYD,Song Plus EV,Xorazm,Elektromobil (EV),2,28274.00,56548.00
2024,BYD,Han,Xorazm,Elektromobil (EV),1,40265.00,40265.00
2024,BYD,Seagull,Xorazm,Elektromobil (EV),8,11880.00,95040.00
2024,Chery,Tiggo 7 Pro,Xorazm,Benzin (Turbo),9,27219.00,244971.00
2024,Chery,Arrizo 6 Pro,Xorazm,Benzin (Turbo),9,21152.00,190368.00
2024,Chery,Tiggo 8 Pro,Xorazm,Benzin (Turbo),4,33844.00,135376.00
2024,Haval,Jolion,Xorazm,Benzin (Turbo),6,23865.00,143190.00
2024,Haval,M6,Xorazm,Benzin,8,19903.00,159224.00
2024,Haval,H6,Xorazm,Benzin (Turbo),6,30236.00,181416.00
2024,Kia,Sonet,Xorazm,Benzin,10,18455.00,184550.00
2024,Kia,K5,Xorazm,Benzin,4,34517.00,138068.00
2024,Kia,Sportage,Xorazm,Benzin,3,36009.00,108027.00
2024,Zeekr,001,Xorazm,Elektromobil (EV),1,49911.00,49911.00
2024,Geely,Monjaro,Xorazm,Benzin (Turbo),5,36951.00,184755.00
2024,Jetour,Dashing,Xorazm,Benzin (Turbo),4,27673.00,110692.00
2024,Li Auto,L7/L9,Xorazm,Gibrid (EREV),1,59343.00,59343.00
2024,Chevrolet,Cobalt,Surxondaryo,Benzin,87,12300.00,1070100.00
2024,Chevrolet,Damas,Surxondaryo,Benzin,67,9062.00,607154.00
2024,Chevrolet,Labo,Surxondaryo,Benzin,36,8509.00,306324.00
2024,Chevrolet,Tracker-2,Surxondaryo,Benzin (Turbo),14,17640.00,246960.00
2024,Chevrolet,Onix,Surxondaryo,Benzin (Turbo),16,14437.00,230992.00
2024,Chevrolet,Malibu-2,Surxondaryo,Benzin (Turbo),3,35895.00,107685.00
2024,BYD,Song Plus DM-i,Surxondaryo,Gibrid (PHEV),46,25527.00,1174242.00
2024,BYD,Chazor (Destroyer 05),Surxondaryo,Gibrid (PHEV),30,19523.00,585690.00
2024,BYD,Song Plus EV,Surxondaryo,Elektromobil (EV),7,28681.00,200767.00
2024,BYD,Han,Surxondaryo,Elektromobil (EV),3,40150.00,120450.00
2024,BYD,Seagull,Surxondaryo,Elektromobil (EV),21,12176.00,255696.00
2024,Chery,Tiggo 7 Pro,Surxondaryo,Benzin (Turbo),8,26917.00,215336.00
2024,Chery,Arrizo 6 Pro,Surxondaryo,Benzin (Turbo),9,21042.00,189378.00
2024,Chery,Tiggo 8 Pro,Surxondaryo,Benzin (Turbo),2,33873.00,67746.00
2024,Haval,Jolion,Surxondaryo,Benzin (Turbo),8,24025.00,192200.00
2024,Haval,M6,Surxondaryo,Benzin,10,19984.00,199840.00
2024,Haval,H6,Surxondaryo,Benzin (Turbo),4,30070.00,120280.00
2024,Kia,Sonet,Surxondaryo,Benzin,11,18498.00,203478.00
2024,Kia,K5,Surxondaryo,Benzin,3,34527.00,103581.00
2024,Kia,Sportage,Surxondaryo,Benzin,4,35921.00,143684.00
2024,Zeekr,001,Surxondaryo,Elektromobil (EV),1,49899.00,49899.00
2024,Geely,Monjaro,Surxondaryo,Benzin (Turbo),4,37169.00,148676.00
2024,Jetour,Dashing,Surxondaryo,Benzin (Turbo),4,27567.00,110268.00
2024,Li Auto,L7/L9,Surxondaryo,Gibrid (EREV),2,59439.00,118878.00
2024,Chevrolet,Cobalt,Navoiy,Benzin,67,12183.00,816261.00
2024,Chevrolet,Damas,Navoiy,Benzin,52,9145.00,475540.00
2024,Chevrolet,Labo,Navoiy,Benzin,28,8354.00,233912.00
2024,Chevrolet,Tracker-2,Navoiy,Benzin (Turbo),11,17532.00,192852.00
2024,Chevrolet,Onix,Navoiy,Benzin (Turbo),13,14680.00,190840.00
2024,Chevrolet,Malibu-2,Navoiy,Benzin (Turbo),1,36134.00,36134.00
2024,BYD,Song Plus DM-i,Navoiy,Gibrid (PHEV),39,25286.00,986154.00
2024,BYD,Chazor (Destroyer 05),Navoiy,Gibrid (PHEV),23,19057.00,438311.00
2024,BYD,Song Plus EV,Navoiy,Elektromobil (EV),4,28550.00,114200.00
2024,BYD,Han,Navoiy,Elektromobil (EV),2,40633.00,81266.00
2024,BYD,Seagull,Navoiy,Elektromobil (EV),16,11975.00,191600.00
2024,Chery,Tiggo 7 Pro,Navoiy,Benzin (Turbo),8,26855.00,214840.00
2024,Chery,Arrizo 6 Pro,Navoiy,Benzin (Turbo),4,21121.00,84484.00
2024,Chery,Tiggo 8 Pro,Navoiy,Benzin (Turbo),4,33825.00,135300.00
2024,Haval,Jolion,Navoiy,Benzin (Turbo),6,23880.00,143280.00
2024,Haval,M6,Navoiy,Benzin,4,20035.00,80140.00
2024,Haval,H6,Navoiy,Benzin (Turbo),2,30119.00,60238.00
2024,Kia,Sonet,Navoiy,Benzin,6,18398.00,110388.00
2024,Kia,K5,Navoiy,Benzin,2,34605.00,69210.00
2024,Kia,Sportage,Navoiy,Benzin,3,36219.00,108657.00
2024,Zeekr,001,Navoiy,Elektromobil (EV),2,49823.00,99646.00
2024,Geely,Monjaro,Navoiy,Benzin (Turbo),1,37261.00,37261.00
2024,Jetour,Dashing,Navoiy,Benzin (Turbo),2,27570.00,55140.00
2024,Li Auto,L7/L9,Navoiy,Gibrid (EREV),2,59207.00,118414.00
2024,Chevrolet,Cobalt,Jizzax,Benzin,36,12261.00,441396.00
2024,Chevrolet,Damas,Jizzax,Benzin,33,9194.00,303402.00
2024,Chevrolet,Labo,Jizzax,Benzin,20,8607.00,172140.00
2024,Chevrolet,Tracker-2,Jizzax,Benzin (Turbo),8,17750.00,142000.00
2024,Chevrolet,Onix,Jizzax,Benzin (Turbo),6,14619.00,87714.00
2024,Chevrolet,Malibu-2,Jizzax,Benzin (Turbo),1,36041.00,36041.00
2024,BYD,Song Plus DM-i,Jizzax,Gibrid (PHEV),22,25543.00,561946.00
2024,BYD,Chazor (Destroyer 05),Jizzax,Gibrid (PHEV),16,19508.00,312128.00
2024,BYD,Song Plus EV,Jizzax,Elektromobil (EV),4,28756.00,115024.00
2024,BYD,Han,Jizzax,Elektromobil (EV),1,40473.00,40473.00
2024,BYD,Seagull,Jizzax,Elektromobil (EV),9,11879.00,106911.00
2024,Chery,Tiggo 7 Pro,Jizzax,Benzin (Turbo),4,26870.00,107480.00
2024,Chery,Arrizo 6 Pro,Jizzax,Benzin (Turbo),2,21235.00,42470.00
2024,Chery,Tiggo 8 Pro,Jizzax,Benzin (Turbo),2,34000.00,68000.00
2024,Haval,Jolion,Jizzax,Benzin (Turbo),3,23811.00,71433.00
2024,Haval,M6,Jizzax,Benzin,4,19918.00,79672.00
2024,Haval,H6,Jizzax,Benzin (Turbo),1,30234.00,30234.00
2024,Kia,Sonet,Jizzax,Benzin,4,18656.00,74624.00
2024,Kia,K5,Jizzax,Benzin,1,34418.00,34418.00
2024,Kia,Sportage,Jizzax,Benzin,1,35901.00,35901.00
2024,Zeekr,001,Jizzax,Elektromobil (EV),1,49773.00,49773.00
2024,Geely,Monjaro,Jizzax,Benzin (Turbo),1,36935.00,36935.00
2024,Jetour,Dashing,Jizzax,Benzin (Turbo),1,27666.00,27666.00
2024,Li Auto,L7/L9,Jizzax,Gibrid (EREV),1,59263.00,59263.00
2024,Chevrolet,Cobalt,Sirdaryo,Benzin,33,12156.00,401148.00
2024,Chevrolet,Damas,Sirdaryo,Benzin,22,9066.00,199452.00
2024,Chevrolet,Labo,Sirdaryo,Benzin,14,8667.00,121338.00
2024,Chevrolet,Tracker-2,Sirdaryo,Benzin (Turbo),2,17557.00,35114.00
2024,Chevrolet,Onix,Sirdaryo,Benzin (Turbo),6,14219.00,85314.00
2024,Chevrolet,Malibu-2,Sirdaryo,Benzin (Turbo),1,35873.00,35873.00
2024,BYD,Song Plus DM-i,Sirdaryo,Gibrid (PHEV),18,25253.00,454554.00
2024,BYD,Chazor (Destroyer 05),Sirdaryo,Gibrid (PHEV),13,19662.00,255606.00
2024,BYD,Song Plus EV,Sirdaryo,Elektromobil (EV),2,28184.00,56368.00
2024,BYD,Han,Sirdaryo,Elektromobil (EV),2,40412.00,80824.00
2024,BYD,Seagull,Sirdaryo,Elektromobil (EV),7,12312.00,86184.00
2024,Chery,Tiggo 7 Pro,Sirdaryo,Benzin (Turbo),1,26857.00,26857.00
2024,Chery,Arrizo 6 Pro,Sirdaryo,Benzin (Turbo),2,21106.00,42212.00
2024,Chery,Tiggo 8 Pro,Sirdaryo,Benzin (Turbo),1,33864.00,33864.00
2024,Haval,Jolion,Sirdaryo,Benzin (Turbo),2,23788.00,47576.00
2024,Haval,M6,Sirdaryo,Benzin,3,20011.00,60033.00
2024,Haval,H6,Sirdaryo,Benzin (Turbo),1,30132.00,30132.00
2024,Kia,Sonet,Sirdaryo,Benzin,2,18669.00,37338.00
2024,Kia,K5,Sirdaryo,Benzin,2,34259.00,68518.00
2024,Kia,Sportage,Sirdaryo,Benzin,2,35847.00,71694.00
2024,Zeekr,001,Sirdaryo,Elektromobil (EV),1,49816.00,49816.00
2024,Geely,Monjaro,Sirdaryo,Benzin (Turbo),1,37097.00,37097.00
2024,Jetour,Dashing,Sirdaryo,Benzin (Turbo),1,27652.00,27652.00
2024,Li Auto,L7/L9,Sirdaryo,Gibrid (EREV),1,59544.00,59544.00
2024,Chevrolet,Cobalt,Qoraqalpog‘iston Res.,Benzin,32,12204.00,390528.00
2024,Chevrolet,Damas,Qoraqalpog‘iston Res.,Benzin,27,9099.00,245673.00
2024,Chevrolet,Labo,Qoraqalpog‘iston Res.,Benzin,14,8473.00,118622.00
2024,Chevrolet,Tracker-2,Qoraqalpog‘iston Res.,Benzin (Turbo),5,17913.00,89565.00
2024,Chevrolet,Onix,Qoraqalpog‘iston Res.,Benzin (Turbo),7,14698.00,102886.00
2024,Chevrolet,Malibu-2,Qoraqalpog‘iston Res.,Benzin (Turbo),1,36145.00,36145.00
2024,BYD,Song Plus DM-i,Qoraqalpog‘iston Res.,Gibrid (PHEV),18,25419.00,457542.00
2024,BYD,Chazor (Destroyer 05),Qoraqalpog‘iston Res.,Gibrid (PHEV),12,19249.00,230988.00
2024,BYD,Song Plus EV,Qoraqalpog‘iston Res.,Elektromobil (EV),3,28748.00,86244.00
2024,BYD,Han,Qoraqalpog‘iston Res.,Elektromobil (EV),1,40378.00,40378.00
2024,BYD,Seagull,Qoraqalpog‘iston Res.,Elektromobil (EV),7,11627.00,81389.00
2024,Chery,Tiggo 7 Pro,Qoraqalpog‘iston Res.,Benzin (Turbo),2,27155.00,54310.00
2024,Chery,Arrizo 6 Pro,Qoraqalpog‘iston Res.,Benzin (Turbo),3,21152.00,63456.00
2024,Chery,Tiggo 8 Pro,Qoraqalpog‘iston Res.,Benzin (Turbo),1,33823.00,33823.00
2024,Haval,Jolion,Qoraqalpog‘iston Res.,Benzin (Turbo),1,23705.00,23705.00
2024,Haval,M6,Qoraqalpog‘iston Res.,Benzin,4,20005.00,80020.00
2024,Haval,H6,Qoraqalpog‘iston Res.,Benzin (Turbo),1,30178.00,30178.00
2024,Kia,Sonet,Qoraqalpog‘iston Res.,Benzin,4,18372.00,73488.00
2024,Kia,K5,Qoraqalpog‘iston Res.,Benzin,1,34443.00,34443.00
2024,Kia,Sportage,Qoraqalpog‘iston Res.,Benzin,2,35983.00,71966.00
2024,Zeekr,001,Qoraqalpog‘iston Res.,Elektromobil (EV),1,49788.00,49788.00
2024,Geely,Monjaro,Qoraqalpog‘iston Res.,Benzin (Turbo),1,37186.00,37186.00
2024,Jetour,Dashing,Qoraqalpog‘iston Res.,Benzin (Turbo),1,27674.00,27674.00
2024,Li Auto,L7/L9,Qoraqalpog‘iston Res.,Gibrid (EREV),1,59456.00,59456.00
2024,Chevrolet,Cobalt,Toshkent shahri,Benzin,517,12157.00,6285169.00
2024,Chevrolet,Damas,Toshkent shahri,Benzin,95,9187.00,872765.00
2024,Chevrolet,Labo,Toshkent shahri,Benzin,55,8609.00,473495.00
2024,Chevrolet,Tracker-2,Toshkent shahri,Benzin (Turbo),100,17808.00,1780800.00
2024,Chevrolet,Onix,Toshkent shahri,Benzin (Turbo),130,14384.00,1869920.00
2024,Chevrolet,Malibu-2,Toshkent shahri,Benzin (Turbo),33,35877.00,1183941.00
2024,BYD,Song Plus DM-i,Toshkent shahri,Gibrid (PHEV),951,25580.00,24326580.00
2024,BYD,Chazor (Destroyer 05),Toshkent shahri,Gibrid (PHEV),580,19204.00,11138320.00
2024,BYD,Song Plus EV,Toshkent shahri,Elektromobil (EV),116,28537.00,3310292.00
2024,BYD,Han,Toshkent shahri,Elektromobil (EV),54,40389.00,2181006.00
2024,BYD,Seagull,Toshkent shahri,Elektromobil (EV),373,11840.00,4416320.00
2024,Chery,Tiggo 7 Pro,Toshkent shahri,Benzin (Turbo),74,27082.00,2004068.00
2024,Chery,Arrizo 6 Pro,Toshkent shahri,Benzin (Turbo),48,21341.00,1024368.00
2024,Chery,Tiggo 8 Pro,Toshkent shahri,Benzin (Turbo),28,33947.00,950516.00
2024,Haval,Jolion,Toshkent shahri,Benzin (Turbo),60,23839.00,1430340.00
2024,Haval,M6,Toshkent shahri,Benzin,64,20077.00,1284928.00
2024,Haval,H6,Toshkent shahri,Benzin (Turbo),32,30148.00,964736.00
2024,Kia,Sonet,Toshkent shahri,Benzin,70,18625.00,1303750.00
2024,Kia,K5,Toshkent shahri,Benzin,29,34452.00,999108.00
2024,Kia,Sportage,Toshkent shahri,Benzin,21,35975.00,755475.00
2024,Zeekr,001,Toshkent shahri,Elektromobil (EV),31,49977.00,1549287.00
2024,Geely,Monjaro,Toshkent shahri,Benzin (Turbo),28,36946.00,1034488.00
2024,Jetour,Dashing,Toshkent shahri,Benzin (Turbo),29,27706.00,803474.00
2024,Li Auto,L7/L9,Toshkent shahri,Gibrid (EREV),23,59372.00,1365556.00
2024,Chevrolet,Cobalt,Toshkent viloyati,Benzin,264,11993.00,3166152.00
2024,Chevrolet,Damas,Toshkent viloyati,Benzin,199,8885.00,1768115.00
2024,Chevrolet,Labo,Toshkent viloyati,Benzin,109,8381.00,913529.00
2024,Chevrolet,Tracker-2,Toshkent viloyati,Benzin (Turbo),38,17475.00,664050.00
2024,Chevrolet,Onix,Toshkent viloyati,Benzin (Turbo),46,14389.00,661894.00
2024,Chevrolet,Malibu-2,Toshkent viloyati,Benzin (Turbo),5,35927.00,179635.00
2024,BYD,Song Plus DM-i,Toshkent viloyati,Gibrid (PHEV),132,25341.00,3345012.00
2024,BYD,Chazor (Destroyer 05),Toshkent viloyati,Gibrid (PHEV),101,19459.00,1965359.00
2024,BYD,Song Plus EV,Toshkent viloyati,Elektromobil (EV),19,28836.00,547884.00
2024,BYD,Han,Toshkent viloyati,Elektromobil (EV),10,40649.00,406490.00
2024,BYD,Seagull,Toshkent viloyati,Elektromobil (EV),65,11927.00,775255.00
2024,Chery,Tiggo 7 Pro,Toshkent viloyati,Benzin (Turbo),31,26913.00,834303.00
2024,Chery,Arrizo 6 Pro,Toshkent viloyati,Benzin (Turbo),20,21151.00,423020.00
2024,Chery,Tiggo 8 Pro,Toshkent viloyati,Benzin (Turbo),10,33877.00,338770.00
2024,Haval,Jolion,Toshkent viloyati,Benzin (Turbo),23,23952.00,550896.00
2024,Haval,M6,Toshkent viloyati,Benzin,23,19839.00,456297.00
2024,Haval,H6,Toshkent viloyati,Benzin (Turbo),11,30052.00,330572.00
2024,Kia,Sonet,Toshkent viloyati,Benzin,29,18613.00,539777.00
2024,Kia,K5,Toshkent viloyati,Benzin,12,34333.00,411996.00
2024,Kia,Sportage,Toshkent viloyati,Benzin,8,35855.00,286840.00
2024,Zeekr,001,Toshkent viloyati,Elektromobil (EV),3,49796.00,149388.00
2024,Geely,Monjaro,Toshkent viloyati,Benzin (Turbo),11,36962.00,406582.00
2024,Jetour,Dashing,Toshkent viloyati,Benzin (Turbo),11,27605.00,303655.00
2024,Li Auto,L7/L9,Toshkent viloyati,Gibrid (EREV),1,59448.00,59448.00
2024,Chevrolet,Cobalt,Samarqand,Benzin,264,12268.00,3238752.00
2024,Chevrolet,Damas,Samarqand,Benzin,186,9015.00,1676790.00
2024,Chevrolet,Labo,Samarqand,Benzin,85,8513.00,723605.00
2024,Chevrolet,Tracker-2,Samarqand,Benzin (Turbo),37,17927.00,663299.00
2024,Chevrolet,Onix,Samarqand,Benzin (Turbo),48,14363.00,689424.00
2024,Chevrolet,Malibu-2,Samarqand,Benzin (Turbo),6,36085.00,216510.00
2024,BYD,Song Plus DM-i,Samarqand,Gibrid (PHEV),146,25601.00,3737746.00
2024,BYD,Chazor (Destroyer 05),Samarqand,Gibrid (PHEV),109,19483.00,2123647.00
2024,BYD,Song Plus EV,Samarqand,Elektromobil (EV),17,28912.00,491504.00
2024,BYD,Han,Samarqand,Elektromobil (EV),6,40637.00,243822.00
2024,BYD,Seagull,Samarqand,Elektromobil (EV),53,11692.00,619676.00
2024,Chery,Tiggo 7 Pro,Samarqand,Benzin (Turbo),20,26884.00,537680.00
2024,Chery,Arrizo 6 Pro,Samarqand,Benzin (Turbo),20,21316.00,426320.00
2024,Chery,Tiggo 8 Pro,Samarqand,Benzin (Turbo),9,33990.00,305910.00
2024,Haval,Jolion,Samarqand,Benzin (Turbo),23,23959.00,551057.00
2024,Haval,M6,Samarqand,Benzin,20,19997.00,399940.00
2024,Haval,H6,Samarqand,Benzin (Turbo),10,30347.00,303470.00
2024,Kia,Sonet,Samarqand,Benzin,26,18416.00,478816.00
2024,Kia,K5,Samarqand,Benzin,12,34570.00,414840.00
2024,Kia,Sportage,Samarqand,Benzin,8,36058.00,288464.00
2024,Zeekr,001,Samarqand,Elektromobil (EV),3,49752.00,149256.00
2024,Geely,Monjaro,Samarqand,Benzin (Turbo),10,36970.00,369700.00
2024,Jetour,Dashing,Samarqand,Benzin (Turbo),9,27630.00,248670.00
2024,Li Auto,L7/L9,Samarqand,Gibrid (EREV),5,59270.00,296350.00
2024,Chevrolet,Cobalt,Farg‘ona,Benzin,176,12111.00,2131536.00
2024,Chevrolet,Damas,Farg‘ona,Benzin,320,8850.00,2832000.00
2024,Chevrolet,Labo,Farg‘ona,Benzin,169,8558.00,1446302.00
2024,Chevrolet,Tracker-2,Farg‘ona,Benzin (Turbo),32,17838.00,570816.00
2024,Chevrolet,Onix,Farg‘ona,Benzin (Turbo),40,14516.00,580640.00
2024,Chevrolet,Malibu-2,Farg‘ona,Benzin (Turbo),4,36030.00,144120.00
2024,BYD,Song Plus DM-i,Farg‘ona,Gibrid (PHEV),112,25520.00,2858240.00
2024,BYD,Chazor (Destroyer 05),Farg‘ona,Gibrid (PHEV),84,19638.00,1649592.00
2024,BYD,Song Plus EV,Farg‘ona,Elektromobil (EV),5,28759.00,143795.00
2024,BYD,Han,Farg‘ona,Elektromobil (EV),2,40696.00,81392.00
2024,BYD,Seagull,Farg‘ona,Elektromobil (EV),20,11924.00,238480.00
2024,Chery,Tiggo 7 Pro,Farg‘ona,Benzin (Turbo),18,27193.00,489474.00
2024,Chery,Arrizo 6 Pro,Farg‘ona,Benzin (Turbo),16,21280.00,340480.00
2024,Chery,Tiggo 8 Pro,Farg‘ona,Benzin (Turbo),9,33730.00,303570.00
2024,Haval,Jolion,Farg‘ona,Benzin (Turbo),17,23839.00,405263.00
2024,Haval,M6,Farg‘ona,Benzin,20,19816.00,396320.00
2024,Haval,H6,Farg‘ona,Benzin (Turbo),11,30023.00,330253.00
2024,Kia,Sonet,Farg‘ona,Benzin,23,18606.00,427938.00
2024,Kia,K5,Farg‘ona,Benzin,9,34574.00,311166.00
2024,Kia,Sportage,Farg‘ona,Benzin,6,36228.00,217368.00
2024,Zeekr,001,Farg‘ona,Elektromobil (EV),1,49628.00,49628.00
2024,Geely,Monjaro,Farg‘ona,Benzin (Turbo),6,37017.00,222102.00
2024,Jetour,Dashing,Farg‘ona,Benzin (Turbo),10,27745.00,277450.00
2024,Li Auto,L7/L9,Farg‘ona,Gibrid (EREV),1,59173.00,59173.00
2024,Chevrolet,Cobalt,Andijon,Benzin,137,12334.00,1689758.00
2024,Chevrolet,Damas,Andijon,Benzin,333,9209.00,3066597.00
2024,Chevrolet,Labo,Andijon,Benzin,187,8390.00,1568930.00
2024,Chevrolet,Tracker-2,Andijon,Benzin (Turbo),28,17552.00,491456.00
2024,Chevrolet,Onix,Andijon,Benzin (Turbo),31,14397.00,446307.00
2024,Chevrolet,Malibu-2,Andijon,Benzin (Turbo),3,35913.00,107739.00
2024,BYD,Song Plus DM-i,Andijon,Gibrid (PHEV),93,25434.00,2365362.00
2024,BYD,Chazor (Destroyer 05),Andijon,Gibrid (PHEV),64,19499.00,1247936.00
2024,BYD,Song Plus EV,Andijon,Elektromobil (EV),5,28311.00,141555.00
2024,BYD,Han,Andijon,Elektromobil (EV),2,40751.00,81502.00
2024,BYD,Seagull,Andijon,Elektromobil (EV),16,11753.00,188048.00
2024,Chery,Tiggo 7 Pro,Andijon,Benzin (Turbo),15,27209.00,408135.00
2024,Chery,Arrizo 6 Pro,Andijon,Benzin (Turbo),15,21010.00,315150.00
2024,Chery,Tiggo 8 Pro,Andijon,Benzin (Turbo),7,33906.00,237342.00
2024,Haval,Jolion,Andijon,Benzin (Turbo),16,23777.00,380432.00
2024,Haval,M6,Andijon,Benzin,18,19755.00,355590.00
2024,Haval,H6,Andijon,Benzin (Turbo),8,30147.00,241176.00
2024,Kia,Sonet,Andijon,Benzin,20,18668.00,373360.00
2024,Kia,K5,Andijon,Benzin,9,34543.00,310887.00
2024,Kia,Sportage,Andijon,Benzin,6,36070.00,216420.00
2024,Zeekr,001,Andijon,Elektromobil (EV),1,49650.00,49650.00
2024,Geely,Monjaro,Andijon,Benzin (Turbo),7,37034.00,259238.00
2024,Jetour,Dashing,Andijon,Benzin (Turbo),8,27517.00,220136.00
2024,Li Auto,L7/L9,Andijon,Gibrid (EREV),2,59196.00,118392.00
2024,Chevrolet,Cobalt,Namangan,Benzin,142,12202.00,1732684.00
2024,Chevrolet,Damas,Namangan,Benzin,281,9117.00,2561877.00
2024,Chevrolet,Labo,Namangan,Benzin,134,8518.00,1141412.00
2024,Chevrolet,Tracker-2,Namangan,Benzin (Turbo),28,17762.00,497336.00
2024,Chevrolet,Onix,Namangan,Benzin (Turbo),30,14282.00,428460.00
2024,Chevrolet,Malibu-2,Namangan,Benzin (Turbo),3,36139.00,108417.00
2024,BYD,Song Plus DM-i,Namangan,Gibrid (PHEV),87,25117.00,2185179.00
2024,BYD,Chazor (Destroyer 05),Namangan,Gibrid (PHEV),68,19141.00,1301588.00
2024,BYD,Song Plus EV,Namangan,Elektromobil (EV),3,28585.00,85755.00
2024,BYD,Han,Namangan,Elektromobil (EV),2,40833.00,81666.00
2024,BYD,Seagull,Namangan,Elektromobil (EV),17,11918.00,202606.00
2024,Chery,Tiggo 7 Pro,Namangan,Benzin (Turbo),16,27117.00,433872.00
2024,Chery,Arrizo 6 Pro,Namangan,Benzin (Turbo),14,21290.00,298060.00
2024,Chery,Tiggo 8 Pro,Namangan,Benzin (Turbo),7,33996.00,237972.00
2024,Haval,Jolion,Namangan,Benzin (Turbo),13,24026.00,312338.00
2024,Haval,M6,Namangan,Benzin,16,19890.00,318240.00
2024,Haval,H6,Namangan,Benzin (Turbo),8,30374.00,242992.00
2024,Kia,Sonet,Namangan,Benzin,18,18702.00,336636.00
2024,Kia,K5,Namangan,Benzin,8,34472.00,275776.00
2024,Kia,Sportage,Namangan,Benzin,4,35957.00,143828.00
2024,Zeekr,001,Namangan,Elektromobil (EV),1,49766.00,49766.00
2024,Geely,Monjaro,Namangan,Benzin (Turbo),7,37006.00,259042.00
2024,Jetour,Dashing,Namangan,Benzin (Turbo),8,27432.00,219456.00
2024,Li Auto,L7/L9,Namangan,Gibrid (EREV),1,59516.00,59516.00
2024,Chevrolet,Cobalt,Buxoro,Benzin,158,12199.00,1927442.00
2024,Chevrolet,Damas,Buxoro,Benzin,104,8901.00,925704.00
2024,Chevrolet,Labo,Buxoro,Benzin,42,8402.00,352884.00
2024,Chevrolet,Tracker-2,Buxoro,Benzin (Turbo),22,17678.00,388916.00
2024,Chevrolet,Onix,Buxoro,Benzin (Turbo),25,14300.00,357500.00
2024,Chevrolet,Malibu-2,Buxoro,Benzin (Turbo),4,36183.00,144732.00
2024,BYD,Song Plus DM-i,Buxoro,Gibrid (PHEV),102,25021.00,2552142.00
2024,BYD,Chazor (Destroyer 05),Buxoro,Gibrid (PHEV),65,19130.00,1243450.00
2024,BYD,Song Plus EV,Buxoro,Elektromobil (EV),9,28475.00,256275.00
2024,BYD,Han,Buxoro,Elektromobil (EV),6,40352.00,242112.00
2024,BYD,Seagull,Buxoro,Elektromobil (EV),32,11968.00,382976.00
2024,Chery,Tiggo 7 Pro,Buxoro,Benzin (Turbo),12,27152.00,325824.00
2024,Chery,Arrizo 6 Pro,Buxoro,Benzin (Turbo),9,21197.00,190773.00
2024,Chery,Tiggo 8 Pro,Buxoro,Benzin (Turbo),7,34001.00,238007.00
2024,Haval,Jolion,Buxoro,Benzin (Turbo),13,23889.00,310557.00
2024,Haval,M6,Buxoro,Benzin,14,20086.00,281204.00
2024,Haval,H6,Buxoro,Benzin (Turbo),6,30174.00,181044.00
2024,Kia,Sonet,Buxoro,Benzin,15,18656.00,279840.00
2024,Kia,K5,Buxoro,Benzin,5,34588.00,172940.00
2024,Kia,Sportage,Buxoro,Benzin,4,35895.00,143580.00
2024,Zeekr,001,Buxoro,Elektromobil (EV),3,49721.00,149163.00
2024,Geely,Monjaro,Buxoro,Benzin (Turbo),5,37233.00,186165.00
2024,Jetour,Dashing,Buxoro,Benzin (Turbo),5,27620.00,138100.00
2024,Li Auto,L7/L9,Buxoro,Gibrid (EREV),2,59534.00,119068.00
2024,Chevrolet,Cobalt,Qashqadaryo,Benzin,116,12169.00,1411604.00
2024,Chevrolet,Damas,Qashqadaryo,Benzin,83,9059.00,751897.00
2024,Chevrolet,Labo,Qashqadaryo,Benzin,47,8562.00,402414.00
2024,Chevrolet,Tracker-2,Qashqadaryo,Benzin (Turbo),19,17572.00,333868.00
2024,Chevrolet,Onix,Qashqadaryo,Benzin (Turbo),21,14705.00,308805.00
2024,Chevrolet,Malibu-2,Qashqadaryo,Benzin (Turbo),2,35949.00,71898.00
2024,BYD,Song Plus DM-i,Qashqadaryo,Gibrid (PHEV),67,25501.00,1708567.00
2024,BYD,Chazor (Destroyer 05),Qashqadaryo,Gibrid (PHEV),35,19261.00,674135.00
2024,BYD,Song Plus EV,Qashqadaryo,Elektromobil (EV),9,28865.00,259785.00
2024,BYD,Han,Qashqadaryo,Elektromobil (EV),3,40851.00,122553.00
2024,BYD,Seagull,Qashqadaryo,Elektromobil (EV),23,12114.00,278622.00
2024,Chery,Tiggo 7 Pro,Qashqadaryo,Benzin (Turbo),12,27037.00,324444.00
2024,Chery,Arrizo 6 Pro,Qashqadaryo,Benzin (Turbo),10,21155.00,211550.00
2024,Chery,Tiggo 8 Pro,Qashqadaryo,Benzin (Turbo),4,33779.00,135116.00
2024,Haval,Jolion,Qashqadaryo,Benzin (Turbo),10,23919.00,239190.00
2024,Haval,M6,Qashqadaryo,Benzin,10,19944.00,199440.00
2024,Haval,H6,Qashqadaryo,Benzin (Turbo),6,30329.00,181974.00
2024,Kia,Sonet,Qashqadaryo,Benzin,12,18548.00,222576.00
2024,Kia,K5,Qashqadaryo,Benzin,7,34414.00,240898.00
2024,Kia,Sportage,Qashqadaryo,Benzin,5,36061.00,180305.00
2024,Zeekr,001,Qashqadaryo,Elektromobil (EV),3,49901.00,149703.00
2024,Geely,Monjaro,Qashqadaryo,Benzin (Turbo),4,36964.00,147856.00
2024,Jetour,Dashing,Qashqadaryo,Benzin (Turbo),5,27616.00,138080.00
2024,Li Auto,L7/L9,Qashqadaryo,Gibrid (EREV),2,59394.00,118788.00
2024,Chevrolet,Cobalt,Xorazm,Benzin,85,12063.00,1025355.00
2024,Chevrolet,Damas,Xorazm,Benzin,148,8996.00,1331408.00
2024,Chevrolet,Labo,Xorazm,Benzin,76,8390.00,637640.00
2024,Chevrolet,Tracker-2,Xorazm,Benzin (Turbo),15,17609.00,264135.00
2024,Chevrolet,Onix,Xorazm,Benzin (Turbo),18,14312.00,257616.00
2024,Chevrolet,Malibu-2,Xorazm,Benzin (Turbo),1,36044.00,36044.00
2024,BYD,Song Plus DM-i,Xorazm,Gibrid (PHEV),52,25586.00,1330472.00
2024,BYD,Chazor (Destroyer 05),Xorazm,Gibrid (PHEV),32,19559.00,625888.00
2024,BYD,Song Plus EV,Xorazm,Elektromobil (EV),1,28407.00,28407.00
2024,BYD,Han,Xorazm,Elektromobil (EV),1,40305.00,40305.00
2024,BYD,Seagull,Xorazm,Elektromobil (EV),9,11619.00,104571.00
2024,Chery,Tiggo 7 Pro,Xorazm,Benzin (Turbo),9,27226.00,245034.00
2024,Chery,Arrizo 6 Pro,Xorazm,Benzin (Turbo),8,21037.00,168296.00
2024,Chery,Tiggo 8 Pro,Xorazm,Benzin (Turbo),5,33744.00,168720.00
2024,Haval,Jolion,Xorazm,Benzin (Turbo),7,23807.00,166649.00
2024,Haval,M6,Xorazm,Benzin,9,19784.00,178056.00
2024,Haval,H6,Xorazm,Benzin (Turbo),2,30065.00,60130.00
2024,Kia,Sonet,Xorazm,Benzin,10,18414.00,184140.00
2024,Kia,K5,Xorazm,Benzin,4,34639.00,138556.00
2024,Kia,Sportage,Xorazm,Benzin,3,35928.00,107784.00
2024,Zeekr,001,Xorazm,Elektromobil (EV),1,49853.00,49853.00
2024,Geely,Monjaro,Xorazm,Benzin (Turbo),2,37030.00,74060.00
2024,Jetour,Dashing,Xorazm,Benzin (Turbo),4,27361.00,109444.00
2024,Li Auto,L7/L9,Xorazm,Gibrid (EREV),1,59488.00,59488.00
2024,Chevrolet,Cobalt,Surxondaryo,Benzin,81,12050.00,976050.00
2024,Chevrolet,Damas,Surxondaryo,Benzin,63,9082.00,572166.00
2024,Chevrolet,Labo,Surxondaryo,Benzin,35,8410.00,294350.00
2024,Chevrolet,Tracker-2,Surxondaryo,Benzin (Turbo),15,17924.00,268860.00
2024,Chevrolet,Onix,Surxondaryo,Benzin (Turbo),18,14292.00,257256.00
2024,Chevrolet,Malibu-2,Surxondaryo,Benzin (Turbo),1,36132.00,36132.00
2024,BYD,Song Plus DM-i,Surxondaryo,Gibrid (PHEV),48,25038.00,1201824.00
2024,BYD,Chazor (Destroyer 05),Surxondaryo,Gibrid (PHEV),36,19166.00,689976.00
2024,BYD,Song Plus EV,Surxondaryo,Elektromobil (EV),7,28857.00,201999.00
2024,BYD,Han,Surxondaryo,Elektromobil (EV),3,40144.00,120432.00
2024,BYD,Seagull,Surxondaryo,Elektromobil (EV),23,11763.00,270549.00
2024,Chery,Tiggo 7 Pro,Surxondaryo,Benzin (Turbo),9,27211.00,244899.00
2024,Chery,Arrizo 6 Pro,Surxondaryo,Benzin (Turbo),9,21093.00,189837.00
2024,Chery,Tiggo 8 Pro,Surxondaryo,Benzin (Turbo),3,34026.00,102078.00
2024,Haval,Jolion,Surxondaryo,Benzin (Turbo),7,23835.00,166845.00
2024,Haval,M6,Surxondaryo,Benzin,8,19758.00,158064.00
2024,Haval,H6,Surxondaryo,Benzin (Turbo),4,30041.00,120164.00
2024,Kia,Sonet,Surxondaryo,Benzin,8,18509.00,148072.00
2024,Kia,K5,Surxondaryo,Benzin,2,34329.00,68658.00
2024,Kia,Sportage,Surxondaryo,Benzin,3,35974.00,107922.00
2024,Zeekr,001,Surxondaryo,Elektromobil (EV),3,49738.00,149214.00
2024,Geely,Monjaro,Surxondaryo,Benzin (Turbo),3,37282.00,111846.00
2024,Jetour,Dashing,Surxondaryo,Benzin (Turbo),3,27586.00,82758.00
2024,Li Auto,L7/L9,Surxondaryo,Gibrid (EREV),1,59520.00,59520.00
2024,Chevrolet,Cobalt,Navoiy,Benzin,69,12357.00,852633.00
2024,Chevrolet,Damas,Navoiy,Benzin,56,8924.00,499744.00
2024,Chevrolet,Labo,Navoiy,Benzin,32,8314.00,266048.00
2024,Chevrolet,Tracker-2,Navoiy,Benzin (Turbo),12,17705.00,212460.00
2024,Chevrolet,Onix,Navoiy,Benzin (Turbo),11,14261.00,156871.00
2024,Chevrolet,Malibu-2,Navoiy,Benzin (Turbo),1,35961.00,35961.00
2024,BYD,Song Plus DM-i,Navoiy,Gibrid (PHEV),37,25274.00,935138.00
2024,BYD,Chazor (Destroyer 05),Navoiy,Gibrid (PHEV),24,19489.00,467736.00
2024,BYD,Song Plus EV,Navoiy,Elektromobil (EV),4,28547.00,114188.00
2024,BYD,Han,Navoiy,Elektromobil (EV),1,40506.00,40506.00
2024,BYD,Seagull,Navoiy,Elektromobil (EV),16,11725.00,187600.00
2024,Chery,Tiggo 7 Pro,Navoiy,Benzin (Turbo),8,26914.00,215312.00
2024,Chery,Arrizo 6 Pro,Navoiy,Benzin (Turbo),8,21188.00,169504.00
2024,Chery,Tiggo 8 Pro,Navoiy,Benzin (Turbo),2,34119.00,68238.00
2024,Haval,Jolion,Navoiy,Benzin (Turbo),6,23721.00,142326.00
2024,Haval,M6,Navoiy,Benzin,8,19853.00,158824.00
2024,Haval,H6,Navoiy,Benzin (Turbo),2,30204.00,60408.00
2024,Kia,Sonet,Navoiy,Benzin,7,18507.00,129549.00
2024,Kia,K5,Navoiy,Benzin,4,34642.00,138568.00
2024,Kia,Sportage,Navoiy,Benzin,1,35893.00,35893.00
2024,Zeekr,001,Navoiy,Elektromobil (EV),3,49822.00,149466.00
2024,Geely,Monjaro,Navoiy,Benzin (Turbo),3,36930.00,110790.00
2024,Jetour,Dashing,Navoiy,Benzin (Turbo),2,27743.00,55486.00
2024,Li Auto,L7/L9,Navoiy,Gibrid (EREV),1,59446.00,59446.00
2024,Chevrolet,Cobalt,Jizzax,Benzin,35,12096.00,423360.00
2024,Chevrolet,Damas,Jizzax,Benzin,35,9084.00,317940.00
2024,Chevrolet,Labo,Jizzax,Benzin,16,8616.00,137856.00
2024,Chevrolet,Tracker-2,Jizzax,Benzin (Turbo),8,17392.00,139136.00
2024,Chevrolet,Onix,Jizzax,Benzin (Turbo),8,14349.00,114792.00
2024,Chevrolet,Malibu-2,Jizzax,Benzin (Turbo),1,35898.00,35898.00
2024,BYD,Song Plus DM-i,Jizzax,Gibrid (PHEV),24,24989.00,599736.00
2024,BYD,Chazor (Destroyer 05),Jizzax,Gibrid (PHEV),15,19230.00,288450.00
2024,BYD,Song Plus EV,Jizzax,Elektromobil (EV),3,28652.00,85956.00
2024,BYD,Han,Jizzax,Elektromobil (EV),1,40131.00,40131.00
2024,BYD,Seagull,Jizzax,Elektromobil (EV),9,12184.00,109656.00
2024,Chery,Tiggo 7 Pro,Jizzax,Benzin (Turbo),5,27129.00,135645.00
2024,Chery,Arrizo 6 Pro,Jizzax,Benzin (Turbo),4,21324.00,85296.00
2024,Chery,Tiggo 8 Pro,Jizzax,Benzin (Turbo),1,33787.00,33787.00
2024,Haval,Jolion,Jizzax,Benzin (Turbo),2,23700.00,47400.00
2024,Haval,M6,Jizzax,Benzin,2,19908.00,39816.00
2024,Haval,H6,Jizzax,Benzin (Turbo),1,30083.00,30083.00
2024,Kia,Sonet,Jizzax,Benzin,4,18524.00,74096.00
2024,Kia,K5,Jizzax,Benzin,2,34378.00,68756.00
2024,Kia,Sportage,Jizzax,Benzin,2,36130.00,72260.00
2024,Zeekr,001,Jizzax,Elektromobil (EV),1,49678.00,49678.00
2024,Geely,Monjaro,Jizzax,Benzin (Turbo),1,36900.00,36900.00
2024,Jetour,Dashing,Jizzax,Benzin (Turbo),1,27644.00,27644.00
2024,Li Auto,L7/L9,Jizzax,Gibrid (EREV),1,59248.00,59248.00
2024,Chevrolet,Cobalt,Sirdaryo,Benzin,29,12367.00,358643.00
2024,Chevrolet,Damas,Sirdaryo,Benzin,25,9155.00,228875.00
2024,Chevrolet,Labo,Sirdaryo,Benzin,12,8666.00,103992.00
2024,Chevrolet,Tracker-2,Sirdaryo,Benzin (Turbo),6,17840.00,107040.00
2024,Chevrolet,Onix,Sirdaryo,Benzin (Turbo),4,14391.00,57564.00
2024,Chevrolet,Malibu-2,Sirdaryo,Benzin (Turbo),1,36068.00,36068.00
2024,BYD,Song Plus DM-i,Sirdaryo,Gibrid (PHEV),18,24940.00,448920.00
2024,BYD,Chazor (Destroyer 05),Sirdaryo,Gibrid (PHEV),12,19041.00,228492.00
2024,BYD,Song Plus EV,Sirdaryo,Elektromobil (EV),3,28660.00,85980.00
2024,BYD,Han,Sirdaryo,Elektromobil (EV),1,40838.00,40838.00
2024,BYD,Seagull,Sirdaryo,Elektromobil (EV),6,11620.00,69720.00
2024,Chery,Tiggo 7 Pro,Sirdaryo,Benzin (Turbo),5,26976.00,134880.00
2024,Chery,Arrizo 6 Pro,Sirdaryo,Benzin (Turbo),2,21043.00,42086.00
2024,Chery,Tiggo 8 Pro,Sirdaryo,Benzin (Turbo),1,33863.00,33863.00
2024,Haval,Jolion,Sirdaryo,Benzin (Turbo),4,24045.00,96180.00
2024,Haval,M6,Sirdaryo,Benzin,3,19782.00,59346.00
2024,Haval,H6,Sirdaryo,Benzin (Turbo),2,30170.00,60340.00
2024,Kia,Sonet,Sirdaryo,Benzin,4,18634.00,74536.00
2024,Kia,K5,Sirdaryo,Benzin,1,34280.00,34280.00
2024,Kia,Sportage,Sirdaryo,Benzin,1,35951.00,35951.00
2024,Zeekr,001,Sirdaryo,Elektromobil (EV),1,49757.00,49757.00
2024,Geely,Monjaro,Sirdaryo,Benzin (Turbo),1,36973.00,36973.00
2024,Jetour,Dashing,Sirdaryo,Benzin (Turbo),1,27546.00,27546.00
2024,Li Auto,L7/L9,Sirdaryo,Gibrid (EREV),1,59529.00,59529.00
2024,Chevrolet,Cobalt,Qoraqalpog‘iston Res.,Benzin,31,12076.00,374356.00
2024,Chevrolet,Damas,Qoraqalpog‘iston Res.,Benzin,25,8918.00,222950.00
2024,Chevrolet,Labo,Qoraqalpog‘iston Res.,Benzin,15,8527.00,127905.00
2024,Chevrolet,Tracker-2,Qoraqalpog‘iston Res.,Benzin (Turbo),4,17950.00,71800.00
2024,Chevrolet,Onix,Qoraqalpog‘iston Res.,Benzin (Turbo),5,14426.00,72130.00
2024,Chevrolet,Malibu-2,Qoraqalpog‘iston Res.,Benzin (Turbo),1,36148.00,36148.00
2024,BYD,Song Plus DM-i,Qoraqalpog‘iston Res.,Gibrid (PHEV),19,25031.00,475589.00
2024,BYD,Chazor (Destroyer 05),Qoraqalpog‘iston Res.,Gibrid (PHEV),12,19040.00,228480.00
2024,BYD,Song Plus EV,Qoraqalpog‘iston Res.,Elektromobil (EV),2,28913.00,57826.00
2024,BYD,Han,Qoraqalpog‘iston Res.,Elektromobil (EV),1,40851.00,40851.00
2024,BYD,Seagull,Qoraqalpog‘iston Res.,Elektromobil (EV),8,11720.00,93760.00
2024,Chery,Tiggo 7 Pro,Qoraqalpog‘iston Res.,Benzin (Turbo),3,27118.00,81354.00
2024,Chery,Arrizo 6 Pro,Qoraqalpog‘iston Res.,Benzin (Turbo),2,21172.00,42344.00
2024,Chery,Tiggo 8 Pro,Qoraqalpog‘iston Res.,Benzin (Turbo),1,33967.00,33967.00
2024,Haval,Jolion,Qoraqalpog‘iston Res.,Benzin (Turbo),3,23711.00,71133.00
2024,Haval,M6,Qoraqalpog‘iston Res.,Benzin,2,20014.00,40028.00
2024,Haval,H6,Qoraqalpog‘iston Res.,Benzin (Turbo),1,30243.00,30243.00
2024,Kia,Sonet,Qoraqalpog‘iston Res.,Benzin,2,18678.00,37356.00
2024,Kia,K5,Qoraqalpog‘iston Res.,Benzin,1,34386.00,34386.00
2024,Kia,Sportage,Qoraqalpog‘iston Res.,Benzin,1,35945.00,35945.00
2024,Zeekr,001,Qoraqalpog‘iston Res.,Elektromobil (EV),2,49953.00,99906.00
2024,Geely,Monjaro,Qoraqalpog‘iston Res.,Benzin (Turbo),1,37280.00,37280.00
2024,Jetour,Dashing,Qoraqalpog‘iston Res.,Benzin (Turbo),2,27500.00,55000.00
2024,Li Auto,L7/L9,Qoraqalpog‘iston Res.,Gibrid (EREV),2,59545.00,119090.00
2025,Chevrolet,Cobalt,Toshkent shahri,Benzin,587,12481.00,7326347.00
2025,Chevrolet,Damas,Toshkent shahri,Benzin,99,9153.00,906147.00
2025,Chevrolet,Labo,Toshkent shahri,Benzin,53,8604.00,456012.00
2025,Chevrolet,Tracker-2,Toshkent shahri,Benzin (Turbo),82,16966.00,1391212.00
2025,Chevrolet,Onix,Toshkent shahri,Benzin (Turbo),109,14170.00,1544530.00
2025,Chevrolet,Malibu-2,Toshkent shahri,Benzin (Turbo),28,37140.00,1039920.00
2025,BYD,Song Plus DM-i,Toshkent shahri,Gibrid (PHEV),1046,24289.00,25406294.00
2025,BYD,Chazor (Destroyer 05),Toshkent shahri,Gibrid (PHEV),754,18812.00,14184248.00
2025,BYD,Song Plus EV,Toshkent shahri,Elektromobil (EV),158,27266.00,4308028.00
2025,BYD,Han,Toshkent shahri,Elektromobil (EV),63,38406.00,2419578.00
2025,BYD,Seagull,Toshkent shahri,Elektromobil (EV),465,11779.00,5477235.00
2025,Chery,Tiggo 7 Pro,Toshkent shahri,Benzin (Turbo),83,27858.00,2312214.00
2025,Chery,Arrizo 6 Pro,Toshkent shahri,Benzin (Turbo),55,21720.00,1194600.00
2025,Chery,Tiggo 8 Pro,Toshkent shahri,Benzin (Turbo),32,34852.00,1115264.00
2025,Haval,Jolion,Toshkent shahri,Benzin (Turbo),71,24434.00,1734814.00
2025,Haval,M6,Toshkent shahri,Benzin,65,20646.00,1341990.00
2025,Haval,H6,Toshkent shahri,Benzin (Turbo),32,30895.00,988640.00
2025,Kia,Sonet,Toshkent shahri,Benzin,88,19255.00,1694440.00
2025,Kia,K5,Toshkent shahri,Benzin,35,35408.00,1239280.00
2025,Kia,Sportage,Toshkent shahri,Benzin,26,37129.00,965354.00
2025,Zeekr,001,Toshkent shahri,Elektromobil (EV),27,51349.00,1386423.00
2025,Geely,Monjaro,Toshkent shahri,Benzin (Turbo),31,38139.00,1182309.00
2025,Jetour,Dashing,Toshkent shahri,Benzin (Turbo),40,28236.00,1129440.00
2025,Li Auto,L7/L9,Toshkent shahri,Gibrid (EREV),23,61114.00,1405622.00
2025,Chevrolet,Cobalt,Toshkent viloyati,Benzin,239,12635.00,3019765.00
2025,Chevrolet,Damas,Toshkent viloyati,Benzin,181,9072.00,1642032.00
2025,Chevrolet,Labo,Toshkent viloyati,Benzin,110,8552.00,940720.00
2025,Chevrolet,Tracker-2,Toshkent viloyati,Benzin (Turbo),35,17312.00,605920.00
2025,Chevrolet,Onix,Toshkent viloyati,Benzin (Turbo),43,14166.00,609138.00
2025,Chevrolet,Malibu-2,Toshkent viloyati,Benzin (Turbo),5,36939.00,184695.00
2025,BYD,Song Plus DM-i,Toshkent viloyati,Gibrid (PHEV),182,24137.00,4392934.00
2025,BYD,Chazor (Destroyer 05),Toshkent viloyati,Gibrid (PHEV),111,18769.00,2083359.00
2025,BYD,Song Plus EV,Toshkent viloyati,Elektromobil (EV),26,27025.00,702650.00
2025,BYD,Han,Toshkent viloyati,Elektromobil (EV),10,38550.00,385500.00
2025,BYD,Seagull,Toshkent viloyati,Elektromobil (EV),79,11077.00,875083.00
2025,Chery,Tiggo 7 Pro,Toshkent viloyati,Benzin (Turbo),28,27729.00,776412.00
2025,Chery,Arrizo 6 Pro,Toshkent viloyati,Benzin (Turbo),21,21967.00,461307.00
2025,Chery,Tiggo 8 Pro,Toshkent viloyati,Benzin (Turbo),13,35024.00,455312.00
2025,Haval,Jolion,Toshkent viloyati,Benzin (Turbo),26,24724.00,642824.00
2025,Haval,M6,Toshkent viloyati,Benzin,32,20599.00,659168.00
2025,Haval,H6,Toshkent viloyati,Benzin (Turbo),14,31093.00,435302.00
2025,Kia,Sonet,Toshkent viloyati,Benzin,32,18938.00,606016.00
2025,Kia,K5,Toshkent viloyati,Benzin,13,35483.00,461279.00
2025,Kia,Sportage,Toshkent viloyati,Benzin,10,37086.00,370860.00
2025,Zeekr,001,Toshkent viloyati,Elektromobil (EV),6,51422.00,308532.00
2025,Geely,Monjaro,Toshkent viloyati,Benzin (Turbo),10,38159.00,381590.00
2025,Jetour,Dashing,Toshkent viloyati,Benzin (Turbo),13,28239.00,367107.00
2025,Li Auto,L7/L9,Toshkent viloyati,Gibrid (EREV),4,61012.00,244048.00
2025,Chevrolet,Cobalt,Samarqand,Benzin,244,12401.00,3025844.00
2025,Chevrolet,Damas,Samarqand,Benzin,193,9261.00,1787373.00
2025,Chevrolet,Labo,Samarqand,Benzin,93,8613.00,801009.00
2025,Chevrolet,Tracker-2,Samarqand,Benzin (Turbo),34,17036.00,579224.00
2025,Chevrolet,Onix,Samarqand,Benzin (Turbo),37,13787.00,510119.00
2025,Chevrolet,Malibu-2,Samarqand,Benzin (Turbo),4,37192.00,148768.00
2025,BYD,Song Plus DM-i,Samarqand,Gibrid (PHEV),188,24439.00,4594532.00
2025,BYD,Chazor (Destroyer 05),Samarqand,Gibrid (PHEV),123,18308.00,2251884.00
2025,BYD,Song Plus EV,Samarqand,Elektromobil (EV),23,27606.00,634938.00
2025,BYD,Han,Samarqand,Elektromobil (EV),8,38931.00,311448.00
2025,BYD,Seagull,Samarqand,Elektromobil (EV),81,11519.00,933039.00
2025,Chery,Tiggo 7 Pro,Samarqand,Benzin (Turbo),28,27970.00,783160.00
2025,Chery,Arrizo 6 Pro,Samarqand,Benzin (Turbo),25,21792.00,544800.00
2025,Chery,Tiggo 8 Pro,Samarqand,Benzin (Turbo),11,34947.00,384417.00
2025,Haval,Jolion,Samarqand,Benzin (Turbo),26,24449.00,635674.00
2025,Haval,M6,Samarqand,Benzin,29,20332.00,589628.00
2025,Haval,H6,Samarqand,Benzin (Turbo),12,31080.00,372960.00
2025,Kia,Sonet,Samarqand,Benzin,29,18943.00,549347.00
2025,Kia,K5,Samarqand,Benzin,11,35486.00,390346.00
2025,Kia,Sportage,Samarqand,Benzin,8,36948.00,295584.00
2025,Zeekr,001,Samarqand,Elektromobil (EV),4,51362.00,205448.00
2025,Geely,Monjaro,Samarqand,Benzin (Turbo),11,38026.00,418286.00
2025,Jetour,Dashing,Samarqand,Benzin (Turbo),11,28339.00,311729.00
2025,Li Auto,L7/L9,Samarqand,Gibrid (EREV),2,61049.00,122098.00
2025,Chevrolet,Cobalt,Farg‘ona,Benzin,235,12687.00,2981445.00
2025,Chevrolet,Damas,Farg‘ona,Benzin,373,9221.00,3439433.00
2025,Chevrolet,Labo,Farg‘ona,Benzin,174,8650.00,1505100.00
2025,Chevrolet,Tracker-2,Farg‘ona,Benzin (Turbo),28,17378.00,486584.00
2025,Chevrolet,Onix,Farg‘ona,Benzin (Turbo),40,13881.00,555240.00
2025,Chevrolet,Malibu-2,Farg‘ona,Benzin (Turbo),5,37054.00,185270.00
2025,BYD,Song Plus DM-i,Farg‘ona,Gibrid (PHEV),140,24130.00,3378200.00
2025,BYD,Chazor (Destroyer 05),Farg‘ona,Gibrid (PHEV),98,18506.00,1813588.00
2025,BYD,Song Plus EV,Farg‘ona,Elektromobil (EV),6,27328.00,163968.00
2025,BYD,Han,Farg‘ona,Elektromobil (EV),2,38732.00,77464.00
2025,BYD,Seagull,Farg‘ona,Elektromobil (EV),26,11182.00,290732.00
2025,Chery,Tiggo 7 Pro,Farg‘ona,Benzin (Turbo),22,27829.00,612238.00
2025,Chery,Arrizo 6 Pro,Farg‘ona,Benzin (Turbo),23,21763.00,500549.00
2025,Chery,Tiggo 8 Pro,Farg‘ona,Benzin (Turbo),9,34763.00,312867.00
2025,Haval,Jolion,Farg‘ona,Benzin (Turbo),21,24402.00,512442.00
2025,Haval,M6,Farg‘ona,Benzin,24,20382.00,489168.00
2025,Haval,H6,Farg‘ona,Benzin (Turbo),13,31203.00,405639.00
2025,Kia,Sonet,Farg‘ona,Benzin,27,19049.00,514323.00
2025,Kia,K5,Farg‘ona,Benzin,11,35319.00,388509.00
2025,Kia,Sportage,Farg‘ona,Benzin,8,37082.00,296656.00
2025,Zeekr,001,Farg‘ona,Elektromobil (EV),1,51345.00,51345.00
2025,Geely,Monjaro,Farg‘ona,Benzin (Turbo),8,38251.00,306008.00
2025,Jetour,Dashing,Farg‘ona,Benzin (Turbo),10,28304.00,283040.00
2025,Li Auto,L7/L9,Farg‘ona,Gibrid (EREV),1,61118.00,61118.00
2025,Chevrolet,Cobalt,Andijon,Benzin,176,12640.00,2224640.00
2025,Chevrolet,Damas,Andijon,Benzin,315,9188.00,2894220.00
2025,Chevrolet,Labo,Andijon,Benzin,174,8559.00,1489266.00
2025,Chevrolet,Tracker-2,Andijon,Benzin (Turbo),27,17349.00,468423.00
2025,Chevrolet,Onix,Andijon,Benzin (Turbo),29,13832.00,401128.00
2025,Chevrolet,Malibu-2,Andijon,Benzin (Turbo),3,36966.00,110898.00
2025,BYD,Song Plus DM-i,Andijon,Gibrid (PHEV),118,24255.00,2862090.00
2025,BYD,Chazor (Destroyer 05),Andijon,Gibrid (PHEV),93,18216.00,1694088.00
2025,BYD,Song Plus EV,Andijon,Elektromobil (EV),7,27450.00,192150.00
2025,BYD,Han,Andijon,Elektromobil (EV),3,38722.00,116166.00
2025,BYD,Seagull,Andijon,Elektromobil (EV),21,11663.00,244923.00
2025,Chery,Tiggo 7 Pro,Andijon,Benzin (Turbo),23,27894.00,641562.00
2025,Chery,Arrizo 6 Pro,Andijon,Benzin (Turbo),18,21719.00,390942.00
2025,Chery,Tiggo 8 Pro,Andijon,Benzin (Turbo),8,34858.00,278864.00
2025,Haval,Jolion,Andijon,Benzin (Turbo),23,24605.00,565915.00
2025,Haval,M6,Andijon,Benzin,19,20663.00,392597.00
2025,Haval,H6,Andijon,Benzin (Turbo),9,31113.00,280017.00
2025,Kia,Sonet,Andijon,Benzin,25,18950.00,473750.00
2025,Kia,K5,Andijon,Benzin,9,35518.00,319662.00
2025,Kia,Sportage,Andijon,Benzin,8,37029.00,296232.00
2025,Zeekr,001,Andijon,Elektromobil (EV),1,51047.00,51047.00
2025,Geely,Monjaro,Andijon,Benzin (Turbo),9,38019.00,342171.00
2025,Jetour,Dashing,Andijon,Benzin (Turbo),9,28315.00,254835.00
2025,Li Auto,L7/L9,Andijon,Gibrid (EREV),1,61108.00,61108.00
2025,Chevrolet,Cobalt,Namangan,Benzin,169,12391.00,2094079.00
2025,Chevrolet,Damas,Namangan,Benzin,259,9263.00,2399117.00
2025,Chevrolet,Labo,Namangan,Benzin,130,8574.00,1114620.00
2025,Chevrolet,Tracker-2,Namangan,Benzin (Turbo),25,17298.00,432450.00
2025,Chevrolet,Onix,Namangan,Benzin (Turbo),26,14087.00,366262.00
2025,Chevrolet,Malibu-2,Namangan,Benzin (Turbo),3,36888.00,110664.00
2025,BYD,Song Plus DM-i,Namangan,Gibrid (PHEV),104,24316.00,2528864.00
2025,BYD,Chazor (Destroyer 05),Namangan,Gibrid (PHEV),83,18841.00,1563803.00
2025,BYD,Song Plus EV,Namangan,Elektromobil (EV),7,26980.00,188860.00
2025,BYD,Han,Namangan,Elektromobil (EV),1,38902.00,38902.00
2025,BYD,Seagull,Namangan,Elektromobil (EV),18,11177.00,201186.00
2025,Chery,Tiggo 7 Pro,Namangan,Benzin (Turbo),22,27660.00,608520.00
2025,Chery,Arrizo 6 Pro,Namangan,Benzin (Turbo),14,21771.00,304794.00
2025,Chery,Tiggo 8 Pro,Namangan,Benzin (Turbo),8,34995.00,279960.00
2025,Haval,Jolion,Namangan,Benzin (Turbo),15,24475.00,367125.00
2025,Haval,M6,Namangan,Benzin,17,20502.00,348534.00
2025,Haval,H6,Namangan,Benzin (Turbo),9,30885.00,277965.00
2025,Kia,Sonet,Namangan,Benzin,22,19131.00,420882.00
2025,Kia,K5,Namangan,Benzin,7,35257.00,246799.00
2025,Kia,Sportage,Namangan,Benzin,6,37119.00,222714.00
2025,Zeekr,001,Namangan,Elektromobil (EV),1,51256.00,51256.00
2025,Geely,Monjaro,Namangan,Benzin (Turbo),7,38233.00,267631.00
2025,Jetour,Dashing,Namangan,Benzin (Turbo),7,28283.00,197981.00
2025,Li Auto,L7/L9,Namangan,Gibrid (EREV),1,60863.00,60863.00
2025,Chevrolet,Cobalt,Buxoro,Benzin,195,12509.00,2439255.00
2025,Chevrolet,Damas,Buxoro,Benzin,103,9396.00,967788.00
2025,Chevrolet,Labo,Buxoro,Benzin,57,8674.00,494418.00
2025,Chevrolet,Tracker-2,Buxoro,Benzin (Turbo),17,17176.00,291992.00
2025,Chevrolet,Onix,Buxoro,Benzin (Turbo),25,14051.00,351275.00
2025,Chevrolet,Malibu-2,Buxoro,Benzin (Turbo),1,37084.00,37084.00
2025,BYD,Song Plus DM-i,Buxoro,Gibrid (PHEV),99,23858.00,2361942.00
2025,BYD,Chazor (Destroyer 05),Buxoro,Gibrid (PHEV),82,18432.00,1511424.00
2025,BYD,Song Plus EV,Buxoro,Elektromobil (EV),12,27070.00,324840.00
2025,BYD,Han,Buxoro,Elektromobil (EV),6,38849.00,233094.00
2025,BYD,Seagull,Buxoro,Elektromobil (EV),37,11605.00,429385.00
2025,Chery,Tiggo 7 Pro,Buxoro,Benzin (Turbo),14,27839.00,389746.00
2025,Chery,Arrizo 6 Pro,Buxoro,Benzin (Turbo),13,21923.00,284999.00
2025,Chery,Tiggo 8 Pro,Buxoro,Benzin (Turbo),5,34704.00,173520.00
2025,Haval,Jolion,Buxoro,Benzin (Turbo),13,24547.00,319111.00
2025,Haval,M6,Buxoro,Benzin,15,20679.00,310185.00
2025,Haval,H6,Buxoro,Benzin (Turbo),8,31039.00,248312.00
2025,Kia,Sonet,Buxoro,Benzin,16,18875.00,302000.00
2025,Kia,K5,Buxoro,Benzin,7,35329.00,247303.00
2025,Kia,Sportage,Buxoro,Benzin,6,37177.00,223062.00
2025,Zeekr,001,Buxoro,Elektromobil (EV),3,51072.00,153216.00
2025,Geely,Monjaro,Buxoro,Benzin (Turbo),5,38335.00,191675.00
2025,Jetour,Dashing,Buxoro,Benzin (Turbo),8,28395.00,227160.00
2025,Li Auto,L7/L9,Buxoro,Gibrid (EREV),2,61146.00,122292.00
2025,Chevrolet,Cobalt,Qashqadaryo,Benzin,96,12394.00,1189824.00
2025,Chevrolet,Damas,Qashqadaryo,Benzin,95,9360.00,889200.00
2025,Chevrolet,Labo,Qashqadaryo,Benzin,43,8753.00,376379.00
2025,Chevrolet,Tracker-2,Qashqadaryo,Benzin (Turbo),16,17167.00,274672.00
2025,Chevrolet,Onix,Qashqadaryo,Benzin (Turbo),21,14140.00,296940.00
2025,Chevrolet,Malibu-2,Qashqadaryo,Benzin (Turbo),1,36966.00,36966.00
2025,BYD,Song Plus DM-i,Qashqadaryo,Gibrid (PHEV),66,24545.00,1619970.00
2025,BYD,Chazor (Destroyer 05),Qashqadaryo,Gibrid (PHEV),52,18460.00,959920.00
2025,BYD,Song Plus EV,Qashqadaryo,Elektromobil (EV),9,27611.00,248499.00
2025,BYD,Han,Qashqadaryo,Elektromobil (EV),6,39119.00,234714.00
2025,BYD,Seagull,Qashqadaryo,Elektromobil (EV),34,11678.00,397052.00
2025,Chery,Tiggo 7 Pro,Qashqadaryo,Benzin (Turbo),12,27729.00,332748.00
2025,Chery,Arrizo 6 Pro,Qashqadaryo,Benzin (Turbo),12,21734.00,260808.00
2025,Chery,Tiggo 8 Pro,Qashqadaryo,Benzin (Turbo),6,34720.00,208320.00
2025,Haval,Jolion,Qashqadaryo,Benzin (Turbo),13,24434.00,317642.00
2025,Haval,M6,Qashqadaryo,Benzin,11,20512.00,225632.00
2025,Haval,H6,Qashqadaryo,Benzin (Turbo),5,30868.00,154340.00
2025,Kia,Sonet,Qashqadaryo,Benzin,16,19118.00,305888.00
2025,Kia,K5,Qashqadaryo,Benzin,7,35241.00,246687.00
2025,Kia,Sportage,Qashqadaryo,Benzin,4,37075.00,148300.00
2025,Zeekr,001,Qashqadaryo,Elektromobil (EV),1,51136.00,51136.00
2025,Geely,Monjaro,Qashqadaryo,Benzin (Turbo),5,38095.00,190475.00
2025,Jetour,Dashing,Qashqadaryo,Benzin (Turbo),5,28507.00,142535.00
2025,Li Auto,L7/L9,Qashqadaryo,Gibrid (EREV),1,61080.00,61080.00
2025,Chevrolet,Cobalt,Xorazm,Benzin,96,12706.00,1219776.00
2025,Chevrolet,Damas,Xorazm,Benzin,158,9237.00,1459446.00
2025,Chevrolet,Labo,Xorazm,Benzin,92,8900.00,818800.00
2025,Chevrolet,Tracker-2,Xorazm,Benzin (Turbo),13,17332.00,225316.00
2025,Chevrolet,Onix,Xorazm,Benzin (Turbo),15,13956.00,209340.00
2025,Chevrolet,Malibu-2,Xorazm,Benzin (Turbo),3,37198.00,111594.00
2025,BYD,Song Plus DM-i,Xorazm,Gibrid (PHEV),65,24504.00,1592760.00
2025,BYD,Chazor (Destroyer 05),Xorazm,Gibrid (PHEV),42,18322.00,769524.00
2025,BYD,Song Plus EV,Xorazm,Elektromobil (EV),2,27382.00,54764.00
2025,BYD,Han,Xorazm,Elektromobil (EV),1,39046.00,39046.00
2025,BYD,Seagull,Xorazm,Elektromobil (EV),12,11566.00,138792.00
2025,Chery,Tiggo 7 Pro,Xorazm,Benzin (Turbo),12,27851.00,334212.00
2025,Chery,Arrizo 6 Pro,Xorazm,Benzin (Turbo),10,21800.00,218000.00
2025,Chery,Tiggo 8 Pro,Xorazm,Benzin (Turbo),6,34705.00,208230.00
2025,Haval,Jolion,Xorazm,Benzin (Turbo),11,24720.00,271920.00
2025,Haval,M6,Xorazm,Benzin,9,20642.00,185778.00
2025,Haval,H6,Xorazm,Benzin (Turbo),4,31006.00,124024.00
2025,Kia,Sonet,Xorazm,Benzin,12,19230.00,230760.00
2025,Kia,K5,Xorazm,Benzin,5,35600.00,178000.00
2025,Kia,Sportage,Xorazm,Benzin,5,36938.00,184690.00
2025,Zeekr,001,Xorazm,Elektromobil (EV),1,51156.00,51156.00
2025,Geely,Monjaro,Xorazm,Benzin (Turbo),3,38154.00,114462.00
2025,Jetour,Dashing,Xorazm,Benzin (Turbo),3,28419.00,85257.00
2025,Li Auto,L7/L9,Xorazm,Gibrid (EREV),1,60990.00,60990.00
2025,Chevrolet,Cobalt,Surxondaryo,Benzin,99,12570.00,1244430.00
2025,Chevrolet,Damas,Surxondaryo,Benzin,76,9237.00,702012.00
2025,Chevrolet,Labo,Surxondaryo,Benzin,42,8830.00,370860.00
2025,Chevrolet,Tracker-2,Surxondaryo,Benzin (Turbo),14,17202.00,240828.00
2025,Chevrolet,Onix,Surxondaryo,Benzin (Turbo),15,14199.00,212985.00
2025,Chevrolet,Malibu-2,Surxondaryo,Benzin (Turbo),1,36990.00,36990.00
2025,BYD,Song Plus DM-i,Surxondaryo,Gibrid (PHEV),65,24283.00,1578395.00
2025,BYD,Chazor (Destroyer 05),Surxondaryo,Gibrid (PHEV),42,18812.00,790104.00
2025,BYD,Song Plus EV,Surxondaryo,Elektromobil (EV),9,27172.00,244548.00
2025,BYD,Han,Surxondaryo,Elektromobil (EV),4,39053.00,156212.00
2025,BYD,Seagull,Surxondaryo,Elektromobil (EV),25,11802.00,295050.00
2025,Chery,Tiggo 7 Pro,Surxondaryo,Benzin (Turbo),11,27716.00,304876.00
2025,Chery,Arrizo 6 Pro,Surxondaryo,Benzin (Turbo),7,21976.00,153832.00
2025,Chery,Tiggo 8 Pro,Surxondaryo,Benzin (Turbo),4,35008.00,140032.00
2025,Haval,Jolion,Surxondaryo,Benzin (Turbo),10,24451.00,244510.00
2025,Haval,M6,Surxondaryo,Benzin,11,20488.00,225368.00
2025,Haval,H6,Surxondaryo,Benzin (Turbo),5,30872.00,154360.00
2025,Kia,Sonet,Surxondaryo,Benzin,10,18906.00,189060.00
2025,Kia,K5,Surxondaryo,Benzin,6,35415.00,212490.00
2025,Kia,Sportage,Surxondaryo,Benzin,3,37208.00,111624.00
2025,Zeekr,001,Surxondaryo,Elektromobil (EV),3,51314.00,153942.00
2025,Geely,Monjaro,Surxondaryo,Benzin (Turbo),3,38044.00,114132.00
2025,Jetour,Dashing,Surxondaryo,Benzin (Turbo),3,28343.00,85029.00
2025,Li Auto,L7/L9,Surxondaryo,Gibrid (EREV),2,61106.00,122212.00
2025,Chevrolet,Cobalt,Navoiy,Benzin,61,12721.00,775981.00
2025,Chevrolet,Damas,Navoiy,Benzin,52,9400.00,488800.00
2025,Chevrolet,Labo,Navoiy,Benzin,26,8731.00,227006.00
2025,Chevrolet,Tracker-2,Navoiy,Benzin (Turbo),9,17265.00,155385.00
2025,Chevrolet,Onix,Navoiy,Benzin (Turbo),10,13803.00,138030.00
2025,Chevrolet,Malibu-2,Navoiy,Benzin (Turbo),1,37108.00,37108.00
2025,BYD,Song Plus DM-i,Navoiy,Gibrid (PHEV),43,24075.00,1035225.00
2025,BYD,Chazor (Destroyer 05),Navoiy,Gibrid (PHEV),33,18593.00,613569.00
2025,BYD,Song Plus EV,Navoiy,Elektromobil (EV),6,27384.00,164304.00
2025,BYD,Han,Navoiy,Elektromobil (EV),2,38909.00,77818.00
2025,BYD,Seagull,Navoiy,Elektromobil (EV),24,11714.00,281136.00
2025,Chery,Tiggo 7 Pro,Navoiy,Benzin (Turbo),7,27830.00,194810.00
2025,Chery,Arrizo 6 Pro,Navoiy,Benzin (Turbo),7,21989.00,153923.00
2025,Chery,Tiggo 8 Pro,Navoiy,Benzin (Turbo),4,34710.00,138840.00
2025,Haval,Jolion,Navoiy,Benzin (Turbo),8,24558.00,196464.00
2025,Haval,M6,Navoiy,Benzin,7,20493.00,143451.00
2025,Haval,H6,Navoiy,Benzin (Turbo),3,30893.00,92679.00
2025,Kia,Sonet,Navoiy,Benzin,7,19235.00,134645.00
2025,Kia,K5,Navoiy,Benzin,3,35581.00,106743.00
2025,Kia,Sportage,Navoiy,Benzin,1,37199.00,37199.00
2025,Zeekr,001,Navoiy,Elektromobil (EV),1,51355.00,51355.00
2025,Geely,Monjaro,Navoiy,Benzin (Turbo),1,38344.00,38344.00
2025,Jetour,Dashing,Navoiy,Benzin (Turbo),5,28388.00,141940.00
2025,Li Auto,L7/L9,Navoiy,Gibrid (EREV),1,61060.00,61060.00
2025,Chevrolet,Cobalt,Jizzax,Benzin,40,12344.00,493760.00
2025,Chevrolet,Damas,Jizzax,Benzin,38,9076.00,344888.00
2025,Chevrolet,Labo,Jizzax,Benzin,19,8769.00,166611.00
2025,Chevrolet,Tracker-2,Jizzax,Benzin (Turbo),6,16913.00,101478.00
2025,Chevrolet,Onix,Jizzax,Benzin (Turbo),8,13684.00,109472.00
2025,Chevrolet,Malibu-2,Jizzax,Benzin (Turbo),1,37052.00,37052.00
2025,BYD,Song Plus DM-i,Jizzax,Gibrid (PHEV),30,23831.00,714930.00
2025,BYD,Chazor (Destroyer 05),Jizzax,Gibrid (PHEV),22,18091.00,398002.00
2025,BYD,Song Plus EV,Jizzax,Elektromobil (EV),5,27314.00,136570.00
2025,BYD,Han,Jizzax,Elektromobil (EV),2,38455.00,76910.00
2025,BYD,Seagull,Jizzax,Elektromobil (EV),13,11515.00,149695.00
2025,Chery,Tiggo 7 Pro,Jizzax,Benzin (Turbo),4,27889.00,111556.00
2025,Chery,Arrizo 6 Pro,Jizzax,Benzin (Turbo),3,21725.00,65175.00
2025,Chery,Tiggo 8 Pro,Jizzax,Benzin (Turbo),3,34854.00,104562.00
2025,Haval,Jolion,Jizzax,Benzin (Turbo),4,24373.00,97492.00
2025,Haval,M6,Jizzax,Benzin,4,20307.00,81228.00
2025,Haval,H6,Jizzax,Benzin (Turbo),4,31218.00,124872.00
2025,Kia,Sonet,Jizzax,Benzin,4,18949.00,75796.00
2025,Kia,K5,Jizzax,Benzin,4,35349.00,141396.00
2025,Kia,Sportage,Jizzax,Benzin,1,37178.00,37178.00
2025,Zeekr,001,Jizzax,Elektromobil (EV),1,51383.00,51383.00
2025,Geely,Monjaro,Jizzax,Benzin (Turbo),2,38329.00,76658.00
2025,Jetour,Dashing,Jizzax,Benzin (Turbo),1,28232.00,28232.00
2025,Li Auto,L7/L9,Jizzax,Gibrid (EREV),1,61024.00,61024.00
2025,Chevrolet,Cobalt,Sirdaryo,Benzin,30,12599.00,377970.00
2025,Chevrolet,Damas,Sirdaryo,Benzin,26,9178.00,238628.00
2025,Chevrolet,Labo,Sirdaryo,Benzin,14,8567.00,119938.00
2025,Chevrolet,Tracker-2,Sirdaryo,Benzin (Turbo),4,16896.00,67584.00
2025,Chevrolet,Onix,Sirdaryo,Benzin (Turbo),6,13985.00,83910.00
2025,Chevrolet,Malibu-2,Sirdaryo,Benzin (Turbo),1,36927.00,36927.00
2025,BYD,Song Plus DM-i,Sirdaryo,Gibrid (PHEV),21,24565.00,515865.00
2025,BYD,Chazor (Destroyer 05),Sirdaryo,Gibrid (PHEV),15,18300.00,274500.00
2025,BYD,Song Plus EV,Sirdaryo,Elektromobil (EV),3,27650.00,82950.00
2025,BYD,Han,Sirdaryo,Elektromobil (EV),1,38393.00,38393.00
2025,BYD,Seagull,Sirdaryo,Elektromobil (EV),10,11786.00,117860.00
2025,Chery,Tiggo 7 Pro,Sirdaryo,Benzin (Turbo),2,27844.00,55688.00
2025,Chery,Arrizo 6 Pro,Sirdaryo,Benzin (Turbo),2,21834.00,43668.00
2025,Chery,Tiggo 8 Pro,Sirdaryo,Benzin (Turbo),3,35003.00,105009.00
2025,Haval,Jolion,Sirdaryo,Benzin (Turbo),2,24670.00,49340.00
2025,Haval,M6,Sirdaryo,Benzin,3,20536.00,61608.00
2025,Haval,H6,Sirdaryo,Benzin (Turbo),1,30906.00,30906.00
2025,Kia,Sonet,Sirdaryo,Benzin,4,18984.00,75936.00
2025,Kia,K5,Sirdaryo,Benzin,1,35391.00,35391.00
2025,Kia,Sportage,Sirdaryo,Benzin,1,36932.00,36932.00
2025,Zeekr,001,Sirdaryo,Elektromobil (EV),1,51141.00,51141.00
2025,Geely,Monjaro,Sirdaryo,Benzin (Turbo),1,38223.00,38223.00
2025,Jetour,Dashing,Sirdaryo,Benzin (Turbo),1,28262.00,28262.00
2025,Li Auto,L7/L9,Sirdaryo,Gibrid (EREV),1,61057.00,61057.00
2025,Chevrolet,Cobalt,Qoraqalpog‘iston Res.,Benzin,39,12339.00,481221.00
2025,Chevrolet,Damas,Qoraqalpog‘iston Res.,Benzin,28,9261.00,259308.00
2025,Chevrolet,Labo,Qoraqalpog‘iston Res.,Benzin,13,8843.00,114959.00
2025,Chevrolet,Tracker-2,Qoraqalpog‘iston Res.,Benzin (Turbo),5,17052.00,85260.00
2025,Chevrolet,Onix,Qoraqalpog‘iston Res.,Benzin (Turbo),5,13787.00,68935.00
2025,Chevrolet,Malibu-2,Qoraqalpog‘iston Res.,Benzin (Turbo),1,37067.00,37067.00
2025,BYD,Song Plus DM-i,Qoraqalpog‘iston Res.,Gibrid (PHEV),23,24106.00,554438.00
2025,BYD,Chazor (Destroyer 05),Qoraqalpog‘iston Res.,Gibrid (PHEV),15,18345.00,275175.00
2025,BYD,Song Plus EV,Qoraqalpog‘iston Res.,Elektromobil (EV),3,27257.00,81771.00
2025,BYD,Han,Qoraqalpog‘iston Res.,Elektromobil (EV),1,38773.00,38773.00
2025,BYD,Seagull,Qoraqalpog‘iston Res.,Elektromobil (EV),10,11406.00,114060.00
2025,Chery,Tiggo 7 Pro,Qoraqalpog‘iston Res.,Benzin (Turbo),4,27683.00,110732.00
2025,Chery,Arrizo 6 Pro,Qoraqalpog‘iston Res.,Benzin (Turbo),4,21731.00,86924.00
2025,Chery,Tiggo 8 Pro,Qoraqalpog‘iston Res.,Benzin (Turbo),1,35039.00,35039.00
2025,Haval,Jolion,Qoraqalpog‘iston Res.,Benzin (Turbo),3,24358.00,73074.00
2025,Haval,M6,Qoraqalpog‘iston Res.,Benzin,5,20361.00,101805.00
2025,Haval,H6,Qoraqalpog‘iston Res.,Benzin (Turbo),3,31045.00,93135.00
2025,Kia,Sonet,Qoraqalpog‘iston Res.,Benzin,3,18893.00,56679.00
2025,Kia,K5,Qoraqalpog‘iston Res.,Benzin,1,35521.00,35521.00
2025,Kia,Sportage,Qoraqalpog‘iston Res.,Benzin,1,36940.00,36940.00
2025,Zeekr,001,Qoraqalpog‘iston Res.,Elektromobil (EV),1,51212.00,51212.00
2025,Geely,Monjaro,Qoraqalpog‘iston Res.,Benzin (Turbo),1,38300.00,38300.00
2025,Jetour,Dashing,Qoraqalpog‘iston Res.,Benzin (Turbo),1,28460.00,28460.00
2025,Li Auto,L7/L9,Qoraqalpog‘iston Res.,Gibrid (EREV),2,60907.00,121814.00
2025,Chevrolet,Cobalt,Toshkent shahri,Benzin,550,12645.00,6954750.00
2025,Chevrolet,Damas,Toshkent shahri,Benzin,105,9183.00,964215.00
2025,Chevrolet,Labo,Toshkent shahri,Benzin,47,8527.00,400769.00
2025,Chevrolet,Tracker-2,Toshkent shahri,Benzin (Turbo),101,17362.00,1753562.00
2025,Chevrolet,Onix,Toshkent shahri,Benzin (Turbo),101,13884.00,1402284.00
2025,Chevrolet,Malibu-2,Toshkent shahri,Benzin (Turbo),31,36942.00,1145202.00
2025,BYD,Song Plus DM-i,Toshkent shahri,Gibrid (PHEV),979,24067.00,23561593.00
2025,BYD,Chazor (Destroyer 05),Toshkent shahri,Gibrid (PHEV),682,18496.00,12614272.00
2025,BYD,Song Plus EV,Toshkent shahri,Elektromobil (EV),133,27001.00,3591133.00
2025,BYD,Han,Toshkent shahri,Elektromobil (EV),66,38329.00,2529714.00
2025,BYD,Seagull,Toshkent shahri,Elektromobil (EV),443,11769.00,5213667.00
2025,Chery,Tiggo 7 Pro,Toshkent shahri,Benzin (Turbo),82,27835.00,2282470.00
2025,Chery,Arrizo 6 Pro,Toshkent shahri,Benzin (Turbo),70,21804.00,1526280.00
2025,Chery,Tiggo 8 Pro,Toshkent shahri,Benzin (Turbo),30,34895.00,1046850.00
2025,Haval,Jolion,Toshkent shahri,Benzin (Turbo),79,24703.00,1951537.00
2025,Haval,M6,Toshkent shahri,Benzin,78,20326.00,1585428.00
2025,Haval,H6,Toshkent shahri,Benzin (Turbo),41,30865.00,1265465.00
2025,Kia,Sonet,Toshkent shahri,Benzin,77,19193.00,1477861.00
2025,Kia,K5,Toshkent shahri,Benzin,38,35352.00,1343376.00
2025,Kia,Sportage,Toshkent shahri,Benzin,26,37071.00,963846.00
2025,Zeekr,001,Toshkent shahri,Elektromobil (EV),30,51333.00,1539990.00
2025,Geely,Monjaro,Toshkent shahri,Benzin (Turbo),30,38161.00,1144830.00
2025,Jetour,Dashing,Toshkent shahri,Benzin (Turbo),35,28378.00,993230.00
2025,Li Auto,L7/L9,Toshkent shahri,Gibrid (EREV),22,61107.00,1344354.00
2025,Chevrolet,Cobalt,Toshkent viloyati,Benzin,243,12368.00,3005424.00
2025,Chevrolet,Damas,Toshkent viloyati,Benzin,200,9327.00,1865400.00
2025,Chevrolet,Labo,Toshkent viloyati,Benzin,99,8746.00,865854.00
2025,Chevrolet,Tracker-2,Toshkent viloyati,Benzin (Turbo),33,17336.00,572088.00
2025,Chevrolet,Onix,Toshkent viloyati,Benzin (Turbo),38,13735.00,521930.00
2025,Chevrolet,Malibu-2,Toshkent viloyati,Benzin (Turbo),5,37110.00,185550.00
2025,BYD,Song Plus DM-i,Toshkent viloyati,Gibrid (PHEV),149,23948.00,3568252.00
2025,BYD,Chazor (Destroyer 05),Toshkent viloyati,Gibrid (PHEV),124,18662.00,2314088.00
2025,BYD,Song Plus EV,Toshkent viloyati,Elektromobil (EV),25,27645.00,691125.00
2025,BYD,Han,Toshkent viloyati,Elektromobil (EV),12,39119.00,469428.00
2025,BYD,Seagull,Toshkent viloyati,Elektromobil (EV),79,11485.00,907315.00
2025,Chery,Tiggo 7 Pro,Toshkent viloyati,Benzin (Turbo),30,27982.00,839460.00
2025,Chery,Arrizo 6 Pro,Toshkent viloyati,Benzin (Turbo),27,21921.00,591867.00
2025,Chery,Tiggo 8 Pro,Toshkent viloyati,Benzin (Turbo),11,35076.00,385836.00
2025,Haval,Jolion,Toshkent viloyati,Benzin (Turbo),31,24711.00,766041.00
2025,Haval,M6,Toshkent viloyati,Benzin,28,20584.00,576352.00
2025,Haval,H6,Toshkent viloyati,Benzin (Turbo),14,31155.00,436170.00
2025,Kia,Sonet,Toshkent viloyati,Benzin,31,19054.00,590674.00
2025,Kia,K5,Toshkent viloyati,Benzin,14,35446.00,496244.00
2025,Kia,Sportage,Toshkent viloyati,Benzin,11,37133.00,408463.00
2025,Zeekr,001,Toshkent viloyati,Elektromobil (EV),4,51183.00,204732.00
2025,Geely,Monjaro,Toshkent viloyati,Benzin (Turbo),10,38253.00,382530.00
2025,Jetour,Dashing,Toshkent viloyati,Benzin (Turbo),14,28195.00,394730.00
2025,Li Auto,L7/L9,Toshkent viloyati,Gibrid (EREV),4,60965.00,243860.00
2025,Chevrolet,Cobalt,Samarqand,Benzin,293,12510.00,3665430.00
2025,Chevrolet,Damas,Samarqand,Benzin,169,9172.00,1550068.00
2025,Chevrolet,Labo,Samarqand,Benzin,102,8876.00,905352.00
2025,Chevrolet,Tracker-2,Samarqand,Benzin (Turbo),29,17103.00,495987.00
2025,Chevrolet,Onix,Samarqand,Benzin (Turbo),37,13678.00,506086.00
2025,Chevrolet,Malibu-2,Samarqand,Benzin (Turbo),6,37061.00,222366.00
2025,BYD,Song Plus DM-i,Samarqand,Gibrid (PHEV),205,24129.00,4946445.00
2025,BYD,Chazor (Destroyer 05),Samarqand,Gibrid (PHEV),155,18802.00,2914310.00
2025,BYD,Song Plus EV,Samarqand,Elektromobil (EV),20,27144.00,542880.00
2025,BYD,Han,Samarqand,Elektromobil (EV),10,38966.00,389660.00
2025,BYD,Seagull,Samarqand,Elektromobil (EV),67,11665.00,781555.00
2025,Chery,Tiggo 7 Pro,Samarqand,Benzin (Turbo),30,27733.00,831990.00
2025,Chery,Arrizo 6 Pro,Samarqand,Benzin (Turbo),24,21684.00,520416.00
2025,Chery,Tiggo 8 Pro,Samarqand,Benzin (Turbo),11,34699.00,381689.00
2025,Haval,Jolion,Samarqand,Benzin (Turbo),23,24393.00,561039.00
2025,Haval,M6,Samarqand,Benzin,27,20328.00,548856.00
2025,Haval,H6,Samarqand,Benzin (Turbo),13,31219.00,405847.00
2025,Kia,Sonet,Samarqand,Benzin,29,19255.00,558395.00
2025,Kia,K5,Samarqand,Benzin,12,35521.00,426252.00
2025,Kia,Sportage,Samarqand,Benzin,9,37160.00,334440.00
2025,Zeekr,001,Samarqand,Elektromobil (EV),3,51157.00,153471.00
2025,Geely,Monjaro,Samarqand,Benzin (Turbo),11,38291.00,421201.00
2025,Jetour,Dashing,Samarqand,Benzin (Turbo),11,28414.00,312554.00
2025,Li Auto,L7/L9,Samarqand,Gibrid (EREV),3,61047.00,183141.00
2025,Chevrolet,Cobalt,Farg‘ona,Benzin,198,12504.00,2475792.00
2025,Chevrolet,Damas,Farg‘ona,Benzin,280,9443.00,2644040.00
2025,Chevrolet,Labo,Farg‘ona,Benzin,166,8862.00,1471092.00
2025,Chevrolet,Tracker-2,Farg‘ona,Benzin (Turbo),34,17110.00,581740.00
2025,Chevrolet,Onix,Farg‘ona,Benzin (Turbo),32,14170.00,453440.00
2025,Chevrolet,Malibu-2,Farg‘ona,Benzin (Turbo),3,37225.00,111675.00
2025,BYD,Song Plus DM-i,Farg‘ona,Gibrid (PHEV),128,24236.00,3102208.00
2025,BYD,Chazor (Destroyer 05),Farg‘ona,Gibrid (PHEV),106,18415.00,1951990.00
2025,BYD,Song Plus EV,Farg‘ona,Elektromobil (EV),8,26919.00,215352.00
2025,BYD,Han,Farg‘ona,Elektromobil (EV),5,38678.00,193390.00
2025,BYD,Seagull,Farg‘ona,Elektromobil (EV),23,11209.00,257807.00
2025,Chery,Tiggo 7 Pro,Farg‘ona,Benzin (Turbo),25,27772.00,694300.00
2025,Chery,Arrizo 6 Pro,Farg‘ona,Benzin (Turbo),17,21616.00,367472.00
2025,Chery,Tiggo 8 Pro,Farg‘ona,Benzin (Turbo),9,35049.00,315441.00
2025,Haval,Jolion,Farg‘ona,Benzin (Turbo),24,24628.00,591072.00
2025,Haval,M6,Farg‘ona,Benzin,27,20464.00,552528.00
2025,Haval,H6,Farg‘ona,Benzin (Turbo),11,31237.00,343607.00
2025,Kia,Sonet,Farg‘ona,Benzin,23,18905.00,434815.00
2025,Kia,K5,Farg‘ona,Benzin,12,35340.00,424080.00
2025,Kia,Sportage,Farg‘ona,Benzin,8,37188.00,297504.00
2025,Zeekr,001,Farg‘ona,Elektromobil (EV),3,51157.00,153471.00
2025,Geely,Monjaro,Farg‘ona,Benzin (Turbo),9,38275.00,344475.00
2025,Jetour,Dashing,Farg‘ona,Benzin (Turbo),11,28296.00,311256.00
2025,Li Auto,L7/L9,Farg‘ona,Gibrid (EREV),1,60898.00,60898.00
2025,Chevrolet,Cobalt,Andijon,Benzin,177,12734.00,2253918.00
2025,Chevrolet,Damas,Andijon,Benzin,306,9144.00,2798064.00
2025,Chevrolet,Labo,Andijon,Benzin,183,8867.00,1622661.00
2025,Chevrolet,Tracker-2,Andijon,Benzin (Turbo),20,16965.00,339300.00
2025,Chevrolet,Onix,Andijon,Benzin (Turbo),28,13870.00,388360.00
2025,Chevrolet,Malibu-2,Andijon,Benzin (Turbo),4,37167.00,148668.00
2025,BYD,Song Plus DM-i,Andijon,Gibrid (PHEV),132,24265.00,3202980.00
2025,BYD,Chazor (Destroyer 05),Andijon,Gibrid (PHEV),100,18178.00,1817800.00
2025,BYD,Song Plus EV,Andijon,Elektromobil (EV),5,27530.00,137650.00
2025,BYD,Han,Andijon,Elektromobil (EV),2,39114.00,78228.00
2025,BYD,Seagull,Andijon,Elektromobil (EV),20,11282.00,225640.00
2025,Chery,Tiggo 7 Pro,Andijon,Benzin (Turbo),22,27612.00,607464.00
2025,Chery,Arrizo 6 Pro,Andijon,Benzin (Turbo),19,21942.00,416898.00
2025,Chery,Tiggo 8 Pro,Andijon,Benzin (Turbo),7,34819.00,243733.00
2025,Haval,Jolion,Andijon,Benzin (Turbo),20,24346.00,486920.00
2025,Haval,M6,Andijon,Benzin,23,20463.00,470649.00
2025,Haval,H6,Andijon,Benzin (Turbo),9,31228.00,281052.00
2025,Kia,Sonet,Andijon,Benzin,24,19053.00,457272.00
2025,Kia,K5,Andijon,Benzin,8,35445.00,283560.00
2025,Kia,Sportage,Andijon,Benzin,8,37163.00,297304.00
2025,Zeekr,001,Andijon,Elektromobil (EV),1,51199.00,51199.00
2025,Geely,Monjaro,Andijon,Benzin (Turbo),8,38324.00,306592.00
2025,Jetour,Dashing,Andijon,Benzin (Turbo),10,28370.00,283700.00
2025,Li Auto,L7/L9,Andijon,Gibrid (EREV),3,60996.00,182988.00
2025,Chevrolet,Cobalt,Namangan,Benzin,151,12372.00,1868172.00
2025,Chevrolet,Damas,Namangan,Benzin,241,9251.00,2229491.00
2025,Chevrolet,Labo,Namangan,Benzin,152,8822.00,1340944.00
2025,Chevrolet,Tracker-2,Namangan,Benzin (Turbo),23,17346.00,398958.00
2025,Chevrolet,Onix,Namangan,Benzin (Turbo),23,13957.00,321011.00
2025,Chevrolet,Malibu-2,Namangan,Benzin (Turbo),3,37111.00,111333.00
2025,BYD,Song Plus DM-i,Namangan,Gibrid (PHEV),99,23930.00,2369070.00
2025,BYD,Chazor (Destroyer 05),Namangan,Gibrid (PHEV),75,18815.00,1411125.00
2025,BYD,Song Plus EV,Namangan,Elektromobil (EV),4,27487.00,109948.00
2025,BYD,Han,Namangan,Elektromobil (EV),3,38345.00,115035.00
2025,BYD,Seagull,Namangan,Elektromobil (EV),18,11044.00,198792.00
2025,Chery,Tiggo 7 Pro,Namangan,Benzin (Turbo),19,27671.00,525749.00
2025,Chery,Arrizo 6 Pro,Namangan,Benzin (Turbo),14,21854.00,305956.00
2025,Chery,Tiggo 8 Pro,Namangan,Benzin (Turbo),7,34690.00,242830.00
2025,Haval,Jolion,Namangan,Benzin (Turbo),13,24711.00,321243.00
2025,Haval,M6,Namangan,Benzin,18,20519.00,369342.00
2025,Haval,H6,Namangan,Benzin (Turbo),9,31103.00,279927.00
2025,Kia,Sonet,Namangan,Benzin,19,19081.00,362539.00
2025,Kia,K5,Namangan,Benzin,8,35329.00,282632.00
2025,Kia,Sportage,Namangan,Benzin,6,37207.00,223242.00
2025,Zeekr,001,Namangan,Elektromobil (EV),1,51254.00,51254.00
2025,Geely,Monjaro,Namangan,Benzin (Turbo),6,38091.00,228546.00
2025,Jetour,Dashing,Namangan,Benzin (Turbo),9,28483.00,256347.00
2025,Li Auto,L7/L9,Namangan,Gibrid (EREV),2,61016.00,122032.00
2025,Chevrolet,Cobalt,Buxoro,Benzin,161,12390.00,1994790.00
2025,Chevrolet,Damas,Buxoro,Benzin,123,9079.00,1116717.00
2025,Chevrolet,Labo,Buxoro,Benzin,51,8616.00,439416.00
2025,Chevrolet,Tracker-2,Buxoro,Benzin (Turbo),22,16807.00,369754.00
2025,Chevrolet,Onix,Buxoro,Benzin (Turbo),24,14201.00,340824.00
2025,Chevrolet,Malibu-2,Buxoro,Benzin (Turbo),4,37041.00,148164.00
2025,BYD,Song Plus DM-i,Buxoro,Gibrid (PHEV),116,23954.00,2778664.00
2025,BYD,Chazor (Destroyer 05),Buxoro,Gibrid (PHEV),76,18254.00,1387304.00
2025,BYD,Song Plus EV,Buxoro,Elektromobil (EV),12,26891.00,322692.00
2025,BYD,Han,Buxoro,Elektromobil (EV),4,38723.00,154892.00
2025,BYD,Seagull,Buxoro,Elektromobil (EV),42,11644.00,489048.00
2025,Chery,Tiggo 7 Pro,Buxoro,Benzin (Turbo),16,27812.00,444992.00
2025,Chery,Arrizo 6 Pro,Buxoro,Benzin (Turbo),15,21902.00,328530.00
2025,Chery,Tiggo 8 Pro,Buxoro,Benzin (Turbo),6,34708.00,208248.00
2025,Haval,Jolion,Buxoro,Benzin (Turbo),15,24651.00,369765.00
2025,Haval,M6,Buxoro,Benzin,16,20491.00,327856.00
2025,Haval,H6,Buxoro,Benzin (Turbo),6,30940.00,185640.00
2025,Kia,Sonet,Buxoro,Benzin,17,19038.00,323646.00
2025,Kia,K5,Buxoro,Benzin,7,35469.00,248283.00
2025,Kia,Sportage,Buxoro,Benzin,6,37241.00,223446.00
2025,Zeekr,001,Buxoro,Elektromobil (EV),2,51420.00,102840.00
2025,Geely,Monjaro,Buxoro,Benzin (Turbo),6,38208.00,229248.00
2025,Jetour,Dashing,Buxoro,Benzin (Turbo),5,28385.00,141925.00
2025,Li Auto,L7/L9,Buxoro,Gibrid (EREV),1,61060.00,61060.00
2025,Chevrolet,Cobalt,Qashqadaryo,Benzin,116,12607.00,1462412.00
2025,Chevrolet,Damas,Qashqadaryo,Benzin,94,9437.00,887078.00
2025,Chevrolet,Labo,Qashqadaryo,Benzin,49,8856.00,433944.00
2025,Chevrolet,Tracker-2,Qashqadaryo,Benzin (Turbo),16,17140.00,274240.00
2025,Chevrolet,Onix,Qashqadaryo,Benzin (Turbo),18,13819.00,248742.00
2025,Chevrolet,Malibu-2,Qashqadaryo,Benzin (Turbo),3,36898.00,110694.00
2025,BYD,Song Plus DM-i,Qashqadaryo,Gibrid (PHEV),70,23856.00,1669920.00
2025,BYD,Chazor (Destroyer 05),Qashqadaryo,Gibrid (PHEV),52,18356.00,954512.00
2025,BYD,Song Plus EV,Qashqadaryo,Elektromobil (EV),11,27204.00,299244.00
2025,BYD,Han,Qashqadaryo,Elektromobil (EV),5,38780.00,193900.00
2025,BYD,Seagull,Qashqadaryo,Elektromobil (EV),28,11508.00,322224.00
2025,Chery,Tiggo 7 Pro,Qashqadaryo,Benzin (Turbo),12,27631.00,331572.00
2025,Chery,Arrizo 6 Pro,Qashqadaryo,Benzin (Turbo),12,21607.00,259284.00
2025,Chery,Tiggo 8 Pro,Qashqadaryo,Benzin (Turbo),3,34683.00,104049.00
2025,Haval,Jolion,Qashqadaryo,Benzin (Turbo),13,24349.00,316537.00
2025,Haval,M6,Qashqadaryo,Benzin,11,20434.00,224774.00
2025,Haval,H6,Qashqadaryo,Benzin (Turbo),6,31157.00,186942.00
2025,Kia,Sonet,Qashqadaryo,Benzin,14,19059.00,266826.00
2025,Kia,K5,Qashqadaryo,Benzin,6,35622.00,213732.00
2025,Kia,Sportage,Qashqadaryo,Benzin,4,37183.00,148732.00
2025,Zeekr,001,Qashqadaryo,Elektromobil (EV),3,51315.00,153945.00
2025,Geely,Monjaro,Qashqadaryo,Benzin (Turbo),5,38037.00,190185.00
2025,Jetour,Dashing,Qashqadaryo,Benzin (Turbo),5,28177.00,140885.00
2025,Li Auto,L7/L9,Qashqadaryo,Gibrid (EREV),3,60891.00,182673.00
2025,Chevrolet,Cobalt,Xorazm,Benzin,89,12555.00,1117395.00
2025,Chevrolet,Damas,Xorazm,Benzin,163,9304.00,1516552.00
2025,Chevrolet,Labo,Xorazm,Benzin,77,8533.00,657041.00
2025,Chevrolet,Tracker-2,Xorazm,Benzin (Turbo),15,17097.00,256455.00
2025,Chevrolet,Onix,Xorazm,Benzin (Turbo),14,14224.00,199136.00
2025,Chevrolet,Malibu-2,Xorazm,Benzin (Turbo),2,37055.00,74110.00
2025,BYD,Song Plus DM-i,Xorazm,Gibrid (PHEV),64,24108.00,1542912.00
2025,BYD,Chazor (Destroyer 05),Xorazm,Gibrid (PHEV),46,18131.00,834026.00
2025,BYD,Song Plus EV,Xorazm,Elektromobil (EV),3,26999.00,80997.00
2025,BYD,Han,Xorazm,Elektromobil (EV),2,38362.00,76724.00
2025,BYD,Seagull,Xorazm,Elektromobil (EV),12,11236.00,134832.00
2025,Chery,Tiggo 7 Pro,Xorazm,Benzin (Turbo),11,27727.00,304997.00
2025,Chery,Arrizo 6 Pro,Xorazm,Benzin (Turbo),7,21935.00,153545.00
2025,Chery,Tiggo 8 Pro,Xorazm,Benzin (Turbo),4,34720.00,138880.00
2025,Haval,Jolion,Xorazm,Benzin (Turbo),8,24326.00,194608.00
2025,Haval,M6,Xorazm,Benzin,9,20486.00,184374.00
2025,Haval,H6,Xorazm,Benzin (Turbo),6,31257.00,187542.00
2025,Kia,Sonet,Xorazm,Benzin,10,19086.00,190860.00
2025,Kia,K5,Xorazm,Benzin,4,35355.00,141420.00
2025,Kia,Sportage,Xorazm,Benzin,3,37188.00,111564.00
2025,Zeekr,001,Xorazm,Elektromobil (EV),1,51319.00,51319.00
2025,Geely,Monjaro,Xorazm,Benzin (Turbo),4,38054.00,152216.00
2025,Jetour,Dashing,Xorazm,Benzin (Turbo),5,28398.00,141990.00
2025,Li Auto,L7/L9,Xorazm,Gibrid (EREV),1,61050.00,61050.00
2025,Chevrolet,Cobalt,Surxondaryo,Benzin,89,12678.00,1128342.00
2025,Chevrolet,Damas,Surxondaryo,Benzin,68,9223.00,627164.00
2025,Chevrolet,Labo,Surxondaryo,Benzin,34,8801.00,299234.00
2025,Chevrolet,Tracker-2,Surxondaryo,Benzin (Turbo),11,17214.00,189354.00
2025,Chevrolet,Onix,Surxondaryo,Benzin (Turbo),15,13977.00,209655.00
2025,Chevrolet,Malibu-2,Surxondaryo,Benzin (Turbo),2,37076.00,74152.00
2025,BYD,Song Plus DM-i,Surxondaryo,Gibrid (PHEV),69,23904.00,1649376.00
2025,BYD,Chazor (Destroyer 05),Surxondaryo,Gibrid (PHEV),41,18775.00,769775.00
2025,BYD,Song Plus EV,Surxondaryo,Elektromobil (EV),9,26926.00,242334.00
2025,BYD,Han,Surxondaryo,Elektromobil (EV),4,38918.00,155672.00
2025,BYD,Seagull,Surxondaryo,Elektromobil (EV),27,11623.00,313821.00
2025,Chery,Tiggo 7 Pro,Surxondaryo,Benzin (Turbo),11,27734.00,305074.00
2025,Chery,Arrizo 6 Pro,Surxondaryo,Benzin (Turbo),9,21773.00,195957.00
2025,Chery,Tiggo 8 Pro,Surxondaryo,Benzin (Turbo),6,34932.00,209592.00
2025,Haval,Jolion,Surxondaryo,Benzin (Turbo),11,24376.00,268136.00
2025,Haval,M6,Surxondaryo,Benzin,10,20351.00,203510.00
2025,Haval,H6,Surxondaryo,Benzin (Turbo),3,31180.00,93540.00
2025,Kia,Sonet,Surxondaryo,Benzin,12,19105.00,229260.00
2025,Kia,K5,Surxondaryo,Benzin,3,35458.00,106374.00
2025,Kia,Sportage,Surxondaryo,Benzin,1,37137.00,37137.00
2025,Zeekr,001,Surxondaryo,Elektromobil (EV),1,51266.00,51266.00
2025,Geely,Monjaro,Surxondaryo,Benzin (Turbo),5,38240.00,191200.00
2025,Jetour,Dashing,Surxondaryo,Benzin (Turbo),5,28533.00,142665.00
2025,Li Auto,L7/L9,Surxondaryo,Gibrid (EREV),1,60982.00,60982.00
2025,Chevrolet,Cobalt,Navoiy,Benzin,63,12614.00,794682.00
2025,Chevrolet,Damas,Navoiy,Benzin,57,9397.00,535629.00
2025,Chevrolet,Labo,Navoiy,Benzin,31,8617.00,267127.00
2025,Chevrolet,Tracker-2,Navoiy,Benzin (Turbo),7,16919.00,118433.00
2025,Chevrolet,Onix,Navoiy,Benzin (Turbo),10,14221.00,142210.00
2025,Chevrolet,Malibu-2,Navoiy,Benzin (Turbo),1,37109.00,37109.00
2025,BYD,Song Plus DM-i,Navoiy,Gibrid (PHEV),43,24497.00,1053371.00
2025,BYD,Chazor (Destroyer 05),Navoiy,Gibrid (PHEV),32,18699.00,598368.00
2025,BYD,Song Plus EV,Navoiy,Elektromobil (EV),5,27672.00,138360.00
2025,BYD,Han,Navoiy,Elektromobil (EV),2,38572.00,77144.00
2025,BYD,Seagull,Navoiy,Elektromobil (EV),22,11513.00,253286.00
2025,Chery,Tiggo 7 Pro,Navoiy,Benzin (Turbo),8,27738.00,221904.00
2025,Chery,Arrizo 6 Pro,Navoiy,Benzin (Turbo),6,21989.00,131934.00
2025,Chery,Tiggo 8 Pro,Navoiy,Benzin (Turbo),4,34954.00,139816.00
2025,Haval,Jolion,Navoiy,Benzin (Turbo),7,24588.00,172116.00
2025,Haval,M6,Navoiy,Benzin,7,20301.00,142107.00
2025,Haval,H6,Navoiy,Benzin (Turbo),3,30892.00,92676.00
2025,Kia,Sonet,Navoiy,Benzin,8,18900.00,151200.00
2025,Kia,K5,Navoiy,Benzin,3,35546.00,106638.00
2025,Kia,Sportage,Navoiy,Benzin,1,36926.00,36926.00
2025,Zeekr,001,Navoiy,Elektromobil (EV),1,51103.00,51103.00
2025,Geely,Monjaro,Navoiy,Benzin (Turbo),2,37968.00,75936.00
2025,Jetour,Dashing,Navoiy,Benzin (Turbo),3,28226.00,84678.00
2025,Li Auto,L7/L9,Navoiy,Gibrid (EREV),2,60859.00,121718.00
2025,Chevrolet,Cobalt,Jizzax,Benzin,42,12640.00,530880.00
2025,Chevrolet,Damas,Jizzax,Benzin,38,9092.00,345496.00
2025,Chevrolet,Labo,Jizzax,Benzin,21,8894.00,186774.00
2025,Chevrolet,Tracker-2,Jizzax,Benzin (Turbo),5,16900.00,84500.00
2025,Chevrolet,Onix,Jizzax,Benzin (Turbo),8,13945.00,111560.00
2025,Chevrolet,Malibu-2,Jizzax,Benzin (Turbo),3,37212.00,111636.00
2025,BYD,Song Plus DM-i,Jizzax,Gibrid (PHEV),36,24378.00,877608.00
2025,BYD,Chazor (Destroyer 05),Jizzax,Gibrid (PHEV),23,18534.00,426282.00
2025,BYD,Song Plus EV,Jizzax,Elektromobil (EV),3,27618.00,82854.00
2025,BYD,Han,Jizzax,Elektromobil (EV),4,38667.00,154668.00
2025,BYD,Seagull,Jizzax,Elektromobil (EV),15,11141.00,167115.00
2025,Chery,Tiggo 7 Pro,Jizzax,Benzin (Turbo),4,27808.00,111232.00
2025,Chery,Arrizo 6 Pro,Jizzax,Benzin (Turbo),4,21791.00,87164.00
2025,Chery,Tiggo 8 Pro,Jizzax,Benzin (Turbo),2,35014.00,70028.00
2025,Haval,Jolion,Jizzax,Benzin (Turbo),3,24425.00,73275.00
2025,Haval,M6,Jizzax,Benzin,5,20517.00,102585.00
2025,Haval,H6,Jizzax,Benzin (Turbo),4,30912.00,123648.00
2025,Kia,Sonet,Jizzax,Benzin,5,18991.00,94955.00
2025,Kia,K5,Jizzax,Benzin,3,35257.00,105771.00
2025,Kia,Sportage,Jizzax,Benzin,2,36903.00,73806.00
2025,Zeekr,001,Jizzax,Elektromobil (EV),1,51374.00,51374.00
2025,Geely,Monjaro,Jizzax,Benzin (Turbo),2,38241.00,76482.00
2025,Jetour,Dashing,Jizzax,Benzin (Turbo),3,28426.00,85278.00
2025,Li Auto,L7/L9,Jizzax,Gibrid (EREV),1,61203.00,61203.00
2025,Chevrolet,Cobalt,Sirdaryo,Benzin,34,12346.00,419764.00
2025,Chevrolet,Damas,Sirdaryo,Benzin,26,9371.00,243646.00
2025,Chevrolet,Labo,Sirdaryo,Benzin,12,8671.00,104052.00
2025,Chevrolet,Tracker-2,Sirdaryo,Benzin (Turbo),4,16987.00,67948.00
2025,Chevrolet,Onix,Sirdaryo,Benzin (Turbo),4,14235.00,56940.00
2025,Chevrolet,Malibu-2,Sirdaryo,Benzin (Turbo),1,37115.00,37115.00
2025,BYD,Song Plus DM-i,Sirdaryo,Gibrid (PHEV),23,23870.00,549010.00
2025,BYD,Chazor (Destroyer 05),Sirdaryo,Gibrid (PHEV),16,18669.00,298704.00
2025,BYD,Song Plus EV,Sirdaryo,Elektromobil (EV),2,27399.00,54798.00
2025,BYD,Han,Sirdaryo,Elektromobil (EV),1,38332.00,38332.00
2025,BYD,Seagull,Sirdaryo,Elektromobil (EV),12,11574.00,138888.00
2025,Chery,Tiggo 7 Pro,Sirdaryo,Benzin (Turbo),5,27896.00,139480.00
2025,Chery,Arrizo 6 Pro,Sirdaryo,Benzin (Turbo),2,21714.00,43428.00
2025,Chery,Tiggo 8 Pro,Sirdaryo,Benzin (Turbo),1,34999.00,34999.00
2025,Haval,Jolion,Sirdaryo,Benzin (Turbo),5,24649.00,123245.00
2025,Haval,M6,Sirdaryo,Benzin,4,20358.00,81432.00
2025,Haval,H6,Sirdaryo,Benzin (Turbo),2,31036.00,62072.00
2025,Kia,Sonet,Sirdaryo,Benzin,4,19208.00,76832.00
2025,Kia,K5,Sirdaryo,Benzin,1,35291.00,35291.00
2025,Kia,Sportage,Sirdaryo,Benzin,2,36961.00,73922.00
2025,Zeekr,001,Sirdaryo,Elektromobil (EV),1,51333.00,51333.00
2025,Geely,Monjaro,Sirdaryo,Benzin (Turbo),1,37996.00,37996.00
2025,Jetour,Dashing,Sirdaryo,Benzin (Turbo),2,28298.00,56596.00
2025,Li Auto,L7/L9,Sirdaryo,Gibrid (EREV),1,61216.00,61216.00
2025,Chevrolet,Cobalt,Qoraqalpog‘iston Res.,Benzin,33,12591.00,415503.00
2025,Chevrolet,Damas,Qoraqalpog‘iston Res.,Benzin,23,9229.00,212267.00
2025,Chevrolet,Labo,Qoraqalpog‘iston Res.,Benzin,14,8566.00,119924.00
2025,Chevrolet,Tracker-2,Qoraqalpog‘iston Res.,Benzin (Turbo),4,17012.00,68048.00
2025,Chevrolet,Onix,Qoraqalpog‘iston Res.,Benzin (Turbo),5,13991.00,69955.00
2025,Chevrolet,Malibu-2,Qoraqalpog‘iston Res.,Benzin (Turbo),1,36871.00,36871.00
2025,BYD,Song Plus DM-i,Qoraqalpog‘iston Res.,Gibrid (PHEV),26,23943.00,622518.00
2025,BYD,Chazor (Destroyer 05),Qoraqalpog‘iston Res.,Gibrid (PHEV),17,18340.00,311780.00
2025,BYD,Song Plus EV,Qoraqalpog‘iston Res.,Elektromobil (EV),4,27326.00,109304.00
2025,BYD,Han,Qoraqalpog‘iston Res.,Elektromobil (EV),1,38541.00,38541.00
2025,BYD,Seagull,Qoraqalpog‘iston Res.,Elektromobil (EV),10,11580.00,115800.00
2025,Chery,Tiggo 7 Pro,Qoraqalpog‘iston Res.,Benzin (Turbo),5,27613.00,138065.00
2025,Chery,Arrizo 6 Pro,Qoraqalpog‘iston Res.,Benzin (Turbo),3,21705.00,65115.00
2025,Chery,Tiggo 8 Pro,Qoraqalpog‘iston Res.,Benzin (Turbo),1,34988.00,34988.00
2025,Haval,Jolion,Qoraqalpog‘iston Res.,Benzin (Turbo),3,24340.00,73020.00
2025,Haval,M6,Qoraqalpog‘iston Res.,Benzin,3,20564.00,61692.00
2025,Haval,H6,Qoraqalpog‘iston Res.,Benzin (Turbo),4,31120.00,124480.00
2025,Kia,Sonet,Qoraqalpog‘iston Res.,Benzin,4,19054.00,76216.00
2025,Kia,K5,Qoraqalpog‘iston Res.,Benzin,1,35282.00,35282.00
2025,Kia,Sportage,Qoraqalpog‘iston Res.,Benzin,1,36952.00,36952.00
2025,Zeekr,001,Qoraqalpog‘iston Res.,Elektromobil (EV),1,51291.00,51291.00
2025,Geely,Monjaro,Qoraqalpog‘iston Res.,Benzin (Turbo),3,38313.00,114939.00
2025,Jetour,Dashing,Qoraqalpog‘iston Res.,Benzin (Turbo),2,28227.00,56454.00
2025,Li Auto,L7/L9,Qoraqalpog‘iston Res.,Gibrid (EREV),1,60859.00,60859.00
2025,Chevrolet,Cobalt,Toshkent shahri,Benzin,674,12630.00,8512620.00
2025,Chevrolet,Damas,Toshkent shahri,Benzin,97,9098.00,882506.00
2025,Chevrolet,Labo,Toshkent shahri,Benzin,52,8599.00,447148.00
2025,Chevrolet,Tracker-2,Toshkent shahri,Benzin (Turbo),92,17382.00,1599144.00
2025,Chevrolet,Onix,Toshkent shahri,Benzin (Turbo),101,13938.00,1407738.00
2025,Chevrolet,Malibu-2,Toshkent shahri,Benzin (Turbo),31,36892.00,1143652.00
2025,BYD,Song Plus DM-i,Toshkent shahri,Gibrid (PHEV),1090,24219.00,26398710.00
2025,BYD,Chazor (Destroyer 05),Toshkent shahri,Gibrid (PHEV),851,18086.00,15391186.00
2025,BYD,Song Plus EV,Toshkent shahri,Elektromobil (EV),128,27415.00,3509120.00
2025,BYD,Han,Toshkent shahri,Elektromobil (EV),70,39045.00,2733150.00
2025,BYD,Seagull,Toshkent shahri,Elektromobil (EV),442,11242.00,4968964.00
2025,Chery,Tiggo 7 Pro,Toshkent shahri,Benzin (Turbo),82,27882.00,2286324.00
2025,Chery,Arrizo 6 Pro,Toshkent shahri,Benzin (Turbo),58,21908.00,1270664.00
2025,Chery,Tiggo 8 Pro,Toshkent shahri,Benzin (Turbo),27,35063.00,946701.00
2025,Haval,Jolion,Toshkent shahri,Benzin (Turbo),70,24490.00,1714300.00
2025,Haval,M6,Toshkent shahri,Benzin,71,20609.00,1463239.00
2025,Haval,H6,Toshkent shahri,Benzin (Turbo),39,31197.00,1216683.00
2025,Kia,Sonet,Toshkent shahri,Benzin,87,19247.00,1674489.00
2025,Kia,K5,Toshkent shahri,Benzin,37,35393.00,1309541.00
2025,Kia,Sportage,Toshkent shahri,Benzin,28,36975.00,1035300.00
2025,Zeekr,001,Toshkent shahri,Elektromobil (EV),31,51154.00,1585774.00
2025,Geely,Monjaro,Toshkent shahri,Benzin (Turbo),25,37974.00,949350.00
2025,Jetour,Dashing,Toshkent shahri,Benzin (Turbo),34,28393.00,965362.00
2025,Li Auto,L7/L9,Toshkent shahri,Gibrid (EREV),20,60960.00,1219200.00
2025,Chevrolet,Cobalt,Toshkent viloyati,Benzin,227,12511.00,2839997.00
2025,Chevrolet,Damas,Toshkent viloyati,Benzin,200,9406.00,1881200.00
2025,Chevrolet,Labo,Toshkent viloyati,Benzin,95,8607.00,817665.00
2025,Chevrolet,Tracker-2,Toshkent viloyati,Benzin (Turbo),37,17261.00,638657.00
2025,Chevrolet,Onix,Toshkent viloyati,Benzin (Turbo),40,14180.00,567200.00
2025,Chevrolet,Malibu-2,Toshkent viloyati,Benzin (Turbo),5,37079.00,185395.00
2025,BYD,Song Plus DM-i,Toshkent viloyati,Gibrid (PHEV),167,24562.00,4101854.00
2025,BYD,Chazor (Destroyer 05),Toshkent viloyati,Gibrid (PHEV),113,18841.00,2129033.00
2025,BYD,Song Plus EV,Toshkent viloyati,Elektromobil (EV),25,27387.00,684675.00
2025,BYD,Han,Toshkent viloyati,Elektromobil (EV),11,38877.00,427647.00
2025,BYD,Seagull,Toshkent viloyati,Elektromobil (EV),81,11042.00,894402.00
2025,Chery,Tiggo 7 Pro,Toshkent viloyati,Benzin (Turbo),32,27622.00,883904.00
2025,Chery,Arrizo 6 Pro,Toshkent viloyati,Benzin (Turbo),22,21932.00,482504.00
2025,Chery,Tiggo 8 Pro,Toshkent viloyati,Benzin (Turbo),13,35011.00,455143.00
2025,Haval,Jolion,Toshkent viloyati,Benzin (Turbo),26,24419.00,634894.00
2025,Haval,M6,Toshkent viloyati,Benzin,27,20432.00,551664.00
2025,Haval,H6,Toshkent viloyati,Benzin (Turbo),12,31240.00,374880.00
2025,Kia,Sonet,Toshkent viloyati,Benzin,33,19104.00,630432.00
2025,Kia,K5,Toshkent viloyati,Benzin,13,35484.00,461292.00
2025,Kia,Sportage,Toshkent viloyati,Benzin,9,37171.00,334539.00
2025,Zeekr,001,Toshkent viloyati,Elektromobil (EV),4,51124.00,204496.00
2025,Geely,Monjaro,Toshkent viloyati,Benzin (Turbo),10,38005.00,380050.00
2025,Jetour,Dashing,Toshkent viloyati,Benzin (Turbo),13,28148.00,365924.00
2025,Li Auto,L7/L9,Toshkent viloyati,Gibrid (EREV),3,61030.00,183090.00
2025,Chevrolet,Cobalt,Samarqand,Benzin,298,12421.00,3701458.00
2025,Chevrolet,Damas,Samarqand,Benzin,154,9085.00,1399090.00
2025,Chevrolet,Labo,Samarqand,Benzin,94,8660.00,814040.00
2025,Chevrolet,Tracker-2,Samarqand,Benzin (Turbo),35,17395.00,608825.00
2025,Chevrolet,Onix,Samarqand,Benzin (Turbo),39,13727.00,535353.00
2025,Chevrolet,Malibu-2,Samarqand,Benzin (Turbo),3,36889.00,110667.00
2025,BYD,Song Plus DM-i,Samarqand,Gibrid (PHEV),189,24081.00,4551309.00
2025,BYD,Chazor (Destroyer 05),Samarqand,Gibrid (PHEV),149,18641.00,2777509.00
2025,BYD,Song Plus EV,Samarqand,Elektromobil (EV),23,27149.00,624427.00
2025,BYD,Han,Samarqand,Elektromobil (EV),10,38453.00,384530.00
2025,BYD,Seagull,Samarqand,Elektromobil (EV),82,11519.00,944558.00
2025,Chery,Tiggo 7 Pro,Samarqand,Benzin (Turbo),22,27862.00,612964.00
2025,Chery,Arrizo 6 Pro,Samarqand,Benzin (Turbo),26,21839.00,567814.00
2025,Chery,Tiggo 8 Pro,Samarqand,Benzin (Turbo),9,34768.00,312912.00
2025,Haval,Jolion,Samarqand,Benzin (Turbo),24,24596.00,590304.00
2025,Haval,M6,Samarqand,Benzin,25,20457.00,511425.00
2025,Haval,H6,Samarqand,Benzin (Turbo),14,30990.00,433860.00
2025,Kia,Sonet,Samarqand,Benzin,29,19190.00,556510.00
2025,Kia,K5,Samarqand,Benzin,12,35327.00,423924.00
2025,Kia,Sportage,Samarqand,Benzin,8,37085.00,296680.00
2025,Zeekr,001,Samarqand,Elektromobil (EV),4,51335.00,205340.00
2025,Geely,Monjaro,Samarqand,Benzin (Turbo),10,38203.00,382030.00
2025,Jetour,Dashing,Samarqand,Benzin (Turbo),11,28375.00,312125.00
2025,Li Auto,L7/L9,Samarqand,Gibrid (EREV),4,61067.00,244268.00
2025,Chevrolet,Cobalt,Farg‘ona,Benzin,210,12356.00,2594760.00
2025,Chevrolet,Damas,Farg‘ona,Benzin,347,9407.00,3264229.00
2025,Chevrolet,Labo,Farg‘ona,Benzin,201,8605.00,1729605.00
2025,Chevrolet,Tracker-2,Farg‘ona,Benzin (Turbo),29,16932.00,491028.00
2025,Chevrolet,Onix,Farg‘ona,Benzin (Turbo),29,13992.00,405768.00
2025,Chevrolet,Malibu-2,Farg‘ona,Benzin (Turbo),5,37139.00,185695.00
2025,BYD,Song Plus DM-i,Farg‘ona,Gibrid (PHEV),147,24308.00,3573276.00
2025,BYD,Chazor (Destroyer 05),Farg‘ona,Gibrid (PHEV),106,18659.00,1977854.00
2025,BYD,Song Plus EV,Farg‘ona,Elektromobil (EV),8,27327.00,218616.00
2025,BYD,Han,Farg‘ona,Elektromobil (EV),3,39009.00,117027.00
2025,BYD,Seagull,Farg‘ona,Elektromobil (EV),27,11566.00,312282.00
2025,Chery,Tiggo 7 Pro,Farg‘ona,Benzin (Turbo),24,27817.00,667608.00
2025,Chery,Arrizo 6 Pro,Farg‘ona,Benzin (Turbo),22,21688.00,477136.00
2025,Chery,Tiggo 8 Pro,Farg‘ona,Benzin (Turbo),11,34804.00,382844.00
2025,Haval,Jolion,Farg‘ona,Benzin (Turbo),22,24490.00,538780.00
2025,Haval,M6,Farg‘ona,Benzin,26,20441.00,531466.00
2025,Haval,H6,Farg‘ona,Benzin (Turbo),10,31213.00,312130.00
2025,Kia,Sonet,Farg‘ona,Benzin,27,18894.00,510138.00
2025,Kia,K5,Farg‘ona,Benzin,12,35476.00,425712.00
2025,Kia,Sportage,Farg‘ona,Benzin,7,36936.00,258552.00
2025,Zeekr,001,Farg‘ona,Elektromobil (EV),1,51392.00,51392.00
2025,Geely,Monjaro,Farg‘ona,Benzin (Turbo),10,38150.00,381500.00
2025,Jetour,Dashing,Farg‘ona,Benzin (Turbo),12,28150.00,337800.00
2025,Li Auto,L7/L9,Farg‘ona,Gibrid (EREV),2,61126.00,122252.00
2025,Chevrolet,Cobalt,Andijon,Benzin,180,12640.00,2275200.00
2025,Chevrolet,Damas,Andijon,Benzin,312,9437.00,2944344.00
2025,Chevrolet,Labo,Andijon,Benzin,148,8698.00,1287304.00
2025,Chevrolet,Tracker-2,Andijon,Benzin (Turbo),28,17375.00,486500.00
2025,Chevrolet,Onix,Andijon,Benzin (Turbo),29,13968.00,405072.00
2025,Chevrolet,Malibu-2,Andijon,Benzin (Turbo),2,37191.00,74382.00
2025,BYD,Song Plus DM-i,Andijon,Gibrid (PHEV),133,24279.00,3229107.00
2025,BYD,Chazor (Destroyer 05),Andijon,Gibrid (PHEV),75,18670.00,1400250.00
2025,BYD,Song Plus EV,Andijon,Elektromobil (EV),7,27598.00,193186.00
2025,BYD,Han,Andijon,Elektromobil (EV),2,38865.00,77730.00
2025,BYD,Seagull,Andijon,Elektromobil (EV),24,11544.00,277056.00
2025,Chery,Tiggo 7 Pro,Andijon,Benzin (Turbo),27,27614.00,745578.00
2025,Chery,Arrizo 6 Pro,Andijon,Benzin (Turbo),21,21984.00,461664.00
2025,Chery,Tiggo 8 Pro,Andijon,Benzin (Turbo),8,34948.00,279584.00
2025,Haval,Jolion,Andijon,Benzin (Turbo),19,24330.00,462270.00
2025,Haval,M6,Andijon,Benzin,20,20644.00,412880.00
2025,Haval,H6,Andijon,Benzin (Turbo),9,31002.00,279018.00
2025,Kia,Sonet,Andijon,Benzin,24,18925.00,454200.00
2025,Kia,K5,Andijon,Benzin,9,35292.00,317628.00
2025,Kia,Sportage,Andijon,Benzin,7,36943.00,258601.00
2025,Zeekr,001,Andijon,Elektromobil (EV),2,51091.00,102182.00
2025,Geely,Monjaro,Andijon,Benzin (Turbo),8,38212.00,305696.00
2025,Jetour,Dashing,Andijon,Benzin (Turbo),8,28158.00,225264.00
2025,Li Auto,L7/L9,Andijon,Gibrid (EREV),1,61104.00,61104.00
2025,Chevrolet,Cobalt,Namangan,Benzin,151,12640.00,1908640.00
2025,Chevrolet,Damas,Namangan,Benzin,267,9310.00,2485770.00
2025,Chevrolet,Labo,Namangan,Benzin,153,8529.00,1304937.00
2025,Chevrolet,Tracker-2,Namangan,Benzin (Turbo),24,17063.00,409512.00
2025,Chevrolet,Onix,Namangan,Benzin (Turbo),22,13821.00,304062.00
2025,Chevrolet,Malibu-2,Namangan,Benzin (Turbo),1,37124.00,37124.00
2025,BYD,Song Plus DM-i,Namangan,Gibrid (PHEV),107,24275.00,2597425.00
2025,BYD,Chazor (Destroyer 05),Namangan,Gibrid (PHEV),75,18435.00,1382625.00
2025,BYD,Song Plus EV,Namangan,Elektromobil (EV),5,27445.00,137225.00
2025,BYD,Han,Namangan,Elektromobil (EV),2,38781.00,77562.00
2025,BYD,Seagull,Namangan,Elektromobil (EV),20,11446.00,228920.00
2025,Chery,Tiggo 7 Pro,Namangan,Benzin (Turbo),19,27656.00,525464.00
2025,Chery,Arrizo 6 Pro,Namangan,Benzin (Turbo),16,21998.00,351968.00
2025,Chery,Tiggo 8 Pro,Namangan,Benzin (Turbo),6,34732.00,208392.00
2025,Haval,Jolion,Namangan,Benzin (Turbo),18,24404.00,439272.00
2025,Haval,M6,Namangan,Benzin,19,20307.00,385833.00
2025,Haval,H6,Namangan,Benzin (Turbo),9,31005.00,279045.00
2025,Kia,Sonet,Namangan,Benzin,19,18982.00,360658.00
2025,Kia,K5,Namangan,Benzin,9,35389.00,318501.00
2025,Kia,Sportage,Namangan,Benzin,7,37201.00,260407.00
2025,Zeekr,001,Namangan,Elektromobil (EV),2,51319.00,102638.00
2025,Geely,Monjaro,Namangan,Benzin (Turbo),7,38217.00,267519.00
2025,Jetour,Dashing,Namangan,Benzin (Turbo),9,28516.00,256644.00
2025,Li Auto,L7/L9,Namangan,Gibrid (EREV),1,60980.00,60980.00
2025,Chevrolet,Cobalt,Buxoro,Benzin,163,12704.00,2070752.00
2025,Chevrolet,Damas,Buxoro,Benzin,90,9291.00,836190.00
2025,Chevrolet,Labo,Buxoro,Benzin,54,8908.00,481032.00
2025,Chevrolet,Tracker-2,Buxoro,Benzin (Turbo),22,17176.00,377872.00
2025,Chevrolet,Onix,Buxoro,Benzin (Turbo),22,14001.00,308022.00
2025,Chevrolet,Malibu-2,Buxoro,Benzin (Turbo),3,37102.00,111306.00
2025,BYD,Song Plus DM-i,Buxoro,Gibrid (PHEV),108,24457.00,2641356.00
2025,BYD,Chazor (Destroyer 05),Buxoro,Gibrid (PHEV),101,18356.00,1853956.00
2025,BYD,Song Plus EV,Buxoro,Elektromobil (EV),15,27502.00,412530.00
2025,BYD,Han,Buxoro,Elektromobil (EV),5,38788.00,193940.00
2025,BYD,Seagull,Buxoro,Elektromobil (EV),40,11290.00,451600.00
2025,Chery,Tiggo 7 Pro,Buxoro,Benzin (Turbo),18,27978.00,503604.00
2025,Chery,Arrizo 6 Pro,Buxoro,Benzin (Turbo),13,21719.00,282347.00
2025,Chery,Tiggo 8 Pro,Buxoro,Benzin (Turbo),7,34749.00,243243.00
2025,Haval,Jolion,Buxoro,Benzin (Turbo),14,24622.00,344708.00
2025,Haval,M6,Buxoro,Benzin,17,20442.00,347514.00
2025,Haval,H6,Buxoro,Benzin (Turbo),7,31229.00,218603.00
2025,Kia,Sonet,Buxoro,Benzin,16,18939.00,303024.00
2025,Kia,K5,Buxoro,Benzin,7,35540.00,248780.00
2025,Kia,Sportage,Buxoro,Benzin,2,37106.00,74212.00
2025,Zeekr,001,Buxoro,Elektromobil (EV),3,51141.00,153423.00
2025,Geely,Monjaro,Buxoro,Benzin (Turbo),6,38270.00,229620.00
2025,Jetour,Dashing,Buxoro,Benzin (Turbo),8,28439.00,227512.00
2025,Li Auto,L7/L9,Buxoro,Gibrid (EREV),4,60975.00,243900.00
2025,Chevrolet,Cobalt,Qashqadaryo,Benzin,94,12587.00,1183178.00
2025,Chevrolet,Damas,Qashqadaryo,Benzin,92,9286.00,854312.00
2025,Chevrolet,Labo,Qashqadaryo,Benzin,51,8679.00,442629.00
2025,Chevrolet,Tracker-2,Qashqadaryo,Benzin (Turbo),16,16965.00,271440.00
2025,Chevrolet,Onix,Qashqadaryo,Benzin (Turbo),18,14092.00,253656.00
2025,Chevrolet,Malibu-2,Qashqadaryo,Benzin (Turbo),3,37205.00,111615.00
2025,BYD,Song Plus DM-i,Qashqadaryo,Gibrid (PHEV),77,23816.00,1833832.00
2025,BYD,Chazor (Destroyer 05),Qashqadaryo,Gibrid (PHEV),56,18147.00,1016232.00
2025,BYD,Song Plus EV,Qashqadaryo,Elektromobil (EV),11,27187.00,299057.00
2025,BYD,Han,Qashqadaryo,Elektromobil (EV),6,38969.00,233814.00
2025,BYD,Seagull,Qashqadaryo,Elektromobil (EV),35,11193.00,391755.00
2025,Chery,Tiggo 7 Pro,Qashqadaryo,Benzin (Turbo),15,27777.00,416655.00
2025,Chery,Arrizo 6 Pro,Qashqadaryo,Benzin (Turbo),11,21959.00,241549.00
2025,Chery,Tiggo 8 Pro,Qashqadaryo,Benzin (Turbo),3,34739.00,104217.00
2025,Haval,Jolion,Qashqadaryo,Benzin (Turbo),14,24694.00,345716.00
2025,Haval,M6,Qashqadaryo,Benzin,14,20312.00,284368.00
2025,Haval,H6,Qashqadaryo,Benzin (Turbo),6,30959.00,185754.00
2025,Kia,Sonet,Qashqadaryo,Benzin,16,19235.00,307760.00
2025,Kia,K5,Qashqadaryo,Benzin,5,35386.00,176930.00
2025,Kia,Sportage,Qashqadaryo,Benzin,5,36901.00,184505.00
2025,Zeekr,001,Qashqadaryo,Elektromobil (EV),2,51360.00,102720.00
2025,Geely,Monjaro,Qashqadaryo,Benzin (Turbo),6,38074.00,228444.00
2025,Jetour,Dashing,Qashqadaryo,Benzin (Turbo),6,28444.00,170664.00
2025,Li Auto,L7/L9,Qashqadaryo,Gibrid (EREV),2,60963.00,121926.00
2025,Chevrolet,Cobalt,Xorazm,Benzin,91,12609.00,1147419.00
2025,Chevrolet,Damas,Xorazm,Benzin,155,9270.00,1436850.00
2025,Chevrolet,Labo,Xorazm,Benzin,87,8612.00,749244.00
2025,Chevrolet,Tracker-2,Xorazm,Benzin (Turbo),13,16841.00,218933.00
2025,Chevrolet,Onix,Xorazm,Benzin (Turbo),14,13714.00,191996.00
2025,Chevrolet,Malibu-2,Xorazm,Benzin (Turbo),2,37224.00,74448.00
2025,BYD,Song Plus DM-i,Xorazm,Gibrid (PHEV),56,23823.00,1334088.00
2025,BYD,Chazor (Destroyer 05),Xorazm,Gibrid (PHEV),41,18619.00,763379.00
2025,BYD,Song Plus EV,Xorazm,Elektromobil (EV),4,26899.00,107596.00
2025,BYD,Han,Xorazm,Elektromobil (EV),2,38322.00,76644.00
2025,BYD,Seagull,Xorazm,Elektromobil (EV),13,11471.00,149123.00
2025,Chery,Tiggo 7 Pro,Xorazm,Benzin (Turbo),12,27730.00,332760.00
2025,Chery,Arrizo 6 Pro,Xorazm,Benzin (Turbo),8,21753.00,174024.00
2025,Chery,Tiggo 8 Pro,Xorazm,Benzin (Turbo),4,34888.00,139552.00
2025,Haval,Jolion,Xorazm,Benzin (Turbo),9,24444.00,219996.00
2025,Haval,M6,Xorazm,Benzin,12,20406.00,244872.00
2025,Haval,H6,Xorazm,Benzin (Turbo),4,31121.00,124484.00
2025,Kia,Sonet,Xorazm,Benzin,10,18963.00,189630.00
2025,Kia,K5,Xorazm,Benzin,5,35404.00,177020.00
2025,Kia,Sportage,Xorazm,Benzin,5,36869.00,184345.00
2025,Zeekr,001,Xorazm,Elektromobil (EV),1,51184.00,51184.00
2025,Geely,Monjaro,Xorazm,Benzin (Turbo),4,38197.00,152788.00
2025,Jetour,Dashing,Xorazm,Benzin (Turbo),5,28490.00,142450.00
2025,Li Auto,L7/L9,Xorazm,Gibrid (EREV),2,60982.00,121964.00
2025,Chevrolet,Cobalt,Surxondaryo,Benzin,100,12446.00,1244600.00
2025,Chevrolet,Damas,Surxondaryo,Benzin,65,9270.00,602550.00
2025,Chevrolet,Labo,Surxondaryo,Benzin,44,8794.00,386936.00
2025,Chevrolet,Tracker-2,Surxondaryo,Benzin (Turbo),13,17259.00,224367.00
2025,Chevrolet,Onix,Surxondaryo,Benzin (Turbo),15,14046.00,210690.00
2025,Chevrolet,Malibu-2,Surxondaryo,Benzin (Turbo),1,37243.00,37243.00
2025,BYD,Song Plus DM-i,Surxondaryo,Gibrid (PHEV),59,24423.00,1440957.00
2025,BYD,Chazor (Destroyer 05),Surxondaryo,Gibrid (PHEV),44,18615.00,819060.00
2025,BYD,Song Plus EV,Surxondaryo,Elektromobil (EV),7,27500.00,192500.00
2025,BYD,Han,Surxondaryo,Elektromobil (EV),3,38747.00,116241.00
2025,BYD,Seagull,Surxondaryo,Elektromobil (EV),28,11584.00,324352.00
2025,Chery,Tiggo 7 Pro,Surxondaryo,Benzin (Turbo),10,27799.00,277990.00
2025,Chery,Arrizo 6 Pro,Surxondaryo,Benzin (Turbo),9,21746.00,195714.00
2025,Chery,Tiggo 8 Pro,Surxondaryo,Benzin (Turbo),4,34947.00,139788.00
2025,Haval,Jolion,Surxondaryo,Benzin (Turbo),7,24543.00,171801.00
2025,Haval,M6,Surxondaryo,Benzin,11,20588.00,226468.00
2025,Haval,H6,Surxondaryo,Benzin (Turbo),4,31059.00,124236.00
2025,Kia,Sonet,Surxondaryo,Benzin,12,18981.00,227772.00
2025,Kia,K5,Surxondaryo,Benzin,5,35576.00,177880.00
2025,Kia,Sportage,Surxondaryo,Benzin,2,37239.00,74478.00
2025,Zeekr,001,Surxondaryo,Elektromobil (EV),1,51399.00,51399.00
2025,Geely,Monjaro,Surxondaryo,Benzin (Turbo),3,37962.00,113886.00
2025,Jetour,Dashing,Surxondaryo,Benzin (Turbo),4,28285.00,113140.00
2025,Li Auto,L7/L9,Surxondaryo,Gibrid (EREV),2,60998.00,121996.00
2025,Chevrolet,Cobalt,Navoiy,Benzin,49,12611.00,617939.00
2025,Chevrolet,Damas,Navoiy,Benzin,51,9078.00,462978.00
2025,Chevrolet,Labo,Navoiy,Benzin,28,8643.00,242004.00
2025,Chevrolet,Tracker-2,Navoiy,Benzin (Turbo),10,17078.00,170780.00
2025,Chevrolet,Onix,Navoiy,Benzin (Turbo),10,14080.00,140800.00
2025,Chevrolet,Malibu-2,Navoiy,Benzin (Turbo),1,36889.00,36889.00
2025,BYD,Song Plus DM-i,Navoiy,Gibrid (PHEV),41,24394.00,1000154.00
2025,BYD,Chazor (Destroyer 05),Navoiy,Gibrid (PHEV),31,18618.00,577158.00
2025,BYD,Song Plus EV,Navoiy,Elektromobil (EV),6,27094.00,162564.00
2025,BYD,Han,Navoiy,Elektromobil (EV),3,39052.00,117156.00
2025,BYD,Seagull,Navoiy,Elektromobil (EV),24,11502.00,276048.00
2025,Chery,Tiggo 7 Pro,Navoiy,Benzin (Turbo),8,27714.00,221712.00
2025,Chery,Arrizo 6 Pro,Navoiy,Benzin (Turbo),5,21919.00,109595.00
2025,Chery,Tiggo 8 Pro,Navoiy,Benzin (Turbo),2,34693.00,69386.00
2025,Haval,Jolion,Navoiy,Benzin (Turbo),8,24715.00,197720.00
2025,Haval,M6,Navoiy,Benzin,6,20674.00,124044.00
2025,Haval,H6,Navoiy,Benzin (Turbo),2,31190.00,62380.00
2025,Kia,Sonet,Navoiy,Benzin,9,19210.00,172890.00
2025,Kia,K5,Navoiy,Benzin,4,35464.00,141856.00
2025,Kia,Sportage,Navoiy,Benzin,2,37177.00,74354.00
2025,Zeekr,001,Navoiy,Elektromobil (EV),2,51073.00,102146.00
2025,Geely,Monjaro,Navoiy,Benzin (Turbo),4,38005.00,152020.00
2025,Jetour,Dashing,Navoiy,Benzin (Turbo),2,28376.00,56752.00
2025,Li Auto,L7/L9,Navoiy,Gibrid (EREV),1,61236.00,61236.00
2025,Chevrolet,Cobalt,Jizzax,Benzin,49,12611.00,617939.00
2025,Chevrolet,Damas,Jizzax,Benzin,42,9399.00,394758.00
2025,Chevrolet,Labo,Jizzax,Benzin,20,8845.00,176900.00
2025,Chevrolet,Tracker-2,Jizzax,Benzin (Turbo),8,16866.00,134928.00
2025,Chevrolet,Onix,Jizzax,Benzin (Turbo),7,13676.00,95732.00
2025,Chevrolet,Malibu-2,Jizzax,Benzin (Turbo),1,36931.00,36931.00
2025,BYD,Song Plus DM-i,Jizzax,Gibrid (PHEV),30,24077.00,722310.00
2025,BYD,Chazor (Destroyer 05),Jizzax,Gibrid (PHEV),25,18608.00,465200.00
2025,BYD,Song Plus EV,Jizzax,Elektromobil (EV),2,27172.00,54344.00
2025,BYD,Han,Jizzax,Elektromobil (EV),1,38613.00,38613.00
2025,BYD,Seagull,Jizzax,Elektromobil (EV),14,11219.00,157066.00
2025,Chery,Tiggo 7 Pro,Jizzax,Benzin (Turbo),7,27775.00,194425.00
2025,Chery,Arrizo 6 Pro,Jizzax,Benzin (Turbo),6,21607.00,129642.00
2025,Chery,Tiggo 8 Pro,Jizzax,Benzin (Turbo),2,34706.00,69412.00
2025,Haval,Jolion,Jizzax,Benzin (Turbo),5,24596.00,122980.00
2025,Haval,M6,Jizzax,Benzin,3,20613.00,61839.00
2025,Haval,H6,Jizzax,Benzin (Turbo),2,30982.00,61964.00
2025,Kia,Sonet,Jizzax,Benzin,6,18955.00,113730.00
2025,Kia,K5,Jizzax,Benzin,1,35267.00,35267.00
2025,Kia,Sportage,Jizzax,Benzin,1,37206.00,37206.00
2025,Zeekr,001,Jizzax,Elektromobil (EV),1,51418.00,51418.00
2025,Geely,Monjaro,Jizzax,Benzin (Turbo),3,38170.00,114510.00
2025,Jetour,Dashing,Jizzax,Benzin (Turbo),2,28525.00,57050.00
2025,Li Auto,L7/L9,Jizzax,Gibrid (EREV),1,60909.00,60909.00
2025,Chevrolet,Cobalt,Sirdaryo,Benzin,37,12423.00,459651.00
2025,Chevrolet,Damas,Sirdaryo,Benzin,26,9201.00,239226.00
2025,Chevrolet,Labo,Sirdaryo,Benzin,14,8663.00,121282.00
2025,Chevrolet,Tracker-2,Sirdaryo,Benzin (Turbo),5,16850.00,84250.00
2025,Chevrolet,Onix,Sirdaryo,Benzin (Turbo),5,14216.00,71080.00
2025,Chevrolet,Malibu-2,Sirdaryo,Benzin (Turbo),1,37116.00,37116.00
2025,BYD,Song Plus DM-i,Sirdaryo,Gibrid (PHEV),25,24498.00,612450.00
2025,BYD,Chazor (Destroyer 05),Sirdaryo,Gibrid (PHEV),15,18741.00,281115.00
2025,BYD,Song Plus EV,Sirdaryo,Elektromobil (EV),3,27602.00,82806.00
2025,BYD,Han,Sirdaryo,Elektromobil (EV),2,38344.00,76688.00
2025,BYD,Seagull,Sirdaryo,Elektromobil (EV),9,11803.00,106227.00
2025,Chery,Tiggo 7 Pro,Sirdaryo,Benzin (Turbo),3,27654.00,82962.00
2025,Chery,Arrizo 6 Pro,Sirdaryo,Benzin (Turbo),6,21997.00,131982.00
2025,Chery,Tiggo 8 Pro,Sirdaryo,Benzin (Turbo),2,34732.00,69464.00
2025,Haval,Jolion,Sirdaryo,Benzin (Turbo),4,24500.00,98000.00
2025,Haval,M6,Sirdaryo,Benzin,5,20330.00,101650.00
2025,Haval,H6,Sirdaryo,Benzin (Turbo),2,30974.00,61948.00
2025,Kia,Sonet,Sirdaryo,Benzin,3,19084.00,57252.00
2025,Kia,K5,Sirdaryo,Benzin,2,35295.00,70590.00
2025,Kia,Sportage,Sirdaryo,Benzin,2,36866.00,73732.00
2025,Zeekr,001,Sirdaryo,Elektromobil (EV),1,51167.00,51167.00
2025,Geely,Monjaro,Sirdaryo,Benzin (Turbo),1,38191.00,38191.00
2025,Jetour,Dashing,Sirdaryo,Benzin (Turbo),2,28240.00,56480.00
2025,Li Auto,L7/L9,Sirdaryo,Gibrid (EREV),1,61190.00,61190.00
2025,Chevrolet,Cobalt,Qoraqalpog‘iston Res.,Benzin,34,12548.00,426632.00
2025,Chevrolet,Damas,Qoraqalpog‘iston Res.,Benzin,25,9423.00,235575.00
2025,Chevrolet,Labo,Qoraqalpog‘iston Res.,Benzin,13,8695.00,113035.00
2025,Chevrolet,Tracker-2,Qoraqalpog‘iston Res.,Benzin (Turbo),2,17225.00,34450.00
2025,Chevrolet,Onix,Qoraqalpog‘iston Res.,Benzin (Turbo),6,13730.00,82380.00
2025,Chevrolet,Malibu-2,Qoraqalpog‘iston Res.,Benzin (Turbo),1,36997.00,36997.00
2025,BYD,Song Plus DM-i,Qoraqalpog‘iston Res.,Gibrid (PHEV),22,24029.00,528638.00
2025,BYD,Chazor (Destroyer 05),Qoraqalpog‘iston Res.,Gibrid (PHEV),16,18539.00,296624.00
2025,BYD,Song Plus EV,Qoraqalpog‘iston Res.,Elektromobil (EV),3,27440.00,82320.00
2025,BYD,Han,Qoraqalpog‘iston Res.,Elektromobil (EV),1,38966.00,38966.00
2025,BYD,Seagull,Qoraqalpog‘iston Res.,Elektromobil (EV),9,11042.00,99378.00
2025,Chery,Tiggo 7 Pro,Qoraqalpog‘iston Res.,Benzin (Turbo),4,27852.00,111408.00
2025,Chery,Arrizo 6 Pro,Qoraqalpog‘iston Res.,Benzin (Turbo),3,21900.00,65700.00
2025,Chery,Tiggo 8 Pro,Qoraqalpog‘iston Res.,Benzin (Turbo),1,35006.00,35006.00
2025,Haval,Jolion,Qoraqalpog‘iston Res.,Benzin (Turbo),3,24707.00,74121.00
2025,Haval,M6,Qoraqalpog‘iston Res.,Benzin,4,20323.00,81292.00
2025,Haval,H6,Qoraqalpog‘iston Res.,Benzin (Turbo),2,31180.00,62360.00
2025,Kia,Sonet,Qoraqalpog‘iston Res.,Benzin,4,18933.00,75732.00
2025,Kia,K5,Qoraqalpog‘iston Res.,Benzin,2,35500.00,71000.00
2025,Kia,Sportage,Qoraqalpog‘iston Res.,Benzin,3,37248.00,111744.00
2025,Zeekr,001,Qoraqalpog‘iston Res.,Elektromobil (EV),1,51086.00,51086.00
2025,Geely,Monjaro,Qoraqalpog‘iston Res.,Benzin (Turbo),2,38134.00,76268.00
2025,Jetour,Dashing,Qoraqalpog‘iston Res.,Benzin (Turbo),1,28481.00,28481.00
2025,Li Auto,L7/L9,Qoraqalpog‘iston Res.,Gibrid (EREV),1,61132.00,61132.00
2025,Chevrolet,Cobalt,Toshkent shahri,Benzin,562,12638.00,7102556.00
2025,Chevrolet,Damas,Toshkent shahri,Benzin,104,9176.00,954304.00
2025,Chevrolet,Labo,Toshkent shahri,Benzin,51,8859.00,451809.00
2025,Chevrolet,Tracker-2,Toshkent shahri,Benzin (Turbo),84,16812.00,1412208.00
2025,Chevrolet,Onix,Toshkent shahri,Benzin (Turbo),96,13829.00,1327584.00
2025,Chevrolet,Malibu-2,Toshkent shahri,Benzin (Turbo),32,37236.00,1191552.00
2025,BYD,Song Plus DM-i,Toshkent shahri,Gibrid (PHEV),1209,23949.00,28954341.00
2025,BYD,Chazor (Destroyer 05),Toshkent shahri,Gibrid (PHEV),700,18095.00,12666500.00
2025,BYD,Song Plus EV,Toshkent shahri,Elektromobil (EV),154,26939.00,4148606.00
2025,BYD,Han,Toshkent shahri,Elektromobil (EV),64,38585.00,2469440.00
2025,BYD,Seagull,Toshkent shahri,Elektromobil (EV),506,11632.00,5885792.00
2025,Chery,Tiggo 7 Pro,Toshkent shahri,Benzin (Turbo),77,27883.00,2146991.00
2025,Chery,Arrizo 6 Pro,Toshkent shahri,Benzin (Turbo),70,21635.00,1514450.00
2025,Chery,Tiggo 8 Pro,Toshkent shahri,Benzin (Turbo),29,34811.00,1009519.00
2025,Haval,Jolion,Toshkent shahri,Benzin (Turbo),76,24333.00,1849308.00
2025,Haval,M6,Toshkent shahri,Benzin,74,20321.00,1503754.00
2025,Haval,H6,Toshkent shahri,Benzin (Turbo),30,30886.00,926580.00
2025,Kia,Sonet,Toshkent shahri,Benzin,81,18946.00,1534626.00
2025,Kia,K5,Toshkent shahri,Benzin,38,35613.00,1353294.00
2025,Kia,Sportage,Toshkent shahri,Benzin,23,37067.00,852541.00
2025,Zeekr,001,Toshkent shahri,Elektromobil (EV),28,51367.00,1438276.00
2025,Geely,Monjaro,Toshkent shahri,Benzin (Turbo),28,38250.00,1071000.00
2025,Jetour,Dashing,Toshkent shahri,Benzin (Turbo),37,28405.00,1050985.00
2025,Li Auto,L7/L9,Toshkent shahri,Gibrid (EREV),25,61168.00,1529200.00
2025,Chevrolet,Cobalt,Toshkent viloyati,Benzin,238,12573.00,2992374.00
2025,Chevrolet,Damas,Toshkent viloyati,Benzin,161,9133.00,1470413.00
2025,Chevrolet,Labo,Toshkent viloyati,Benzin,108,8773.00,947484.00
2025,Chevrolet,Tracker-2,Toshkent viloyati,Benzin (Turbo),36,17252.00,621072.00
2025,Chevrolet,Onix,Toshkent viloyati,Benzin (Turbo),36,13944.00,501984.00
2025,Chevrolet,Malibu-2,Toshkent viloyati,Benzin (Turbo),6,36977.00,221862.00
2025,BYD,Song Plus DM-i,Toshkent viloyati,Gibrid (PHEV),170,24393.00,4146810.00
2025,BYD,Chazor (Destroyer 05),Toshkent viloyati,Gibrid (PHEV),108,18645.00,2013660.00
2025,BYD,Song Plus EV,Toshkent viloyati,Elektromobil (EV),26,27044.00,703144.00
2025,BYD,Han,Toshkent viloyati,Elektromobil (EV),10,38613.00,386130.00
2025,BYD,Seagull,Toshkent viloyati,Elektromobil (EV),77,11838.00,911526.00
2025,Chery,Tiggo 7 Pro,Toshkent viloyati,Benzin (Turbo),30,27765.00,832950.00
2025,Chery,Arrizo 6 Pro,Toshkent viloyati,Benzin (Turbo),23,21982.00,505586.00
2025,Chery,Tiggo 8 Pro,Toshkent viloyati,Benzin (Turbo),12,34888.00,418656.00
2025,Haval,Jolion,Toshkent viloyati,Benzin (Turbo),24,24334.00,584016.00
2025,Haval,M6,Toshkent viloyati,Benzin,30,20320.00,609600.00
2025,Haval,H6,Toshkent viloyati,Benzin (Turbo),14,30980.00,433720.00
2025,Kia,Sonet,Toshkent viloyati,Benzin,36,19143.00,689148.00
2025,Kia,K5,Toshkent viloyati,Benzin,14,35315.00,494410.00
2025,Kia,Sportage,Toshkent viloyati,Benzin,10,36912.00,369120.00
2025,Zeekr,001,Toshkent viloyati,Elektromobil (EV),4,51073.00,204292.00
2025,Geely,Monjaro,Toshkent viloyati,Benzin (Turbo),9,38105.00,342945.00
2025,Jetour,Dashing,Toshkent viloyati,Benzin (Turbo),13,28429.00,369577.00
2025,Li Auto,L7/L9,Toshkent viloyati,Gibrid (EREV),2,60897.00,121794.00
2025,Chevrolet,Cobalt,Samarqand,Benzin,276,12369.00,3413844.00
2025,Chevrolet,Damas,Samarqand,Benzin,188,9139.00,1718132.00
2025,Chevrolet,Labo,Samarqand,Benzin,84,8848.00,743232.00
2025,Chevrolet,Tracker-2,Samarqand,Benzin (Turbo),28,17389.00,486892.00
2025,Chevrolet,Onix,Samarqand,Benzin (Turbo),33,14129.00,466257.00
2025,Chevrolet,Malibu-2,Samarqand,Benzin (Turbo),5,37234.00,186170.00
2025,BYD,Song Plus DM-i,Samarqand,Gibrid (PHEV),191,23987.00,4581517.00
2025,BYD,Chazor (Destroyer 05),Samarqand,Gibrid (PHEV),150,18270.00,2740500.00
2025,BYD,Song Plus EV,Samarqand,Elektromobil (EV),19,27353.00,519707.00
2025,BYD,Han,Samarqand,Elektromobil (EV),8,38937.00,311496.00
2025,BYD,Seagull,Samarqand,Elektromobil (EV),64,11837.00,757568.00
2025,Chery,Tiggo 7 Pro,Samarqand,Benzin (Turbo),31,27976.00,867256.00
2025,Chery,Arrizo 6 Pro,Samarqand,Benzin (Turbo),24,21693.00,520632.00
2025,Chery,Tiggo 8 Pro,Samarqand,Benzin (Turbo),11,34785.00,382635.00
2025,Haval,Jolion,Samarqand,Benzin (Turbo),26,24403.00,634478.00
2025,Haval,M6,Samarqand,Benzin,30,20503.00,615090.00
2025,Haval,H6,Samarqand,Benzin (Turbo),13,31013.00,403169.00
2025,Kia,Sonet,Samarqand,Benzin,27,19224.00,519048.00
2025,Kia,K5,Samarqand,Benzin,11,35513.00,390643.00
2025,Kia,Sportage,Samarqand,Benzin,8,37215.00,297720.00
2025,Zeekr,001,Samarqand,Elektromobil (EV),5,51143.00,255715.00
2025,Geely,Monjaro,Samarqand,Benzin (Turbo),10,38334.00,383340.00
2025,Jetour,Dashing,Samarqand,Benzin (Turbo),12,28289.00,339468.00
2025,Li Auto,L7/L9,Samarqand,Gibrid (EREV),2,61201.00,122402.00
2025,Chevrolet,Cobalt,Farg‘ona,Benzin,209,12344.00,2579896.00
2025,Chevrolet,Damas,Farg‘ona,Benzin,381,9291.00,3539871.00
2025,Chevrolet,Labo,Farg‘ona,Benzin,179,8653.00,1548887.00
2025,Chevrolet,Tracker-2,Farg‘ona,Benzin (Turbo),28,16970.00,475160.00
2025,Chevrolet,Onix,Farg‘ona,Benzin (Turbo),32,13717.00,438944.00
2025,Chevrolet,Malibu-2,Farg‘ona,Benzin (Turbo),5,37137.00,185685.00
2025,BYD,Song Plus DM-i,Farg‘ona,Gibrid (PHEV),146,24377.00,3559042.00
2025,BYD,Chazor (Destroyer 05),Farg‘ona,Gibrid (PHEV),110,18759.00,2063490.00
2025,BYD,Song Plus EV,Farg‘ona,Elektromobil (EV),8,27116.00,216928.00
2025,BYD,Han,Farg‘ona,Elektromobil (EV),2,39046.00,78092.00
2025,BYD,Seagull,Farg‘ona,Elektromobil (EV),25,11415.00,285375.00
2025,Chery,Tiggo 7 Pro,Farg‘ona,Benzin (Turbo),20,27701.00,554020.00
2025,Chery,Arrizo 6 Pro,Farg‘ona,Benzin (Turbo),20,21894.00,437880.00
2025,Chery,Tiggo 8 Pro,Farg‘ona,Benzin (Turbo),10,34959.00,349590.00
2025,Haval,Jolion,Farg‘ona,Benzin (Turbo),24,24630.00,591120.00
2025,Haval,M6,Farg‘ona,Benzin,25,20679.00,516975.00
2025,Haval,H6,Farg‘ona,Benzin (Turbo),10,30872.00,308720.00
2025,Kia,Sonet,Farg‘ona,Benzin,25,19243.00,481075.00
2025,Kia,K5,Farg‘ona,Benzin,9,35599.00,320391.00
2025,Kia,Sportage,Farg‘ona,Benzin,7,36966.00,258762.00
2025,Zeekr,001,Farg‘ona,Elektromobil (EV),1,51311.00,51311.00
2025,Geely,Monjaro,Farg‘ona,Benzin (Turbo),10,38070.00,380700.00
2025,Jetour,Dashing,Farg‘ona,Benzin (Turbo),10,28233.00,282330.00
2025,Li Auto,L7/L9,Farg‘ona,Gibrid (EREV),2,60954.00,121908.00
2025,Chevrolet,Cobalt,Andijon,Benzin,192,12721.00,2442432.00
2025,Chevrolet,Damas,Andijon,Benzin,300,9227.00,2768100.00
2025,Chevrolet,Labo,Andijon,Benzin,164,8856.00,1452384.00
2025,Chevrolet,Tracker-2,Andijon,Benzin (Turbo),29,17178.00,498162.00
2025,Chevrolet,Onix,Andijon,Benzin (Turbo),31,13715.00,425165.00
2025,Chevrolet,Malibu-2,Andijon,Benzin (Turbo),5,37190.00,185950.00
2025,BYD,Song Plus DM-i,Andijon,Gibrid (PHEV),120,24252.00,2910240.00
2025,BYD,Chazor (Destroyer 05),Andijon,Gibrid (PHEV),92,18338.00,1687096.00
2025,BYD,Song Plus EV,Andijon,Elektromobil (EV),7,27057.00,189399.00
2025,BYD,Han,Andijon,Elektromobil (EV),3,38599.00,115797.00
2025,BYD,Seagull,Andijon,Elektromobil (EV),23,11723.00,269629.00
2025,Chery,Tiggo 7 Pro,Andijon,Benzin (Turbo),20,27856.00,557120.00
2025,Chery,Arrizo 6 Pro,Andijon,Benzin (Turbo),17,21634.00,367778.00
2025,Chery,Tiggo 8 Pro,Andijon,Benzin (Turbo),7,35048.00,245336.00
2025,Haval,Jolion,Andijon,Benzin (Turbo),21,24400.00,512400.00
2025,Haval,M6,Andijon,Benzin,26,20467.00,532142.00
2025,Haval,H6,Andijon,Benzin (Turbo),10,31082.00,310820.00
2025,Kia,Sonet,Andijon,Benzin,20,19049.00,380980.00
2025,Kia,K5,Andijon,Benzin,11,35245.00,387695.00
2025,Kia,Sportage,Andijon,Benzin,8,36932.00,295456.00
2025,Zeekr,001,Andijon,Elektromobil (EV),1,51262.00,51262.00
2025,Geely,Monjaro,Andijon,Benzin (Turbo),7,38165.00,267155.00
2025,Jetour,Dashing,Andijon,Benzin (Turbo),10,28183.00,281830.00
2025,Li Auto,L7/L9,Andijon,Gibrid (EREV),1,60930.00,60930.00
2025,Chevrolet,Cobalt,Namangan,Benzin,128,12673.00,1622144.00
2025,Chevrolet,Damas,Namangan,Benzin,307,9147.00,2808129.00
2025,Chevrolet,Labo,Namangan,Benzin,134,8540.00,1144360.00
2025,Chevrolet,Tracker-2,Namangan,Benzin (Turbo),22,17027.00,374594.00
2025,Chevrolet,Onix,Namangan,Benzin (Turbo),27,14063.00,379701.00
2025,Chevrolet,Malibu-2,Namangan,Benzin (Turbo),3,37142.00,111426.00
2025,BYD,Song Plus DM-i,Namangan,Gibrid (PHEV),89,24590.00,2188510.00
2025,BYD,Chazor (Destroyer 05),Namangan,Gibrid (PHEV),78,18476.00,1441128.00
2025,BYD,Song Plus EV,Namangan,Elektromobil (EV),6,27103.00,162618.00
2025,BYD,Han,Namangan,Elektromobil (EV),4,38494.00,153976.00
2025,BYD,Seagull,Namangan,Elektromobil (EV),21,11280.00,236880.00
2025,Chery,Tiggo 7 Pro,Namangan,Benzin (Turbo),19,27629.00,524951.00
2025,Chery,Arrizo 6 Pro,Namangan,Benzin (Turbo),13,21905.00,284765.00
2025,Chery,Tiggo 8 Pro,Namangan,Benzin (Turbo),6,35013.00,210078.00
2025,Haval,Jolion,Namangan,Benzin (Turbo),19,24364.00,462916.00
2025,Haval,M6,Namangan,Benzin,15,20455.00,306825.00
2025,Haval,H6,Namangan,Benzin (Turbo),9,31255.00,281295.00
2025,Kia,Sonet,Namangan,Benzin,18,19247.00,346446.00
2025,Kia,K5,Namangan,Benzin,11,35366.00,389026.00
2025,Kia,Sportage,Namangan,Benzin,6,36945.00,221670.00
2025,Zeekr,001,Namangan,Elektromobil (EV),1,51047.00,51047.00
2025,Geely,Monjaro,Namangan,Benzin (Turbo),8,38035.00,304280.00
2025,Jetour,Dashing,Namangan,Benzin (Turbo),8,28243.00,225944.00
2025,Li Auto,L7/L9,Namangan,Gibrid (EREV),1,61025.00,61025.00
2025,Chevrolet,Cobalt,Buxoro,Benzin,165,12675.00,2091375.00
2025,Chevrolet,Damas,Buxoro,Benzin,76,9371.00,712196.00
2025,Chevrolet,Labo,Buxoro,Benzin,54,8914.00,481356.00
2025,Chevrolet,Tracker-2,Buxoro,Benzin (Turbo),19,17099.00,324881.00
2025,Chevrolet,Onix,Buxoro,Benzin (Turbo),22,13699.00,301378.00
2025,Chevrolet,Malibu-2,Buxoro,Benzin (Turbo),4,37120.00,148480.00
2025,BYD,Song Plus DM-i,Buxoro,Gibrid (PHEV),113,24563.00,2775619.00
2025,BYD,Chazor (Destroyer 05),Buxoro,Gibrid (PHEV),83,18679.00,1550357.00
2025,BYD,Song Plus EV,Buxoro,Elektromobil (EV),15,27023.00,405345.00
2025,BYD,Han,Buxoro,Elektromobil (EV),7,38379.00,268653.00
2025,BYD,Seagull,Buxoro,Elektromobil (EV),36,11614.00,418104.00
2025,Chery,Tiggo 7 Pro,Buxoro,Benzin (Turbo),16,27830.00,445280.00
2025,Chery,Arrizo 6 Pro,Buxoro,Benzin (Turbo),14,21874.00,306236.00
2025,Chery,Tiggo 8 Pro,Buxoro,Benzin (Turbo),6,34697.00,208182.00
2025,Haval,Jolion,Buxoro,Benzin (Turbo),14,24653.00,345142.00
2025,Haval,M6,Buxoro,Benzin,18,20546.00,369828.00
2025,Haval,H6,Buxoro,Benzin (Turbo),9,30902.00,278118.00
2025,Kia,Sonet,Buxoro,Benzin,16,19198.00,307168.00
2025,Kia,K5,Buxoro,Benzin,8,35469.00,283752.00
2025,Kia,Sportage,Buxoro,Benzin,2,37195.00,74390.00
2025,Zeekr,001,Buxoro,Elektromobil (EV),1,51363.00,51363.00
2025,Geely,Monjaro,Buxoro,Benzin (Turbo),7,38332.00,268324.00
2025,Jetour,Dashing,Buxoro,Benzin (Turbo),6,28366.00,170196.00
2025,Li Auto,L7/L9,Buxoro,Gibrid (EREV),1,60961.00,60961.00
2025,Chevrolet,Cobalt,Qashqadaryo,Benzin,101,12538.00,1266338.00
2025,Chevrolet,Damas,Qashqadaryo,Benzin,95,9382.00,891290.00
2025,Chevrolet,Labo,Qashqadaryo,Benzin,50,8894.00,444700.00
2025,Chevrolet,Tracker-2,Qashqadaryo,Benzin (Turbo),17,17192.00,292264.00
2025,Chevrolet,Onix,Qashqadaryo,Benzin (Turbo),18,14129.00,254322.00
2025,Chevrolet,Malibu-2,Qashqadaryo,Benzin (Turbo),2,36993.00,73986.00
2025,BYD,Song Plus DM-i,Qashqadaryo,Gibrid (PHEV),71,24383.00,1731193.00
2025,BYD,Chazor (Destroyer 05),Qashqadaryo,Gibrid (PHEV),60,18577.00,1114620.00
2025,BYD,Song Plus EV,Qashqadaryo,Elektromobil (EV),10,27508.00,275080.00
2025,BYD,Han,Qashqadaryo,Elektromobil (EV),5,38951.00,194755.00
2025,BYD,Seagull,Qashqadaryo,Elektromobil (EV),34,11335.00,385390.00
2025,Chery,Tiggo 7 Pro,Qashqadaryo,Benzin (Turbo),15,27992.00,419880.00
2025,Chery,Arrizo 6 Pro,Qashqadaryo,Benzin (Turbo),9,21992.00,197928.00
2025,Chery,Tiggo 8 Pro,Qashqadaryo,Benzin (Turbo),7,34993.00,244951.00
2025,Haval,Jolion,Qashqadaryo,Benzin (Turbo),11,24374.00,268114.00
2025,Haval,M6,Qashqadaryo,Benzin,13,20396.00,265148.00
2025,Haval,H6,Qashqadaryo,Benzin (Turbo),6,31001.00,186006.00
2025,Kia,Sonet,Qashqadaryo,Benzin,14,19214.00,268996.00
2025,Kia,K5,Qashqadaryo,Benzin,6,35269.00,211614.00
2025,Kia,Sportage,Qashqadaryo,Benzin,4,37124.00,148496.00
2025,Zeekr,001,Qashqadaryo,Elektromobil (EV),4,51030.00,204120.00
2025,Geely,Monjaro,Qashqadaryo,Benzin (Turbo),5,38198.00,190990.00
2025,Jetour,Dashing,Qashqadaryo,Benzin (Turbo),5,28460.00,142300.00
2025,Li Auto,L7/L9,Qashqadaryo,Gibrid (EREV),1,61173.00,61173.00
2025,Chevrolet,Cobalt,Xorazm,Benzin,73,12615.00,920895.00
2025,Chevrolet,Damas,Xorazm,Benzin,154,9266.00,1426964.00
2025,Chevrolet,Labo,Xorazm,Benzin,77,8660.00,666820.00
2025,Chevrolet,Tracker-2,Xorazm,Benzin (Turbo),12,17297.00,207564.00
2025,Chevrolet,Onix,Xorazm,Benzin (Turbo),13,13791.00,179283.00
2025,Chevrolet,Malibu-2,Xorazm,Benzin (Turbo),2,37069.00,74138.00
2025,BYD,Song Plus DM-i,Xorazm,Gibrid (PHEV),65,23905.00,1553825.00
2025,BYD,Chazor (Destroyer 05),Xorazm,Gibrid (PHEV),42,18244.00,766248.00
2025,BYD,Song Plus EV,Xorazm,Elektromobil (EV),4,27458.00,109832.00
2025,BYD,Han,Xorazm,Elektromobil (EV),3,38409.00,115227.00
2025,BYD,Seagull,Xorazm,Elektromobil (EV),9,11647.00,104823.00
2025,Chery,Tiggo 7 Pro,Xorazm,Benzin (Turbo),10,27943.00,279430.00
2025,Chery,Arrizo 6 Pro,Xorazm,Benzin (Turbo),9,21871.00,196839.00
2025,Chery,Tiggo 8 Pro,Xorazm,Benzin (Turbo),5,34836.00,174180.00
2025,Haval,Jolion,Xorazm,Benzin (Turbo),9,24496.00,220464.00
2025,Haval,M6,Xorazm,Benzin,12,20307.00,243684.00
2025,Haval,H6,Xorazm,Benzin (Turbo),6,30869.00,185214.00
2025,Kia,Sonet,Xorazm,Benzin,10,18980.00,189800.00
2025,Kia,K5,Xorazm,Benzin,5,35310.00,176550.00
2025,Kia,Sportage,Xorazm,Benzin,3,37179.00,111537.00
2025,Zeekr,001,Xorazm,Elektromobil (EV),1,51215.00,51215.00
2025,Geely,Monjaro,Xorazm,Benzin (Turbo),4,38123.00,152492.00
2025,Jetour,Dashing,Xorazm,Benzin (Turbo),5,28215.00,141075.00
2025,Li Auto,L7/L9,Xorazm,Gibrid (EREV),1,61155.00,61155.00
2025,Chevrolet,Cobalt,Surxondaryo,Benzin,94,12462.00,1171428.00
2025,Chevrolet,Damas,Surxondaryo,Benzin,70,9247.00,647290.00
2025,Chevrolet,Labo,Surxondaryo,Benzin,38,8590.00,326420.00
2025,Chevrolet,Tracker-2,Surxondaryo,Benzin (Turbo),16,16870.00,269920.00
2025,Chevrolet,Onix,Surxondaryo,Benzin (Turbo),14,14154.00,198156.00
2025,Chevrolet,Malibu-2,Surxondaryo,Benzin (Turbo),3,37121.00,111363.00
2025,BYD,Song Plus DM-i,Surxondaryo,Gibrid (PHEV),64,24288.00,1554432.00
2025,BYD,Chazor (Destroyer 05),Surxondaryo,Gibrid (PHEV),48,18116.00,869568.00
2025,BYD,Song Plus EV,Surxondaryo,Elektromobil (EV),7,27212.00,190484.00
2025,BYD,Han,Surxondaryo,Elektromobil (EV),3,38716.00,116148.00
2025,BYD,Seagull,Surxondaryo,Elektromobil (EV),26,11569.00,300794.00
2025,Chery,Tiggo 7 Pro,Surxondaryo,Benzin (Turbo),10,27907.00,279070.00
2025,Chery,Arrizo 6 Pro,Surxondaryo,Benzin (Turbo),8,21793.00,174344.00
2025,Chery,Tiggo 8 Pro,Surxondaryo,Benzin (Turbo),3,34894.00,104682.00
2025,Haval,Jolion,Surxondaryo,Benzin (Turbo),9,24613.00,221517.00
2025,Haval,M6,Surxondaryo,Benzin,10,20635.00,206350.00
2025,Haval,H6,Surxondaryo,Benzin (Turbo),3,30898.00,92694.00
2025,Kia,Sonet,Surxondaryo,Benzin,13,18976.00,246688.00
2025,Kia,K5,Surxondaryo,Benzin,5,35520.00,177600.00
2025,Kia,Sportage,Surxondaryo,Benzin,3,37038.00,111114.00
2025,Zeekr,001,Surxondaryo,Elektromobil (EV),2,51401.00,102802.00
2025,Geely,Monjaro,Surxondaryo,Benzin (Turbo),4,38012.00,152048.00
2025,Jetour,Dashing,Surxondaryo,Benzin (Turbo),3,28535.00,85605.00
2025,Li Auto,L7/L9,Surxondaryo,Gibrid (EREV),1,61173.00,61173.00
2025,Chevrolet,Cobalt,Navoiy,Benzin,68,12411.00,843948.00
2025,Chevrolet,Damas,Navoiy,Benzin,56,9285.00,519960.00
2025,Chevrolet,Labo,Navoiy,Benzin,30,8596.00,257880.00
2025,Chevrolet,Tracker-2,Navoiy,Benzin (Turbo),10,17308.00,173080.00
2025,Chevrolet,Onix,Navoiy,Benzin (Turbo),11,13956.00,153516.00
2025,Chevrolet,Malibu-2,Navoiy,Benzin (Turbo),1,36935.00,36935.00
2025,BYD,Song Plus DM-i,Navoiy,Gibrid (PHEV),49,24561.00,1203489.00
2025,BYD,Chazor (Destroyer 05),Navoiy,Gibrid (PHEV),33,18648.00,615384.00
2025,BYD,Song Plus EV,Navoiy,Elektromobil (EV),5,26957.00,134785.00
2025,BYD,Han,Navoiy,Elektromobil (EV),5,38853.00,194265.00
2025,BYD,Seagull,Navoiy,Elektromobil (EV),20,11054.00,221080.00
2025,Chery,Tiggo 7 Pro,Navoiy,Benzin (Turbo),9,27964.00,251676.00
2025,Chery,Arrizo 6 Pro,Navoiy,Benzin (Turbo),7,21712.00,151984.00
2025,Chery,Tiggo 8 Pro,Navoiy,Benzin (Turbo),1,34847.00,34847.00
2025,Haval,Jolion,Navoiy,Benzin (Turbo),9,24671.00,222039.00
2025,Haval,M6,Navoiy,Benzin,8,20518.00,164144.00
2025,Haval,H6,Navoiy,Benzin (Turbo),5,30865.00,154325.00
2025,Kia,Sonet,Navoiy,Benzin,9,18915.00,170235.00
2025,Kia,K5,Navoiy,Benzin,3,35385.00,106155.00
2025,Kia,Sportage,Navoiy,Benzin,3,37020.00,111060.00
2025,Zeekr,001,Navoiy,Elektromobil (EV),1,51247.00,51247.00
2025,Geely,Monjaro,Navoiy,Benzin (Turbo),3,37979.00,113937.00
2025,Jetour,Dashing,Navoiy,Benzin (Turbo),2,28379.00,56758.00
2025,Li Auto,L7/L9,Navoiy,Gibrid (EREV),1,60884.00,60884.00
2025,Chevrolet,Cobalt,Jizzax,Benzin,39,12622.00,492258.00
2025,Chevrolet,Damas,Jizzax,Benzin,37,9344.00,345728.00
2025,Chevrolet,Labo,Jizzax,Benzin,17,8854.00,150518.00
2025,Chevrolet,Tracker-2,Jizzax,Benzin (Turbo),7,17111.00,119777.00
2025,Chevrolet,Onix,Jizzax,Benzin (Turbo),6,14035.00,84210.00
2025,Chevrolet,Malibu-2,Jizzax,Benzin (Turbo),1,37108.00,37108.00
2025,BYD,Song Plus DM-i,Jizzax,Gibrid (PHEV),35,23846.00,834610.00
2025,BYD,Chazor (Destroyer 05),Jizzax,Gibrid (PHEV),22,18873.00,415206.00
2025,BYD,Song Plus EV,Jizzax,Elektromobil (EV),3,27603.00,82809.00
2025,BYD,Han,Jizzax,Elektromobil (EV),1,38906.00,38906.00
2025,BYD,Seagull,Jizzax,Elektromobil (EV),14,11336.00,158704.00
2025,Chery,Tiggo 7 Pro,Jizzax,Benzin (Turbo),6,27902.00,167412.00
2025,Chery,Arrizo 6 Pro,Jizzax,Benzin (Turbo),5,21879.00,109395.00
2025,Chery,Tiggo 8 Pro,Jizzax,Benzin (Turbo),2,34707.00,69414.00
2025,Haval,Jolion,Jizzax,Benzin (Turbo),6,24641.00,147846.00
2025,Haval,M6,Jizzax,Benzin,5,20616.00,103080.00
2025,Haval,H6,Jizzax,Benzin (Turbo),3,30923.00,92769.00
2025,Kia,Sonet,Jizzax,Benzin,3,19260.00,57780.00
2025,Kia,K5,Jizzax,Benzin,2,35423.00,70846.00
2025,Kia,Sportage,Jizzax,Benzin,1,37213.00,37213.00
2025,Zeekr,001,Jizzax,Elektromobil (EV),2,51316.00,102632.00
2025,Geely,Monjaro,Jizzax,Benzin (Turbo),2,38332.00,76664.00
2025,Jetour,Dashing,Jizzax,Benzin (Turbo),1,28479.00,28479.00
2025,Li Auto,L7/L9,Jizzax,Gibrid (EREV),2,61187.00,122374.00
2025,Chevrolet,Cobalt,Sirdaryo,Benzin,33,12708.00,419364.00
2025,Chevrolet,Damas,Sirdaryo,Benzin,26,9240.00,240240.00
2025,Chevrolet,Labo,Sirdaryo,Benzin,14,8566.00,119924.00
2025,Chevrolet,Tracker-2,Sirdaryo,Benzin (Turbo),3,17055.00,51165.00
2025,Chevrolet,Onix,Sirdaryo,Benzin (Turbo),5,14068.00,70340.00
2025,Chevrolet,Malibu-2,Sirdaryo,Benzin (Turbo),1,37209.00,37209.00
2025,BYD,Song Plus DM-i,Sirdaryo,Gibrid (PHEV),23,24584.00,565432.00
2025,BYD,Chazor (Destroyer 05),Sirdaryo,Gibrid (PHEV),17,18093.00,307581.00
2025,BYD,Song Plus EV,Sirdaryo,Elektromobil (EV),2,27062.00,54124.00
2025,BYD,Han,Sirdaryo,Elektromobil (EV),1,38867.00,38867.00
2025,BYD,Seagull,Sirdaryo,Elektromobil (EV),10,11122.00,111220.00
2025,Chery,Tiggo 7 Pro,Sirdaryo,Benzin (Turbo),4,27638.00,110552.00
2025,Chery,Arrizo 6 Pro,Sirdaryo,Benzin (Turbo),4,21901.00,87604.00
2025,Chery,Tiggo 8 Pro,Sirdaryo,Benzin (Turbo),3,34946.00,104838.00
2025,Haval,Jolion,Sirdaryo,Benzin (Turbo),2,24380.00,48760.00
2025,Haval,M6,Sirdaryo,Benzin,5,20329.00,101645.00
2025,Haval,H6,Sirdaryo,Benzin (Turbo),2,31258.00,62516.00
2025,Kia,Sonet,Sirdaryo,Benzin,4,19010.00,76040.00
2025,Kia,K5,Sirdaryo,Benzin,2,35599.00,71198.00
2025,Kia,Sportage,Sirdaryo,Benzin,2,37149.00,74298.00
2025,Zeekr,001,Sirdaryo,Elektromobil (EV),1,51270.00,51270.00
2025,Geely,Monjaro,Sirdaryo,Benzin (Turbo),1,38269.00,38269.00
2025,Jetour,Dashing,Sirdaryo,Benzin (Turbo),2,28421.00,56842.00
2025,Li Auto,L7/L9,Sirdaryo,Gibrid (EREV),1,61059.00,61059.00
2025,Chevrolet,Cobalt,Qoraqalpog‘iston Res.,Benzin,30,12546.00,376380.00
2025,Chevrolet,Damas,Qoraqalpog‘iston Res.,Benzin,24,9350.00,224400.00
2025,Chevrolet,Labo,Qoraqalpog‘iston Res.,Benzin,14,8600.00,120400.00
2025,Chevrolet,Tracker-2,Qoraqalpog‘iston Res.,Benzin (Turbo),6,16907.00,101442.00
2025,Chevrolet,Onix,Qoraqalpog‘iston Res.,Benzin (Turbo),5,13951.00,69755.00
2025,Chevrolet,Malibu-2,Qoraqalpog‘iston Res.,Benzin (Turbo),3,37059.00,111177.00
2025,BYD,Song Plus DM-i,Qoraqalpog‘iston Res.,Gibrid (PHEV),22,24106.00,530332.00
2025,BYD,Chazor (Destroyer 05),Qoraqalpog‘iston Res.,Gibrid (PHEV),16,18083.00,289328.00
2025,BYD,Song Plus EV,Qoraqalpog‘iston Res.,Elektromobil (EV),3,27155.00,81465.00
2025,BYD,Han,Qoraqalpog‘iston Res.,Elektromobil (EV),3,38471.00,115413.00
2025,BYD,Seagull,Qoraqalpog‘iston Res.,Elektromobil (EV),10,11677.00,116770.00
2025,Chery,Tiggo 7 Pro,Qoraqalpog‘iston Res.,Benzin (Turbo),3,27834.00,83502.00
2025,Chery,Arrizo 6 Pro,Qoraqalpog‘iston Res.,Benzin (Turbo),5,21782.00,108910.00
2025,Chery,Tiggo 8 Pro,Qoraqalpog‘iston Res.,Benzin (Turbo),1,34988.00,34988.00
2025,Haval,Jolion,Qoraqalpog‘iston Res.,Benzin (Turbo),5,24497.00,122485.00
2025,Haval,M6,Qoraqalpog‘iston Res.,Benzin,4,20432.00,81728.00
2025,Haval,H6,Qoraqalpog‘iston Res.,Benzin (Turbo),2,30884.00,61768.00
2025,Kia,Sonet,Qoraqalpog‘iston Res.,Benzin,3,18940.00,56820.00
2025,Kia,K5,Qoraqalpog‘iston Res.,Benzin,1,35467.00,35467.00
2025,Kia,Sportage,Qoraqalpog‘iston Res.,Benzin,1,37090.00,37090.00
2025,Zeekr,001,Qoraqalpog‘iston Res.,Elektromobil (EV),1,51160.00,51160.00
2025,Geely,Monjaro,Qoraqalpog‘iston Res.,Benzin (Turbo),1,38174.00,38174.00
2025,Jetour,Dashing,Qoraqalpog‘iston Res.,Benzin (Turbo),3,28234.00,84702.00
2025,Li Auto,L7/L9,Qoraqalpog‘iston Res.,Gibrid (EREV),1,60981.00,60981.00
