Yil,Chorak,Davr,Viloyat,Brend,Model,Kuzov_Turi,Dvigatel_Turi,Ishlab_Chiqarish,Narx_Segmenti,Ortacha_Narx_USD,Sotilgan_Soni,Umumiy_Tushum_USD
2022,Q1,2022-Q1,Toshkent shahri,Chevrolet,Cobalt,B-Sedan,Benzin,Mahalliy (Asaka),Byudjet (<$15k),11406,471,5372226
2022,Q1,2022-Q1,Toshkent shahri,Chevrolet,Damas,Mini-Van,Benzin,Mahalliy (Pitnak),Byudjet (<$15k),8371,74,619454
2022,Q1,2022-Q1,Toshkent shahri,Chevrolet,Labo,Mini-Truck,Benzin,Mahalliy (Pitnak),Byudjet (<$15k),8014,36,288504
2022,Q1,2022-Q1,Toshkent shahri,Chevrolet,Lacetti/Gentra,C-Sedan,Benzin,Mahalliy (Asaka),Byudjet (<$15k),13130,373,4897490
2022,Q1,2022-Q1,Toshkent shahri,Chevrolet,Tracker-2,B-SUV,Benzin (Turbo),Mahalliy (Asaka),O‘rta ($15k-$25k),19780,105,2076900
2022,Q1,2022-Q1,Toshkent shahri,Chevrolet,Onix,B-Sedan,Benzin (Turbo),Mahalliy (Asaka),O‘rta ($15k-$25k),16283,134,2181922
2022,Q1,2022-Q1,Toshkent shahri,Chevrolet,Malibu-2,D-Sedan,Benzin (Turbo),Mahalliy (Asaka),Yuqori-o‘rta ($25k-$40k),34076,37,1260812
2022,Q1,2022-Q1,Toshkent shahri,BYD,Song Plus DM-i,C-SUV,Gibrid (PHEV),Gibrid/Yig‘uv (Jizzax),Yuqori-o‘rta ($25k-$40k),30010,88,2640880
2022,Q1,2022-Q1,Toshkent shahri,BYD,Chazor (Destroyer 05),C-Sedan,Gibrid (PHEV),Gibrid/Yig‘uv (Jizzax),O‘rta ($15k-$25k),23447,68,1594396
2022,Q1,2022-Q1,Toshkent shahri,BYD,Song Plus EV,C-SUV,Elektromobil (EV),Import (Xitoy),Yuqori-o‘rta ($25k-$40k),34260,11,376860
2022,Q1,2022-Q1,Toshkent shahri,BYD,Han,E-Sedan,Elektromobil (EV),Import (Xitoy),Premium (>$40k),48475,3,145425
2022,Q1,2022-Q1,Toshkent shahri,Chery,Tiggo 7 Pro,C-SUV,Benzin (Turbo),Mahalliy yig‘uv (ADM Jizzax),Yuqori-o‘rta ($25k-$40k),25487,17,433279
2022,Q1,2022-Q1,Toshkent shahri,Chery,Arrizo 6 Pro,C-Sedan,Benzin (Turbo),Mahalliy yig‘uv (ADM Jizzax),O‘rta ($15k-$25k),19974,12,239688
2022,Q1,2022-Q1,Toshkent shahri,Chery,Tiggo 8 Pro,Mid-SUV,Benzin (Turbo),Mahalliy yig‘uv (ADM Jizzax),Yuqori-o‘rta ($25k-$40k),31850,4,127400
2022,Q1,2022-Q1,Toshkent shahri,Haval,Jolion,B-SUV,Benzin (Turbo),Mahalliy yig‘uv (ADM Jizzax),O‘rta ($15k-$25k),22430,14,314020
2022,Q1,2022-Q1,Toshkent shahri,Haval,M6,C-SUV,Benzin,Mahalliy yig‘uv (ADM Jizzax),O‘rta ($15k-$25k),18906,15,283590
2022,Q1,2022-Q1,Toshkent shahri,Haval,H6,C-SUV,Benzin (Turbo),Mahalliy yig‘uv (ADM Jizzax),Yuqori-o‘rta ($25k-$40k),28573,7,200011
2022,Q1,2022-Q1,Toshkent shahri,Kia,Sonet,B-SUV,Benzin,Mahalliy yig‘uv (ADM Jizzax),O‘rta ($15k-$25k),17687,34,601358
2022,Q1,2022-Q1,Toshkent shahri,Kia,K5,D-Sedan,Benzin,Mahalliy yig‘uv (ADM Jizzax),Yuqori-o‘rta ($25k-$40k),32564,13,423332
2022,Q1,2022-Q1,Toshkent shahri,Kia,Sportage,C-SUV,Benzin,Mahalliy yig‘uv (ADM Jizzax),Yuqori-o‘rta ($25k-$40k),34145,10,341450
2022,Q1,2022-Q1,Toshkent shahri,Geely,Monjaro,Mid-SUV,Benzin (Turbo),Import (Xitoy),Yuqori-o‘rta ($25k-$40k),35166,6,210996
2022,Q1,2022-Q1,Toshkent shahri,Jetour,Dashing,C-SUV,Benzin (Turbo),Import (Xitoy),Yuqori-o‘rta ($25k-$40k),26063,6,156378
2022,Q1,2022-Q1,Toshkent viloyati,Chevrolet,Cobalt,B-Sedan,Benzin,Mahalliy (Asaka),Byudjet (<$15k),11301,189,2135889
2022,Q1,2022-Q1,Toshkent viloyati,Chevrolet,Damas,Mini-Van,Benzin,Mahalliy (Pitnak),Byudjet (<$15k),8689,133,1155637
2022,Q1,2022-Q1,Toshkent viloyati,Chevrolet,Labo,Mini-Truck,Benzin,Mahalliy (Pitnak),Byudjet (<$15k),7990,81,647190
2022,Q1,2022-Q1,Toshkent viloyati,Chevrolet,Lacetti/Gentra,C-Sedan,Benzin,Mahalliy (Asaka),Byudjet (<$15k),13017,127,1653159
2022,Q1,2022-Q1,Toshkent viloyati,Chevrolet,Tracker-2,B-SUV,Benzin (Turbo),Mahalliy (Asaka),O‘rta ($15k-$25k),19919,40,796760
2022,Q1,2022-Q1,Toshkent viloyati,Chevrolet,Onix,B-Sedan,Benzin (Turbo),Mahalliy (Asaka),O‘rta ($15k-$25k),16245,50,812250
2022,Q1,2022-Q1,Toshkent viloyati,Chevrolet,Malibu-2,D-Sedan,Benzin (Turbo),Mahalliy (Asaka),Yuqori-o‘rta ($25k-$40k),34007,7,238049
2022,Q1,2022-Q1,Toshkent viloyati,BYD,Song Plus DM-i,C-SUV,Gibrid (PHEV),Gibrid/Yig‘uv (Jizzax),Yuqori-o‘rta ($25k-$40k),30598,14,428372
2022,Q1,2022-Q1,Toshkent viloyati,BYD,Chazor (Destroyer 05),C-Sedan,Gibrid (PHEV),Gibrid/Yig‘uv (Jizzax),O‘rta ($15k-$25k),22916,11,252076
2022,Q1,2022-Q1,Toshkent viloyati,BYD,Song Plus EV,C-SUV,Elektromobil (EV),Import (Xitoy),Yuqori-o‘rta ($25k-$40k),34463,1,34463
2022,Q1,2022-Q1,Toshkent viloyati,BYD,Han,E-Sedan,Elektromobil (EV),Import (Xitoy),Premium (>$40k),48156,1,48156
2022,Q1,2022-Q1,Toshkent viloyati,Chery,Tiggo 7 Pro,C-SUV,Benzin (Turbo),Mahalliy yig‘uv (ADM Jizzax),Yuqori-o‘rta ($25k-$40k),25314,7,177198
2022,Q1,2022-Q1,Toshkent viloyati,Chery,Arrizo 6 Pro,C-Sedan,Benzin (Turbo),Mahalliy yig‘uv (ADM Jizzax),O‘rta ($15k-$25k),19935,3,59805
2022,Q1,2022-Q1,Toshkent viloyati,Chery,Tiggo 8 Pro,Mid-SUV,Benzin (Turbo),Mahalliy yig‘uv (ADM Jizzax),Yuqori-o‘rta ($25k-$40k),31862,1,31862
2022,Q1,2022-Q1,Toshkent viloyati,Haval,Jolion,B-SUV,Benzin (Turbo),Mahalliy yig‘uv (ADM Jizzax),O‘rta ($15k-$25k),22462,6,134772
2022,Q1,2022-Q1,Toshkent viloyati,Haval,M6,C-SUV,Benzin,Mahalliy yig‘uv (ADM Jizzax),O‘rta ($15k-$25k),18888,7,132216
2022,Q1,2022-Q1,Toshkent viloyati,Haval,H6,C-SUV,Benzin (Turbo),Mahalliy yig‘uv (ADM Jizzax),Yuqori-o‘rta ($25k-$40k),28340,3,85020
2022,Q1,2022-Q1,Toshkent viloyati,Kia,Sonet,B-SUV,Benzin,Mahalliy yig‘uv (ADM Jizzax),O‘rta ($15k-$25k),17327,12,207924
2022,Q1,2022-Q1,Toshkent viloyati,Kia,K5,D-Sedan,Benzin,Mahalliy yig‘uv (ADM Jizzax),Yuqori-o‘rta ($25k-$40k),32332,5,161660
2022,Q1,2022-Q1,Toshkent viloyati,Kia,Sportage,C-SUV,Benzin,Mahalliy yig‘uv (ADM Jizzax),Yuqori-o‘rta ($25k-$40k),33847,4,135388
2022,Q1,2022-Q1,Toshkent viloyati,Geely,Monjaro,Mid-SUV,Benzin (Turbo),Import (Xitoy),Yuqori-o‘rta ($25k-$40k),35092,3,105276
2022,Q1,2022-Q1,Toshkent viloyati,Jetour,Dashing,C-SUV,Benzin (Turbo),Import (Xitoy),Yuqori-o‘rta ($25k-$40k),25898,1,25898
2022,Q1,2022-Q1,Samarqand,Chevrolet,Cobalt,B-Sedan,Benzin,Mahalliy (Asaka),Byudjet (<$15k),11334,184,2085456
2022,Q1,2022-Q1,Samarqand,Chevrolet,Damas,Mini-Van,Benzin,Mahalliy (Pitnak),Byudjet (<$15k),8526,141,1202166
2022,Q1,2022-Q1,Samarqand,Chevrolet,Labo,Mini-Truck,Benzin,Mahalliy (Pitnak),Byudjet (<$15k),8056,74,596144
2022,Q1,2022-Q1,Samarqand,Chevrolet,Lacetti/Gentra,C-Sedan,Benzin,Mahalliy (Asaka),Byudjet (<$15k),12804,160,2048640
2022,Q1,2022-Q1,Samarqand,Chevrolet,Tracker-2,B-SUV,Benzin (Turbo),Mahalliy (Asaka),O‘rta ($15k-$25k),20042,50,1002100
2022,Q1,2022-Q1,Samarqand,Chevrolet,Onix,B-Sedan,Benzin (Turbo),Mahalliy (Asaka),O‘rta ($15k-$25k),16181,51,825231
2022,Q1,2022-Q1,Samarqand,Chevrolet,Malibu-2,D-Sedan,Benzin (Turbo),Mahalliy (Asaka),Yuqori-o‘rta ($25k-$40k),33978,6,203868
2022,Q1,2022-Q1,Samarqand,BYD,Song Plus DM-i,C-SUV,Gibrid (PHEV),Gibrid/Yig‘uv (Jizzax),Yuqori-o‘rta ($25k-$40k),30424,17,517208
2022,Q1,2022-Q1,Samarqand,BYD,Chazor (Destroyer 05),C-Sedan,Gibrid (PHEV),Gibrid/Yig‘uv (Jizzax),O‘rta ($15k-$25k),22795,12,273540
2022,Q1,2022-Q1,Samarqand,BYD,Song Plus EV,C-SUV,Elektromobil (EV),Import (Xitoy),Yuqori-o‘rta ($25k-$40k),34433,2,68866
2022,Q1,2022-Q1,Samarqand,BYD,Han,E-Sedan,Elektromobil (EV),Import (Xitoy),Premium (>$40k),48654,1,48654
2022,Q1,2022-Q1,Samarqand,Chery,Tiggo 7 Pro,C-SUV,Benzin (Turbo),Mahalliy yig‘uv (ADM Jizzax),Yuqori-o‘rta ($25k-$40k),25470,4,101880
2022,Q1,2022-Q1,Samarqand,Chery,Arrizo 6 Pro,C-Sedan,Benzin (Turbo),Mahalliy yig‘uv (ADM Jizzax),O‘rta ($15k-$25k),20083,6,120498
2022,Q1,2022-Q1,Samarqand,Chery,Tiggo 8 Pro,Mid-SUV,Benzin (Turbo),Mahalliy yig‘uv (ADM Jizzax),Yuqori-o‘rta ($25k-$40k),31865,3,95595
2022,Q1,2022-Q1,Samarqand,Haval,Jolion,B-SUV,Benzin (Turbo),Mahalliy yig‘uv (ADM Jizzax),O‘rta ($15k-$25k),22433,3,67299
2022,Q1,2022-Q1,Samarqand,Haval,M6,C-SUV,Benzin,Mahalliy yig‘uv (ADM Jizzax),O‘rta ($15k-$25k),18883,6,113298
2022,Q1,2022-Q1,Samarqand,Haval,H6,C-SUV,Benzin (Turbo),Mahalliy yig‘uv (ADM Jizzax),Yuqori-o‘rta ($25k-$40k),28585,2,57170
2022,Q1,2022-Q1,Samarqand,Kia,Sonet,B-SUV,Benzin,Mahalliy yig‘uv (ADM Jizzax),O‘rta ($15k-$25k),17630,11,193930
2022,Q1,2022-Q1,Samarqand,Kia,K5,D-Sedan,Benzin,Mahalliy yig‘uv (ADM Jizzax),Yuqori-o‘rta ($25k-$40k),32530,4,130120
2022,Q1,2022-Q1,Samarqand,Kia,Sportage,C-SUV,Benzin,Mahalliy yig‘uv (ADM Jizzax),Yuqori-o‘rta ($25k-$40k),33989,3,101967
2022,Q1,2022-Q1,Samarqand,Geely,Monjaro,Mid-SUV,Benzin (Turbo),Import (Xitoy),Yuqori-o‘rta ($25k-$40k),34920,1,34920
2022,Q1,2022-Q1,Samarqand,Jetour,Dashing,C-SUV,Benzin (Turbo),Import (Xitoy),Yuqori-o‘rta ($25k-$40k),25915,2,51830
2022,Q1,2022-Q1,Farg‘ona,Chevrolet,Cobalt,B-Sedan,Benzin,Mahalliy (Asaka),Byudjet (<$15k),11497,130,1494610
2022,Q1,2022-Q1,Farg‘ona,Chevrolet,Damas,Mini-Van,Benzin,Mahalliy (Pitnak),Byudjet (<$15k),8436,245,2066820
2022,Q1,2022-Q1,Farg‘ona,Chevrolet,Labo,Mini-Truck,Benzin,Mahalliy (Pitnak),Byudjet (<$15k),8033,164,1317412
2022,Q1,2022-Q1,Farg‘ona,Chevrolet,Lacetti/Gentra,C-Sedan,Benzin,Mahalliy (Asaka),Byudjet (<$15k),12971,115,1491665
2022,Q1,2022-Q1,Farg‘ona,Chevrolet,Tracker-2,B-SUV,Benzin (Turbo),Mahalliy (Asaka),O‘rta ($15k-$25k),20121,38,764598
2022,Q1,2022-Q1,Farg‘ona,Chevrolet,Onix,B-Sedan,Benzin (Turbo),Mahalliy (Asaka),O‘rta ($15k-$25k),16207,43,696901
2022,Q1,2022-Q1,Farg‘ona,Chevrolet,Malibu-2,D-Sedan,Benzin (Turbo),Mahalliy (Asaka),Yuqori-o‘rta ($25k-$40k),33851,5,169255
2022,Q1,2022-Q1,Farg‘ona,BYD,Song Plus DM-i,C-SUV,Gibrid (PHEV),Gibrid/Yig‘uv (Jizzax),Yuqori-o‘rta ($25k-$40k),30117,12,361404
2022,Q1,2022-Q1,Farg‘ona,BYD,Chazor (Destroyer 05),C-Sedan,Gibrid (PHEV),Gibrid/Yig‘uv (Jizzax),O‘rta ($15k-$25k),22812,8,182496
2022,Q1,2022-Q1,Farg‘ona,BYD,Song Plus EV,C-SUV,Elektromobil (EV),Import (Xitoy),Yuqori-o‘rta ($25k-$40k),34312,1,34312
2022,Q1,2022-Q1,Farg‘ona,BYD,Han,E-Sedan,Elektromobil (EV),Import (Xitoy),Premium (>$40k),48565,1,48565
2022,Q1,2022-Q1,Farg‘ona,Chery,Tiggo 7 Pro,C-SUV,Benzin (Turbo),Mahalliy yig‘uv (ADM Jizzax),Yuqori-o‘rta ($25k-$40k),25642,7,179494
2022,Q1,2022-Q1,Farg‘ona,Chery,Arrizo 6 Pro,C-Sedan,Benzin (Turbo),Mahalliy yig‘uv (ADM Jizzax),O‘rta ($15k-$25k),19925,4,79700
2022,Q1,2022-Q1,Farg‘ona,Chery,Tiggo 8 Pro,Mid-SUV,Benzin (Turbo),Mahalliy yig‘uv (ADM Jizzax),Yuqori-o‘rta ($25k-$40k),31929,1,31929
2022,Q1,2022-Q1,Farg‘ona,Haval,Jolion,B-SUV,Benzin (Turbo),Mahalliy yig‘uv (ADM Jizzax),O‘rta ($15k-$25k),22497,2,44994
2022,Q1,2022-Q1,Farg‘ona,Haval,M6,C-SUV,Benzin,Mahalliy yig‘uv (ADM Jizzax),O‘rta ($15k-$25k),18846,6,113076
2022,Q1,2022-Q1,Farg‘ona,Haval,H6,C-SUV,Benzin (Turbo),Mahalliy yig‘uv (ADM Jizzax),Yuqori-o‘rta ($25k-$40k),28422,3,85266
2022,Q1,2022-Q1,Farg‘ona,Kia,Sonet,B-SUV,Benzin,Mahalliy yig‘uv (ADM Jizzax),O‘rta ($15k-$25k),17554,10,175540
2022,Q1,2022-Q1,Farg‘ona,Kia,K5,D-Sedan,Benzin,Mahalliy yig‘uv (ADM Jizzax),Yuqori-o‘rta ($25k-$40k),32397,4,129588
2022,Q1,2022-Q1,Farg‘ona,Kia,Sportage,C-SUV,Benzin,Mahalliy yig‘uv (ADM Jizzax),Yuqori-o‘rta ($25k-$40k),33997,4,135988
2022,Q1,2022-Q1,Farg‘ona,Geely,Monjaro,Mid-SUV,Benzin (Turbo),Import (Xitoy),Yuqori-o‘rta ($25k-$40k),34943,3,104829
2022,Q1,2022-Q1,Farg‘ona,Jetour,Dashing,C-SUV,Benzin (Turbo),Import (Xitoy),Yuqori-o‘rta ($25k-$40k),25896,1,25896
2022,Q1,2022-Q1,Andijon,Chevrolet,Cobalt,B-Sedan,Benzin,Mahalliy (Asaka),Byudjet (<$15k),11648,129,1502592
2022,Q1,2022-Q1,Andijon,Chevrolet,Damas,Mini-Van,Benzin,Mahalliy (Pitnak),Byudjet (<$15k),8558,214,1831412
2022,Q1,2022-Q1,Andijon,Chevrolet,Labo,Mini-Truck,Benzin,Mahalliy (Pitnak),Byudjet (<$15k),8145,144,1172880
2022,Q1,2022-Q1,Andijon,Chevrolet,Lacetti/Gentra,C-Sedan,Benzin,Mahalliy (Asaka),Byudjet (<$15k),12946,111,1437006
2022,Q1,2022-Q1,Andijon,Chevrolet,Tracker-2,B-SUV,Benzin (Turbo),Mahalliy (Asaka),O‘rta ($15k-$25k),20138,33,664554
2022,Q1,2022-Q1,Andijon,Chevrolet,Onix,B-Sedan,Benzin (Turbo),Mahalliy (Asaka),O‘rta ($15k-$25k),16525,39,644475
2022,Q1,2022-Q1,Andijon,Chevrolet,Malibu-2,D-Sedan,Benzin (Turbo),Mahalliy (Asaka),Yuqori-o‘rta ($25k-$40k),33950,4,135800
2022,Q1,2022-Q1,Andijon,BYD,Song Plus DM-i,C-SUV,Gibrid (PHEV),Gibrid/Yig‘uv (Jizzax),Yuqori-o‘rta ($25k-$40k),30264,10,302640
2022,Q1,2022-Q1,Andijon,BYD,Chazor (Destroyer 05),C-Sedan,Gibrid (PHEV),Gibrid/Yig‘uv (Jizzax),O‘rta ($15k-$25k),23463,7,164241
2022,Q1,2022-Q1,Andijon,BYD,Song Plus EV,C-SUV,Elektromobil (EV),Import (Xitoy),Yuqori-o‘rta ($25k-$40k),33843,1,33843
2022,Q1,2022-Q1,Andijon,BYD,Han,E-Sedan,Elektromobil (EV),Import (Xitoy),Premium (>$40k),48571,1,48571
2022,Q1,2022-Q1,Andijon,Chery,Tiggo 7 Pro,C-SUV,Benzin (Turbo),Mahalliy yig‘uv (ADM Jizzax),Yuqori-o‘rta ($25k-$40k),25668,6,154008
2022,Q1,2022-Q1,Andijon,Chery,Arrizo 6 Pro,C-Sedan,Benzin (Turbo),Mahalliy yig‘uv (ADM Jizzax),O‘rta ($15k-$25k),19939,3,59817
2022,Q1,2022-Q1,Andijon,Chery,Tiggo 8 Pro,Mid-SUV,Benzin (Turbo),Mahalliy yig‘uv (ADM Jizzax),Yuqori-o‘rta ($25k-$40k),31836,1,31836
2022,Q1,2022-Q1,Andijon,Haval,Jolion,B-SUV,Benzin (Turbo),Mahalliy yig‘uv (ADM Jizzax),O‘rta ($15k-$25k),22532,4,90128
2022,Q1,2022-Q1,Andijon,Haval,M6,C-SUV,Benzin,Mahalliy yig‘uv (ADM Jizzax),O‘rta ($15k-$25k),18698,4,74792
2022,Q1,2022-Q1,Andijon,Haval,H6,C-SUV,Benzin (Turbo),Mahalliy yig‘uv (ADM Jizzax),Yuqori-o‘rta ($25k-$40k),28451,3,85353
2022,Q1,2022-Q1,Andijon,Kia,Sonet,B-SUV,Benzin,Mahalliy yig‘uv (ADM Jizzax),O‘rta ($15k-$25k),17353,9,156177
2022,Q1,2022-Q1,Andijon,Kia,K5,D-Sedan,Benzin,Mahalliy yig‘uv (ADM Jizzax),Yuqori-o‘rta ($25k-$40k),32374,4,129496
2022,Q1,2022-Q1,Andijon,Kia,Sportage,C-SUV,Benzin,Mahalliy yig‘uv (ADM Jizzax),Yuqori-o‘rta ($25k-$40k),33912,4,135648
2022,Q1,2022-Q1,Andijon,Geely,Monjaro,Mid-SUV,Benzin (Turbo),Import (Xitoy),Yuqori-o‘rta ($25k-$40k),35148,2,70296
2022,Q1,2022-Q1,Andijon,Jetour,Dashing,C-SUV,Benzin (Turbo),Import (Xitoy),Yuqori-o‘rta ($25k-$40k),26183,1,26183
2022,Q1,2022-Q1,Namangan,Chevrolet,Cobalt,B-Sedan,Benzin,Mahalliy (Asaka),Byudjet (<$15k),11462,112,1283744
2022,Q1,2022-Q1,Namangan,Chevrolet,Damas,Mini-Van,Benzin,Mahalliy (Pitnak),Byudjet (<$15k),8507,175,1488725
2022,Q1,2022-Q1,Namangan,Chevrolet,Labo,Mini-Truck,Benzin,Mahalliy (Pitnak),Byudjet (<$15k),8103,110,891330
2022,Q1,2022-Q1,Namangan,Chevrolet,Lacetti/Gentra,C-Sedan,Benzin,Mahalliy (Asaka),Byudjet (<$15k),13183,88,1160104
2022,Q1,2022-Q1,Namangan,Chevrolet,Tracker-2,B-SUV,Benzin (Turbo),Mahalliy (Asaka),O‘rta ($15k-$25k),19682,33,649506
2022,Q1,2022-Q1,Namangan,Chevrolet,Onix,B-Sedan,Benzin (Turbo),Mahalliy (Asaka),O‘rta ($15k-$25k),16434,37,608058
2022,Q1,2022-Q1,Namangan,Chevrolet,Malibu-2,D-Sedan,Benzin (Turbo),Mahalliy (Asaka),Yuqori-o‘rta ($25k-$40k),33821,7,236747
2022,Q1,2022-Q1,Namangan,BYD,Song Plus DM-i,C-SUV,Gibrid (PHEV),Gibrid/Yig‘uv (Jizzax),Yuqori-o‘rta ($25k-$40k),30599,9,275391
2022,Q1,2022-Q1,Namangan,BYD,Chazor (Destroyer 05),C-Sedan,Gibrid (PHEV),Gibrid/Yig‘uv (Jizzax),O‘rta ($15k-$25k),23262,7,162834
2022,Q1,2022-Q1,Namangan,BYD,Song Plus EV,C-SUV,Elektromobil (EV),Import (Xitoy),Yuqori-o‘rta ($25k-$40k),34137,1,34137
2022,Q1,2022-Q1,Namangan,BYD,Han,E-Sedan,Elektromobil (EV),Import (Xitoy),Premium (>$40k),48276,1,48276
2022,Q1,2022-Q1,Namangan,Chery,Tiggo 7 Pro,C-SUV,Benzin (Turbo),Mahalliy yig‘uv (ADM Jizzax),Yuqori-o‘rta ($25k-$40k),25585,5,127925
2022,Q1,2022-Q1,Namangan,Chery,Arrizo 6 Pro,C-Sedan,Benzin (Turbo),Mahalliy yig‘uv (ADM Jizzax),O‘rta ($15k-$25k),20116,4,80464
2022,Q1,2022-Q1,Namangan,Chery,Tiggo 8 Pro,Mid-SUV,Benzin (Turbo),Mahalliy yig‘uv (ADM Jizzax),Yuqori-o‘rta ($25k-$40k),32103,2,64206
2022,Q1,2022-Q1,Namangan,Haval,Jolion,B-SUV,Benzin (Turbo),Mahalliy yig‘uv (ADM Jizzax),O‘rta ($15k-$25k),22519,2,45038
2022,Q1,2022-Q1,Namangan,Haval,M6,C-SUV,Benzin,Mahalliy yig‘uv (ADM Jizzax),O‘rta ($15k-$25k),18757,4,75028
2022,Q1,2022-Q1,Namangan,Haval,H6,C-SUV,Benzin (Turbo),Mahalliy yig‘uv (ADM Jizzax),Yuqori-o‘rta ($25k-$40k),28480,1,28480
2022,Q1,2022-Q1,Namangan,Kia,Sonet,B-SUV,Benzin,Mahalliy yig‘uv (ADM Jizzax),O‘rta ($15k-$25k),17394,8,139152
2022,Q1,2022-Q1,Namangan,Kia,K5,D-Sedan,Benzin,Mahalliy yig‘uv (ADM Jizzax),Yuqori-o‘rta ($25k-$40k),32460,2,64920
2022,Q1,2022-Q1,Namangan,Kia,Sportage,C-SUV,Benzin,Mahalliy yig‘uv (ADM Jizzax),Yuqori-o‘rta ($25k-$40k),34055,1,34055
2022,Q1,2022-Q1,Namangan,Geely,Monjaro,Mid-SUV,Benzin (Turbo),Import (Xitoy),Yuqori-o‘rta ($25k-$40k),35022,1,35022
2022,Q1,2022-Q1,Namangan,Jetour,Dashing,C-SUV,Benzin (Turbo),Import (Xitoy),Yuqori-o‘rta ($25k-$40k),25853,1,25853
2022,Q1,2022-Q1,Buxoro,Chevrolet,Cobalt,B-Sedan,Benzin,Mahalliy (Asaka),Byudjet (<$15k),11579,132,1528428
2022,Q1,2022-Q1,Buxoro,Chevrolet,Damas,Mini-Van,Benzin,Mahalliy (Pitnak),Byudjet (<$15k),8413,92,773996
2022,Q1,2022-Q1,Buxoro,Chevrolet,Labo,Mini-Truck,Benzin,Mahalliy (Pitnak),Byudjet (<$15k),8185,43,351955
2022,Q1,2022-Q1,Buxoro,Chevrolet,Lacetti/Gentra,C-Sedan,Benzin,Mahalliy (Asaka),Byudjet (<$15k),13072,92,1202624
2022,Q1,2022-Q1,Buxoro,Chevrolet,Tracker-2,B-SUV,Benzin (Turbo),Mahalliy (Asaka),O‘rta ($15k-$25k),20187,27,545049
2022,Q1,2022-Q1,Buxoro,Chevrolet,Onix,B-Sedan,Benzin (Turbo),Mahalliy (Asaka),O‘rta ($15k-$25k),16382,34,556988
2022,Q1,2022-Q1,Buxoro,Chevrolet,Malibu-2,D-Sedan,Benzin (Turbo),Mahalliy (Asaka),Yuqori-o‘rta ($25k-$40k),34112,4,136448
2022,Q1,2022-Q1,Buxoro,BYD,Song Plus DM-i,C-SUV,Gibrid (PHEV),Gibrid/Yig‘uv (Jizzax),Yuqori-o‘rta ($25k-$40k),29885,11,328735
2022,Q1,2022-Q1,Buxoro,BYD,Chazor (Destroyer 05),C-Sedan,Gibrid (PHEV),Gibrid/Yig‘uv (Jizzax),O‘rta ($15k-$25k),23211,8,185688
2022,Q1,2022-Q1,Buxoro,BYD,Song Plus EV,C-SUV,Elektromobil (EV),Import (Xitoy),Yuqori-o‘rta ($25k-$40k),34099,2,68198
2022,Q1,2022-Q1,Buxoro,BYD,Han,E-Sedan,Elektromobil (EV),Import (Xitoy),Premium (>$40k),48799,1,48799
2022,Q1,2022-Q1,Buxoro,Chery,Tiggo 7 Pro,C-SUV,Benzin (Turbo),Mahalliy yig‘uv (ADM Jizzax),Yuqori-o‘rta ($25k-$40k),25514,3,76542
2022,Q1,2022-Q1,Buxoro,Chery,Arrizo 6 Pro,C-Sedan,Benzin (Turbo),Mahalliy yig‘uv (ADM Jizzax),O‘rta ($15k-$25k),19985,1,19985
2022,Q1,2022-Q1,Buxoro,Chery,Tiggo 8 Pro,Mid-SUV,Benzin (Turbo),Mahalliy yig‘uv (ADM Jizzax),Yuqori-o‘rta ($25k-$40k),31862,2,63724
2022,Q1,2022-Q1,Buxoro,Haval,Jolion,B-SUV,Benzin (Turbo),Mahalliy yig‘uv (ADM Jizzax),O‘rta ($15k-$25k),22469,2,44938
2022,Q1,2022-Q1,Buxoro,Haval,M6,C-SUV,Benzin,Mahalliy yig‘uv (ADM Jizzax),O‘rta ($15k-$25k),18925,3,56775
2022,Q1,2022-Q1,Buxoro,Haval,H6,C-SUV,Benzin (Turbo),Mahalliy yig‘uv (ADM Jizzax),Yuqori-o‘rta ($25k-$40k),28400,2,56800
2022,Q1,2022-Q1,Buxoro,Kia,Sonet,B-SUV,Benzin,Mahalliy yig‘uv (ADM Jizzax),O‘rta ($15k-$25k),17563,4,70252
2022,Q1,2022-Q1,Buxoro,Kia,K5,D-Sedan,Benzin,Mahalliy yig‘uv (ADM Jizzax),Yuqori-o‘rta ($25k-$40k),32304,2,64608
2022,Q1,2022-Q1,Buxoro,Kia,Sportage,C-SUV,Benzin,Mahalliy yig‘uv (ADM Jizzax),Yuqori-o‘rta ($25k-$40k),33902,2,67804
2022,Q1,2022-Q1,Buxoro,Geely,Monjaro,Mid-SUV,Benzin (Turbo),Import (Xitoy),Yuqori-o‘rta ($25k-$40k),35110,3,105330
2022,Q1,2022-Q1,Buxoro,Jetour,Dashing,C-SUV,Benzin (Turbo),Import (Xitoy),Yuqori-o‘rta ($25k-$40k),26107,3,78321
2022,Q1,2022-Q1,Qashqadaryo,Chevrolet,Cobalt,B-Sedan,Benzin,Mahalliy (Asaka),Byudjet (<$15k),11357,72,817704
2022,Q1,2022-Q1,Qashqadaryo,Chevrolet,Damas,Mini-Van,Benzin,Mahalliy (Pitnak),Byudjet (<$15k),8645,56,484120
2022,Q1,2022-Q1,Qashqadaryo,Chevrolet,Labo,Mini-Truck,Benzin,Mahalliy (Pitnak),Byudjet (<$15k),7928,37,293336
2022,Q1,2022-Q1,Qashqadaryo,Chevrolet,Lacetti/Gentra,C-Sedan,Benzin,Mahalliy (Asaka),Byudjet (<$15k),12857,69,887133
2022,Q1,2022-Q1,Qashqadaryo,Chevrolet,Tracker-2,B-SUV,Benzin (Turbo),Mahalliy (Asaka),O‘rta ($15k-$25k),19745,22,434390
2022,Q1,2022-Q1,Qashqadaryo,Chevrolet,Onix,B-Sedan,Benzin (Turbo),Mahalliy (Asaka),O‘rta ($15k-$25k),16092,26,418392
2022,Q1,2022-Q1,Qashqadaryo,Chevrolet,Malibu-2,D-Sedan,Benzin (Turbo),Mahalliy (Asaka),Yuqori-o‘rta ($25k-$40k),34172,4,136688
2022,Q1,2022-Q1,Qashqadaryo,BYD,Song Plus DM-i,C-SUV,Gibrid (PHEV),Gibrid/Yig‘uv (Jizzax),Yuqori-o‘rta ($25k-$40k),30121,8,240968
2022,Q1,2022-Q1,Qashqadaryo,BYD,Chazor (Destroyer 05),C-Sedan,Gibrid (PHEV),Gibrid/Yig‘uv (Jizzax),O‘rta ($15k-$25k),23280,7,162960
2022,Q1,2022-Q1,Qashqadaryo,BYD,Song Plus EV,C-SUV,Elektromobil (EV),Import (Xitoy),Yuqori-o‘rta ($25k-$40k),34489,1,34489
2022,Q1,2022-Q1,Qashqadaryo,BYD,Han,E-Sedan,Elektromobil (EV),Import (Xitoy),Premium (>$40k),48085,1,48085
2022,Q1,2022-Q1,Qashqadaryo,Chery,Tiggo 7 Pro,C-SUV,Benzin (Turbo),Mahalliy yig‘uv (ADM Jizzax),Yuqori-o‘rta ($25k-$40k),25484,3,76452
2022,Q1,2022-Q1,Qashqadaryo,Chery,Arrizo 6 Pro,C-Sedan,Benzin (Turbo),Mahalliy yig‘uv (ADM Jizzax),O‘rta ($15k-$25k),19846,1,19846
2022,Q1,2022-Q1,Qashqadaryo,Chery,Tiggo 8 Pro,Mid-SUV,Benzin (Turbo),Mahalliy yig‘uv (ADM Jizzax),Yuqori-o‘rta ($25k-$40k),31893,1,31893
2022,Q1,2022-Q1,Qashqadaryo,Haval,Jolion,B-SUV,Benzin (Turbo),Mahalliy yig‘uv (ADM Jizzax),O‘rta ($15k-$25k),22503,3,67509
2022,Q1,2022-Q1,Qashqadaryo,Haval,M6,C-SUV,Benzin,Mahalliy yig‘uv (ADM Jizzax),O‘rta ($15k-$25k),18999,3,56997
2022,Q1,2022-Q1,Qashqadaryo,Haval,H6,C-SUV,Benzin (Turbo),Mahalliy yig‘uv (ADM Jizzax),Yuqori-o‘rta ($25k-$40k),28338,1,28338
2022,Q1,2022-Q1,Qashqadaryo,Kia,Sonet,B-SUV,Benzin,Mahalliy yig‘uv (ADM Jizzax),O‘rta ($15k-$25k),17399,4,69596
2022,Q1,2022-Q1,Qashqadaryo,Kia,K5,D-Sedan,Benzin,Mahalliy yig‘uv (ADM Jizzax),Yuqori-o‘rta ($25k-$40k),32322,2,64644
2022,Q1,2022-Q1,Qashqadaryo,Kia,Sportage,C-SUV,Benzin,Mahalliy yig‘uv (ADM Jizzax),Yuqori-o‘rta ($25k-$40k),34049,1,34049
2022,Q1,2022-Q1,Qashqadaryo,Geely,Monjaro,Mid-SUV,Benzin (Turbo),Import (Xitoy),Yuqori-o‘rta ($25k-$40k),35089,2,70178
2022,Q1,2022-Q1,Qashqadaryo,Jetour,Dashing,C-SUV,Benzin (Turbo),Import (Xitoy),Yuqori-o‘rta ($25k-$40k),25979,2,51958
2022,Q1,2022-Q1,Xorazm,Chevrolet,Cobalt,B-Sedan,Benzin,Mahalliy (Asaka),Byudjet (<$15k),11395,72,820440
2022,Q1,2022-Q1,Xorazm,Chevrolet,Damas,Mini-Van,Benzin,Mahalliy (Pitnak),Byudjet (<$15k),8556,105,898380
2022,Q1,2022-Q1,Xorazm,Chevrolet,Labo,Mini-Truck,Benzin,Mahalliy (Pitnak),Byudjet (<$15k),7815,73,570495
2022,Q1,2022-Q1,Xorazm,Chevrolet,Lacetti/Gentra,C-Sedan,Benzin,Mahalliy (Asaka),Byudjet (<$15k),13079,53,693187
2022,Q1,2022-Q1,Xorazm,Chevrolet,Tracker-2,B-SUV,Benzin (Turbo),Mahalliy (Asaka),O‘rta ($15k-$25k),20029,18,360522
2022,Q1,2022-Q1,Xorazm,Chevrolet,Onix,B-Sedan,Benzin (Turbo),Mahalliy (Asaka),O‘rta ($15k-$25k),16519,21,346899
2022,Q1,2022-Q1,Xorazm,Chevrolet,Malibu-2,D-Sedan,Benzin (Turbo),Mahalliy (Asaka),Yuqori-o‘rta ($25k-$40k),33900,4,135600
2022,Q1,2022-Q1,Xorazm,BYD,Song Plus DM-i,C-SUV,Gibrid (PHEV),Gibrid/Yig‘uv (Jizzax),Yuqori-o‘rta ($25k-$40k),30117,3,90351
2022,Q1,2022-Q1,Xorazm,BYD,Chazor (Destroyer 05),C-Sedan,Gibrid (PHEV),Gibrid/Yig‘uv (Jizzax),O‘rta ($15k-$25k),22742,4,90968
2022,Q1,2022-Q1,Xorazm,BYD,Song Plus EV,C-SUV,Elektromobil (EV),Import (Xitoy),Yuqori-o‘rta ($25k-$40k),34255,1,34255
2022,Q1,2022-Q1,Xorazm,BYD,Han,E-Sedan,Elektromobil (EV),Import (Xitoy),Premium (>$40k),48301,1,48301
2022,Q1,2022-Q1,Xorazm,Chery,Tiggo 7 Pro,C-SUV,Benzin (Turbo),Mahalliy yig‘uv (ADM Jizzax),Yuqori-o‘rta ($25k-$40k),25685,1,25685
2022,Q1,2022-Q1,Xorazm,Chery,Arrizo 6 Pro,C-Sedan,Benzin (Turbo),Mahalliy yig‘uv (ADM Jizzax),O‘rta ($15k-$25k),20014,2,40028
2022,Q1,2022-Q1,Xorazm,Chery,Tiggo 8 Pro,Mid-SUV,Benzin (Turbo),Mahalliy yig‘uv (ADM Jizzax),Yuqori-o‘rta ($25k-$40k),32136,1,32136
2022,Q1,2022-Q1,Xorazm,Haval,Jolion,B-SUV,Benzin (Turbo),Mahalliy yig‘uv (ADM Jizzax),O‘rta ($15k-$25k),22389,1,22389
2022,Q1,2022-Q1,Xorazm,Haval,M6,C-SUV,Benzin,Mahalliy yig‘uv (ADM Jizzax),O‘rta ($15k-$25k),18714,3,56142
2022,Q1,2022-Q1,Xorazm,Haval,H6,C-SUV,Benzin (Turbo),Mahalliy yig‘uv (ADM Jizzax),Yuqori-o‘rta ($25k-$40k),28413,1,28413
2022,Q1,2022-Q1,Xorazm,Kia,Sonet,B-SUV,Benzin,Mahalliy yig‘uv (ADM Jizzax),O‘rta ($15k-$25k),17374,3,52122
2022,Q1,2022-Q1,Xorazm,Kia,K5,D-Sedan,Benzin,Mahalliy yig‘uv (ADM Jizzax),Yuqori-o‘rta ($25k-$40k),32576,2,65152
2022,Q1,2022-Q1,Xorazm,Kia,Sportage,C-SUV,Benzin,Mahalliy yig‘uv (ADM Jizzax),Yuqori-o‘rta ($25k-$40k),34048,2,68096
2022,Q1,2022-Q1,Xorazm,Geely,Monjaro,Mid-SUV,Benzin (Turbo),Import (Xitoy),Yuqori-o‘rta ($25k-$40k),34991,1,34991
2022,Q1,2022-Q1,Xorazm,Jetour,Dashing,C-SUV,Benzin (Turbo),Import (Xitoy),Yuqori-o‘rta ($25k-$40k),26026,2,52052
2022,Q1,2022-Q1,Surxondaryo,Chevrolet,Cobalt,B-Sedan,Benzin,Mahalliy (Asaka),Byudjet (<$15k),11395,64,729280
2022,Q1,2022-Q1,Surxondaryo,Chevrolet,Damas,Mini-Van,Benzin,Mahalliy (Pitnak),Byudjet (<$15k),8451,54,456354
2022,Q1,2022-Q1,Surxondaryo,Chevrolet,Labo,Mini-Truck,Benzin,Mahalliy (Pitnak),Byudjet (<$15k),8067,29,233943
2022,Q1,2022-Q1,Surxondaryo,Chevrolet,Lacetti/Gentra,C-Sedan,Benzin,Mahalliy (Asaka),Byudjet (<$15k),13168,56,737408
2022,Q1,2022-Q1,Surxondaryo,Chevrolet,Tracker-2,B-SUV,Benzin (Turbo),Mahalliy (Asaka),O‘rta ($15k-$25k),19922,19,378518
2022,Q1,2022-Q1,Surxondaryo,Chevrolet,Onix,B-Sedan,Benzin (Turbo),Mahalliy (Asaka),O‘rta ($15k-$25k),16036,21,336756
2022,Q1,2022-Q1,Surxondaryo,Chevrolet,Malibu-2,D-Sedan,Benzin (Turbo),Mahalliy (Asaka),Yuqori-o‘rta ($25k-$40k),34196,1,34196
2022,Q1,2022-Q1,Surxondaryo,BYD,Song Plus DM-i,C-SUV,Gibrid (PHEV),Gibrid/Yig‘uv (Jizzax),Yuqori-o‘rta ($25k-$40k),30548,5,152740
2022,Q1,2022-Q1,Surxondaryo,BYD,Chazor (Destroyer 05),C-Sedan,Gibrid (PHEV),Gibrid/Yig‘uv (Jizzax),O‘rta ($15k-$25k),23434,4,93736
2022,Q1,2022-Q1,Surxondaryo,BYD,Song Plus EV,C-SUV,Elektromobil (EV),Import (Xitoy),Yuqori-o‘rta ($25k-$40k),34083,1,34083
2022,Q1,2022-Q1,Surxondaryo,BYD,Han,E-Sedan,Elektromobil (EV),Import (Xitoy),Premium (>$40k),48143,1,48143
2022,Q1,2022-Q1,Surxondaryo,Chery,Tiggo 7 Pro,C-SUV,Benzin (Turbo),Mahalliy yig‘uv (ADM Jizzax),Yuqori-o‘rta ($25k-$40k),25672,1,25672
2022,Q1,2022-Q1,Surxondaryo,Chery,Arrizo 6 Pro,C-Sedan,Benzin (Turbo),Mahalliy yig‘uv (ADM Jizzax),O‘rta ($15k-$25k),20178,2,40356
2022,Q1,2022-Q1,Surxondaryo,Chery,Tiggo 8 Pro,Mid-SUV,Benzin (Turbo),Mahalliy yig‘uv (ADM Jizzax),Yuqori-o‘rta ($25k-$40k),31852,1,31852
2022,Q1,2022-Q1,Surxondaryo,Haval,Jolion,B-SUV,Benzin (Turbo),Mahalliy yig‘uv (ADM Jizzax),O‘rta ($15k-$25k),22408,2,44816
2022,Q1,2022-Q1,Surxondaryo,Haval,M6,C-SUV,Benzin,Mahalliy yig‘uv (ADM Jizzax),O‘rta ($15k-$25k),18780,2,37560
2022,Q1,2022-Q1,Surxondaryo,Haval,H6,C-SUV,Benzin (Turbo),Mahalliy yig‘uv (ADM Jizzax),Yuqori-o‘rta ($25k-$40k),28522,1,28522
2022,Q1,2022-Q1,Surxondaryo,Kia,Sonet,B-SUV,Benzin,Mahalliy yig‘uv (ADM Jizzax),O‘rta ($15k-$25k),17421,4,69684
2022,Q1,2022-Q1,Surxondaryo,Kia,K5,D-Sedan,Benzin,Mahalliy yig‘uv (ADM Jizzax),Yuqori-o‘rta ($25k-$40k),32534,2,65068
2022,Q1,2022-Q1,Surxondaryo,Kia,Sportage,C-SUV,Benzin,Mahalliy yig‘uv (ADM Jizzax),Yuqori-o‘rta ($25k-$40k),34130,1,34130
2022,Q1,2022-Q1,Surxondaryo,Geely,Monjaro,Mid-SUV,Benzin (Turbo),Import (Xitoy),Yuqori-o‘rta ($25k-$40k),35052,1,35052
2022,Q1,2022-Q1,Surxondaryo,Jetour,Dashing,C-SUV,Benzin (Turbo),Import (Xitoy),Yuqori-o‘rta ($25k-$40k),26029,2,52058
2022,Q1,2022-Q1,Navoiy,Chevrolet,Cobalt,B-Sedan,Benzin,Mahalliy (Asaka),Byudjet (<$15k),11469,49,561981
2022,Q1,2022-Q1,Navoiy,Chevrolet,Damas,Mini-Van,Benzin,Mahalliy (Pitnak),Byudjet (<$15k),8692,38,330296
2022,Q1,2022-Q1,Navoiy,Chevrolet,Labo,Mini-Truck,Benzin,Mahalliy (Pitnak),Byudjet (<$15k),7804,22,171688
2022,Q1,2022-Q1,Navoiy,Chevrolet,Lacetti/Gentra,C-Sedan,Benzin,Mahalliy (Asaka),Byudjet (<$15k),12828,41,525948
2022,Q1,2022-Q1,Navoiy,Chevrolet,Tracker-2,B-SUV,Benzin (Turbo),Mahalliy (Asaka),O‘rta ($15k-$25k),20149,11,221639
2022,Q1,2022-Q1,Navoiy,Chevrolet,Onix,B-Sedan,Benzin (Turbo),Mahalliy (Asaka),O‘rta ($15k-$25k),16485,13,214305
2022,Q1,2022-Q1,Navoiy,Chevrolet,Malibu-2,D-Sedan,Benzin (Turbo),Mahalliy (Asaka),Yuqori-o‘rta ($25k-$40k),34091,2,68182
2022,Q1,2022-Q1,Navoiy,BYD,Song Plus DM-i,C-SUV,Gibrid (PHEV),Gibrid/Yig‘uv (Jizzax),Yuqori-o‘rta ($25k-$40k),29919,4,119676
2022,Q1,2022-Q1,Navoiy,BYD,Chazor (Destroyer 05),C-Sedan,Gibrid (PHEV),Gibrid/Yig‘uv (Jizzax),O‘rta ($15k-$25k),22881,2,45762
2022,Q1,2022-Q1,Navoiy,BYD,Song Plus EV,C-SUV,Elektromobil (EV),Import (Xitoy),Yuqori-o‘rta ($25k-$40k),33866,2,67732
2022,Q1,2022-Q1,Navoiy,BYD,Han,E-Sedan,Elektromobil (EV),Import (Xitoy),Premium (>$40k),48038,1,48038
2022,Q1,2022-Q1,Navoiy,Chery,Tiggo 7 Pro,C-SUV,Benzin (Turbo),Mahalliy yig‘uv (ADM Jizzax),Yuqori-o‘rta ($25k-$40k),25425,1,25425
2022,Q1,2022-Q1,Navoiy,Chery,Arrizo 6 Pro,C-Sedan,Benzin (Turbo),Mahalliy yig‘uv (ADM Jizzax),O‘rta ($15k-$25k),20019,1,20019
2022,Q1,2022-Q1,Navoiy,Chery,Tiggo 8 Pro,Mid-SUV,Benzin (Turbo),Mahalliy yig‘uv (ADM Jizzax),Yuqori-o‘rta ($25k-$40k),31925,1,31925
2022,Q1,2022-Q1,Navoiy,Haval,Jolion,B-SUV,Benzin (Turbo),Mahalliy yig‘uv (ADM Jizzax),O‘rta ($15k-$25k),22300,1,22300
2022,Q1,2022-Q1,Navoiy,Haval,M6,C-SUV,Benzin,Mahalliy yig‘uv (ADM Jizzax),O‘rta ($15k-$25k),18986,1,18986
2022,Q1,2022-Q1,Navoiy,Haval,H6,C-SUV,Benzin (Turbo),Mahalliy yig‘uv (ADM Jizzax),Yuqori-o‘rta ($25k-$40k),28490,1,28490
2022,Q1,2022-Q1,Navoiy,Kia,Sonet,B-SUV,Benzin,Mahalliy yig‘uv (ADM Jizzax),O‘rta ($15k-$25k),17668,3,53004
2022,Q1,2022-Q1,Navoiy,Kia,K5,D-Sedan,Benzin,Mahalliy yig‘uv (ADM Jizzax),Yuqori-o‘rta ($25k-$40k),32416,1,32416
2022,Q1,2022-Q1,Navoiy,Kia,Sportage,C-SUV,Benzin,Mahalliy yig‘uv (ADM Jizzax),Yuqori-o‘rta ($25k-$40k),33933,1,33933
2022,Q1,2022-Q1,Navoiy,Geely,Monjaro,Mid-SUV,Benzin (Turbo),Import (Xitoy),Yuqori-o‘rta ($25k-$40k),34879,1,34879
2022,Q1,2022-Q1,Navoiy,Jetour,Dashing,C-SUV,Benzin (Turbo),Import (Xitoy),Yuqori-o‘rta ($25k-$40k),26173,1,26173
2022,Q1,2022-Q1,Jizzax,Chevrolet,Cobalt,B-Sedan,Benzin,Mahalliy (Asaka),Byudjet (<$15k),11346,34,385764
2022,Q1,2022-Q1,Jizzax,Chevrolet,Damas,Mini-Van,Benzin,Mahalliy (Pitnak),Byudjet (<$15k),8532,24,204768
2022,Q1,2022-Q1,Jizzax,Chevrolet,Labo,Mini-Truck,Benzin,Mahalliy (Pitnak),Byudjet (<$15k),7800,13,101400
2022,Q1,2022-Q1,Jizzax,Chevrolet,Lacetti/Gentra,C-Sedan,Benzin,Mahalliy (Asaka),Byudjet (<$15k),13172,23,302956
2022,Q1,2022-Q1,Jizzax,Chevrolet,Tracker-2,B-SUV,Benzin (Turbo),Mahalliy (Asaka),O‘rta ($15k-$25k),20120,8,160960
2022,Q1,2022-Q1,Jizzax,Chevrolet,Onix,B-Sedan,Benzin (Turbo),Mahalliy (Asaka),O‘rta ($15k-$25k),15986,11,175846
2022,Q1,2022-Q1,Jizzax,Chevrolet,Malibu-2,D-Sedan,Benzin (Turbo),Mahalliy (Asaka),Yuqori-o‘rta ($25k-$40k),34172,1,34172
2022,Q1,2022-Q1,Jizzax,BYD,Song Plus DM-i,C-SUV,Gibrid (PHEV),Gibrid/Yig‘uv (Jizzax),Yuqori-o‘rta ($25k-$40k),29857,2,59714
2022,Q1,2022-Q1,Jizzax,BYD,Chazor (Destroyer 05),C-Sedan,Gibrid (PHEV),Gibrid/Yig‘uv (Jizzax),O‘rta ($15k-$25k),23347,2,46694
2022,Q1,2022-Q1,Jizzax,BYD,Song Plus EV,C-SUV,Elektromobil (EV),Import (Xitoy),Yuqori-o‘rta ($25k-$40k),34397,1,34397
2022,Q1,2022-Q1,Jizzax,BYD,Han,E-Sedan,Elektromobil (EV),Import (Xitoy),Premium (>$40k),48040,1,48040
2022,Q1,2022-Q1,Jizzax,Chery,Tiggo 7 Pro,C-SUV,Benzin (Turbo),Mahalliy yig‘uv (ADM Jizzax),Yuqori-o‘rta ($25k-$40k),25527,1,25527
2022,Q1,2022-Q1,Jizzax,Chery,Arrizo 6 Pro,C-Sedan,Benzin (Turbo),Mahalliy yig‘uv (ADM Jizzax),O‘rta ($15k-$25k),20011,1,20011
2022,Q1,2022-Q1,Jizzax,Chery,Tiggo 8 Pro,Mid-SUV,Benzin (Turbo),Mahalliy yig‘uv (ADM Jizzax),Yuqori-o‘rta ($25k-$40k),32019,1,32019
2022,Q1,2022-Q1,Jizzax,Haval,Jolion,B-SUV,Benzin (Turbo),Mahalliy yig‘uv (ADM Jizzax),O‘rta ($15k-$25k),22334,1,22334
2022,Q1,2022-Q1,Jizzax,Haval,M6,C-SUV,Benzin,Mahalliy yig‘uv (ADM Jizzax),O‘rta ($15k-$25k),18852,1,18852
2022,Q1,2022-Q1,Jizzax,Haval,H6,C-SUV,Benzin (Turbo),Mahalliy yig‘uv (ADM Jizzax),Yuqori-o‘rta ($25k-$40k),28496,1,28496
2022,Q1,2022-Q1,Jizzax,Kia,Sonet,B-SUV,Benzin,Mahalliy yig‘uv (ADM Jizzax),O‘rta ($15k-$25k),17602,2,35204
2022,Q1,2022-Q1,Jizzax,Kia,K5,D-Sedan,Benzin,Mahalliy yig‘uv (ADM Jizzax),Yuqori-o‘rta ($25k-$40k),32304,1,32304
2022,Q1,2022-Q1,Jizzax,Kia,Sportage,C-SUV,Benzin,Mahalliy yig‘uv (ADM Jizzax),Yuqori-o‘rta ($25k-$40k),33918,1,33918
2022,Q1,2022-Q1,Jizzax,Geely,Monjaro,Mid-SUV,Benzin (Turbo),Import (Xitoy),Yuqori-o‘rta ($25k-$40k),34945,1,34945
2022,Q1,2022-Q1,Jizzax,Jetour,Dashing,C-SUV,Benzin (Turbo),Import (Xitoy),Yuqori-o‘rta ($25k-$40k),26023,1,26023
2022,Q1,2022-Q1,Sirdaryo,Chevrolet,Cobalt,B-Sedan,Benzin,Mahalliy (Asaka),Byudjet (<$15k),11614,23,267122
2022,Q1,2022-Q1,Sirdaryo,Chevrolet,Damas,Mini-Van,Benzin,Mahalliy (Pitnak),Byudjet (<$15k),8582,22,188804
2022,Q1,2022-Q1,Sirdaryo,Chevrolet,Labo,Mini-Truck,Benzin,Mahalliy (Pitnak),Byudjet (<$15k),7904,10,79040
2022,Q1,2022-Q1,Sirdaryo,Chevrolet,Lacetti/Gentra,C-Sedan,Benzin,Mahalliy (Asaka),Byudjet (<$15k),12898,19,245062
2022,Q1,2022-Q1,Sirdaryo,Chevrolet,Tracker-2,B-SUV,Benzin (Turbo),Mahalliy (Asaka),O‘rta ($15k-$25k),20086,6,120516
2022,Q1,2022-Q1,Sirdaryo,Chevrolet,Onix,B-Sedan,Benzin (Turbo),Mahalliy (Asaka),O‘rta ($15k-$25k),15997,7,111979
2022,Q1,2022-Q1,Sirdaryo,Chevrolet,Malibu-2,D-Sedan,Benzin (Turbo),Mahalliy (Asaka),Yuqori-o‘rta ($25k-$40k),33877,1,33877
2022,Q1,2022-Q1,Sirdaryo,BYD,Song Plus DM-i,C-SUV,Gibrid (PHEV),Gibrid/Yig‘uv (Jizzax),Yuqori-o‘rta ($25k-$40k),30306,2,60612
2022,Q1,2022-Q1,Sirdaryo,BYD,Chazor (Destroyer 05),C-Sedan,Gibrid (PHEV),Gibrid/Yig‘uv (Jizzax),O‘rta ($15k-$25k),23187,1,23187
2022,Q1,2022-Q1,Sirdaryo,BYD,Song Plus EV,C-SUV,Elektromobil (EV),Import (Xitoy),Yuqori-o‘rta ($25k-$40k),34499,1,34499
2022,Q1,2022-Q1,Sirdaryo,BYD,Han,E-Sedan,Elektromobil (EV),Import (Xitoy),Premium (>$40k),48437,1,48437
2022,Q1,2022-Q1,Sirdaryo,Chery,Tiggo 7 Pro,C-SUV,Benzin (Turbo),Mahalliy yig‘uv (ADM Jizzax),Yuqori-o‘rta ($25k-$40k),25417,1,25417
2022,Q1,2022-Q1,Sirdaryo,Chery,Arrizo 6 Pro,C-Sedan,Benzin (Turbo),Mahalliy yig‘uv (ADM Jizzax),O‘rta ($15k-$25k),19853,1,19853
2022,Q1,2022-Q1,Sirdaryo,Chery,Tiggo 8 Pro,Mid-SUV,Benzin (Turbo),Mahalliy yig‘uv (ADM Jizzax),Yuqori-o‘rta ($25k-$40k),32035,1,32035
2022,Q1,2022-Q1,Sirdaryo,Haval,Jolion,B-SUV,Benzin (Turbo),Mahalliy yig‘uv (ADM Jizzax),O‘rta ($15k-$25k),22612,1,22612
2022,Q1,2022-Q1,Sirdaryo,Haval,M6,C-SUV,Benzin,Mahalliy yig‘uv (ADM Jizzax),O‘rta ($15k-$25k),18711,1,18711
2022,Q1,2022-Q1,Sirdaryo,Haval,H6,C-SUV,Benzin (Turbo),Mahalliy yig‘uv (ADM Jizzax),Yuqori-o‘rta ($25k-$40k),28528,1,28528
2022,Q1,2022-Q1,Sirdaryo,Kia,Sonet,B-SUV,Benzin,Mahalliy yig‘uv (ADM Jizzax),O‘rta ($15k-$25k),17640,1,17640
2022,Q1,2022-Q1,Sirdaryo,Kia,K5,D-Sedan,Benzin,Mahalliy yig‘uv (ADM Jizzax),Yuqori-o‘rta ($25k-$40k),32402,1,32402
2022,Q1,2022-Q1,Sirdaryo,Kia,Sportage,C-SUV,Benzin,Mahalliy yig‘uv (ADM Jizzax),Yuqori-o‘rta ($25k-$40k),33991,1,33991
2022,Q1,2022-Q1,Sirdaryo,Geely,Monjaro,Mid-SUV,Benzin (Turbo),Import (Xitoy),Yuqori-o‘rta ($25k-$40k),35146,1,35146
2022,Q1,2022-Q1,Sirdaryo,Jetour,Dashing,C-SUV,Benzin (Turbo),Import (Xitoy),Yuqori-o‘rta ($25k-$40k),26107,1,26107
2022,Q1,2022-Q1,Qoraqalpog‘iston Res.,Chevrolet,Cobalt,B-Sedan,Benzin,Mahalliy (Asaka),Byudjet (<$15k),11634,20,232680
2022,Q1,2022-Q1,Qoraqalpog‘iston Res.,Chevrolet,Damas,Mini-Van,Benzin,Mahalliy (Pitnak),Byudjet (<$15k),8329,23,191567
2022,Q1,2022-Q1,Qoraqalpog‘iston Res.,Chevrolet,Labo,Mini-Truck,Benzin,Mahalliy (Pitnak),Byudjet (<$15k),7932,11,87252
2022,Q1,2022-Q1,Qoraqalpog‘iston Res.,Chevrolet,Lacetti/Gentra,C-Sedan,Benzin,Mahalliy (Asaka),Byudjet (<$15k),13084,20,261680
2022,Q1,2022-Q1,Qoraqalpog‘iston Res.,Chevrolet,Tracker-2,B-SUV,Benzin (Turbo),Mahalliy (Asaka),O‘rta ($15k-$25k),19718,5,98590
2022,Q1,2022-Q1,Qoraqalpog‘iston Res.,Chevrolet,Onix,B-Sedan,Benzin (Turbo),Mahalliy (Asaka),O‘rta ($15k-$25k),16520,7,115640
2022,Q1,2022-Q1,Qoraqalpog‘iston Res.,Chevrolet,Malibu-2,D-Sedan,Benzin (Turbo),Mahalliy (Asaka),Yuqori-o‘rta ($25k-$40k),33925,1,33925
2022,Q1,2022-Q1,Qoraqalpog‘iston Res.,BYD,Song Plus DM-i,C-SUV,Gibrid (PHEV),Gibrid/Yig‘uv (Jizzax),Yuqori-o‘rta ($25k-$40k),30596,3,91788
2022,Q1,2022-Q1,Qoraqalpog‘iston Res.,BYD,Chazor (Destroyer 05),C-Sedan,Gibrid (PHEV),Gibrid/Yig‘uv (Jizzax),O‘rta ($15k-$25k),22810,1,22810
2022,Q1,2022-Q1,Qoraqalpog‘iston Res.,BYD,Song Plus EV,C-SUV,Elektromobil (EV),Import (Xitoy),Yuqori-o‘rta ($25k-$40k),34460,1,34460
2022,Q1,2022-Q1,Qoraqalpog‘iston Res.,BYD,Han,E-Sedan,Elektromobil (EV),Import (Xitoy),Premium (>$40k),48373,2,96746
2022,Q1,2022-Q1,Qoraqalpog‘iston Res.,Chery,Tiggo 7 Pro,C-SUV,Benzin (Turbo),Mahalliy yig‘uv (ADM Jizzax),Yuqori-o‘rta ($25k-$40k),25699,1,25699
2022,Q1,2022-Q1,Qoraqalpog‘iston Res.,Chery,Arrizo 6 Pro,C-Sedan,Benzin (Turbo),Mahalliy yig‘uv (ADM Jizzax),O‘rta ($15k-$25k),19983,1,19983
2022,Q1,2022-Q1,Qoraqalpog‘iston Res.,Chery,Tiggo 8 Pro,Mid-SUV,Benzin (Turbo),Mahalliy yig‘uv (ADM Jizzax),Yuqori-o‘rta ($25k-$40k),32080,1,32080
2022,Q1,2022-Q1,Qoraqalpog‘iston Res.,Haval,Jolion,B-SUV,Benzin (Turbo),Mahalliy yig‘uv (ADM Jizzax),O‘rta ($15k-$25k),22392,1,22392
2022,Q1,2022-Q1,Qoraqalpog‘iston Res.,Haval,M6,C-SUV,Benzin,Mahalliy yig‘uv (ADM Jizzax),O‘rta ($15k-$25k),18759,1,18759
2022,Q1,2022-Q1,Qoraqalpog‘iston Res.,Haval,H6,C-SUV,Benzin (Turbo),Mahalliy yig‘uv (ADM Jizzax),Yuqori-o‘rta ($25k-$40k),28576,1,28576
2022,Q1,2022-Q1,Qoraqalpog‘iston Res.,Kia,Sonet,B-SUV,Benzin,Mahalliy yig‘uv (ADM Jizzax),O‘rta ($15k-$25k),17304,1,17304
2022,Q1,2022-Q1,Qoraqalpog‘iston Res.,Kia,K5,D-Sedan,Benzin,Mahalliy yig‘uv (ADM Jizzax),Yuqori-o‘rta ($25k-$40k),32321,1,32321
2022,Q1,2022-Q1,Qoraqalpog‘iston Res.,Kia,Sportage,C-SUV,Benzin,Mahalliy yig‘uv (ADM Jizzax),Yuqori-o‘rta ($25k-$40k),34125,1,34125
2022,Q1,2022-Q1,Qoraqalpog‘iston Res.,Geely,Monjaro,Mid-SUV,Benzin (Turbo),Import (Xitoy),Yuqori-o‘rta ($25k-$40k),35145,1,35145
2022,Q1,2022-Q1,Qoraqalpog‘iston Res.,Jetour,Dashing,C-SUV,Benzin (Turbo),Import (Xitoy),Yuqori-o‘rta ($25k-$40k),25845,1,25845
2022,Q2,2022-Q2,Toshkent shahri,Chevrolet,Cobalt,B-Sedan,Benzin,Mahalliy (Asaka),Byudjet (<$15k),11600,455,5278000
2022,Q2,2022-Q2,Toshkent shahri,Chevrolet,Damas,Mini-Van,Benzin,Mahalliy (Pitnak),Byudjet (<$15k),8372,61,510692
2022,Q2,2022-Q2,Toshkent shahri,Chevrolet,Labo,Mini-Truck,Benzin,Mahalliy (Pitnak),Byudjet (<$15k),8013,40,320520
2022,Q2,2022-Q2,Toshkent shahri,Chevrolet,Lacetti/Gentra,C-Sedan,Benzin,Mahalliy (Asaka),Byudjet (<$15k),13038,337,4393806
2022,Q2,2022-Q2,Toshkent shahri,Chevrolet,Tracker-2,B-SUV,Benzin (Turbo),Mahalliy (Asaka),O‘rta ($15k-$25k),19697,113,2225761
2022,Q2,2022-Q2,Toshkent shahri,Chevrolet,Onix,B-Sedan,Benzin (Turbo),Mahalliy (Asaka),O‘rta ($15k-$25k),16547,140,2316580
2022,Q2,2022-Q2,Toshkent shahri,Chevrolet,Malibu-2,D-Sedan,Benzin (Turbo),Mahalliy (Asaka),Yuqori-o‘rta ($25k-$40k),33979,39,1325181
2022,Q2,2022-Q2,Toshkent shahri,BYD,Song Plus DM-i,C-SUV,Gibrid (PHEV),Gibrid/Yig‘uv (Jizzax),Yuqori-o‘rta ($25k-$40k),30568,86,2628848
2022,Q2,2022-Q2,Toshkent shahri,BYD,Chazor (Destroyer 05),C-Sedan,Gibrid (PHEV),Gibrid/Yig‘uv (Jizzax),O‘rta ($15k-$25k),23225,71,1648975
2022,Q2,2022-Q2,Toshkent shahri,BYD,Song Plus EV,C-SUV,Elektromobil (EV),Import (Xitoy),Yuqori-o‘rta ($25k-$40k),34173,13,444249
2022,Q2,2022-Q2,Toshkent shahri,BYD,Han,E-Sedan,Elektromobil (EV),Import (Xitoy),Premium (>$40k),48385,6,290310
2022,Q2,2022-Q2,Toshkent shahri,Chery,Tiggo 7 Pro,C-SUV,Benzin (Turbo),Mahalliy yig‘uv (ADM Jizzax),Yuqori-o‘rta ($25k-$40k),25664,18,461952
2022,Q2,2022-Q2,Toshkent shahri,Chery,Arrizo 6 Pro,C-Sedan,Benzin (Turbo),Mahalliy yig‘uv (ADM Jizzax),O‘rta ($15k-$25k),20037,13,260481
2022,Q2,2022-Q2,Toshkent shahri,Chery,Tiggo 8 Pro,Mid-SUV,Benzin (Turbo),Mahalliy yig‘uv (ADM Jizzax),Yuqori-o‘rta ($25k-$40k),32162,5,160810
2022,Q2,2022-Q2,Toshkent shahri,Haval,Jolion,B-SUV,Benzin (Turbo),Mahalliy yig‘uv (ADM Jizzax),O‘rta ($15k-$25k),22593,13,293709
2022,Q2,2022-Q2,Toshkent shahri,Haval,M6,C-SUV,Benzin,Mahalliy yig‘uv (ADM Jizzax),O‘rta ($15k-$25k),18826,15,282390
2022,Q2,2022-Q2,Toshkent shahri,Haval,H6,C-SUV,Benzin (Turbo),Mahalliy yig‘uv (ADM Jizzax),Yuqori-o‘rta ($25k-$40k),28418,6,170508
2022,Q2,2022-Q2,Toshkent shahri,Kia,Sonet,B-SUV,Benzin,Mahalliy yig‘uv (ADM Jizzax),O‘rta ($15k-$25k),17327,29,502483
2022,Q2,2022-Q2,Toshkent shahri,Kia,K5,D-Sedan,Benzin,Mahalliy yig‘uv (ADM Jizzax),Yuqori-o‘rta ($25k-$40k),32599,12,391188
2022,Q2,2022-Q2,Toshkent shahri,Kia,Sportage,C-SUV,Benzin,Mahalliy yig‘uv (ADM Jizzax),Yuqori-o‘rta ($25k-$40k),33824,8,270592
2022,Q2,2022-Q2,Toshkent shahri,Geely,Monjaro,Mid-SUV,Benzin (Turbo),Import (Xitoy),Yuqori-o‘rta ($25k-$40k),34867,6,209202
2022,Q2,2022-Q2,Toshkent shahri,Jetour,Dashing,C-SUV,Benzin (Turbo),Import (Xitoy),Yuqori-o‘rta ($25k-$40k),26193,8,209544
2022,Q2,2022-Q2,Toshkent viloyati,Chevrolet,Cobalt,B-Sedan,Benzin,Mahalliy (Asaka),Byudjet (<$15k),11410,178,2030980
2022,Q2,2022-Q2,Toshkent viloyati,Chevrolet,Damas,Mini-Van,Benzin,Mahalliy (Pitnak),Byudjet (<$15k),8527,166,1415482
2022,Q2,2022-Q2,Toshkent viloyati,Chevrolet,Labo,Mini-Truck,Benzin,Mahalliy (Pitnak),Byudjet (<$15k),8063,94,757922
2022,Q2,2022-Q2,Toshkent viloyati,Chevrolet,Lacetti/Gentra,C-Sedan,Benzin,Mahalliy (Asaka),Byudjet (<$15k),13168,154,2027872
2022,Q2,2022-Q2,Toshkent viloyati,Chevrolet,Tracker-2,B-SUV,Benzin (Turbo),Mahalliy (Asaka),O‘rta ($15k-$25k),20167,41,826847
2022,Q2,2022-Q2,Toshkent viloyati,Chevrolet,Onix,B-Sedan,Benzin (Turbo),Mahalliy (Asaka),O‘rta ($15k-$25k),16256,59,959104
2022,Q2,2022-Q2,Toshkent viloyati,Chevrolet,Malibu-2,D-Sedan,Benzin (Turbo),Mahalliy (Asaka),Yuqori-o‘rta ($25k-$40k),34114,6,204684
2022,Q2,2022-Q2,Toshkent viloyati,BYD,Song Plus DM-i,C-SUV,Gibrid (PHEV),Gibrid/Yig‘uv (Jizzax),Yuqori-o‘rta ($25k-$40k),30590,15,458850
2022,Q2,2022-Q2,Toshkent viloyati,BYD,Chazor (Destroyer 05),C-Sedan,Gibrid (PHEV),Gibrid/Yig‘uv (Jizzax),O‘rta ($15k-$25k),23323,10,233230
2022,Q2,2022-Q2,Toshkent viloyati,BYD,Song Plus EV,C-SUV,Elektromobil (EV),Import (Xitoy),Yuqori-o‘rta ($25k-$40k),34215,1,34215
2022,Q2,2022-Q2,Toshkent viloyati,BYD,Han,E-Sedan,Elektromobil (EV),Import (Xitoy),Premium (>$40k),48645,1,48645
2022,Q2,2022-Q2,Toshkent viloyati,Chery,Tiggo 7 Pro,C-SUV,Benzin (Turbo),Mahalliy yig‘uv (ADM Jizzax),Yuqori-o‘rta ($25k-$40k),25417,6,152502
2022,Q2,2022-Q2,Toshkent viloyati,Chery,Arrizo 6 Pro,C-Sedan,Benzin (Turbo),Mahalliy yig‘uv (ADM Jizzax),O‘rta ($15k-$25k),19861,4,79444
2022,Q2,2022-Q2,Toshkent viloyati,Chery,Tiggo 8 Pro,Mid-SUV,Benzin (Turbo),Mahalliy yig‘uv (ADM Jizzax),Yuqori-o‘rta ($25k-$40k),31993,2,63986
2022,Q2,2022-Q2,Toshkent viloyati,Haval,Jolion,B-SUV,Benzin (Turbo),Mahalliy yig‘uv (ADM Jizzax),O‘rta ($15k-$25k),22472,7,157304
2022,Q2,2022-Q2,Toshkent viloyati,Haval,M6,C-SUV,Benzin,Mahalliy yig‘uv (ADM Jizzax),O‘rta ($15k-$25k),18899,7,132293
2022,Q2,2022-Q2,Toshkent viloyati,Haval,H6,C-SUV,Benzin (Turbo),Mahalliy yig‘uv (ADM Jizzax),Yuqori-o‘rta ($25k-$40k),28319,2,56638
2022,Q2,2022-Q2,Toshkent viloyati,Kia,Sonet,B-SUV,Benzin,Mahalliy yig‘uv (ADM Jizzax),O‘rta ($15k-$25k),17412,12,208944
2022,Q2,2022-Q2,Toshkent viloyati,Kia,K5,D-Sedan,Benzin,Mahalliy yig‘uv (ADM Jizzax),Yuqori-o‘rta ($25k-$40k),32441,7,227087
2022,Q2,2022-Q2,Toshkent viloyati,Kia,Sportage,C-SUV,Benzin,Mahalliy yig‘uv (ADM Jizzax),Yuqori-o‘rta ($25k-$40k),34119,4,136476
2022,Q2,2022-Q2,Toshkent viloyati,Geely,Monjaro,Mid-SUV,Benzin (Turbo),Import (Xitoy),Yuqori-o‘rta ($25k-$40k),35155,2,70310
2022,Q2,2022-Q2,Toshkent viloyati,Jetour,Dashing,C-SUV,Benzin (Turbo),Import (Xitoy),Yuqori-o‘rta ($25k-$40k),26132,1,26132
2022,Q2,2022-Q2,Samarqand,Chevrolet,Cobalt,B-Sedan,Benzin,Mahalliy (Asaka),Byudjet (<$15k),11477,199,2283923
2022,Q2,2022-Q2,Samarqand,Chevrolet,Damas,Mini-Van,Benzin,Mahalliy (Pitnak),Byudjet (<$15k),8309,135,1121715
2022,Q2,2022-Q2,Samarqand,Chevrolet,Labo,Mini-Truck,Benzin,Mahalliy (Pitnak),Byudjet (<$15k),8185,83,679355
2022,Q2,2022-Q2,Samarqand,Chevrolet,Lacetti/Gentra,C-Sedan,Benzin,Mahalliy (Asaka),Byudjet (<$15k),12812,195,2498340
2022,Q2,2022-Q2,Samarqand,Chevrolet,Tracker-2,B-SUV,Benzin (Turbo),Mahalliy (Asaka),O‘rta ($15k-$25k),19968,42,838656
2022,Q2,2022-Q2,Samarqand,Chevrolet,Onix,B-Sedan,Benzin (Turbo),Mahalliy (Asaka),O‘rta ($15k-$25k),16303,51,831453
2022,Q2,2022-Q2,Samarqand,Chevrolet,Malibu-2,D-Sedan,Benzin (Turbo),Mahalliy (Asaka),Yuqori-o‘rta ($25k-$40k),33837,7,236859
2022,Q2,2022-Q2,Samarqand,BYD,Song Plus DM-i,C-SUV,Gibrid (PHEV),Gibrid/Yig‘uv (Jizzax),Yuqori-o‘rta ($25k-$40k),30268,19,575092
2022,Q2,2022-Q2,Samarqand,BYD,Chazor (Destroyer 05),C-Sedan,Gibrid (PHEV),Gibrid/Yig‘uv (Jizzax),O‘rta ($15k-$25k),23017,13,299221
2022,Q2,2022-Q2,Samarqand,BYD,Song Plus EV,C-SUV,Elektromobil (EV),Import (Xitoy),Yuqori-o‘rta ($25k-$40k),33935,1,33935
2022,Q2,2022-Q2,Samarqand,BYD,Han,E-Sedan,Elektromobil (EV),Import (Xitoy),Premium (>$40k),48458,1,48458
2022,Q2,2022-Q2,Samarqand,Chery,Tiggo 7 Pro,C-SUV,Benzin (Turbo),Mahalliy yig‘uv (ADM Jizzax),Yuqori-o‘rta ($25k-$40k),25436,5,127180
2022,Q2,2022-Q2,Samarqand,Chery,Arrizo 6 Pro,C-Sedan,Benzin (Turbo),Mahalliy yig‘uv (ADM Jizzax),O‘rta ($15k-$25k),19800,4,79200
2022,Q2,2022-Q2,Samarqand,Chery,Tiggo 8 Pro,Mid-SUV,Benzin (Turbo),Mahalliy yig‘uv (ADM Jizzax),Yuqori-o‘rta ($25k-$40k),32095,1,32095
2022,Q2,2022-Q2,Samarqand,Haval,Jolion,B-SUV,Benzin (Turbo),Mahalliy yig‘uv (ADM Jizzax),O‘rta ($15k-$25k),22528,5,112640
2022,Q2,2022-Q2,Samarqand,Haval,M6,C-SUV,Benzin,Mahalliy yig‘uv (ADM Jizzax),O‘rta ($15k-$25k),18869,6,113214
2022,Q2,2022-Q2,Samarqand,Haval,H6,C-SUV,Benzin (Turbo),Mahalliy yig‘uv (ADM Jizzax),Yuqori-o‘rta ($25k-$40k),28464,3,85392
2022,Q2,2022-Q2,Samarqand,Kia,Sonet,B-SUV,Benzin,Mahalliy yig‘uv (ADM Jizzax),O‘rta ($15k-$25k),17304,11,190344
2022,Q2,2022-Q2,Samarqand,Kia,K5,D-Sedan,Benzin,Mahalliy yig‘uv (ADM Jizzax),Yuqori-o‘rta ($25k-$40k),32361,5,161805
2022,Q2,2022-Q2,Samarqand,Kia,Sportage,C-SUV,Benzin,Mahalliy yig‘uv (ADM Jizzax),Yuqori-o‘rta ($25k-$40k),33931,2,67862
2022,Q2,2022-Q2,Samarqand,Geely,Monjaro,Mid-SUV,Benzin (Turbo),Import (Xitoy),Yuqori-o‘rta ($25k-$40k),35095,3,105285
2022,Q2,2022-Q2,Samarqand,Jetour,Dashing,C-SUV,Benzin (Turbo),Import (Xitoy),Yuqori-o‘rta ($25k-$40k),26127,1,26127
2022,Q2,2022-Q2,Farg‘ona,Chevrolet,Cobalt,B-Sedan,Benzin,Mahalliy (Asaka),Byudjet (<$15k),11478,122,1400316
2022,Q2,2022-Q2,Farg‘ona,Chevrolet,Damas,Mini-Van,Benzin,Mahalliy (Pitnak),Byudjet (<$15k),8424,245,2063880
2022,Q2,2022-Q2,Farg‘ona,Chevrolet,Labo,Mini-Truck,Benzin,Mahalliy (Pitnak),Byudjet (<$15k),7942,154,1223068
2022,Q2,2022-Q2,Farg‘ona,Chevrolet,Lacetti/Gentra,C-Sedan,Benzin,Mahalliy (Asaka),Byudjet (<$15k),12952,109,1411768
2022,Q2,2022-Q2,Farg‘ona,Chevrolet,Tracker-2,B-SUV,Benzin (Turbo),Mahalliy (Asaka),O‘rta ($15k-$25k),19753,36,711108
2022,Q2,2022-Q2,Farg‘ona,Chevrolet,Onix,B-Sedan,Benzin (Turbo),Mahalliy (Asaka),O‘rta ($15k-$25k),16013,39,624507
2022,Q2,2022-Q2,Farg‘ona,Chevrolet,Malibu-2,D-Sedan,Benzin (Turbo),Mahalliy (Asaka),Yuqori-o‘rta ($25k-$40k),33814,4,135256
2022,Q2,2022-Q2,Farg‘ona,BYD,Song Plus DM-i,C-SUV,Gibrid (PHEV),Gibrid/Yig‘uv (Jizzax),Yuqori-o‘rta ($25k-$40k),30472,13,396136
2022,Q2,2022-Q2,Farg‘ona,BYD,Chazor (Destroyer 05),C-Sedan,Gibrid (PHEV),Gibrid/Yig‘uv (Jizzax),O‘rta ($15k-$25k),22930,9,206370
2022,Q2,2022-Q2,Farg‘ona,BYD,Song Plus EV,C-SUV,Elektromobil (EV),Import (Xitoy),Yuqori-o‘rta ($25k-$40k),34119,2,68238
2022,Q2,2022-Q2,Farg‘ona,BYD,Han,E-Sedan,Elektromobil (EV),Import (Xitoy),Premium (>$40k),48288,1,48288
2022,Q2,2022-Q2,Farg‘ona,Chery,Tiggo 7 Pro,C-SUV,Benzin (Turbo),Mahalliy yig‘uv (ADM Jizzax),Yuqori-o‘rta ($25k-$40k),25553,6,153318
2022,Q2,2022-Q2,Farg‘ona,Chery,Arrizo 6 Pro,C-Sedan,Benzin (Turbo),Mahalliy yig‘uv (ADM Jizzax),O‘rta ($15k-$25k),19804,4,79216
2022,Q2,2022-Q2,Farg‘ona,Chery,Tiggo 8 Pro,Mid-SUV,Benzin (Turbo),Mahalliy yig‘uv (ADM Jizzax),Yuqori-o‘rta ($25k-$40k),31922,1,31922
2022,Q2,2022-Q2,Farg‘ona,Haval,Jolion,B-SUV,Benzin (Turbo),Mahalliy yig‘uv (ADM Jizzax),O‘rta ($15k-$25k),22696,4,90784
2022,Q2,2022-Q2,Farg‘ona,Haval,M6,C-SUV,Benzin,Mahalliy yig‘uv (ADM Jizzax),O‘rta ($15k-$25k),18758,5,93790
2022,Q2,2022-Q2,Farg‘ona,Haval,H6,C-SUV,Benzin (Turbo),Mahalliy yig‘uv (ADM Jizzax),Yuqori-o‘rta ($25k-$40k),28483,1,28483
2022,Q2,2022-Q2,Farg‘ona,Kia,Sonet,B-SUV,Benzin,Mahalliy yig‘uv (ADM Jizzax),O‘rta ($15k-$25k),17314,7,121198
2022,Q2,2022-Q2,Farg‘ona,Kia,K5,D-Sedan,Benzin,Mahalliy yig‘uv (ADM Jizzax),Yuqori-o‘rta ($25k-$40k),32346,3,97038
2022,Q2,2022-Q2,Farg‘ona,Kia,Sportage,C-SUV,Benzin,Mahalliy yig‘uv (ADM Jizzax),Yuqori-o‘rta ($25k-$40k),34123,3,102369
2022,Q2,2022-Q2,Farg‘ona,Geely,Monjaro,Mid-SUV,Benzin (Turbo),Import (Xitoy),Yuqori-o‘rta ($25k-$40k),34894,2,69788
2022,Q2,2022-Q2,Farg‘ona,Jetour,Dashing,C-SUV,Benzin (Turbo),Import (Xitoy),Yuqori-o‘rta ($25k-$40k),25914,3,77742
2022,Q2,2022-Q2,Andijon,Chevrolet,Cobalt,B-Sedan,Benzin,Mahalliy (Asaka),Byudjet (<$15k),11598,133,1542534
2022,Q2,2022-Q2,Andijon,Chevrolet,Damas,Mini-Van,Benzin,Mahalliy (Pitnak),Byudjet (<$15k),8582,273,2342886
2022,Q2,2022-Q2,Andijon,Chevrolet,Labo,Mini-Truck,Benzin,Mahalliy (Pitnak),Byudjet (<$15k),8129,115,934835
2022,Q2,2022-Q2,Andijon,Chevrolet,Lacetti/Gentra,C-Sedan,Benzin,Mahalliy (Asaka),Byudjet (<$15k),13159,99,1302741
2022,Q2,2022-Q2,Andijon,Chevrolet,Tracker-2,B-SUV,Benzin (Turbo),Mahalliy (Asaka),O‘rta ($15k-$25k),19995,30,599850
2022,Q2,2022-Q2,Andijon,Chevrolet,Onix,B-Sedan,Benzin (Turbo),Mahalliy (Asaka),O‘rta ($15k-$25k),16276,44,716144
2022,Q2,2022-Q2,Andijon,Chevrolet,Malibu-2,D-Sedan,Benzin (Turbo),Mahalliy (Asaka),Yuqori-o‘rta ($25k-$40k),33903,6,203418
2022,Q2,2022-Q2,Andijon,BYD,Song Plus DM-i,C-SUV,Gibrid (PHEV),Gibrid/Yig‘uv (Jizzax),Yuqori-o‘rta ($25k-$40k),30059,11,330649
2022,Q2,2022-Q2,Andijon,BYD,Chazor (Destroyer 05),C-Sedan,Gibrid (PHEV),Gibrid/Yig‘uv (Jizzax),O‘rta ($15k-$25k),23382,7,163674
2022,Q2,2022-Q2,Andijon,BYD,Song Plus EV,C-SUV,Elektromobil (EV),Import (Xitoy),Yuqori-o‘rta ($25k-$40k),34159,1,34159
2022,Q2,2022-Q2,Andijon,BYD,Han,E-Sedan,Elektromobil (EV),Import (Xitoy),Premium (>$40k),48798,1,48798
2022,Q2,2022-Q2,Andijon,Chery,Tiggo 7 Pro,C-SUV,Benzin (Turbo),Mahalliy yig‘uv (ADM Jizzax),Yuqori-o‘rta ($25k-$40k),25677,5,128385
2022,Q2,2022-Q2,Andijon,Chery,Arrizo 6 Pro,C-Sedan,Benzin (Turbo),Mahalliy yig‘uv (ADM Jizzax),O‘rta ($15k-$25k),19981,3,59943
2022,Q2,2022-Q2,Andijon,Chery,Tiggo 8 Pro,Mid-SUV,Benzin (Turbo),Mahalliy yig‘uv (ADM Jizzax),Yuqori-o‘rta ($25k-$40k),32112,1,32112
2022,Q2,2022-Q2,Andijon,Haval,Jolion,B-SUV,Benzin (Turbo),Mahalliy yig‘uv (ADM Jizzax),O‘rta ($15k-$25k),22670,2,45340
2022,Q2,2022-Q2,Andijon,Haval,M6,C-SUV,Benzin,Mahalliy yig‘uv (ADM Jizzax),O‘rta ($15k-$25k),18998,3,56994
2022,Q2,2022-Q2,Andijon,Haval,H6,C-SUV,Benzin (Turbo),Mahalliy yig‘uv (ADM Jizzax),Yuqori-o‘rta ($25k-$40k),28436,1,28436
2022,Q2,2022-Q2,Andijon,Kia,Sonet,B-SUV,Benzin,Mahalliy yig‘uv (ADM Jizzax),O‘rta ($15k-$25k),17501,8,140008
2022,Q2,2022-Q2,Andijon,Kia,K5,D-Sedan,Benzin,Mahalliy yig‘uv (ADM Jizzax),Yuqori-o‘rta ($25k-$40k),32324,2,64648
2022,Q2,2022-Q2,Andijon,Kia,Sportage,C-SUV,Benzin,Mahalliy yig‘uv (ADM Jizzax),Yuqori-o‘rta ($25k-$40k),33889,1,33889
2022,Q2,2022-Q2,Andijon,Geely,Monjaro,Mid-SUV,Benzin (Turbo),Import (Xitoy),Yuqori-o‘rta ($25k-$40k),35009,1,35009
2022,Q2,2022-Q2,Andijon,Jetour,Dashing,C-SUV,Benzin (Turbo),Import (Xitoy),Yuqori-o‘rta ($25k-$40k),26146,2,52292
2022,Q2,2022-Q2,Namangan,Chevrolet,Cobalt,B-Sedan,Benzin,Mahalliy (Asaka),Byudjet (<$15k),11663,99,1154637
2022,Q2,2022-Q2,Namangan,Chevrolet,Damas,Mini-Van,Benzin,Mahalliy (Pitnak),Byudjet (<$15k),8550,203,1735650
2022,Q2,2022-Q2,Namangan,Chevrolet,Labo,Mini-Truck,Benzin,Mahalliy (Pitnak),Byudjet (<$15k),7979,108,861732
2022,Q2,2022-Q2,Namangan,Chevrolet,Lacetti/Gentra,C-Sedan,Benzin,Mahalliy (Asaka),Byudjet (<$15k),12997,89,1156733
2022,Q2,2022-Q2,Namangan,Chevrolet,Tracker-2,B-SUV,Benzin (Turbo),Mahalliy (Asaka),O‘rta ($15k-$25k),19805,29,574345
2022,Q2,2022-Q2,Namangan,Chevrolet,Onix,B-Sedan,Benzin (Turbo),Mahalliy (Asaka),O‘rta ($15k-$25k),16443,37,608391
2022,Q2,2022-Q2,Namangan,Chevrolet,Malibu-2,D-Sedan,Benzin (Turbo),Mahalliy (Asaka),Yuqori-o‘rta ($25k-$40k),34160,5,170800
2022,Q2,2022-Q2,Namangan,BYD,Song Plus DM-i,C-SUV,Gibrid (PHEV),Gibrid/Yig‘uv (Jizzax),Yuqori-o‘rta ($25k-$40k),30538,9,274842
2022,Q2,2022-Q2,Namangan,BYD,Chazor (Destroyer 05),C-Sedan,Gibrid (PHEV),Gibrid/Yig‘uv (Jizzax),O‘rta ($15k-$25k),22762,8,182096
2022,Q2,2022-Q2,Namangan,BYD,Song Plus EV,C-SUV,Elektromobil (EV),Import (Xitoy),Yuqori-o‘rta ($25k-$40k),34400,1,34400
2022,Q2,2022-Q2,Namangan,BYD,Han,E-Sedan,Elektromobil (EV),Import (Xitoy),Premium (>$40k),48735,1,48735
2022,Q2,2022-Q2,Namangan,Chery,Tiggo 7 Pro,C-SUV,Benzin (Turbo),Mahalliy yig‘uv (ADM Jizzax),Yuqori-o‘rta ($25k-$40k),25440,3,76320
2022,Q2,2022-Q2,Namangan,Chery,Arrizo 6 Pro,C-Sedan,Benzin (Turbo),Mahalliy yig‘uv (ADM Jizzax),O‘rta ($15k-$25k),20010,1,20010
2022,Q2,2022-Q2,Namangan,Chery,Tiggo 8 Pro,Mid-SUV,Benzin (Turbo),Mahalliy yig‘uv (ADM Jizzax),Yuqori-o‘rta ($25k-$40k),32117,1,32117
2022,Q2,2022-Q2,Namangan,Haval,Jolion,B-SUV,Benzin (Turbo),Mahalliy yig‘uv (ADM Jizzax),O‘rta ($15k-$25k),22585,3,67755
2022,Q2,2022-Q2,Namangan,Haval,M6,C-SUV,Benzin,Mahalliy yig‘uv (ADM Jizzax),O‘rta ($15k-$25k),18743,3,56229
2022,Q2,2022-Q2,Namangan,Haval,H6,C-SUV,Benzin (Turbo),Mahalliy yig‘uv (ADM Jizzax),Yuqori-o‘rta ($25k-$40k),28377,1,28377
2022,Q2,2022-Q2,Namangan,Kia,Sonet,B-SUV,Benzin,Mahalliy yig‘uv (ADM Jizzax),O‘rta ($15k-$25k),17670,7,123690
2022,Q2,2022-Q2,Namangan,Kia,K5,D-Sedan,Benzin,Mahalliy yig‘uv (ADM Jizzax),Yuqori-o‘rta ($25k-$40k),32412,4,129648
2022,Q2,2022-Q2,Namangan,Kia,Sportage,C-SUV,Benzin,Mahalliy yig‘uv (ADM Jizzax),Yuqori-o‘rta ($25k-$40k),33913,1,33913
2022,Q2,2022-Q2,Namangan,Geely,Monjaro,Mid-SUV,Benzin (Turbo),Import (Xitoy),Yuqori-o‘rta ($25k-$40k),34931,3,104793
2022,Q2,2022-Q2,Namangan,Jetour,Dashing,C-SUV,Benzin (Turbo),Import (Xitoy),Yuqori-o‘rta ($25k-$40k),26184,1,26184
2022,Q2,2022-Q2,Buxoro,Chevrolet,Cobalt,B-Sedan,Benzin,Mahalliy (Asaka),Byudjet (<$15k),11430,120,1371600
2022,Q2,2022-Q2,Buxoro,Chevrolet,Damas,Mini-Van,Benzin,Mahalliy (Pitnak),Byudjet (<$15k),8587,79,678373
2022,Q2,2022-Q2,Buxoro,Chevrolet,Labo,Mini-Truck,Benzin,Mahalliy (Pitnak),Byudjet (<$15k),7961,44,350284
2022,Q2,2022-Q2,Buxoro,Chevrolet,Lacetti/Gentra,C-Sedan,Benzin,Mahalliy (Asaka),Byudjet (<$15k),13179,99,1304721
2022,Q2,2022-Q2,Buxoro,Chevrolet,Tracker-2,B-SUV,Benzin (Turbo),Mahalliy (Asaka),O‘rta ($15k-$25k),20092,29,582668
2022,Q2,2022-Q2,Buxoro,Chevrolet,Onix,B-Sedan,Benzin (Turbo),Mahalliy (Asaka),O‘rta ($15k-$25k),16302,24,391248
2022,Q2,2022-Q2,Buxoro,Chevrolet,Malibu-2,D-Sedan,Benzin (Turbo),Mahalliy (Asaka),Yuqori-o‘rta ($25k-$40k),33866,4,135464
2022,Q2,2022-Q2,Buxoro,BYD,Song Plus DM-i,C-SUV,Gibrid (PHEV),Gibrid/Yig‘uv (Jizzax),Yuqori-o‘rta ($25k-$40k),29900,10,299000
2022,Q2,2022-Q2,Buxoro,BYD,Chazor (Destroyer 05),C-Sedan,Gibrid (PHEV),Gibrid/Yig‘uv (Jizzax),O‘rta ($15k-$25k),23117,6,138702
2022,Q2,2022-Q2,Buxoro,BYD,Song Plus EV,C-SUV,Elektromobil (EV),Import (Xitoy),Yuqori-o‘rta ($25k-$40k),33795,1,33795
2022,Q2,2022-Q2,Buxoro,BYD,Han,E-Sedan,Elektromobil (EV),Import (Xitoy),Premium (>$40k),48490,1,48490
2022,Q2,2022-Q2,Buxoro,Chery,Tiggo 7 Pro,C-SUV,Benzin (Turbo),Mahalliy yig‘uv (ADM Jizzax),Yuqori-o‘rta ($25k-$40k),25699,3,77097
2022,Q2,2022-Q2,Buxoro,Chery,Arrizo 6 Pro,C-Sedan,Benzin (Turbo),Mahalliy yig‘uv (ADM Jizzax),O‘rta ($15k-$25k),20197,4,80788
2022,Q2,2022-Q2,Buxoro,Chery,Tiggo 8 Pro,Mid-SUV,Benzin (Turbo),Mahalliy yig‘uv (ADM Jizzax),Yuqori-o‘rta ($25k-$40k),32022,1,32022
2022,Q2,2022-Q2,Buxoro,Haval,Jolion,B-SUV,Benzin (Turbo),Mahalliy yig‘uv (ADM Jizzax),O‘rta ($15k-$25k),22629,2,45258
2022,Q2,2022-Q2,Buxoro,Haval,M6,C-SUV,Benzin,Mahalliy yig‘uv (ADM Jizzax),O‘rta ($15k-$25k),18862,3,56586
2022,Q2,2022-Q2,Buxoro,Haval,H6,C-SUV,Benzin (Turbo),Mahalliy yig‘uv (ADM Jizzax),Yuqori-o‘rta ($25k-$40k),28411,2,56822
2022,Q2,2022-Q2,Buxoro,Kia,Sonet,B-SUV,Benzin,Mahalliy yig‘uv (ADM Jizzax),O‘rta ($15k-$25k),17680,6,106080
2022,Q2,2022-Q2,Buxoro,Kia,K5,D-Sedan,Benzin,Mahalliy yig‘uv (ADM Jizzax),Yuqori-o‘rta ($25k-$40k),32381,3,97143
2022,Q2,2022-Q2,Buxoro,Kia,Sportage,C-SUV,Benzin,Mahalliy yig‘uv (ADM Jizzax),Yuqori-o‘rta ($25k-$40k),33801,3,101403
2022,Q2,2022-Q2,Buxoro,Geely,Monjaro,Mid-SUV,Benzin (Turbo),Import (Xitoy),Yuqori-o‘rta ($25k-$40k),34810,1,34810
2022,Q2,2022-Q2,Buxoro,Jetour,Dashing,C-SUV,Benzin (Turbo),Import (Xitoy),Yuqori-o‘rta ($25k-$40k),26033,2,52066
2022,Q2,2022-Q2,Qashqadaryo,Chevrolet,Cobalt,B-Sedan,Benzin,Mahalliy (Asaka),Byudjet (<$15k),11418,78,890604
2022,Q2,2022-Q2,Qashqadaryo,Chevrolet,Damas,Mini-Van,Benzin,Mahalliy (Pitnak),Byudjet (<$15k),8695,73,634735
2022,Q2,2022-Q2,Qashqadaryo,Chevrolet,Labo,Mini-Truck,Benzin,Mahalliy (Pitnak),Byudjet (<$15k),8055,34,273870
2022,Q2,2022-Q2,Qashqadaryo,Chevrolet,Lacetti/Gentra,C-Sedan,Benzin,Mahalliy (Asaka),Byudjet (<$15k),13021,70,911470
2022,Q2,2022-Q2,Qashqadaryo,Chevrolet,Tracker-2,B-SUV,Benzin (Turbo),Mahalliy (Asaka),O‘rta ($15k-$25k),20149,24,483576
2022,Q2,2022-Q2,Qashqadaryo,Chevrolet,Onix,B-Sedan,Benzin (Turbo),Mahalliy (Asaka),O‘rta ($15k-$25k),16480,24,395520
2022,Q2,2022-Q2,Qashqadaryo,Chevrolet,Malibu-2,D-Sedan,Benzin (Turbo),Mahalliy (Asaka),Yuqori-o‘rta ($25k-$40k),34001,2,68002
2022,Q2,2022-Q2,Qashqadaryo,BYD,Song Plus DM-i,C-SUV,Gibrid (PHEV),Gibrid/Yig‘uv (Jizzax),Yuqori-o‘rta ($25k-$40k),30007,7,210049
2022,Q2,2022-Q2,Qashqadaryo,BYD,Chazor (Destroyer 05),C-Sedan,Gibrid (PHEV),Gibrid/Yig‘uv (Jizzax),O‘rta ($15k-$25k),22827,5,114135
2022,Q2,2022-Q2,Qashqadaryo,BYD,Song Plus EV,C-SUV,Elektromobil (EV),Import (Xitoy),Yuqori-o‘rta ($25k-$40k),34435,1,34435
2022,Q2,2022-Q2,Qashqadaryo,BYD,Han,E-Sedan,Elektromobil (EV),Import (Xitoy),Premium (>$40k),48525,1,48525
2022,Q2,2022-Q2,Qashqadaryo,Chery,Tiggo 7 Pro,C-SUV,Benzin (Turbo),Mahalliy yig‘uv (ADM Jizzax),Yuqori-o‘rta ($25k-$40k),25308,2,50616
2022,Q2,2022-Q2,Qashqadaryo,Chery,Arrizo 6 Pro,C-Sedan,Benzin (Turbo),Mahalliy yig‘uv (ADM Jizzax),O‘rta ($15k-$25k),20158,4,80632
2022,Q2,2022-Q2,Qashqadaryo,Chery,Tiggo 8 Pro,Mid-SUV,Benzin (Turbo),Mahalliy yig‘uv (ADM Jizzax),Yuqori-o‘rta ($25k-$40k),32000,1,32000
2022,Q2,2022-Q2,Qashqadaryo,Haval,Jolion,B-SUV,Benzin (Turbo),Mahalliy yig‘uv (ADM Jizzax),O‘rta ($15k-$25k),22303,2,44606
2022,Q2,2022-Q2,Qashqadaryo,Haval,M6,C-SUV,Benzin,Mahalliy yig‘uv (ADM Jizzax),O‘rta ($15k-$25k),18753,2,37506
2022,Q2,2022-Q2,Qashqadaryo,Haval,H6,C-SUV,Benzin (Turbo),Mahalliy yig‘uv (ADM Jizzax),Yuqori-o‘rta ($25k-$40k),28514,1,28514
2022,Q2,2022-Q2,Qashqadaryo,Kia,Sonet,B-SUV,Benzin,Mahalliy yig‘uv (ADM Jizzax),O‘rta ($15k-$25k),17592,5,87960
2022,Q2,2022-Q2,Qashqadaryo,Kia,K5,D-Sedan,Benzin,Mahalliy yig‘uv (ADM Jizzax),Yuqori-o‘rta ($25k-$40k),32333,2,64666
2022,Q2,2022-Q2,Qashqadaryo,Kia,Sportage,C-SUV,Benzin,Mahalliy yig‘uv (ADM Jizzax),Yuqori-o‘rta ($25k-$40k),33816,1,33816
2022,Q2,2022-Q2,Qashqadaryo,Geely,Monjaro,Mid-SUV,Benzin (Turbo),Import (Xitoy),Yuqori-o‘rta ($25k-$40k),34875,1,34875
2022,Q2,2022-Q2,Qashqadaryo,Jetour,Dashing,C-SUV,Benzin (Turbo),Import (Xitoy),Yuqori-o‘rta ($25k-$40k),25886,1,25886
2022,Q2,2022-Q2,Xorazm,Chevrolet,Cobalt,B-Sedan,Benzin,Mahalliy (Asaka),Byudjet (<$15k),11518,60,691080
2022,Q2,2022-Q2,Xorazm,Chevrolet,Damas,Mini-Van,Benzin,Mahalliy (Pitnak),Byudjet (<$15k),8467,110,931370
2022,Q2,2022-Q2,Xorazm,Chevrolet,Labo,Mini-Truck,Benzin,Mahalliy (Pitnak),Byudjet (<$15k),8108,66,535128
2022,Q2,2022-Q2,Xorazm,Chevrolet,Lacetti/Gentra,C-Sedan,Benzin,Mahalliy (Asaka),Byudjet (<$15k),13193,46,606878
2022,Q2,2022-Q2,Xorazm,Chevrolet,Tracker-2,B-SUV,Benzin (Turbo),Mahalliy (Asaka),O‘rta ($15k-$25k),20125,17,342125
2022,Q2,2022-Q2,Xorazm,Chevrolet,Onix,B-Sedan,Benzin (Turbo),Mahalliy (Asaka),O‘rta ($15k-$25k),16532,21,347172
2022,Q2,2022-Q2,Xorazm,Chevrolet,Malibu-2,D-Sedan,Benzin (Turbo),Mahalliy (Asaka),Yuqori-o‘rta ($25k-$40k),34091,2,68182
2022,Q2,2022-Q2,Xorazm,BYD,Song Plus DM-i,C-SUV,Gibrid (PHEV),Gibrid/Yig‘uv (Jizzax),Yuqori-o‘rta ($25k-$40k),30220,5,151100
2022,Q2,2022-Q2,Xorazm,BYD,Chazor (Destroyer 05),C-Sedan,Gibrid (PHEV),Gibrid/Yig‘uv (Jizzax),O‘rta ($15k-$25k),22995,3,68985
2022,Q2,2022-Q2,Xorazm,BYD,Song Plus EV,C-SUV,Elektromobil (EV),Import (Xitoy),Yuqori-o‘rta ($25k-$40k),33710,1,33710
2022,Q2,2022-Q2,Xorazm,BYD,Han,E-Sedan,Elektromobil (EV),Import (Xitoy),Premium (>$40k),48743,1,48743
2022,Q2,2022-Q2,Xorazm,Chery,Tiggo 7 Pro,C-SUV,Benzin (Turbo),Mahalliy yig‘uv (ADM Jizzax),Yuqori-o‘rta ($25k-$40k),25526,1,25526
2022,Q2,2022-Q2,Xorazm,Chery,Arrizo 6 Pro,C-Sedan,Benzin (Turbo),Mahalliy yig‘uv (ADM Jizzax),O‘rta ($15k-$25k),19951,1,19951
2022,Q2,2022-Q2,Xorazm,Chery,Tiggo 8 Pro,Mid-SUV,Benzin (Turbo),Mahalliy yig‘uv (ADM Jizzax),Yuqori-o‘rta ($25k-$40k),32045,1,32045
2022,Q2,2022-Q2,Xorazm,Haval,Jolion,B-SUV,Benzin (Turbo),Mahalliy yig‘uv (ADM Jizzax),O‘rta ($15k-$25k),22549,2,45098
2022,Q2,2022-Q2,Xorazm,Haval,M6,C-SUV,Benzin,Mahalliy yig‘uv (ADM Jizzax),O‘rta ($15k-$25k),18635,1,18635
2022,Q2,2022-Q2,Xorazm,Haval,H6,C-SUV,Benzin (Turbo),Mahalliy yig‘uv (ADM Jizzax),Yuqori-o‘rta ($25k-$40k),28543,1,28543
2022,Q2,2022-Q2,Xorazm,Kia,Sonet,B-SUV,Benzin,Mahalliy yig‘uv (ADM Jizzax),O‘rta ($15k-$25k),17636,4,70544
2022,Q2,2022-Q2,Xorazm,Kia,K5,D-Sedan,Benzin,Mahalliy yig‘uv (ADM Jizzax),Yuqori-o‘rta ($25k-$40k),32500,4,130000
2022,Q2,2022-Q2,Xorazm,Kia,Sportage,C-SUV,Benzin,Mahalliy yig‘uv (ADM Jizzax),Yuqori-o‘rta ($25k-$40k),33953,1,33953
2022,Q2,2022-Q2,Xorazm,Geely,Monjaro,Mid-SUV,Benzin (Turbo),Import (Xitoy),Yuqori-o‘rta ($25k-$40k),35095,1,35095
2022,Q2,2022-Q2,Xorazm,Jetour,Dashing,C-SUV,Benzin (Turbo),Import (Xitoy),Yuqori-o‘rta ($25k-$40k),25816,1,25816
2022,Q2,2022-Q2,Surxondaryo,Chevrolet,Cobalt,B-Sedan,Benzin,Mahalliy (Asaka),Byudjet (<$15k),11403,73,832419
2022,Q2,2022-Q2,Surxondaryo,Chevrolet,Damas,Mini-Van,Benzin,Mahalliy (Pitnak),Byudjet (<$15k),8341,50,417050
2022,Q2,2022-Q2,Surxondaryo,Chevrolet,Labo,Mini-Truck,Benzin,Mahalliy (Pitnak),Byudjet (<$15k),8028,26,208728
2022,Q2,2022-Q2,Surxondaryo,Chevrolet,Lacetti/Gentra,C-Sedan,Benzin,Mahalliy (Asaka),Byudjet (<$15k),12907,51,658257
2022,Q2,2022-Q2,Surxondaryo,Chevrolet,Tracker-2,B-SUV,Benzin (Turbo),Mahalliy (Asaka),O‘rta ($15k-$25k),20173,16,322768
2022,Q2,2022-Q2,Surxondaryo,Chevrolet,Onix,B-Sedan,Benzin (Turbo),Mahalliy (Asaka),O‘rta ($15k-$25k),16249,21,341229
2022,Q2,2022-Q2,Surxondaryo,Chevrolet,Malibu-2,D-Sedan,Benzin (Turbo),Mahalliy (Asaka),Yuqori-o‘rta ($25k-$40k),34104,3,102312
2022,Q2,2022-Q2,Surxondaryo,BYD,Song Plus DM-i,C-SUV,Gibrid (PHEV),Gibrid/Yig‘uv (Jizzax),Yuqori-o‘rta ($25k-$40k),29866,4,119464
2022,Q2,2022-Q2,Surxondaryo,BYD,Chazor (Destroyer 05),C-Sedan,Gibrid (PHEV),Gibrid/Yig‘uv (Jizzax),O‘rta ($15k-$25k),22711,3,68133
2022,Q2,2022-Q2,Surxondaryo,BYD,Song Plus EV,C-SUV,Elektromobil (EV),Import (Xitoy),Yuqori-o‘rta ($25k-$40k),34017,1,34017
2022,Q2,2022-Q2,Surxondaryo,BYD,Han,E-Sedan,Elektromobil (EV),Import (Xitoy),Premium (>$40k),48484,1,48484
2022,Q2,2022-Q2,Surxondaryo,Chery,Tiggo 7 Pro,C-SUV,Benzin (Turbo),Mahalliy yig‘uv (ADM Jizzax),Yuqori-o‘rta ($25k-$40k),25673,3,77019
2022,Q2,2022-Q2,Surxondaryo,Chery,Arrizo 6 Pro,C-Sedan,Benzin (Turbo),Mahalliy yig‘uv (ADM Jizzax),O‘rta ($15k-$25k),19888,1,19888
2022,Q2,2022-Q2,Surxondaryo,Chery,Tiggo 8 Pro,Mid-SUV,Benzin (Turbo),Mahalliy yig‘uv (ADM Jizzax),Yuqori-o‘rta ($25k-$40k),32067,1,32067
2022,Q2,2022-Q2,Surxondaryo,Haval,Jolion,B-SUV,Benzin (Turbo),Mahalliy yig‘uv (ADM Jizzax),O‘rta ($15k-$25k),22581,2,45162
2022,Q2,2022-Q2,Surxondaryo,Haval,M6,C-SUV,Benzin,Mahalliy yig‘uv (ADM Jizzax),O‘rta ($15k-$25k),18685,2,37370
2022,Q2,2022-Q2,Surxondaryo,Haval,H6,C-SUV,Benzin (Turbo),Mahalliy yig‘uv (ADM Jizzax),Yuqori-o‘rta ($25k-$40k),28475,1,28475
2022,Q2,2022-Q2,Surxondaryo,Kia,Sonet,B-SUV,Benzin,Mahalliy yig‘uv (ADM Jizzax),O‘rta ($15k-$25k),17627,5,88135
2022,Q2,2022-Q2,Surxondaryo,Kia,K5,D-Sedan,Benzin,Mahalliy yig‘uv (ADM Jizzax),Yuqori-o‘rta ($25k-$40k),32402,3,97206
2022,Q2,2022-Q2,Surxondaryo,Kia,Sportage,C-SUV,Benzin,Mahalliy yig‘uv (ADM Jizzax),Yuqori-o‘rta ($25k-$40k),34072,1,34072
2022,Q2,2022-Q2,Surxondaryo,Geely,Monjaro,Mid-SUV,Benzin (Turbo),Import (Xitoy),Yuqori-o‘rta ($25k-$40k),34907,1,34907
2022,Q2,2022-Q2,Surxondaryo,Jetour,Dashing,C-SUV,Benzin (Turbo),Import (Xitoy),Yuqori-o‘rta ($25k-$40k),25987,2,51974
2022,Q2,2022-Q2,Navoiy,Chevrolet,Cobalt,B-Sedan,Benzin,Mahalliy (Asaka),Byudjet (<$15k),11470,52,596440
2022,Q2,2022-Q2,Navoiy,Chevrolet,Damas,Mini-Van,Benzin,Mahalliy (Pitnak),Byudjet (<$15k),8482,40,339280
2022,Q2,2022-Q2,Navoiy,Chevrolet,Labo,Mini-Truck,Benzin,Mahalliy (Pitnak),Byudjet (<$15k),8175,24,196200
2022,Q2,2022-Q2,Navoiy,Chevrolet,Lacetti/Gentra,C-Sedan,Benzin,Mahalliy (Asaka),Byudjet (<$15k),12803,33,422499
2022,Q2,2022-Q2,Navoiy,Chevrolet,Tracker-2,B-SUV,Benzin (Turbo),Mahalliy (Asaka),O‘rta ($15k-$25k),19810,12,237720
2022,Q2,2022-Q2,Navoiy,Chevrolet,Onix,B-Sedan,Benzin (Turbo),Mahalliy (Asaka),O‘rta ($15k-$25k),15990,16,255840
2022,Q2,2022-Q2,Navoiy,Chevrolet,Malibu-2,D-Sedan,Benzin (Turbo),Mahalliy (Asaka),Yuqori-o‘rta ($25k-$40k),34110,3,102330
2022,Q2,2022-Q2,Navoiy,BYD,Song Plus DM-i,C-SUV,Gibrid (PHEV),Gibrid/Yig‘uv (Jizzax),Yuqori-o‘rta ($25k-$40k),30588,3,91764
2022,Q2,2022-Q2,Navoiy,BYD,Chazor (Destroyer 05),C-Sedan,Gibrid (PHEV),Gibrid/Yig‘uv (Jizzax),O‘rta ($15k-$25k),23115,3,69345
2022,Q2,2022-Q2,Navoiy,BYD,Song Plus EV,C-SUV,Elektromobil (EV),Import (Xitoy),Yuqori-o‘rta ($25k-$40k),34307,1,34307
2022,Q2,2022-Q2,Navoiy,BYD,Han,E-Sedan,Elektromobil (EV),Import (Xitoy),Premium (>$40k),48476,1,48476
2022,Q2,2022-Q2,Navoiy,Chery,Tiggo 7 Pro,C-SUV,Benzin (Turbo),Mahalliy yig‘uv (ADM Jizzax),Yuqori-o‘rta ($25k-$40k),25617,1,25617
2022,Q2,2022-Q2,Navoiy,Chery,Arrizo 6 Pro,C-Sedan,Benzin (Turbo),Mahalliy yig‘uv (ADM Jizzax),O‘rta ($15k-$25k),20035,3,60105
2022,Q2,2022-Q2,Navoiy,Chery,Tiggo 8 Pro,Mid-SUV,Benzin (Turbo),Mahalliy yig‘uv (ADM Jizzax),Yuqori-o‘rta ($25k-$40k),32038,1,32038
2022,Q2,2022-Q2,Navoiy,Haval,Jolion,B-SUV,Benzin (Turbo),Mahalliy yig‘uv (ADM Jizzax),O‘rta ($15k-$25k),22658,1,22658
2022,Q2,2022-Q2,Navoiy,Haval,M6,C-SUV,Benzin,Mahalliy yig‘uv (ADM Jizzax),O‘rta ($15k-$25k),18939,1,18939
2022,Q2,2022-Q2,Navoiy,Haval,H6,C-SUV,Benzin (Turbo),Mahalliy yig‘uv (ADM Jizzax),Yuqori-o‘rta ($25k-$40k),28302,1,28302
2022,Q2,2022-Q2,Navoiy,Kia,Sonet,B-SUV,Benzin,Mahalliy yig‘uv (ADM Jizzax),O‘rta ($15k-$25k),17441,4,69764
2022,Q2,2022-Q2,Navoiy,Kia,K5,D-Sedan,Benzin,Mahalliy yig‘uv (ADM Jizzax),Yuqori-o‘rta ($25k-$40k),32445,2,64890
2022,Q2,2022-Q2,Navoiy,Kia,Sportage,C-SUV,Benzin,Mahalliy yig‘uv (ADM Jizzax),Yuqori-o‘rta ($25k-$40k),34092,1,34092
2022,Q2,2022-Q2,Navoiy,Geely,Monjaro,Mid-SUV,Benzin (Turbo),Import (Xitoy),Yuqori-o‘rta ($25k-$40k),35104,1,35104
2022,Q2,2022-Q2,Navoiy,Jetour,Dashing,C-SUV,Benzin (Turbo),Import (Xitoy),Yuqori-o‘rta ($25k-$40k),26176,1,26176
2022,Q2,2022-Q2,Jizzax,Chevrolet,Cobalt,B-Sedan,Benzin,Mahalliy (Asaka),Byudjet (<$15k),11592,29,336168
2022,Q2,2022-Q2,Jizzax,Chevrolet,Damas,Mini-Van,Benzin,Mahalliy (Pitnak),Byudjet (<$15k),8360,28,234080
2022,Q2,2022-Q2,Jizzax,Chevrolet,Labo,Mini-Truck,Benzin,Mahalliy (Pitnak),Byudjet (<$15k),8094,15,121410
2022,Q2,2022-Q2,Jizzax,Chevrolet,Lacetti/Gentra,C-Sedan,Benzin,Mahalliy (Asaka),Byudjet (<$15k),13118,22,288596
2022,Q2,2022-Q2,Jizzax,Chevrolet,Tracker-2,B-SUV,Benzin (Turbo),Mahalliy (Asaka),O‘rta ($15k-$25k),19875,8,159000
2022,Q2,2022-Q2,Jizzax,Chevrolet,Onix,B-Sedan,Benzin (Turbo),Mahalliy (Asaka),O‘rta ($15k-$25k),16127,10,161270
2022,Q2,2022-Q2,Jizzax,Chevrolet,Malibu-2,D-Sedan,Benzin (Turbo),Mahalliy (Asaka),Yuqori-o‘rta ($25k-$40k),33871,1,33871
2022,Q2,2022-Q2,Jizzax,BYD,Song Plus DM-i,C-SUV,Gibrid (PHEV),Gibrid/Yig‘uv (Jizzax),Yuqori-o‘rta ($25k-$40k),30509,2,61018
2022,Q2,2022-Q2,Jizzax,BYD,Chazor (Destroyer 05),C-Sedan,Gibrid (PHEV),Gibrid/Yig‘uv (Jizzax),O‘rta ($15k-$25k),22942,1,22942
2022,Q2,2022-Q2,Jizzax,BYD,Song Plus EV,C-SUV,Elektromobil (EV),Import (Xitoy),Yuqori-o‘rta ($25k-$40k),34192,1,34192
2022,Q2,2022-Q2,Jizzax,BYD,Han,E-Sedan,Elektromobil (EV),Import (Xitoy),Premium (>$40k),48505,1,48505
2022,Q2,2022-Q2,Jizzax,Chery,Tiggo 7 Pro,C-SUV,Benzin (Turbo),Mahalliy yig‘uv (ADM Jizzax),Yuqori-o‘rta ($25k-$40k),25558,1,25558
2022,Q2,2022-Q2,Jizzax,Chery,Arrizo 6 Pro,C-Sedan,Benzin (Turbo),Mahalliy yig‘uv (ADM Jizzax),O‘rta ($15k-$25k),19853,1,19853
2022,Q2,2022-Q2,Jizzax,Chery,Tiggo 8 Pro,Mid-SUV,Benzin (Turbo),Mahalliy yig‘uv (ADM Jizzax),Yuqori-o‘rta ($25k-$40k),31846,1,31846
2022,Q2,2022-Q2,Jizzax,Haval,Jolion,B-SUV,Benzin (Turbo),Mahalliy yig‘uv (ADM Jizzax),O‘rta ($15k-$25k),22319,1,22319
2022,Q2,2022-Q2,Jizzax,Haval,M6,C-SUV,Benzin,Mahalliy yig‘uv (ADM Jizzax),O‘rta ($15k-$25k),18977,1,18977
2022,Q2,2022-Q2,Jizzax,Haval,H6,C-SUV,Benzin (Turbo),Mahalliy yig‘uv (ADM Jizzax),Yuqori-o‘rta ($25k-$40k),28477,1,28477
2022,Q2,2022-Q2,Jizzax,Kia,Sonet,B-SUV,Benzin,Mahalliy yig‘uv (ADM Jizzax),O‘rta ($15k-$25k),17637,2,35274
2022,Q2,2022-Q2,Jizzax,Kia,K5,D-Sedan,Benzin,Mahalliy yig‘uv (ADM Jizzax),Yuqori-o‘rta ($25k-$40k),32459,1,32459
2022,Q2,2022-Q2,Jizzax,Kia,Sportage,C-SUV,Benzin,Mahalliy yig‘uv (ADM Jizzax),Yuqori-o‘rta ($25k-$40k),34026,1,34026
2022,Q2,2022-Q2,Jizzax,Geely,Monjaro,Mid-SUV,Benzin (Turbo),Import (Xitoy),Yuqori-o‘rta ($25k-$40k),34888,1,34888
2022,Q2,2022-Q2,Jizzax,Jetour,Dashing,C-SUV,Benzin (Turbo),Import (Xitoy),Yuqori-o‘rta ($25k-$40k),26128,1,26128
2022,Q2,2022-Q2,Sirdaryo,Chevrolet,Cobalt,B-Sedan,Benzin,Mahalliy (Asaka),Byudjet (<$15k),11422,19,217018
2022,Q2,2022-Q2,Sirdaryo,Chevrolet,Damas,Mini-Van,Benzin,Mahalliy (Pitnak),Byudjet (<$15k),8328,18,149904
2022,Q2,2022-Q2,Sirdaryo,Chevrolet,Labo,Mini-Truck,Benzin,Mahalliy (Pitnak),Byudjet (<$15k),7839,11,86229
2022,Q2,2022-Q2,Sirdaryo,Chevrolet,Lacetti/Gentra,C-Sedan,Benzin,Mahalliy (Asaka),Byudjet (<$15k),12824,20,256480
2022,Q2,2022-Q2,Sirdaryo,Chevrolet,Tracker-2,B-SUV,Benzin (Turbo),Mahalliy (Asaka),O‘rta ($15k-$25k),19773,5,98865
2022,Q2,2022-Q2,Sirdaryo,Chevrolet,Onix,B-Sedan,Benzin (Turbo),Mahalliy (Asaka),O‘rta ($15k-$25k),16012,7,112084
2022,Q2,2022-Q2,Sirdaryo,Chevrolet,Malibu-2,D-Sedan,Benzin (Turbo),Mahalliy (Asaka),Yuqori-o‘rta ($25k-$40k),33889,1,33889
2022,Q2,2022-Q2,Sirdaryo,BYD,Song Plus DM-i,C-SUV,Gibrid (PHEV),Gibrid/Yig‘uv (Jizzax),Yuqori-o‘rta ($25k-$40k),30303,1,30303
2022,Q2,2022-Q2,Sirdaryo,BYD,Chazor (Destroyer 05),C-Sedan,Gibrid (PHEV),Gibrid/Yig‘uv (Jizzax),O‘rta ($15k-$25k),23022,2,46044
2022,Q2,2022-Q2,Sirdaryo,BYD,Song Plus EV,C-SUV,Elektromobil (EV),Import (Xitoy),Yuqori-o‘rta ($25k-$40k),34267,1,34267
2022,Q2,2022-Q2,Sirdaryo,BYD,Han,E-Sedan,Elektromobil (EV),Import (Xitoy),Premium (>$40k),48748,1,48748
2022,Q2,2022-Q2,Sirdaryo,Chery,Tiggo 7 Pro,C-SUV,Benzin (Turbo),Mahalliy yig‘uv (ADM Jizzax),Yuqori-o‘rta ($25k-$40k),25588,2,51176
2022,Q2,2022-Q2,Sirdaryo,Chery,Arrizo 6 Pro,C-Sedan,Benzin (Turbo),Mahalliy yig‘uv (ADM Jizzax),O‘rta ($15k-$25k),19967,1,19967
2022,Q2,2022-Q2,Sirdaryo,Chery,Tiggo 8 Pro,Mid-SUV,Benzin (Turbo),Mahalliy yig‘uv (ADM Jizzax),Yuqori-o‘rta ($25k-$40k),31891,1,31891
2022,Q2,2022-Q2,Sirdaryo,Haval,Jolion,B-SUV,Benzin (Turbo),Mahalliy yig‘uv (ADM Jizzax),O‘rta ($15k-$25k),22644,1,22644
2022,Q2,2022-Q2,Sirdaryo,Haval,M6,C-SUV,Benzin,Mahalliy yig‘uv (ADM Jizzax),O‘rta ($15k-$25k),18780,1,18780
2022,Q2,2022-Q2,Sirdaryo,Haval,H6,C-SUV,Benzin (Turbo),Mahalliy yig‘uv (ADM Jizzax),Yuqori-o‘rta ($25k-$40k),28487,1,28487
2022,Q2,2022-Q2,Sirdaryo,Kia,Sonet,B-SUV,Benzin,Mahalliy yig‘uv (ADM Jizzax),O‘rta ($15k-$25k),17306,3,51918
2022,Q2,2022-Q2,Sirdaryo,Kia,K5,D-Sedan,Benzin,Mahalliy yig‘uv (ADM Jizzax),Yuqori-o‘rta ($25k-$40k),32693,1,32693
2022,Q2,2022-Q2,Sirdaryo,Kia,Sportage,C-SUV,Benzin,Mahalliy yig‘uv (ADM Jizzax),Yuqori-o‘rta ($25k-$40k),33959,1,33959
2022,Q2,2022-Q2,Sirdaryo,Geely,Monjaro,Mid-SUV,Benzin (Turbo),Import (Xitoy),Yuqori-o‘rta ($25k-$40k),34881,1,34881
2022,Q2,2022-Q2,Sirdaryo,Jetour,Dashing,C-SUV,Benzin (Turbo),Import (Xitoy),Yuqori-o‘rta ($25k-$40k),26155,1,26155
2022,Q2,2022-Q2,Qoraqalpog‘iston Res.,Chevrolet,Cobalt,B-Sedan,Benzin,Mahalliy (Asaka),Byudjet (<$15k),11311,27,305397
2022,Q2,2022-Q2,Qoraqalpog‘iston Res.,Chevrolet,Damas,Mini-Van,Benzin,Mahalliy (Pitnak),Byudjet (<$15k),8594,20,171880
2022,Q2,2022-Q2,Qoraqalpog‘iston Res.,Chevrolet,Labo,Mini-Truck,Benzin,Mahalliy (Pitnak),Byudjet (<$15k),8159,11,89749
2022,Q2,2022-Q2,Qoraqalpog‘iston Res.,Chevrolet,Lacetti/Gentra,C-Sedan,Benzin,Mahalliy (Asaka),Byudjet (<$15k),13022,16,208352
2022,Q2,2022-Q2,Qoraqalpog‘iston Res.,Chevrolet,Tracker-2,B-SUV,Benzin (Turbo),Mahalliy (Asaka),O‘rta ($15k-$25k),20116,6,120696
2022,Q2,2022-Q2,Qoraqalpog‘iston Res.,Chevrolet,Onix,B-Sedan,Benzin (Turbo),Mahalliy (Asaka),O‘rta ($15k-$25k),16388,7,114716
2022,Q2,2022-Q2,Qoraqalpog‘iston Res.,Chevrolet,Malibu-2,D-Sedan,Benzin (Turbo),Mahalliy (Asaka),Yuqori-o‘rta ($25k-$40k),34118,1,34118
2022,Q2,2022-Q2,Qoraqalpog‘iston Res.,BYD,Song Plus DM-i,C-SUV,Gibrid (PHEV),Gibrid/Yig‘uv (Jizzax),Yuqori-o‘rta ($25k-$40k),30261,1,30261
2022,Q2,2022-Q2,Qoraqalpog‘iston Res.,BYD,Chazor (Destroyer 05),C-Sedan,Gibrid (PHEV),Gibrid/Yig‘uv (Jizzax),O‘rta ($15k-$25k),22977,2,45954
2022,Q2,2022-Q2,Qoraqalpog‘iston Res.,BYD,Song Plus EV,C-SUV,Elektromobil (EV),Import (Xitoy),Yuqori-o‘rta ($25k-$40k),33895,1,33895
2022,Q2,2022-Q2,Qoraqalpog‘iston Res.,BYD,Han,E-Sedan,Elektromobil (EV),Import (Xitoy),Premium (>$40k),48323,1,48323
2022,Q2,2022-Q2,Qoraqalpog‘iston Res.,Chery,Tiggo 7 Pro,C-SUV,Benzin (Turbo),Mahalliy yig‘uv (ADM Jizzax),Yuqori-o‘rta ($25k-$40k),25518,1,25518
2022,Q2,2022-Q2,Qoraqalpog‘iston Res.,Chery,Arrizo 6 Pro,C-Sedan,Benzin (Turbo),Mahalliy yig‘uv (ADM Jizzax),O‘rta ($15k-$25k),20193,1,20193
2022,Q2,2022-Q2,Qoraqalpog‘iston Res.,Chery,Tiggo 8 Pro,Mid-SUV,Benzin (Turbo),Mahalliy yig‘uv (ADM Jizzax),Yuqori-o‘rta ($25k-$40k),32173,1,32173
2022,Q2,2022-Q2,Qoraqalpog‘iston Res.,Haval,Jolion,B-SUV,Benzin (Turbo),Mahalliy yig‘uv (ADM Jizzax),O‘rta ($15k-$25k),22509,1,22509
2022,Q2,2022-Q2,Qoraqalpog‘iston Res.,Haval,M6,C-SUV,Benzin,Mahalliy yig‘uv (ADM Jizzax),O‘rta ($15k-$25k),18905,1,18905
2022,Q2,2022-Q2,Qoraqalpog‘iston Res.,Haval,H6,C-SUV,Benzin (Turbo),Mahalliy yig‘uv (ADM Jizzax),Yuqori-o‘rta ($25k-$40k),28680,2,57360
2022,Q2,2022-Q2,Qoraqalpog‘iston Res.,Kia,Sonet,B-SUV,Benzin,Mahalliy yig‘uv (ADM Jizzax),O‘rta ($15k-$25k),17306,1,17306
2022,Q2,2022-Q2,Qoraqalpog‘iston Res.,Kia,K5,D-Sedan,Benzin,Mahalliy yig‘uv (ADM Jizzax),Yuqori-o‘rta ($25k-$40k),32357,1,32357
2022,Q2,2022-Q2,Qoraqalpog‘iston Res.,Kia,Sportage,C-SUV,Benzin,Mahalliy yig‘uv (ADM Jizzax),Yuqori-o‘rta ($25k-$40k),33825,1,33825
2022,Q2,2022-Q2,Qoraqalpog‘iston Res.,Geely,Monjaro,Mid-SUV,Benzin (Turbo),Import (Xitoy),Yuqori-o‘rta ($25k-$40k),34803,1,34803
2022,Q2,2022-Q2,Qoraqalpog‘iston Res.,Jetour,Dashing,C-SUV,Benzin (Turbo),Import (Xitoy),Yuqori-o‘rta ($25k-$40k),25898,1,25898
2022,Q3,2022-Q3,Toshkent shahri,Chevrolet,Cobalt,B-Sedan,Benzin,Mahalliy (Asaka),Byudjet (<$15k),11674,408,4762992
2022,Q3,2022-Q3,Toshkent shahri,Chevrolet,Damas,Mini-Van,Benzin,Mahalliy (Pitnak),Byudjet (<$15k),8584,74,635216
2022,Q3,2022-Q3,Toshkent shahri,Chevrolet,Labo,Mini-Truck,Benzin,Mahalliy (Pitnak),Byudjet (<$15k),7929,37,293373
2022,Q3,2022-Q3,Toshkent shahri,Chevrolet,Lacetti/Gentra,C-Sedan,Benzin,Mahalliy (Asaka),Byudjet (<$15k),12974,384,4982016
2022,Q3,2022-Q3,Toshkent shahri,Chevrolet,Tracker-2,B-SUV,Benzin (Turbo),Mahalliy (Asaka),O‘rta ($15k-$25k),20188,137,2765756
2022,Q3,2022-Q3,Toshkent shahri,Chevrolet,Onix,B-Sedan,Benzin (Turbo),Mahalliy (Asaka),O‘rta ($15k-$25k),16356,154,2518824
2022,Q3,2022-Q3,Toshkent shahri,Chevrolet,Malibu-2,D-Sedan,Benzin (Turbo),Mahalliy (Asaka),Yuqori-o‘rta ($25k-$40k),33820,38,1285160
2022,Q3,2022-Q3,Toshkent shahri,BYD,Song Plus DM-i,C-SUV,Gibrid (PHEV),Gibrid/Yig‘uv (Jizzax),Yuqori-o‘rta ($25k-$40k),30152,83,2502616
2022,Q3,2022-Q3,Toshkent shahri,BYD,Chazor (Destroyer 05),C-Sedan,Gibrid (PHEV),Gibrid/Yig‘uv (Jizzax),O‘rta ($15k-$25k),23473,77,1807421
2022,Q3,2022-Q3,Toshkent shahri,BYD,Song Plus EV,C-SUV,Elektromobil (EV),Import (Xitoy),Yuqori-o‘rta ($25k-$40k),34358,12,412296
2022,Q3,2022-Q3,Toshkent shahri,BYD,Han,E-Sedan,Elektromobil (EV),Import (Xitoy),Premium (>$40k),48526,6,291156
2022,Q3,2022-Q3,Toshkent shahri,Chery,Tiggo 7 Pro,C-SUV,Benzin (Turbo),Mahalliy yig‘uv (ADM Jizzax),Yuqori-o‘rta ($25k-$40k),25461,16,407376
2022,Q3,2022-Q3,Toshkent shahri,Chery,Arrizo 6 Pro,C-Sedan,Benzin (Turbo),Mahalliy yig‘uv (ADM Jizzax),O‘rta ($15k-$25k),20070,12,240840
2022,Q3,2022-Q3,Toshkent shahri,Chery,Tiggo 8 Pro,Mid-SUV,Benzin (Turbo),Mahalliy yig‘uv (ADM Jizzax),Yuqori-o‘rta ($25k-$40k),32007,8,256056
2022,Q3,2022-Q3,Toshkent shahri,Haval,Jolion,B-SUV,Benzin (Turbo),Mahalliy yig‘uv (ADM Jizzax),O‘rta ($15k-$25k),22444,13,291772
2022,Q3,2022-Q3,Toshkent shahri,Haval,M6,C-SUV,Benzin,Mahalliy yig‘uv (ADM Jizzax),O‘rta ($15k-$25k),18692,15,280380
2022,Q3,2022-Q3,Toshkent shahri,Haval,H6,C-SUV,Benzin (Turbo),Mahalliy yig‘uv (ADM Jizzax),Yuqori-o‘rta ($25k-$40k),28473,8,227784
2022,Q3,2022-Q3,Toshkent shahri,Kia,Sonet,B-SUV,Benzin,Mahalliy yig‘uv (ADM Jizzax),O‘rta ($15k-$25k),17349,31,537819
2022,Q3,2022-Q3,Toshkent shahri,Kia,K5,D-Sedan,Benzin,Mahalliy yig‘uv (ADM Jizzax),Yuqori-o‘rta ($25k-$40k),32480,14,454720
2022,Q3,2022-Q3,Toshkent shahri,Kia,Sportage,C-SUV,Benzin,Mahalliy yig‘uv (ADM Jizzax),Yuqori-o‘rta ($25k-$40k),33823,11,372053
2022,Q3,2022-Q3,Toshkent shahri,Geely,Monjaro,Mid-SUV,Benzin (Turbo),Import (Xitoy),Yuqori-o‘rta ($25k-$40k),34845,6,209070
2022,Q3,2022-Q3,Toshkent shahri,Jetour,Dashing,C-SUV,Benzin (Turbo),Import (Xitoy),Yuqori-o‘rta ($25k-$40k),25814,7,180698
2022,Q3,2022-Q3,Toshkent viloyati,Chevrolet,Cobalt,B-Sedan,Benzin,Mahalliy (Asaka),Byudjet (<$15k),11572,163,1886236
2022,Q3,2022-Q3,Toshkent viloyati,Chevrolet,Damas,Mini-Van,Benzin,Mahalliy (Pitnak),Byudjet (<$15k),8681,147,1276107
2022,Q3,2022-Q3,Toshkent viloyati,Chevrolet,Labo,Mini-Truck,Benzin,Mahalliy (Pitnak),Byudjet (<$15k),7965,74,589410
2022,Q3,2022-Q3,Toshkent viloyati,Chevrolet,Lacetti/Gentra,C-Sedan,Benzin,Mahalliy (Asaka),Byudjet (<$15k),13118,163,2138234
2022,Q3,2022-Q3,Toshkent viloyati,Chevrolet,Tracker-2,B-SUV,Benzin (Turbo),Mahalliy (Asaka),O‘rta ($15k-$25k),20035,44,881540
2022,Q3,2022-Q3,Toshkent viloyati,Chevrolet,Onix,B-Sedan,Benzin (Turbo),Mahalliy (Asaka),O‘rta ($15k-$25k),16318,60,979080
2022,Q3,2022-Q3,Toshkent viloyati,Chevrolet,Malibu-2,D-Sedan,Benzin (Turbo),Mahalliy (Asaka),Yuqori-o‘rta ($25k-$40k),34008,7,238056
2022,Q3,2022-Q3,Toshkent viloyati,BYD,Song Plus DM-i,C-SUV,Gibrid (PHEV),Gibrid/Yig‘uv (Jizzax),Yuqori-o‘rta ($25k-$40k),29921,15,448815
2022,Q3,2022-Q3,Toshkent viloyati,BYD,Chazor (Destroyer 05),C-Sedan,Gibrid (PHEV),Gibrid/Yig‘uv (Jizzax),O‘rta ($15k-$25k),23037,12,276444
2022,Q3,2022-Q3,Toshkent viloyati,BYD,Song Plus EV,C-SUV,Elektromobil (EV),Import (Xitoy),Yuqori-o‘rta ($25k-$40k),34065,1,34065
2022,Q3,2022-Q3,Toshkent viloyati,BYD,Han,E-Sedan,Elektromobil (EV),Import (Xitoy),Premium (>$40k),48101,2,96202
2022,Q3,2022-Q3,Toshkent viloyati,Chery,Tiggo 7 Pro,C-SUV,Benzin (Turbo),Mahalliy yig‘uv (ADM Jizzax),Yuqori-o‘rta ($25k-$40k),25691,7,179837
2022,Q3,2022-Q3,Toshkent viloyati,Chery,Arrizo 6 Pro,C-Sedan,Benzin (Turbo),Mahalliy yig‘uv (ADM Jizzax),O‘rta ($15k-$25k),19840,6,119040
2022,Q3,2022-Q3,Toshkent viloyati,Chery,Tiggo 8 Pro,Mid-SUV,Benzin (Turbo),Mahalliy yig‘uv (ADM Jizzax),Yuqori-o‘rta ($25k-$40k),31875,3,95625
2022,Q3,2022-Q3,Toshkent viloyati,Haval,Jolion,B-SUV,Benzin (Turbo),Mahalliy yig‘uv (ADM Jizzax),O‘rta ($15k-$25k),22447,8,179576
2022,Q3,2022-Q3,Toshkent viloyati,Haval,M6,C-SUV,Benzin,Mahalliy yig‘uv (ADM Jizzax),O‘rta ($15k-$25k),18760,6,112560
2022,Q3,2022-Q3,Toshkent viloyati,Haval,H6,C-SUV,Benzin (Turbo),Mahalliy yig‘uv (ADM Jizzax),Yuqori-o‘rta ($25k-$40k),28652,2,57304
2022,Q3,2022-Q3,Toshkent viloyati,Kia,Sonet,B-SUV,Benzin,Mahalliy yig‘uv (ADM Jizzax),O‘rta ($15k-$25k),17301,11,190311
2022,Q3,2022-Q3,Toshkent viloyati,Kia,K5,D-Sedan,Benzin,Mahalliy yig‘uv (ADM Jizzax),Yuqori-o‘rta ($25k-$40k),32376,6,194256
2022,Q3,2022-Q3,Toshkent viloyati,Kia,Sportage,C-SUV,Benzin,Mahalliy yig‘uv (ADM Jizzax),Yuqori-o‘rta ($25k-$40k),33915,4,135660
2022,Q3,2022-Q3,Toshkent viloyati,Geely,Monjaro,Mid-SUV,Benzin (Turbo),Import (Xitoy),Yuqori-o‘rta ($25k-$40k),34965,1,34965
2022,Q3,2022-Q3,Toshkent viloyati,Jetour,Dashing,C-SUV,Benzin (Turbo),Import (Xitoy),Yuqori-o‘rta ($25k-$40k),26158,1,26158
2022,Q3,2022-Q3,Samarqand,Chevrolet,Cobalt,B-Sedan,Benzin,Mahalliy (Asaka),Byudjet (<$15k),11442,221,2528682
2022,Q3,2022-Q3,Samarqand,Chevrolet,Damas,Mini-Van,Benzin,Mahalliy (Pitnak),Byudjet (<$15k),8405,124,1042220
2022,Q3,2022-Q3,Samarqand,Chevrolet,Labo,Mini-Truck,Benzin,Mahalliy (Pitnak),Byudjet (<$15k),8189,80,655120
2022,Q3,2022-Q3,Samarqand,Chevrolet,Lacetti/Gentra,C-Sedan,Benzin,Mahalliy (Asaka),Byudjet (<$15k),12808,181,2318248
2022,Q3,2022-Q3,Samarqand,Chevrolet,Tracker-2,B-SUV,Benzin (Turbo),Mahalliy (Asaka),O‘rta ($15k-$25k),19913,51,1015563
2022,Q3,2022-Q3,Samarqand,Chevrolet,Onix,B-Sedan,Benzin (Turbo),Mahalliy (Asaka),O‘rta ($15k-$25k),16292,51,830892
2022,Q3,2022-Q3,Samarqand,Chevrolet,Malibu-2,D-Sedan,Benzin (Turbo),Mahalliy (Asaka),Yuqori-o‘rta ($25k-$40k),34182,7,239274
2022,Q3,2022-Q3,Samarqand,BYD,Song Plus DM-i,C-SUV,Gibrid (PHEV),Gibrid/Yig‘uv (Jizzax),Yuqori-o‘rta ($25k-$40k),29856,19,567264
2022,Q3,2022-Q3,Samarqand,BYD,Chazor (Destroyer 05),C-Sedan,Gibrid (PHEV),Gibrid/Yig‘uv (Jizzax),O‘rta ($15k-$25k),23089,13,300157
2022,Q3,2022-Q3,Samarqand,BYD,Song Plus EV,C-SUV,Elektromobil (EV),Import (Xitoy),Yuqori-o‘rta ($25k-$40k),34013,3,102039
2022,Q3,2022-Q3,Samarqand,BYD,Han,E-Sedan,Elektromobil (EV),Import (Xitoy),Premium (>$40k),48126,1,48126
2022,Q3,2022-Q3,Samarqand,Chery,Tiggo 7 Pro,C-SUV,Benzin (Turbo),Mahalliy yig‘uv (ADM Jizzax),Yuqori-o‘rta ($25k-$40k),25596,7,179172
2022,Q3,2022-Q3,Samarqand,Chery,Arrizo 6 Pro,C-Sedan,Benzin (Turbo),Mahalliy yig‘uv (ADM Jizzax),O‘rta ($15k-$25k),19811,4,79244
2022,Q3,2022-Q3,Samarqand,Chery,Tiggo 8 Pro,Mid-SUV,Benzin (Turbo),Mahalliy yig‘uv (ADM Jizzax),Yuqori-o‘rta ($25k-$40k),31886,1,31886
2022,Q3,2022-Q3,Samarqand,Haval,Jolion,B-SUV,Benzin (Turbo),Mahalliy yig‘uv (ADM Jizzax),O‘rta ($15k-$25k),22542,4,90168
2022,Q3,2022-Q3,Samarqand,Haval,M6,C-SUV,Benzin,Mahalliy yig‘uv (ADM Jizzax),O‘rta ($15k-$25k),18721,7,131047
2022,Q3,2022-Q3,Samarqand,Haval,H6,C-SUV,Benzin (Turbo),Mahalliy yig‘uv (ADM Jizzax),Yuqori-o‘rta ($25k-$40k),28472,2,56944
2022,Q3,2022-Q3,Samarqand,Kia,Sonet,B-SUV,Benzin,Mahalliy yig‘uv (ADM Jizzax),O‘rta ($15k-$25k),17691,8,141528
2022,Q3,2022-Q3,Samarqand,Kia,K5,D-Sedan,Benzin,Mahalliy yig‘uv (ADM Jizzax),Yuqori-o‘rta ($25k-$40k),32587,4,130348
2022,Q3,2022-Q3,Samarqand,Kia,Sportage,C-SUV,Benzin,Mahalliy yig‘uv (ADM Jizzax),Yuqori-o‘rta ($25k-$40k),34106,4,136424
2022,Q3,2022-Q3,Samarqand,Geely,Monjaro,Mid-SUV,Benzin (Turbo),Import (Xitoy),Yuqori-o‘rta ($25k-$40k),35111,1,35111
2022,Q3,2022-Q3,Samarqand,Jetour,Dashing,C-SUV,Benzin (Turbo),Import (Xitoy),Yuqori-o‘rta ($25k-$40k),26160,3,78480
2022,Q3,2022-Q3,Farg‘ona,Chevrolet,Cobalt,B-Sedan,Benzin,Mahalliy (Asaka),Byudjet (<$15k),11542,135,1558170
2022,Q3,2022-Q3,Farg‘ona,Chevrolet,Damas,Mini-Van,Benzin,Mahalliy (Pitnak),Byudjet (<$15k),8334,267,2225178
2022,Q3,2022-Q3,Farg‘ona,Chevrolet,Labo,Mini-Truck,Benzin,Mahalliy (Pitnak),Byudjet (<$15k),8006,137,1096822
2022,Q3,2022-Q3,Farg‘ona,Chevrolet,Lacetti/Gentra,C-Sedan,Benzin,Mahalliy (Asaka),Byudjet (<$15k),13152,103,1354656
2022,Q3,2022-Q3,Farg‘ona,Chevrolet,Tracker-2,B-SUV,Benzin (Turbo),Mahalliy (Asaka),O‘rta ($15k-$25k),19808,39,772512
2022,Q3,2022-Q3,Farg‘ona,Chevrolet,Onix,B-Sedan,Benzin (Turbo),Mahalliy (Asaka),O‘rta ($15k-$25k),15998,46,735908
2022,Q3,2022-Q3,Farg‘ona,Chevrolet,Malibu-2,D-Sedan,Benzin (Turbo),Mahalliy (Asaka),Yuqori-o‘rta ($25k-$40k),34163,4,136652
2022,Q3,2022-Q3,Farg‘ona,BYD,Song Plus DM-i,C-SUV,Gibrid (PHEV),Gibrid/Yig‘uv (Jizzax),Yuqori-o‘rta ($25k-$40k),30231,11,332541
2022,Q3,2022-Q3,Farg‘ona,BYD,Chazor (Destroyer 05),C-Sedan,Gibrid (PHEV),Gibrid/Yig‘uv (Jizzax),O‘rta ($15k-$25k),23119,9,208071
2022,Q3,2022-Q3,Farg‘ona,BYD,Song Plus EV,C-SUV,Elektromobil (EV),Import (Xitoy),Yuqori-o‘rta ($25k-$40k),33949,1,33949
2022,Q3,2022-Q3,Farg‘ona,BYD,Han,E-Sedan,Elektromobil (EV),Import (Xitoy),Premium (>$40k),48577,1,48577
2022,Q3,2022-Q3,Farg‘ona,Chery,Tiggo 7 Pro,C-SUV,Benzin (Turbo),Mahalliy yig‘uv (ADM Jizzax),Yuqori-o‘rta ($25k-$40k),25634,7,179438
2022,Q3,2022-Q3,Farg‘ona,Chery,Arrizo 6 Pro,C-Sedan,Benzin (Turbo),Mahalliy yig‘uv (ADM Jizzax),O‘rta ($15k-$25k),20042,4,80168
2022,Q3,2022-Q3,Farg‘ona,Chery,Tiggo 8 Pro,Mid-SUV,Benzin (Turbo),Mahalliy yig‘uv (ADM Jizzax),Yuqori-o‘rta ($25k-$40k),32170,3,96510
2022,Q3,2022-Q3,Farg‘ona,Haval,Jolion,B-SUV,Benzin (Turbo),Mahalliy yig‘uv (ADM Jizzax),O‘rta ($15k-$25k),22430,3,67290
2022,Q3,2022-Q3,Farg‘ona,Haval,M6,C-SUV,Benzin,Mahalliy yig‘uv (ADM Jizzax),O‘rta ($15k-$25k),18836,3,56508
2022,Q3,2022-Q3,Farg‘ona,Haval,H6,C-SUV,Benzin (Turbo),Mahalliy yig‘uv (ADM Jizzax),Yuqori-o‘rta ($25k-$40k),28524,3,85572
2022,Q3,2022-Q3,Farg‘ona,Kia,Sonet,B-SUV,Benzin,Mahalliy yig‘uv (ADM Jizzax),O‘rta ($15k-$25k),17654,9,158886
2022,Q3,2022-Q3,Farg‘ona,Kia,K5,D-Sedan,Benzin,Mahalliy yig‘uv (ADM Jizzax),Yuqori-o‘rta ($25k-$40k),32386,3,97158
2022,Q3,2022-Q3,Farg‘ona,Kia,Sportage,C-SUV,Benzin,Mahalliy yig‘uv (ADM Jizzax),Yuqori-o‘rta ($25k-$40k),34097,4,136388
2022,Q3,2022-Q3,Farg‘ona,Geely,Monjaro,Mid-SUV,Benzin (Turbo),Import (Xitoy),Yuqori-o‘rta ($25k-$40k),34840,2,69680
2022,Q3,2022-Q3,Farg‘ona,Jetour,Dashing,C-SUV,Benzin (Turbo),Import (Xitoy),Yuqori-o‘rta ($25k-$40k),26117,2,52234
2022,Q3,2022-Q3,Andijon,Chevrolet,Cobalt,B-Sedan,Benzin,Mahalliy (Asaka),Byudjet (<$15k),11313,127,1436751
2022,Q3,2022-Q3,Andijon,Chevrolet,Damas,Mini-Van,Benzin,Mahalliy (Pitnak),Byudjet (<$15k),8530,221,1885130
2022,Q3,2022-Q3,Andijon,Chevrolet,Labo,Mini-Truck,Benzin,Mahalliy (Pitnak),Byudjet (<$15k),8125,138,1121250
2022,Q3,2022-Q3,Andijon,Chevrolet,Lacetti/Gentra,C-Sedan,Benzin,Mahalliy (Asaka),Byudjet (<$15k),12944,89,1152016
2022,Q3,2022-Q3,Andijon,Chevrolet,Tracker-2,B-SUV,Benzin (Turbo),Mahalliy (Asaka),O‘rta ($15k-$25k),19715,37,729455
2022,Q3,2022-Q3,Andijon,Chevrolet,Onix,B-Sedan,Benzin (Turbo),Mahalliy (Asaka),O‘rta ($15k-$25k),16137,39,629343
2022,Q3,2022-Q3,Andijon,Chevrolet,Malibu-2,D-Sedan,Benzin (Turbo),Mahalliy (Asaka),Yuqori-o‘rta ($25k-$40k),33963,4,135852
2022,Q3,2022-Q3,Andijon,BYD,Song Plus DM-i,C-SUV,Gibrid (PHEV),Gibrid/Yig‘uv (Jizzax),Yuqori-o‘rta ($25k-$40k),30150,12,361800
2022,Q3,2022-Q3,Andijon,BYD,Chazor (Destroyer 05),C-Sedan,Gibrid (PHEV),Gibrid/Yig‘uv (Jizzax),O‘rta ($15k-$25k),22709,7,158963
2022,Q3,2022-Q3,Andijon,BYD,Song Plus EV,C-SUV,Elektromobil (EV),Import (Xitoy),Yuqori-o‘rta ($25k-$40k),34406,1,34406
2022,Q3,2022-Q3,Andijon,BYD,Han,E-Sedan,Elektromobil (EV),Import (Xitoy),Premium (>$40k),48604,1,48604
2022,Q3,2022-Q3,Andijon,Chery,Tiggo 7 Pro,C-SUV,Benzin (Turbo),Mahalliy yig‘uv (ADM Jizzax),Yuqori-o‘rta ($25k-$40k),25565,4,102260
2022,Q3,2022-Q3,Andijon,Chery,Arrizo 6 Pro,C-Sedan,Benzin (Turbo),Mahalliy yig‘uv (ADM Jizzax),O‘rta ($15k-$25k),19932,2,39864
2022,Q3,2022-Q3,Andijon,Chery,Tiggo 8 Pro,Mid-SUV,Benzin (Turbo),Mahalliy yig‘uv (ADM Jizzax),Yuqori-o‘rta ($25k-$40k),32075,2,64150
2022,Q3,2022-Q3,Andijon,Haval,Jolion,B-SUV,Benzin (Turbo),Mahalliy yig‘uv (ADM Jizzax),O‘rta ($15k-$25k),22612,4,90448
2022,Q3,2022-Q3,Andijon,Haval,M6,C-SUV,Benzin,Mahalliy yig‘uv (ADM Jizzax),O‘rta ($15k-$25k),18663,4,74652
2022,Q3,2022-Q3,Andijon,Haval,H6,C-SUV,Benzin (Turbo),Mahalliy yig‘uv (ADM Jizzax),Yuqori-o‘rta ($25k-$40k),28406,1,28406
2022,Q3,2022-Q3,Andijon,Kia,Sonet,B-SUV,Benzin,Mahalliy yig‘uv (ADM Jizzax),O‘rta ($15k-$25k),17474,7,122318
2022,Q3,2022-Q3,Andijon,Kia,K5,D-Sedan,Benzin,Mahalliy yig‘uv (ADM Jizzax),Yuqori-o‘rta ($25k-$40k),32419,3,97257
2022,Q3,2022-Q3,Andijon,Kia,Sportage,C-SUV,Benzin,Mahalliy yig‘uv (ADM Jizzax),Yuqori-o‘rta ($25k-$40k),33843,4,135372
2022,Q3,2022-Q3,Andijon,Geely,Monjaro,Mid-SUV,Benzin (Turbo),Import (Xitoy),Yuqori-o‘rta ($25k-$40k),35189,2,70378
2022,Q3,2022-Q3,Andijon,Jetour,Dashing,C-SUV,Benzin (Turbo),Import (Xitoy),Yuqori-o‘rta ($25k-$40k),25907,1,25907
2022,Q3,2022-Q3,Namangan,Chevrolet,Cobalt,B-Sedan,Benzin,Mahalliy (Asaka),Byudjet (<$15k),11633,108,1256364
2022,Q3,2022-Q3,Namangan,Chevrolet,Damas,Mini-Van,Benzin,Mahalliy (Pitnak),Byudjet (<$15k),8429,208,1753232
2022,Q3,2022-Q3,Namangan,Chevrolet,Labo,Mini-Truck,Benzin,Mahalliy (Pitnak),Byudjet (<$15k),8081,108,872748
2022,Q3,2022-Q3,Namangan,Chevrolet,Lacetti/Gentra,C-Sedan,Benzin,Mahalliy (Asaka),Byudjet (<$15k),13084,87,1138308
2022,Q3,2022-Q3,Namangan,Chevrolet,Tracker-2,B-SUV,Benzin (Turbo),Mahalliy (Asaka),O‘rta ($15k-$25k),20134,28,563752
2022,Q3,2022-Q3,Namangan,Chevrolet,Onix,B-Sedan,Benzin (Turbo),Mahalliy (Asaka),O‘rta ($15k-$25k),16033,36,577188
2022,Q3,2022-Q3,Namangan,Chevrolet,Malibu-2,D-Sedan,Benzin (Turbo),Mahalliy (Asaka),Yuqori-o‘rta ($25k-$40k),34005,4,136020
2022,Q3,2022-Q3,Namangan,BYD,Song Plus DM-i,C-SUV,Gibrid (PHEV),Gibrid/Yig‘uv (Jizzax),Yuqori-o‘rta ($25k-$40k),29861,7,209027
2022,Q3,2022-Q3,Namangan,BYD,Chazor (Destroyer 05),C-Sedan,Gibrid (PHEV),Gibrid/Yig‘uv (Jizzax),O‘rta ($15k-$25k),22884,7,160188
2022,Q3,2022-Q3,Namangan,BYD,Song Plus EV,C-SUV,Elektromobil (EV),Import (Xitoy),Yuqori-o‘rta ($25k-$40k),33738,1,33738
2022,Q3,2022-Q3,Namangan,BYD,Han,E-Sedan,Elektromobil (EV),Import (Xitoy),Premium (>$40k),48177,1,48177
2022,Q3,2022-Q3,Namangan,Chery,Tiggo 7 Pro,C-SUV,Benzin (Turbo),Mahalliy yig‘uv (ADM Jizzax),Yuqori-o‘rta ($25k-$40k),25593,1,25593
2022,Q3,2022-Q3,Namangan,Chery,Arrizo 6 Pro,C-Sedan,Benzin (Turbo),Mahalliy yig‘uv (ADM Jizzax),O‘rta ($15k-$25k),20033,4,80132
2022,Q3,2022-Q3,Namangan,Chery,Tiggo 8 Pro,Mid-SUV,Benzin (Turbo),Mahalliy yig‘uv (ADM Jizzax),Yuqori-o‘rta ($25k-$40k),32179,1,32179
2022,Q3,2022-Q3,Namangan,Haval,Jolion,B-SUV,Benzin (Turbo),Mahalliy yig‘uv (ADM Jizzax),O‘rta ($15k-$25k),22651,3,67953
2022,Q3,2022-Q3,Namangan,Haval,M6,C-SUV,Benzin,Mahalliy yig‘uv (ADM Jizzax),O‘rta ($15k-$25k),18957,3,56871
2022,Q3,2022-Q3,Namangan,Haval,H6,C-SUV,Benzin (Turbo),Mahalliy yig‘uv (ADM Jizzax),Yuqori-o‘rta ($25k-$40k),28589,1,28589
2022,Q3,2022-Q3,Namangan,Kia,Sonet,B-SUV,Benzin,Mahalliy yig‘uv (ADM Jizzax),O‘rta ($15k-$25k),17492,7,122444
2022,Q3,2022-Q3,Namangan,Kia,K5,D-Sedan,Benzin,Mahalliy yig‘uv (ADM Jizzax),Yuqori-o‘rta ($25k-$40k),32444,3,97332
2022,Q3,2022-Q3,Namangan,Kia,Sportage,C-SUV,Benzin,Mahalliy yig‘uv (ADM Jizzax),Yuqori-o‘rta ($25k-$40k),33825,4,135300
2022,Q3,2022-Q3,Namangan,Geely,Monjaro,Mid-SUV,Benzin (Turbo),Import (Xitoy),Yuqori-o‘rta ($25k-$40k),34875,1,34875
2022,Q3,2022-Q3,Namangan,Jetour,Dashing,C-SUV,Benzin (Turbo),Import (Xitoy),Yuqori-o‘rta ($25k-$40k),26127,2,52254
2022,Q3,2022-Q3,Buxoro,Chevrolet,Cobalt,B-Sedan,Benzin,Mahalliy (Asaka),Byudjet (<$15k),11441,132,1510212
2022,Q3,2022-Q3,Buxoro,Chevrolet,Damas,Mini-Van,Benzin,Mahalliy (Pitnak),Byudjet (<$15k),8352,81,676512
2022,Q3,2022-Q3,Buxoro,Chevrolet,Labo,Mini-Truck,Benzin,Mahalliy (Pitnak),Byudjet (<$15k),8019,46,368874
2022,Q3,2022-Q3,Buxoro,Chevrolet,Lacetti/Gentra,C-Sedan,Benzin,Mahalliy (Asaka),Byudjet (<$15k),12991,116,1506956
2022,Q3,2022-Q3,Buxoro,Chevrolet,Tracker-2,B-SUV,Benzin (Turbo),Mahalliy (Asaka),O‘rta ($15k-$25k),20234,29,586786
2022,Q3,2022-Q3,Buxoro,Chevrolet,Onix,B-Sedan,Benzin (Turbo),Mahalliy (Asaka),O‘rta ($15k-$25k),16563,29,480327
2022,Q3,2022-Q3,Buxoro,Chevrolet,Malibu-2,D-Sedan,Benzin (Turbo),Mahalliy (Asaka),Yuqori-o‘rta ($25k-$40k),33897,3,101691
2022,Q3,2022-Q3,Buxoro,BYD,Song Plus DM-i,C-SUV,Gibrid (PHEV),Gibrid/Yig‘uv (Jizzax),Yuqori-o‘rta ($25k-$40k),30230,10,302300
2022,Q3,2022-Q3,Buxoro,BYD,Chazor (Destroyer 05),C-Sedan,Gibrid (PHEV),Gibrid/Yig‘uv (Jizzax),O‘rta ($15k-$25k),23096,8,184768
2022,Q3,2022-Q3,Buxoro,BYD,Song Plus EV,C-SUV,Elektromobil (EV),Import (Xitoy),Yuqori-o‘rta ($25k-$40k),33978,1,33978
2022,Q3,2022-Q3,Buxoro,BYD,Han,E-Sedan,Elektromobil (EV),Import (Xitoy),Premium (>$40k),48343,1,48343
2022,Q3,2022-Q3,Buxoro,Chery,Tiggo 7 Pro,C-SUV,Benzin (Turbo),Mahalliy yig‘uv (ADM Jizzax),Yuqori-o‘rta ($25k-$40k),25609,3,76827
2022,Q3,2022-Q3,Buxoro,Chery,Arrizo 6 Pro,C-Sedan,Benzin (Turbo),Mahalliy yig‘uv (ADM Jizzax),O‘rta ($15k-$25k),19864,1,19864
2022,Q3,2022-Q3,Buxoro,Chery,Tiggo 8 Pro,Mid-SUV,Benzin (Turbo),Mahalliy yig‘uv (ADM Jizzax),Yuqori-o‘rta ($25k-$40k),31875,2,63750
2022,Q3,2022-Q3,Buxoro,Haval,Jolion,B-SUV,Benzin (Turbo),Mahalliy yig‘uv (ADM Jizzax),O‘rta ($15k-$25k),22615,4,90460
2022,Q3,2022-Q3,Buxoro,Haval,M6,C-SUV,Benzin,Mahalliy yig‘uv (ADM Jizzax),O‘rta ($15k-$25k),18692,5,93460
2022,Q3,2022-Q3,Buxoro,Haval,H6,C-SUV,Benzin (Turbo),Mahalliy yig‘uv (ADM Jizzax),Yuqori-o‘rta ($25k-$40k),28590,1,28590
2022,Q3,2022-Q3,Buxoro,Kia,Sonet,B-SUV,Benzin,Mahalliy yig‘uv (ADM Jizzax),O‘rta ($15k-$25k),17401,6,104406
2022,Q3,2022-Q3,Buxoro,Kia,K5,D-Sedan,Benzin,Mahalliy yig‘uv (ADM Jizzax),Yuqori-o‘rta ($25k-$40k),32409,3,97227
2022,Q3,2022-Q3,Buxoro,Kia,Sportage,C-SUV,Benzin,Mahalliy yig‘uv (ADM Jizzax),Yuqori-o‘rta ($25k-$40k),34129,1,34129
2022,Q3,2022-Q3,Buxoro,Geely,Monjaro,Mid-SUV,Benzin (Turbo),Import (Xitoy),Yuqori-o‘rta ($25k-$40k),34884,1,34884
2022,Q3,2022-Q3,Buxoro,Jetour,Dashing,C-SUV,Benzin (Turbo),Import (Xitoy),Yuqori-o‘rta ($25k-$40k),26081,3,78243
2022,Q3,2022-Q3,Qashqadaryo,Chevrolet,Cobalt,B-Sedan,Benzin,Mahalliy (Asaka),Byudjet (<$15k),11527,70,806890
2022,Q3,2022-Q3,Qashqadaryo,Chevrolet,Damas,Mini-Van,Benzin,Mahalliy (Pitnak),Byudjet (<$15k),8570,68,582760
2022,Q3,2022-Q3,Qashqadaryo,Chevrolet,Labo,Mini-Truck,Benzin,Mahalliy (Pitnak),Byudjet (<$15k),8101,38,307838
2022,Q3,2022-Q3,Qashqadaryo,Chevrolet,Lacetti/Gentra,C-Sedan,Benzin,Mahalliy (Asaka),Byudjet (<$15k),13163,53,697639
2022,Q3,2022-Q3,Qashqadaryo,Chevrolet,Tracker-2,B-SUV,Benzin (Turbo),Mahalliy (Asaka),O‘rta ($15k-$25k),19700,23,453100
2022,Q3,2022-Q3,Qashqadaryo,Chevrolet,Onix,B-Sedan,Benzin (Turbo),Mahalliy (Asaka),O‘rta ($15k-$25k),16298,25,407450
2022,Q3,2022-Q3,Qashqadaryo,Chevrolet,Malibu-2,D-Sedan,Benzin (Turbo),Mahalliy (Asaka),Yuqori-o‘rta ($25k-$40k),34089,3,102267
2022,Q3,2022-Q3,Qashqadaryo,BYD,Song Plus DM-i,C-SUV,Gibrid (PHEV),Gibrid/Yig‘uv (Jizzax),Yuqori-o‘rta ($25k-$40k),30183,7,211281
2022,Q3,2022-Q3,Qashqadaryo,BYD,Chazor (Destroyer 05),C-Sedan,Gibrid (PHEV),Gibrid/Yig‘uv (Jizzax),O‘rta ($15k-$25k),23263,3,69789
2022,Q3,2022-Q3,Qashqadaryo,BYD,Song Plus EV,C-SUV,Elektromobil (EV),Import (Xitoy),Yuqori-o‘rta ($25k-$40k),34193,1,34193
2022,Q3,2022-Q3,Qashqadaryo,BYD,Han,E-Sedan,Elektromobil (EV),Import (Xitoy),Premium (>$40k),48290,1,48290
2022,Q3,2022-Q3,Qashqadaryo,Chery,Tiggo 7 Pro,C-SUV,Benzin (Turbo),Mahalliy yig‘uv (ADM Jizzax),Yuqori-o‘rta ($25k-$40k),25435,2,50870
2022,Q3,2022-Q3,Qashqadaryo,Chery,Arrizo 6 Pro,C-Sedan,Benzin (Turbo),Mahalliy yig‘uv (ADM Jizzax),O‘rta ($15k-$25k),19945,3,59835
2022,Q3,2022-Q3,Qashqadaryo,Chery,Tiggo 8 Pro,Mid-SUV,Benzin (Turbo),Mahalliy yig‘uv (ADM Jizzax),Yuqori-o‘rta ($25k-$40k),31801,1,31801
2022,Q3,2022-Q3,Qashqadaryo,Haval,Jolion,B-SUV,Benzin (Turbo),Mahalliy yig‘uv (ADM Jizzax),O‘rta ($15k-$25k),22644,1,22644
2022,Q3,2022-Q3,Qashqadaryo,Haval,M6,C-SUV,Benzin,Mahalliy yig‘uv (ADM Jizzax),O‘rta ($15k-$25k),18949,1,18949
2022,Q3,2022-Q3,Qashqadaryo,Haval,H6,C-SUV,Benzin (Turbo),Mahalliy yig‘uv (ADM Jizzax),Yuqori-o‘rta ($25k-$40k),28373,1,28373
2022,Q3,2022-Q3,Qashqadaryo,Kia,Sonet,B-SUV,Benzin,Mahalliy yig‘uv (ADM Jizzax),O‘rta ($15k-$25k),17338,4,69352
2022,Q3,2022-Q3,Qashqadaryo,Kia,K5,D-Sedan,Benzin,Mahalliy yig‘uv (ADM Jizzax),Yuqori-o‘rta ($25k-$40k),32611,4,130444
2022,Q3,2022-Q3,Qashqadaryo,Kia,Sportage,C-SUV,Benzin,Mahalliy yig‘uv (ADM Jizzax),Yuqori-o‘rta ($25k-$40k),34040,2,68080
2022,Q3,2022-Q3,Qashqadaryo,Geely,Monjaro,Mid-SUV,Benzin (Turbo),Import (Xitoy),Yuqori-o‘rta ($25k-$40k),34835,1,34835
2022,Q3,2022-Q3,Qashqadaryo,Jetour,Dashing,C-SUV,Benzin (Turbo),Import (Xitoy),Yuqori-o‘rta ($25k-$40k),25883,1,25883
2022,Q3,2022-Q3,Xorazm,Chevrolet,Cobalt,B-Sedan,Benzin,Mahalliy (Asaka),Byudjet (<$15k),11684,72,841248
2022,Q3,2022-Q3,Xorazm,Chevrolet,Damas,Mini-Van,Benzin,Mahalliy (Pitnak),Byudjet (<$15k),8471,118,999578
2022,Q3,2022-Q3,Xorazm,Chevrolet,Labo,Mini-Truck,Benzin,Mahalliy (Pitnak),Byudjet (<$15k),8178,63,515214
2022,Q3,2022-Q3,Xorazm,Chevrolet,Lacetti/Gentra,C-Sedan,Benzin,Mahalliy (Asaka),Byudjet (<$15k),12940,50,647000
2022,Q3,2022-Q3,Xorazm,Chevrolet,Tracker-2,B-SUV,Benzin (Turbo),Mahalliy (Asaka),O‘rta ($15k-$25k),19869,19,377511
2022,Q3,2022-Q3,Xorazm,Chevrolet,Onix,B-Sedan,Benzin (Turbo),Mahalliy (Asaka),O‘rta ($15k-$25k),16000,20,320000
2022,Q3,2022-Q3,Xorazm,Chevrolet,Malibu-2,D-Sedan,Benzin (Turbo),Mahalliy (Asaka),Yuqori-o‘rta ($25k-$40k),34177,3,102531
2022,Q3,2022-Q3,Xorazm,BYD,Song Plus DM-i,C-SUV,Gibrid (PHEV),Gibrid/Yig‘uv (Jizzax),Yuqori-o‘rta ($25k-$40k),30482,4,121928
2022,Q3,2022-Q3,Xorazm,BYD,Chazor (Destroyer 05),C-Sedan,Gibrid (PHEV),Gibrid/Yig‘uv (Jizzax),O‘rta ($15k-$25k),22992,2,45984
2022,Q3,2022-Q3,Xorazm,BYD,Song Plus EV,C-SUV,Elektromobil (EV),Import (Xitoy),Yuqori-o‘rta ($25k-$40k),34279,1,34279
2022,Q3,2022-Q3,Xorazm,BYD,Han,E-Sedan,Elektromobil (EV),Import (Xitoy),Premium (>$40k),48059,1,48059
2022,Q3,2022-Q3,Xorazm,Chery,Tiggo 7 Pro,C-SUV,Benzin (Turbo),Mahalliy yig‘uv (ADM Jizzax),Yuqori-o‘rta ($25k-$40k),25466,1,25466
2022,Q3,2022-Q3,Xorazm,Chery,Arrizo 6 Pro,C-Sedan,Benzin (Turbo),Mahalliy yig‘uv (ADM Jizzax),O‘rta ($15k-$25k),19963,1,19963
2022,Q3,2022-Q3,Xorazm,Chery,Tiggo 8 Pro,Mid-SUV,Benzin (Turbo),Mahalliy yig‘uv (ADM Jizzax),Yuqori-o‘rta ($25k-$40k),32041,1,32041
2022,Q3,2022-Q3,Xorazm,Haval,Jolion,B-SUV,Benzin (Turbo),Mahalliy yig‘uv (ADM Jizzax),O‘rta ($15k-$25k),22407,1,22407
2022,Q3,2022-Q3,Xorazm,Haval,M6,C-SUV,Benzin,Mahalliy yig‘uv (ADM Jizzax),O‘rta ($15k-$25k),18825,1,18825
2022,Q3,2022-Q3,Xorazm,Haval,H6,C-SUV,Benzin (Turbo),Mahalliy yig‘uv (ADM Jizzax),Yuqori-o‘rta ($25k-$40k),28449,3,85347
2022,Q3,2022-Q3,Xorazm,Kia,Sonet,B-SUV,Benzin,Mahalliy yig‘uv (ADM Jizzax),O‘rta ($15k-$25k),17592,2,35184
2022,Q3,2022-Q3,Xorazm,Kia,K5,D-Sedan,Benzin,Mahalliy yig‘uv (ADM Jizzax),Yuqori-o‘rta ($25k-$40k),32459,3,97377
2022,Q3,2022-Q3,Xorazm,Kia,Sportage,C-SUV,Benzin,Mahalliy yig‘uv (ADM Jizzax),Yuqori-o‘rta ($25k-$40k),33810,3,101430
2022,Q3,2022-Q3,Xorazm,Geely,Monjaro,Mid-SUV,Benzin (Turbo),Import (Xitoy),Yuqori-o‘rta ($25k-$40k),35053,1,35053
2022,Q3,2022-Q3,Xorazm,Jetour,Dashing,C-SUV,Benzin (Turbo),Import (Xitoy),Yuqori-o‘rta ($25k-$40k),26057,1,26057
2022,Q3,2022-Q3,Surxondaryo,Chevrolet,Cobalt,B-Sedan,Benzin,Mahalliy (Asaka),Byudjet (<$15k),11445,68,778260
2022,Q3,2022-Q3,Surxondaryo,Chevrolet,Damas,Mini-Van,Benzin,Mahalliy (Pitnak),Byudjet (<$15k),8622,47,405234
2022,Q3,2022-Q3,Surxondaryo,Chevrolet,Labo,Mini-Truck,Benzin,Mahalliy (Pitnak),Byudjet (<$15k),8040,24,192960
2022,Q3,2022-Q3,Surxondaryo,Chevrolet,Lacetti/Gentra,C-Sedan,Benzin,Mahalliy (Asaka),Byudjet (<$15k),13079,43,562397
2022,Q3,2022-Q3,Surxondaryo,Chevrolet,Tracker-2,B-SUV,Benzin (Turbo),Mahalliy (Asaka),O‘rta ($15k-$25k),19816,18,356688
2022,Q3,2022-Q3,Surxondaryo,Chevrolet,Onix,B-Sedan,Benzin (Turbo),Mahalliy (Asaka),O‘rta ($15k-$25k),16010,22,352220
2022,Q3,2022-Q3,Surxondaryo,Chevrolet,Malibu-2,D-Sedan,Benzin (Turbo),Mahalliy (Asaka),Yuqori-o‘rta ($25k-$40k),34178,2,68356
2022,Q3,2022-Q3,Surxondaryo,BYD,Song Plus DM-i,C-SUV,Gibrid (PHEV),Gibrid/Yig‘uv (Jizzax),Yuqori-o‘rta ($25k-$40k),29919,4,119676
2022,Q3,2022-Q3,Surxondaryo,BYD,Chazor (Destroyer 05),C-Sedan,Gibrid (PHEV),Gibrid/Yig‘uv (Jizzax),O‘rta ($15k-$25k),23260,3,69780
2022,Q3,2022-Q3,Surxondaryo,BYD,Song Plus EV,C-SUV,Elektromobil (EV),Import (Xitoy),Yuqori-o‘rta ($25k-$40k),34341,1,34341
2022,Q3,2022-Q3,Surxondaryo,BYD,Han,E-Sedan,Elektromobil (EV),Import (Xitoy),Premium (>$40k),48159,1,48159
2022,Q3,2022-Q3,Surxondaryo,Chery,Tiggo 7 Pro,C-SUV,Benzin (Turbo),Mahalliy yig‘uv (ADM Jizzax),Yuqori-o‘rta ($25k-$40k),25448,2,50896
2022,Q3,2022-Q3,Surxondaryo,Chery,Arrizo 6 Pro,C-Sedan,Benzin (Turbo),Mahalliy yig‘uv (ADM Jizzax),O‘rta ($15k-$25k),19866,2,39732
2022,Q3,2022-Q3,Surxondaryo,Chery,Tiggo 8 Pro,Mid-SUV,Benzin (Turbo),Mahalliy yig‘uv (ADM Jizzax),Yuqori-o‘rta ($25k-$40k),32099,1,32099
2022,Q3,2022-Q3,Surxondaryo,Haval,Jolion,B-SUV,Benzin (Turbo),Mahalliy yig‘uv (ADM Jizzax),O‘rta ($15k-$25k),22625,1,22625
2022,Q3,2022-Q3,Surxondaryo,Haval,M6,C-SUV,Benzin,Mahalliy yig‘uv (ADM Jizzax),O‘rta ($15k-$25k),18729,1,18729
2022,Q3,2022-Q3,Surxondaryo,Haval,H6,C-SUV,Benzin (Turbo),Mahalliy yig‘uv (ADM Jizzax),Yuqori-o‘rta ($25k-$40k),28585,2,57170
2022,Q3,2022-Q3,Surxondaryo,Kia,Sonet,B-SUV,Benzin,Mahalliy yig‘uv (ADM Jizzax),O‘rta ($15k-$25k),17415,4,69660
2022,Q3,2022-Q3,Surxondaryo,Kia,K5,D-Sedan,Benzin,Mahalliy yig‘uv (ADM Jizzax),Yuqori-o‘rta ($25k-$40k),32335,2,64670
2022,Q3,2022-Q3,Surxondaryo,Kia,Sportage,C-SUV,Benzin,Mahalliy yig‘uv (ADM Jizzax),Yuqori-o‘rta ($25k-$40k),34132,1,34132
2022,Q3,2022-Q3,Surxondaryo,Geely,Monjaro,Mid-SUV,Benzin (Turbo),Import (Xitoy),Yuqori-o‘rta ($25k-$40k),35110,2,70220
2022,Q3,2022-Q3,Surxondaryo,Jetour,Dashing,C-SUV,Benzin (Turbo),Import (Xitoy),Yuqori-o‘rta ($25k-$40k),26007,1,26007
2022,Q3,2022-Q3,Navoiy,Chevrolet,Cobalt,B-Sedan,Benzin,Mahalliy (Asaka),Byudjet (<$15k),11354,42,476868
2022,Q3,2022-Q3,Navoiy,Chevrolet,Damas,Mini-Van,Benzin,Mahalliy (Pitnak),Byudjet (<$15k),8699,34,295766
2022,Q3,2022-Q3,Navoiy,Chevrolet,Labo,Mini-Truck,Benzin,Mahalliy (Pitnak),Byudjet (<$15k),7829,21,164409
2022,Q3,2022-Q3,Navoiy,Chevrolet,Lacetti/Gentra,C-Sedan,Benzin,Mahalliy (Asaka),Byudjet (<$15k),13036,40,521440
2022,Q3,2022-Q3,Navoiy,Chevrolet,Tracker-2,B-SUV,Benzin (Turbo),Mahalliy (Asaka),O‘rta ($15k-$25k),19935,12,239220
2022,Q3,2022-Q3,Navoiy,Chevrolet,Onix,B-Sedan,Benzin (Turbo),Mahalliy (Asaka),O‘rta ($15k-$25k),16123,15,241845
2022,Q3,2022-Q3,Navoiy,Chevrolet,Malibu-2,D-Sedan,Benzin (Turbo),Mahalliy (Asaka),Yuqori-o‘rta ($25k-$40k),34030,1,34030
2022,Q3,2022-Q3,Navoiy,BYD,Song Plus DM-i,C-SUV,Gibrid (PHEV),Gibrid/Yig‘uv (Jizzax),Yuqori-o‘rta ($25k-$40k),30649,3,91947
2022,Q3,2022-Q3,Navoiy,BYD,Chazor (Destroyer 05),C-Sedan,Gibrid (PHEV),Gibrid/Yig‘uv (Jizzax),O‘rta ($15k-$25k),23249,3,69747
2022,Q3,2022-Q3,Navoiy,BYD,Song Plus EV,C-SUV,Elektromobil (EV),Import (Xitoy),Yuqori-o‘rta ($25k-$40k),34199,1,34199
2022,Q3,2022-Q3,Navoiy,BYD,Han,E-Sedan,Elektromobil (EV),Import (Xitoy),Premium (>$40k),48577,1,48577
2022,Q3,2022-Q3,Navoiy,Chery,Tiggo 7 Pro,C-SUV,Benzin (Turbo),Mahalliy yig‘uv (ADM Jizzax),Yuqori-o‘rta ($25k-$40k),25660,1,25660
2022,Q3,2022-Q3,Navoiy,Chery,Arrizo 6 Pro,C-Sedan,Benzin (Turbo),Mahalliy yig‘uv (ADM Jizzax),O‘rta ($15k-$25k),19979,1,19979
2022,Q3,2022-Q3,Navoiy,Chery,Tiggo 8 Pro,Mid-SUV,Benzin (Turbo),Mahalliy yig‘uv (ADM Jizzax),Yuqori-o‘rta ($25k-$40k),31989,1,31989
2022,Q3,2022-Q3,Navoiy,Haval,Jolion,B-SUV,Benzin (Turbo),Mahalliy yig‘uv (ADM Jizzax),O‘rta ($15k-$25k),22610,3,67830
2022,Q3,2022-Q3,Navoiy,Haval,M6,C-SUV,Benzin,Mahalliy yig‘uv (ADM Jizzax),O‘rta ($15k-$25k),18861,1,18861
2022,Q3,2022-Q3,Navoiy,Haval,H6,C-SUV,Benzin (Turbo),Mahalliy yig‘uv (ADM Jizzax),Yuqori-o‘rta ($25k-$40k),28641,1,28641
2022,Q3,2022-Q3,Navoiy,Kia,Sonet,B-SUV,Benzin,Mahalliy yig‘uv (ADM Jizzax),O‘rta ($15k-$25k),17615,4,70460
2022,Q3,2022-Q3,Navoiy,Kia,K5,D-Sedan,Benzin,Mahalliy yig‘uv (ADM Jizzax),Yuqori-o‘rta ($25k-$40k),32538,1,32538
2022,Q3,2022-Q3,Navoiy,Kia,Sportage,C-SUV,Benzin,Mahalliy yig‘uv (ADM Jizzax),Yuqori-o‘rta ($25k-$40k),33848,1,33848
2022,Q3,2022-Q3,Navoiy,Geely,Monjaro,Mid-SUV,Benzin (Turbo),Import (Xitoy),Yuqori-o‘rta ($25k-$40k),35090,1,35090
2022,Q3,2022-Q3,Navoiy,Jetour,Dashing,C-SUV,Benzin (Turbo),Import (Xitoy),Yuqori-o‘rta ($25k-$40k),25957,1,25957
2022,Q3,2022-Q3,Jizzax,Chevrolet,Cobalt,B-Sedan,Benzin,Mahalliy (Asaka),Byudjet (<$15k),11313,33,373329
2022,Q3,2022-Q3,Jizzax,Chevrolet,Damas,Mini-Van,Benzin,Mahalliy (Pitnak),Byudjet (<$15k),8372,28,234416
2022,Q3,2022-Q3,Jizzax,Chevrolet,Labo,Mini-Truck,Benzin,Mahalliy (Pitnak),Byudjet (<$15k),8005,13,104065
2022,Q3,2022-Q3,Jizzax,Chevrolet,Lacetti/Gentra,C-Sedan,Benzin,Mahalliy (Asaka),Byudjet (<$15k),13075,24,313800
2022,Q3,2022-Q3,Jizzax,Chevrolet,Tracker-2,B-SUV,Benzin (Turbo),Mahalliy (Asaka),O‘rta ($15k-$25k),19902,9,179118
2022,Q3,2022-Q3,Jizzax,Chevrolet,Onix,B-Sedan,Benzin (Turbo),Mahalliy (Asaka),O‘rta ($15k-$25k),16263,10,162630
2022,Q3,2022-Q3,Jizzax,Chevrolet,Malibu-2,D-Sedan,Benzin (Turbo),Mahalliy (Asaka),Yuqori-o‘rta ($25k-$40k),33909,1,33909
2022,Q3,2022-Q3,Jizzax,BYD,Song Plus DM-i,C-SUV,Gibrid (PHEV),Gibrid/Yig‘uv (Jizzax),Yuqori-o‘rta ($25k-$40k),30185,3,90555
2022,Q3,2022-Q3,Jizzax,BYD,Chazor (Destroyer 05),C-Sedan,Gibrid (PHEV),Gibrid/Yig‘uv (Jizzax),O‘rta ($15k-$25k),23182,1,23182
2022,Q3,2022-Q3,Jizzax,BYD,Song Plus EV,C-SUV,Elektromobil (EV),Import (Xitoy),Yuqori-o‘rta ($25k-$40k),33724,1,33724
2022,Q3,2022-Q3,Jizzax,BYD,Han,E-Sedan,Elektromobil (EV),Import (Xitoy),Premium (>$40k),48536,1,48536
2022,Q3,2022-Q3,Jizzax,Chery,Tiggo 7 Pro,C-SUV,Benzin (Turbo),Mahalliy yig‘uv (ADM Jizzax),Yuqori-o‘rta ($25k-$40k),25378,1,25378
2022,Q3,2022-Q3,Jizzax,Chery,Arrizo 6 Pro,C-Sedan,Benzin (Turbo),Mahalliy yig‘uv (ADM Jizzax),O‘rta ($15k-$25k),20087,1,20087
2022,Q3,2022-Q3,Jizzax,Chery,Tiggo 8 Pro,Mid-SUV,Benzin (Turbo),Mahalliy yig‘uv (ADM Jizzax),Yuqori-o‘rta ($25k-$40k),31927,1,31927
2022,Q3,2022-Q3,Jizzax,Haval,Jolion,B-SUV,Benzin (Turbo),Mahalliy yig‘uv (ADM Jizzax),O‘rta ($15k-$25k),22633,1,22633
2022,Q3,2022-Q3,Jizzax,Haval,M6,C-SUV,Benzin,Mahalliy yig‘uv (ADM Jizzax),O‘rta ($15k-$25k),18619,1,18619
2022,Q3,2022-Q3,Jizzax,Haval,H6,C-SUV,Benzin (Turbo),Mahalliy yig‘uv (ADM Jizzax),Yuqori-o‘rta ($25k-$40k),28689,1,28689
2022,Q3,2022-Q3,Jizzax,Kia,Sonet,B-SUV,Benzin,Mahalliy yig‘uv (ADM Jizzax),O‘rta ($15k-$25k),17459,2,34918
2022,Q3,2022-Q3,Jizzax,Kia,K5,D-Sedan,Benzin,Mahalliy yig‘uv (ADM Jizzax),Yuqori-o‘rta ($25k-$40k),32359,1,32359
2022,Q3,2022-Q3,Jizzax,Kia,Sportage,C-SUV,Benzin,Mahalliy yig‘uv (ADM Jizzax),Yuqori-o‘rta ($25k-$40k),33950,1,33950
2022,Q3,2022-Q3,Jizzax,Geely,Monjaro,Mid-SUV,Benzin (Turbo),Import (Xitoy),Yuqori-o‘rta ($25k-$40k),34929,1,34929
2022,Q3,2022-Q3,Jizzax,Jetour,Dashing,C-SUV,Benzin (Turbo),Import (Xitoy),Yuqori-o‘rta ($25k-$40k),26181,2,52362
2022,Q3,2022-Q3,Sirdaryo,Chevrolet,Cobalt,B-Sedan,Benzin,Mahalliy (Asaka),Byudjet (<$15k),11628,23,267444
2022,Q3,2022-Q3,Sirdaryo,Chevrolet,Damas,Mini-Van,Benzin,Mahalliy (Pitnak),Byudjet (<$15k),8455,19,160645
2022,Q3,2022-Q3,Sirdaryo,Chevrolet,Labo,Mini-Truck,Benzin,Mahalliy (Pitnak),Byudjet (<$15k),7879,10,78790
2022,Q3,2022-Q3,Sirdaryo,Chevrolet,Lacetti/Gentra,C-Sedan,Benzin,Mahalliy (Asaka),Byudjet (<$15k),13199,19,250781
2022,Q3,2022-Q3,Sirdaryo,Chevrolet,Tracker-2,B-SUV,Benzin (Turbo),Mahalliy (Asaka),O‘rta ($15k-$25k),20201,6,121206
2022,Q3,2022-Q3,Sirdaryo,Chevrolet,Onix,B-Sedan,Benzin (Turbo),Mahalliy (Asaka),O‘rta ($15k-$25k),16075,6,96450
2022,Q3,2022-Q3,Sirdaryo,Chevrolet,Malibu-2,D-Sedan,Benzin (Turbo),Mahalliy (Asaka),Yuqori-o‘rta ($25k-$40k),34107,1,34107
2022,Q3,2022-Q3,Sirdaryo,BYD,Song Plus DM-i,C-SUV,Gibrid (PHEV),Gibrid/Yig‘uv (Jizzax),Yuqori-o‘rta ($25k-$40k),30269,2,60538
2022,Q3,2022-Q3,Sirdaryo,BYD,Chazor (Destroyer 05),C-Sedan,Gibrid (PHEV),Gibrid/Yig‘uv (Jizzax),O‘rta ($15k-$25k),22762,1,22762
2022,Q3,2022-Q3,Sirdaryo,BYD,Song Plus EV,C-SUV,Elektromobil (EV),Import (Xitoy),Yuqori-o‘rta ($25k-$40k),34184,1,34184
2022,Q3,2022-Q3,Sirdaryo,BYD,Han,E-Sedan,Elektromobil (EV),Import (Xitoy),Premium (>$40k),48482,1,48482
2022,Q3,2022-Q3,Sirdaryo,Chery,Tiggo 7 Pro,C-SUV,Benzin (Turbo),Mahalliy yig‘uv (ADM Jizzax),Yuqori-o‘rta ($25k-$40k),25306,1,25306
2022,Q3,2022-Q3,Sirdaryo,Chery,Arrizo 6 Pro,C-Sedan,Benzin (Turbo),Mahalliy yig‘uv (ADM Jizzax),O‘rta ($15k-$25k),20028,1,20028
2022,Q3,2022-Q3,Sirdaryo,Chery,Tiggo 8 Pro,Mid-SUV,Benzin (Turbo),Mahalliy yig‘uv (ADM Jizzax),Yuqori-o‘rta ($25k-$40k),31885,3,95655
2022,Q3,2022-Q3,Sirdaryo,Haval,Jolion,B-SUV,Benzin (Turbo),Mahalliy yig‘uv (ADM Jizzax),O‘rta ($15k-$25k),22529,1,22529
2022,Q3,2022-Q3,Sirdaryo,Haval,M6,C-SUV,Benzin,Mahalliy yig‘uv (ADM Jizzax),O‘rta ($15k-$25k),18678,1,18678
2022,Q3,2022-Q3,Sirdaryo,Haval,H6,C-SUV,Benzin (Turbo),Mahalliy yig‘uv (ADM Jizzax),Yuqori-o‘rta ($25k-$40k),28675,2,57350
2022,Q3,2022-Q3,Sirdaryo,Kia,Sonet,B-SUV,Benzin,Mahalliy yig‘uv (ADM Jizzax),O‘rta ($15k-$25k),17688,2,35376
2022,Q3,2022-Q3,Sirdaryo,Kia,K5,D-Sedan,Benzin,Mahalliy yig‘uv (ADM Jizzax),Yuqori-o‘rta ($25k-$40k),32487,1,32487
2022,Q3,2022-Q3,Sirdaryo,Kia,Sportage,C-SUV,Benzin,Mahalliy yig‘uv (ADM Jizzax),Yuqori-o‘rta ($25k-$40k),34194,1,34194
2022,Q3,2022-Q3,Sirdaryo,Geely,Monjaro,Mid-SUV,Benzin (Turbo),Import (Xitoy),Yuqori-o‘rta ($25k-$40k),34982,1,34982
2022,Q3,2022-Q3,Sirdaryo,Jetour,Dashing,C-SUV,Benzin (Turbo),Import (Xitoy),Yuqori-o‘rta ($25k-$40k),25916,1,25916
2022,Q3,2022-Q3,Qoraqalpog‘iston Res.,Chevrolet,Cobalt,B-Sedan,Benzin,Mahalliy (Asaka),Byudjet (<$15k),11351,21,238371
2022,Q3,2022-Q3,Qoraqalpog‘iston Res.,Chevrolet,Damas,Mini-Van,Benzin,Mahalliy (Pitnak),Byudjet (<$15k),8411,20,168220
2022,Q3,2022-Q3,Qoraqalpog‘iston Res.,Chevrolet,Labo,Mini-Truck,Benzin,Mahalliy (Pitnak),Byudjet (<$15k),8032,10,80320
2022,Q3,2022-Q3,Qoraqalpog‘iston Res.,Chevrolet,Lacetti/Gentra,C-Sedan,Benzin,Mahalliy (Asaka),Byudjet (<$15k),13020,22,286440
2022,Q3,2022-Q3,Qoraqalpog‘iston Res.,Chevrolet,Tracker-2,B-SUV,Benzin (Turbo),Mahalliy (Asaka),O‘rta ($15k-$25k),19670,5,98350
2022,Q3,2022-Q3,Qoraqalpog‘iston Res.,Chevrolet,Onix,B-Sedan,Benzin (Turbo),Mahalliy (Asaka),O‘rta ($15k-$25k),16528,5,82640
2022,Q3,2022-Q3,Qoraqalpog‘iston Res.,Chevrolet,Malibu-2,D-Sedan,Benzin (Turbo),Mahalliy (Asaka),Yuqori-o‘rta ($25k-$40k),33928,1,33928
2022,Q3,2022-Q3,Qoraqalpog‘iston Res.,BYD,Song Plus DM-i,C-SUV,Gibrid (PHEV),Gibrid/Yig‘uv (Jizzax),Yuqori-o‘rta ($25k-$40k),29979,3,89937
2022,Q3,2022-Q3,Qoraqalpog‘iston Res.,BYD,Chazor (Destroyer 05),C-Sedan,Gibrid (PHEV),Gibrid/Yig‘uv (Jizzax),O‘rta ($15k-$25k),22709,1,22709
2022,Q3,2022-Q3,Qoraqalpog‘iston Res.,BYD,Song Plus EV,C-SUV,Elektromobil (EV),Import (Xitoy),Yuqori-o‘rta ($25k-$40k),33941,1,33941
2022,Q3,2022-Q3,Qoraqalpog‘iston Res.,BYD,Han,E-Sedan,Elektromobil (EV),Import (Xitoy),Premium (>$40k),48775,2,97550
2022,Q3,2022-Q3,Qoraqalpog‘iston Res.,Chery,Tiggo 7 Pro,C-SUV,Benzin (Turbo),Mahalliy yig‘uv (ADM Jizzax),Yuqori-o‘rta ($25k-$40k),25513,1,25513
2022,Q3,2022-Q3,Qoraqalpog‘iston Res.,Chery,Arrizo 6 Pro,C-Sedan,Benzin (Turbo),Mahalliy yig‘uv (ADM Jizzax),O‘rta ($15k-$25k),20142,2,40284
2022,Q3,2022-Q3,Qoraqalpog‘iston Res.,Chery,Tiggo 8 Pro,Mid-SUV,Benzin (Turbo),Mahalliy yig‘uv (ADM Jizzax),Yuqori-o‘rta ($25k-$40k),32143,1,32143
2022,Q3,2022-Q3,Qoraqalpog‘iston Res.,Haval,Jolion,B-SUV,Benzin (Turbo),Mahalliy yig‘uv (ADM Jizzax),O‘rta ($15k-$25k),22307,1,22307
2022,Q3,2022-Q3,Qoraqalpog‘iston Res.,Haval,M6,C-SUV,Benzin,Mahalliy yig‘uv (ADM Jizzax),O‘rta ($15k-$25k),18932,1,18932
2022,Q3,2022-Q3,Qoraqalpog‘iston Res.,Haval,H6,C-SUV,Benzin (Turbo),Mahalliy yig‘uv (ADM Jizzax),Yuqori-o‘rta ($25k-$40k),28451,1,28451
2022,Q3,2022-Q3,Qoraqalpog‘iston Res.,Kia,Sonet,B-SUV,Benzin,Mahalliy yig‘uv (ADM Jizzax),O‘rta ($15k-$25k),17316,2,34632
2022,Q3,2022-Q3,Qoraqalpog‘iston Res.,Kia,K5,D-Sedan,Benzin,Mahalliy yig‘uv (ADM Jizzax),Yuqori-o‘rta ($25k-$40k),32438,1,32438
2022,Q3,2022-Q3,Qoraqalpog‘iston Res.,Kia,Sportage,C-SUV,Benzin,Mahalliy yig‘uv (ADM Jizzax),Yuqori-o‘rta ($25k-$40k),34198,1,34198
2022,Q3,2022-Q3,Qoraqalpog‘iston Res.,Geely,Monjaro,Mid-SUV,Benzin (Turbo),Import (Xitoy),Yuqori-o‘rta ($25k-$40k),35060,1,35060
2022,Q3,2022-Q3,Qoraqalpog‘iston Res.,Jetour,Dashing,C-SUV,Benzin (Turbo),Import (Xitoy),Yuqori-o‘rta ($25k-$40k),26149,1,26149
2022,Q4,2022-Q4,Toshkent shahri,Chevrolet,Cobalt,B-Sedan,Benzin,Mahalliy (Asaka),Byudjet (<$15k),11667,424,4946808
2022,Q4,2022-Q4,Toshkent shahri,Chevrolet,Damas,Mini-Van,Benzin,Mahalliy (Pitnak),Byudjet (<$15k),8519,74,630406
2022,Q4,2022-Q4,Toshkent shahri,Chevrolet,Labo,Mini-Truck,Benzin,Mahalliy (Pitnak),Byudjet (<$15k),8159,40,326360
2022,Q4,2022-Q4,Toshkent shahri,Chevrolet,Lacetti/Gentra,C-Sedan,Benzin,Mahalliy (Asaka),Byudjet (<$15k),13128,371,4870488
2022,Q4,2022-Q4,Toshkent shahri,Chevrolet,Tracker-2,B-SUV,Benzin (Turbo),Mahalliy (Asaka),O‘rta ($15k-$25k),20210,113,2283730
2022,Q4,2022-Q4,Toshkent shahri,Chevrolet,Onix,B-Sedan,Benzin (Turbo),Mahalliy (Asaka),O‘rta ($15k-$25k),16356,134,2191704
2022,Q4,2022-Q4,Toshkent shahri,Chevrolet,Malibu-2,D-Sedan,Benzin (Turbo),Mahalliy (Asaka),Yuqori-o‘rta ($25k-$40k),34016,38,1292608
2022,Q4,2022-Q4,Toshkent shahri,BYD,Song Plus DM-i,C-SUV,Gibrid (PHEV),Gibrid/Yig‘uv (Jizzax),Yuqori-o‘rta ($25k-$40k),30227,91,2750657
2022,Q4,2022-Q4,Toshkent shahri,BYD,Chazor (Destroyer 05),C-Sedan,Gibrid (PHEV),Gibrid/Yig‘uv (Jizzax),O‘rta ($15k-$25k),23477,72,1690344
2022,Q4,2022-Q4,Toshkent shahri,BYD,Song Plus EV,C-SUV,Elektromobil (EV),Import (Xitoy),Yuqori-o‘rta ($25k-$40k),33848,13,440024
2022,Q4,2022-Q4,Toshkent shahri,BYD,Han,E-Sedan,Elektromobil (EV),Import (Xitoy),Premium (>$40k),48769,5,243845
2022,Q4,2022-Q4,Toshkent shahri,Chery,Tiggo 7 Pro,C-SUV,Benzin (Turbo),Mahalliy yig‘uv (ADM Jizzax),Yuqori-o‘rta ($25k-$40k),25673,15,385095
2022,Q4,2022-Q4,Toshkent shahri,Chery,Arrizo 6 Pro,C-Sedan,Benzin (Turbo),Mahalliy yig‘uv (ADM Jizzax),O‘rta ($15k-$25k),20199,14,282786
2022,Q4,2022-Q4,Toshkent shahri,Chery,Tiggo 8 Pro,Mid-SUV,Benzin (Turbo),Mahalliy yig‘uv (ADM Jizzax),Yuqori-o‘rta ($25k-$40k),32087,6,192522
2022,Q4,2022-Q4,Toshkent shahri,Haval,Jolion,B-SUV,Benzin (Turbo),Mahalliy yig‘uv (ADM Jizzax),O‘rta ($15k-$25k),22309,13,290017
2022,Q4,2022-Q4,Toshkent shahri,Haval,M6,C-SUV,Benzin,Mahalliy yig‘uv (ADM Jizzax),O‘rta ($15k-$25k),18870,16,301920
2022,Q4,2022-Q4,Toshkent shahri,Haval,H6,C-SUV,Benzin (Turbo),Mahalliy yig‘uv (ADM Jizzax),Yuqori-o‘rta ($25k-$40k),28452,8,227616
2022,Q4,2022-Q4,Toshkent shahri,Kia,Sonet,B-SUV,Benzin,Mahalliy yig‘uv (ADM Jizzax),O‘rta ($15k-$25k),17614,28,493192
2022,Q4,2022-Q4,Toshkent shahri,Kia,K5,D-Sedan,Benzin,Mahalliy yig‘uv (ADM Jizzax),Yuqori-o‘rta ($25k-$40k),32413,11,356543
2022,Q4,2022-Q4,Toshkent shahri,Kia,Sportage,C-SUV,Benzin,Mahalliy yig‘uv (ADM Jizzax),Yuqori-o‘rta ($25k-$40k),34077,11,374847
2022,Q4,2022-Q4,Toshkent shahri,Geely,Monjaro,Mid-SUV,Benzin (Turbo),Import (Xitoy),Yuqori-o‘rta ($25k-$40k),34971,6,209826
2022,Q4,2022-Q4,Toshkent shahri,Jetour,Dashing,C-SUV,Benzin (Turbo),Import (Xitoy),Yuqori-o‘rta ($25k-$40k),26087,7,182609
2022,Q4,2022-Q4,Toshkent viloyati,Chevrolet,Cobalt,B-Sedan,Benzin,Mahalliy (Asaka),Byudjet (<$15k),11421,173,1975833
2022,Q4,2022-Q4,Toshkent viloyati,Chevrolet,Damas,Mini-Van,Benzin,Mahalliy (Pitnak),Byudjet (<$15k),8331,148,1232988
2022,Q4,2022-Q4,Toshkent viloyati,Chevrolet,Labo,Mini-Truck,Benzin,Mahalliy (Pitnak),Byudjet (<$15k),8067,83,669561
2022,Q4,2022-Q4,Toshkent viloyati,Chevrolet,Lacetti/Gentra,C-Sedan,Benzin,Mahalliy (Asaka),Byudjet (<$15k),13032,138,1798416
2022,Q4,2022-Q4,Toshkent viloyati,Chevrolet,Tracker-2,B-SUV,Benzin (Turbo),Mahalliy (Asaka),O‘rta ($15k-$25k),19951,57,1137207
2022,Q4,2022-Q4,Toshkent viloyati,Chevrolet,Onix,B-Sedan,Benzin (Turbo),Mahalliy (Asaka),O‘rta ($15k-$25k),16334,58,947372
2022,Q4,2022-Q4,Toshkent viloyati,Chevrolet,Malibu-2,D-Sedan,Benzin (Turbo),Mahalliy (Asaka),Yuqori-o‘rta ($25k-$40k),34023,6,204138
2022,Q4,2022-Q4,Toshkent viloyati,BYD,Song Plus DM-i,C-SUV,Gibrid (PHEV),Gibrid/Yig‘uv (Jizzax),Yuqori-o‘rta ($25k-$40k),30052,15,450780
2022,Q4,2022-Q4,Toshkent viloyati,BYD,Chazor (Destroyer 05),C-Sedan,Gibrid (PHEV),Gibrid/Yig‘uv (Jizzax),O‘rta ($15k-$25k),23044,12,276528
2022,Q4,2022-Q4,Toshkent viloyati,BYD,Song Plus EV,C-SUV,Elektromobil (EV),Import (Xitoy),Yuqori-o‘rta ($25k-$40k),34233,1,34233
2022,Q4,2022-Q4,Toshkent viloyati,BYD,Han,E-Sedan,Elektromobil (EV),Import (Xitoy),Premium (>$40k),48769,2,97538
2022,Q4,2022-Q4,Toshkent viloyati,Chery,Tiggo 7 Pro,C-SUV,Benzin (Turbo),Mahalliy yig‘uv (ADM Jizzax),Yuqori-o‘rta ($25k-$40k),25328,6,151968
2022,Q4,2022-Q4,Toshkent viloyati,Chery,Arrizo 6 Pro,C-Sedan,Benzin (Turbo),Mahalliy yig‘uv (ADM Jizzax),O‘rta ($15k-$25k),19849,4,79396
2022,Q4,2022-Q4,Toshkent viloyati,Chery,Tiggo 8 Pro,Mid-SUV,Benzin (Turbo),Mahalliy yig‘uv (ADM Jizzax),Yuqori-o‘rta ($25k-$40k),31894,2,63788
2022,Q4,2022-Q4,Toshkent viloyati,Haval,Jolion,B-SUV,Benzin (Turbo),Mahalliy yig‘uv (ADM Jizzax),O‘rta ($15k-$25k),22343,4,89372
2022,Q4,2022-Q4,Toshkent viloyati,Haval,M6,C-SUV,Benzin,Mahalliy yig‘uv (ADM Jizzax),O‘rta ($15k-$25k),18877,6,113262
2022,Q4,2022-Q4,Toshkent viloyati,Haval,H6,C-SUV,Benzin (Turbo),Mahalliy yig‘uv (ADM Jizzax),Yuqori-o‘rta ($25k-$40k),28483,5,142415
2022,Q4,2022-Q4,Toshkent viloyati,Kia,Sonet,B-SUV,Benzin,Mahalliy yig‘uv (ADM Jizzax),O‘rta ($15k-$25k),17302,12,207624
2022,Q4,2022-Q4,Toshkent viloyati,Kia,K5,D-Sedan,Benzin,Mahalliy yig‘uv (ADM Jizzax),Yuqori-o‘rta ($25k-$40k),32329,5,161645
2022,Q4,2022-Q4,Toshkent viloyati,Kia,Sportage,C-SUV,Benzin,Mahalliy yig‘uv (ADM Jizzax),Yuqori-o‘rta ($25k-$40k),34094,2,68188
2022,Q4,2022-Q4,Toshkent viloyati,Geely,Monjaro,Mid-SUV,Benzin (Turbo),Import (Xitoy),Yuqori-o‘rta ($25k-$40k),35028,3,105084
2022,Q4,2022-Q4,Toshkent viloyati,Jetour,Dashing,C-SUV,Benzin (Turbo),Import (Xitoy),Yuqori-o‘rta ($25k-$40k),25910,3,77730
2022,Q4,2022-Q4,Samarqand,Chevrolet,Cobalt,B-Sedan,Benzin,Mahalliy (Asaka),Byudjet (<$15k),11371,214,2433394
2022,Q4,2022-Q4,Samarqand,Chevrolet,Damas,Mini-Van,Benzin,Mahalliy (Pitnak),Byudjet (<$15k),8428,121,1019788
2022,Q4,2022-Q4,Samarqand,Chevrolet,Labo,Mini-Truck,Benzin,Mahalliy (Pitnak),Byudjet (<$15k),8187,75,614025
2022,Q4,2022-Q4,Samarqand,Chevrolet,Lacetti/Gentra,C-Sedan,Benzin,Mahalliy (Asaka),Byudjet (<$15k),12903,173,2232219
2022,Q4,2022-Q4,Samarqand,Chevrolet,Tracker-2,B-SUV,Benzin (Turbo),Mahalliy (Asaka),O‘rta ($15k-$25k),20140,45,906300
2022,Q4,2022-Q4,Samarqand,Chevrolet,Onix,B-Sedan,Benzin (Turbo),Mahalliy (Asaka),O‘rta ($15k-$25k),16447,49,805903
2022,Q4,2022-Q4,Samarqand,Chevrolet,Malibu-2,D-Sedan,Benzin (Turbo),Mahalliy (Asaka),Yuqori-o‘rta ($25k-$40k),34030,8,272240
2022,Q4,2022-Q4,Samarqand,BYD,Song Plus DM-i,C-SUV,Gibrid (PHEV),Gibrid/Yig‘uv (Jizzax),Yuqori-o‘rta ($25k-$40k),30580,18,550440
2022,Q4,2022-Q4,Samarqand,BYD,Chazor (Destroyer 05),C-Sedan,Gibrid (PHEV),Gibrid/Yig‘uv (Jizzax),O‘rta ($15k-$25k),22712,12,272544
2022,Q4,2022-Q4,Samarqand,BYD,Song Plus EV,C-SUV,Elektromobil (EV),Import (Xitoy),Yuqori-o‘rta ($25k-$40k),34092,1,34092
2022,Q4,2022-Q4,Samarqand,BYD,Han,E-Sedan,Elektromobil (EV),Import (Xitoy),Premium (>$40k),48601,1,48601
2022,Q4,2022-Q4,Samarqand,Chery,Tiggo 7 Pro,C-SUV,Benzin (Turbo),Mahalliy yig‘uv (ADM Jizzax),Yuqori-o‘rta ($25k-$40k),25613,6,153678
2022,Q4,2022-Q4,Samarqand,Chery,Arrizo 6 Pro,C-Sedan,Benzin (Turbo),Mahalliy yig‘uv (ADM Jizzax),O‘rta ($15k-$25k),20042,3,60126
2022,Q4,2022-Q4,Samarqand,Chery,Tiggo 8 Pro,Mid-SUV,Benzin (Turbo),Mahalliy yig‘uv (ADM Jizzax),Yuqori-o‘rta ($25k-$40k),32022,1,32022
2022,Q4,2022-Q4,Samarqand,Haval,Jolion,B-SUV,Benzin (Turbo),Mahalliy yig‘uv (ADM Jizzax),O‘rta ($15k-$25k),22400,5,112000
2022,Q4,2022-Q4,Samarqand,Haval,M6,C-SUV,Benzin,Mahalliy yig‘uv (ADM Jizzax),O‘rta ($15k-$25k),18785,5,93925
2022,Q4,2022-Q4,Samarqand,Haval,H6,C-SUV,Benzin (Turbo),Mahalliy yig‘uv (ADM Jizzax),Yuqori-o‘rta ($25k-$40k),28319,1,28319
2022,Q4,2022-Q4,Samarqand,Kia,Sonet,B-SUV,Benzin,Mahalliy yig‘uv (ADM Jizzax),O‘rta ($15k-$25k),17693,8,141544
2022,Q4,2022-Q4,Samarqand,Kia,K5,D-Sedan,Benzin,Mahalliy yig‘uv (ADM Jizzax),Yuqori-o‘rta ($25k-$40k),32592,5,162960
2022,Q4,2022-Q4,Samarqand,Kia,Sportage,C-SUV,Benzin,Mahalliy yig‘uv (ADM Jizzax),Yuqori-o‘rta ($25k-$40k),34029,4,136116
2022,Q4,2022-Q4,Samarqand,Geely,Monjaro,Mid-SUV,Benzin (Turbo),Import (Xitoy),Yuqori-o‘rta ($25k-$40k),35001,3,105003
2022,Q4,2022-Q4,Samarqand,Jetour,Dashing,C-SUV,Benzin (Turbo),Import (Xitoy),Yuqori-o‘rta ($25k-$40k),25837,1,25837
2022,Q4,2022-Q4,Farg‘ona,Chevrolet,Cobalt,B-Sedan,Benzin,Mahalliy (Asaka),Byudjet (<$15k),11319,141,1595979
2022,Q4,2022-Q4,Farg‘ona,Chevrolet,Damas,Mini-Van,Benzin,Mahalliy (Pitnak),Byudjet (<$15k),8572,258,2211576
2022,Q4,2022-Q4,Farg‘ona,Chevrolet,Labo,Mini-Truck,Benzin,Mahalliy (Pitnak),Byudjet (<$15k),7813,136,1062568
2022,Q4,2022-Q4,Farg‘ona,Chevrolet,Lacetti/Gentra,C-Sedan,Benzin,Mahalliy (Asaka),Byudjet (<$15k),12802,140,1792280
2022,Q4,2022-Q4,Farg‘ona,Chevrolet,Tracker-2,B-SUV,Benzin (Turbo),Mahalliy (Asaka),O‘rta ($15k-$25k),19704,40,788160
2022,Q4,2022-Q4,Farg‘ona,Chevrolet,Onix,B-Sedan,Benzin (Turbo),Mahalliy (Asaka),O‘rta ($15k-$25k),16474,42,691908
2022,Q4,2022-Q4,Farg‘ona,Chevrolet,Malibu-2,D-Sedan,Benzin (Turbo),Mahalliy (Asaka),Yuqori-o‘rta ($25k-$40k),33961,8,271688
2022,Q4,2022-Q4,Farg‘ona,BYD,Song Plus DM-i,C-SUV,Gibrid (PHEV),Gibrid/Yig‘uv (Jizzax),Yuqori-o‘rta ($25k-$40k),30519,13,396747
2022,Q4,2022-Q4,Farg‘ona,BYD,Chazor (Destroyer 05),C-Sedan,Gibrid (PHEV),Gibrid/Yig‘uv (Jizzax),O‘rta ($15k-$25k),22759,8,182072
2022,Q4,2022-Q4,Farg‘ona,BYD,Song Plus EV,C-SUV,Elektromobil (EV),Import (Xitoy),Yuqori-o‘rta ($25k-$40k),34018,1,34018
2022,Q4,2022-Q4,Farg‘ona,BYD,Han,E-Sedan,Elektromobil (EV),Import (Xitoy),Premium (>$40k),48116,1,48116
2022,Q4,2022-Q4,Farg‘ona,Chery,Tiggo 7 Pro,C-SUV,Benzin (Turbo),Mahalliy yig‘uv (ADM Jizzax),Yuqori-o‘rta ($25k-$40k),25655,4,102620
2022,Q4,2022-Q4,Farg‘ona,Chery,Arrizo 6 Pro,C-Sedan,Benzin (Turbo),Mahalliy yig‘uv (ADM Jizzax),O‘rta ($15k-$25k),20027,1,20027
2022,Q4,2022-Q4,Farg‘ona,Chery,Tiggo 8 Pro,Mid-SUV,Benzin (Turbo),Mahalliy yig‘uv (ADM Jizzax),Yuqori-o‘rta ($25k-$40k),32149,2,64298
2022,Q4,2022-Q4,Farg‘ona,Haval,Jolion,B-SUV,Benzin (Turbo),Mahalliy yig‘uv (ADM Jizzax),O‘rta ($15k-$25k),22445,3,67335
2022,Q4,2022-Q4,Farg‘ona,Haval,M6,C-SUV,Benzin,Mahalliy yig‘uv (ADM Jizzax),O‘rta ($15k-$25k),18918,3,56754
2022,Q4,2022-Q4,Farg‘ona,Haval,H6,C-SUV,Benzin (Turbo),Mahalliy yig‘uv (ADM Jizzax),Yuqori-o‘rta ($25k-$40k),28550,3,85650
2022,Q4,2022-Q4,Farg‘ona,Kia,Sonet,B-SUV,Benzin,Mahalliy yig‘uv (ADM Jizzax),O‘rta ($15k-$25k),17602,8,140816
2022,Q4,2022-Q4,Farg‘ona,Kia,K5,D-Sedan,Benzin,Mahalliy yig‘uv (ADM Jizzax),Yuqori-o‘rta ($25k-$40k),32559,3,97677
2022,Q4,2022-Q4,Farg‘ona,Kia,Sportage,C-SUV,Benzin,Mahalliy yig‘uv (ADM Jizzax),Yuqori-o‘rta ($25k-$40k),33947,5,169735
2022,Q4,2022-Q4,Farg‘ona,Geely,Monjaro,Mid-SUV,Benzin (Turbo),Import (Xitoy),Yuqori-o‘rta ($25k-$40k),34997,1,34997
2022,Q4,2022-Q4,Farg‘ona,Jetour,Dashing,C-SUV,Benzin (Turbo),Import (Xitoy),Yuqori-o‘rta ($25k-$40k),25846,2,51692
2022,Q4,2022-Q4,Andijon,Chevrolet,Cobalt,B-Sedan,Benzin,Mahalliy (Asaka),Byudjet (<$15k),11436,125,1429500
2022,Q4,2022-Q4,Andijon,Chevrolet,Damas,Mini-Van,Benzin,Mahalliy (Pitnak),Byudjet (<$15k),8389,258,2164362
2022,Q4,2022-Q4,Andijon,Chevrolet,Labo,Mini-Truck,Benzin,Mahalliy (Pitnak),Byudjet (<$15k),7860,114,896040
2022,Q4,2022-Q4,Andijon,Chevrolet,Lacetti/Gentra,C-Sedan,Benzin,Mahalliy (Asaka),Byudjet (<$15k),12937,106,1371322
2022,Q4,2022-Q4,Andijon,Chevrolet,Tracker-2,B-SUV,Benzin (Turbo),Mahalliy (Asaka),O‘rta ($15k-$25k),20212,36,727632
2022,Q4,2022-Q4,Andijon,Chevrolet,Onix,B-Sedan,Benzin (Turbo),Mahalliy (Asaka),O‘rta ($15k-$25k),16400,34,557600
2022,Q4,2022-Q4,Andijon,Chevrolet,Malibu-2,D-Sedan,Benzin (Turbo),Mahalliy (Asaka),Yuqori-o‘rta ($25k-$40k),33868,5,169340
2022,Q4,2022-Q4,Andijon,BYD,Song Plus DM-i,C-SUV,Gibrid (PHEV),Gibrid/Yig‘uv (Jizzax),Yuqori-o‘rta ($25k-$40k),30198,11,332178
2022,Q4,2022-Q4,Andijon,BYD,Chazor (Destroyer 05),C-Sedan,Gibrid (PHEV),Gibrid/Yig‘uv (Jizzax),O‘rta ($15k-$25k),22773,6,136638
2022,Q4,2022-Q4,Andijon,BYD,Song Plus EV,C-SUV,Elektromobil (EV),Import (Xitoy),Yuqori-o‘rta ($25k-$40k),34403,1,34403
2022,Q4,2022-Q4,Andijon,BYD,Han,E-Sedan,Elektromobil (EV),Import (Xitoy),Premium (>$40k),48259,1,48259
2022,Q4,2022-Q4,Andijon,Chery,Tiggo 7 Pro,C-SUV,Benzin (Turbo),Mahalliy yig‘uv (ADM Jizzax),Yuqori-o‘rta ($25k-$40k),25425,4,101700
2022,Q4,2022-Q4,Andijon,Chery,Arrizo 6 Pro,C-Sedan,Benzin (Turbo),Mahalliy yig‘uv (ADM Jizzax),O‘rta ($15k-$25k),19928,3,59784
2022,Q4,2022-Q4,Andijon,Chery,Tiggo 8 Pro,Mid-SUV,Benzin (Turbo),Mahalliy yig‘uv (ADM Jizzax),Yuqori-o‘rta ($25k-$40k),32079,3,96237
2022,Q4,2022-Q4,Andijon,Haval,Jolion,B-SUV,Benzin (Turbo),Mahalliy yig‘uv (ADM Jizzax),O‘rta ($15k-$25k),22481,5,112405
2022,Q4,2022-Q4,Andijon,Haval,M6,C-SUV,Benzin,Mahalliy yig‘uv (ADM Jizzax),O‘rta ($15k-$25k),18773,5,93865
2022,Q4,2022-Q4,Andijon,Haval,H6,C-SUV,Benzin (Turbo),Mahalliy yig‘uv (ADM Jizzax),Yuqori-o‘rta ($25k-$40k),28330,1,28330
2022,Q4,2022-Q4,Andijon,Kia,Sonet,B-SUV,Benzin,Mahalliy yig‘uv (ADM Jizzax),O‘rta ($15k-$25k),17383,8,139064
2022,Q4,2022-Q4,Andijon,Kia,K5,D-Sedan,Benzin,Mahalliy yig‘uv (ADM Jizzax),Yuqori-o‘rta ($25k-$40k),32663,4,130652
2022,Q4,2022-Q4,Andijon,Kia,Sportage,C-SUV,Benzin,Mahalliy yig‘uv (ADM Jizzax),Yuqori-o‘rta ($25k-$40k),33905,3,101715
2022,Q4,2022-Q4,Andijon,Geely,Monjaro,Mid-SUV,Benzin (Turbo),Import (Xitoy),Yuqori-o‘rta ($25k-$40k),34962,1,34962
2022,Q4,2022-Q4,Andijon,Jetour,Dashing,C-SUV,Benzin (Turbo),Import (Xitoy),Yuqori-o‘rta ($25k-$40k),26019,1,26019
2022,Q4,2022-Q4,Namangan,Chevrolet,Cobalt,B-Sedan,Benzin,Mahalliy (Asaka),Byudjet (<$15k),11516,103,1186148
2022,Q4,2022-Q4,Namangan,Chevrolet,Damas,Mini-Van,Benzin,Mahalliy (Pitnak),Byudjet (<$15k),8504,175,1488200
2022,Q4,2022-Q4,Namangan,Chevrolet,Labo,Mini-Truck,Benzin,Mahalliy (Pitnak),Byudjet (<$15k),8027,104,834808
2022,Q4,2022-Q4,Namangan,Chevrolet,Lacetti/Gentra,C-Sedan,Benzin,Mahalliy (Asaka),Byudjet (<$15k),12983,87,1129521
2022,Q4,2022-Q4,Namangan,Chevrolet,Tracker-2,B-SUV,Benzin (Turbo),Mahalliy (Asaka),O‘rta ($15k-$25k),20090,31,622790
2022,Q4,2022-Q4,Namangan,Chevrolet,Onix,B-Sedan,Benzin (Turbo),Mahalliy (Asaka),O‘rta ($15k-$25k),16507,33,544731
2022,Q4,2022-Q4,Namangan,Chevrolet,Malibu-2,D-Sedan,Benzin (Turbo),Mahalliy (Asaka),Yuqori-o‘rta ($25k-$40k),33806,2,67612
2022,Q4,2022-Q4,Namangan,BYD,Song Plus DM-i,C-SUV,Gibrid (PHEV),Gibrid/Yig‘uv (Jizzax),Yuqori-o‘rta ($25k-$40k),29919,10,299190
2022,Q4,2022-Q4,Namangan,BYD,Chazor (Destroyer 05),C-Sedan,Gibrid (PHEV),Gibrid/Yig‘uv (Jizzax),O‘rta ($15k-$25k),23354,7,163478
2022,Q4,2022-Q4,Namangan,BYD,Song Plus EV,C-SUV,Elektromobil (EV),Import (Xitoy),Yuqori-o‘rta ($25k-$40k),33898,1,33898
2022,Q4,2022-Q4,Namangan,BYD,Han,E-Sedan,Elektromobil (EV),Import (Xitoy),Premium (>$40k),48141,1,48141
2022,Q4,2022-Q4,Namangan,Chery,Tiggo 7 Pro,C-SUV,Benzin (Turbo),Mahalliy yig‘uv (ADM Jizzax),Yuqori-o‘rta ($25k-$40k),25612,3,76836
2022,Q4,2022-Q4,Namangan,Chery,Arrizo 6 Pro,C-Sedan,Benzin (Turbo),Mahalliy yig‘uv (ADM Jizzax),O‘rta ($15k-$25k),19868,3,59604
2022,Q4,2022-Q4,Namangan,Chery,Tiggo 8 Pro,Mid-SUV,Benzin (Turbo),Mahalliy yig‘uv (ADM Jizzax),Yuqori-o‘rta ($25k-$40k),31930,1,31930
2022,Q4,2022-Q4,Namangan,Haval,Jolion,B-SUV,Benzin (Turbo),Mahalliy yig‘uv (ADM Jizzax),O‘rta ($15k-$25k),22604,2,45208
2022,Q4,2022-Q4,Namangan,Haval,M6,C-SUV,Benzin,Mahalliy yig‘uv (ADM Jizzax),O‘rta ($15k-$25k),18970,4,75880
2022,Q4,2022-Q4,Namangan,Haval,H6,C-SUV,Benzin (Turbo),Mahalliy yig‘uv (ADM Jizzax),Yuqori-o‘rta ($25k-$40k),28460,2,56920
2022,Q4,2022-Q4,Namangan,Kia,Sonet,B-SUV,Benzin,Mahalliy yig‘uv (ADM Jizzax),O‘rta ($15k-$25k),17477,7,122339
2022,Q4,2022-Q4,Namangan,Kia,K5,D-Sedan,Benzin,Mahalliy yig‘uv (ADM Jizzax),Yuqori-o‘rta ($25k-$40k),32626,2,65252
2022,Q4,2022-Q4,Namangan,Kia,Sportage,C-SUV,Benzin,Mahalliy yig‘uv (ADM Jizzax),Yuqori-o‘rta ($25k-$40k),33885,4,135540
2022,Q4,2022-Q4,Namangan,Geely,Monjaro,Mid-SUV,Benzin (Turbo),Import (Xitoy),Yuqori-o‘rta ($25k-$40k),34860,2,69720
2022,Q4,2022-Q4,Namangan,Jetour,Dashing,C-SUV,Benzin (Turbo),Import (Xitoy),Yuqori-o‘rta ($25k-$40k),25860,4,103440
2022,Q4,2022-Q4,Buxoro,Chevrolet,Cobalt,B-Sedan,Benzin,Mahalliy (Asaka),Byudjet (<$15k),11468,130,1490840
2022,Q4,2022-Q4,Buxoro,Chevrolet,Damas,Mini-Van,Benzin,Mahalliy (Pitnak),Byudjet (<$15k),8385,85,712725
2022,Q4,2022-Q4,Buxoro,Chevrolet,Labo,Mini-Truck,Benzin,Mahalliy (Pitnak),Byudjet (<$15k),7997,50,399850
2022,Q4,2022-Q4,Buxoro,Chevrolet,Lacetti/Gentra,C-Sedan,Benzin,Mahalliy (Asaka),Byudjet (<$15k),12897,109,1405773
2022,Q4,2022-Q4,Buxoro,Chevrolet,Tracker-2,B-SUV,Benzin (Turbo),Mahalliy (Asaka),O‘rta ($15k-$25k),20163,24,483912
2022,Q4,2022-Q4,Buxoro,Chevrolet,Onix,B-Sedan,Benzin (Turbo),Mahalliy (Asaka),O‘rta ($15k-$25k),15996,29,463884
2022,Q4,2022-Q4,Buxoro,Chevrolet,Malibu-2,D-Sedan,Benzin (Turbo),Mahalliy (Asaka),Yuqori-o‘rta ($25k-$40k),33897,4,135588
2022,Q4,2022-Q4,Buxoro,BYD,Song Plus DM-i,C-SUV,Gibrid (PHEV),Gibrid/Yig‘uv (Jizzax),Yuqori-o‘rta ($25k-$40k),29993,11,329923
2022,Q4,2022-Q4,Buxoro,BYD,Chazor (Destroyer 05),C-Sedan,Gibrid (PHEV),Gibrid/Yig‘uv (Jizzax),O‘rta ($15k-$25k),22785,9,205065
2022,Q4,2022-Q4,Buxoro,BYD,Song Plus EV,C-SUV,Elektromobil (EV),Import (Xitoy),Yuqori-o‘rta ($25k-$40k),34287,1,34287
2022,Q4,2022-Q4,Buxoro,BYD,Han,E-Sedan,Elektromobil (EV),Import (Xitoy),Premium (>$40k),48570,1,48570
2022,Q4,2022-Q4,Buxoro,Chery,Tiggo 7 Pro,C-SUV,Benzin (Turbo),Mahalliy yig‘uv (ADM Jizzax),Yuqori-o‘rta ($25k-$40k),25437,2,50874
2022,Q4,2022-Q4,Buxoro,Chery,Arrizo 6 Pro,C-Sedan,Benzin (Turbo),Mahalliy yig‘uv (ADM Jizzax),O‘rta ($15k-$25k),20076,1,20076
2022,Q4,2022-Q4,Buxoro,Chery,Tiggo 8 Pro,Mid-SUV,Benzin (Turbo),Mahalliy yig‘uv (ADM Jizzax),Yuqori-o‘rta ($25k-$40k),31819,1,31819
2022,Q4,2022-Q4,Buxoro,Haval,Jolion,B-SUV,Benzin (Turbo),Mahalliy yig‘uv (ADM Jizzax),O‘rta ($15k-$25k),22671,4,90684
2022,Q4,2022-Q4,Buxoro,Haval,M6,C-SUV,Benzin,Mahalliy yig‘uv (ADM Jizzax),O‘rta ($15k-$25k),18813,3,56439
2022,Q4,2022-Q4,Buxoro,Haval,H6,C-SUV,Benzin (Turbo),Mahalliy yig‘uv (ADM Jizzax),Yuqori-o‘rta ($25k-$40k),28569,1,28569
2022,Q4,2022-Q4,Buxoro,Kia,Sonet,B-SUV,Benzin,Mahalliy yig‘uv (ADM Jizzax),O‘rta ($15k-$25k),17680,6,106080
2022,Q4,2022-Q4,Buxoro,Kia,K5,D-Sedan,Benzin,Mahalliy yig‘uv (ADM Jizzax),Yuqori-o‘rta ($25k-$40k),32325,3,96975
2022,Q4,2022-Q4,Buxoro,Kia,Sportage,C-SUV,Benzin,Mahalliy yig‘uv (ADM Jizzax),Yuqori-o‘rta ($25k-$40k),34168,2,68336
2022,Q4,2022-Q4,Buxoro,Geely,Monjaro,Mid-SUV,Benzin (Turbo),Import (Xitoy),Yuqori-o‘rta ($25k-$40k),34896,2,69792
2022,Q4,2022-Q4,Buxoro,Jetour,Dashing,C-SUV,Benzin (Turbo),Import (Xitoy),Yuqori-o‘rta ($25k-$40k),25841,1,25841
2022,Q4,2022-Q4,Qashqadaryo,Chevrolet,Cobalt,B-Sedan,Benzin,Mahalliy (Asaka),Byudjet (<$15k),11578,74,856772
2022,Q4,2022-Q4,Qashqadaryo,Chevrolet,Damas,Mini-Van,Benzin,Mahalliy (Pitnak),Byudjet (<$15k),8388,67,561996
2022,Q4,2022-Q4,Qashqadaryo,Chevrolet,Labo,Mini-Truck,Benzin,Mahalliy (Pitnak),Byudjet (<$15k),7996,33,263868
2022,Q4,2022-Q4,Qashqadaryo,Chevrolet,Lacetti/Gentra,C-Sedan,Benzin,Mahalliy (Asaka),Byudjet (<$15k),13106,63,825678
2022,Q4,2022-Q4,Qashqadaryo,Chevrolet,Tracker-2,B-SUV,Benzin (Turbo),Mahalliy (Asaka),O‘rta ($15k-$25k),19657,21,412797
2022,Q4,2022-Q4,Qashqadaryo,Chevrolet,Onix,B-Sedan,Benzin (Turbo),Mahalliy (Asaka),O‘rta ($15k-$25k),16482,23,379086
2022,Q4,2022-Q4,Qashqadaryo,Chevrolet,Malibu-2,D-Sedan,Benzin (Turbo),Mahalliy (Asaka),Yuqori-o‘rta ($25k-$40k),33884,3,101652
2022,Q4,2022-Q4,Qashqadaryo,BYD,Song Plus DM-i,C-SUV,Gibrid (PHEV),Gibrid/Yig‘uv (Jizzax),Yuqori-o‘rta ($25k-$40k),29921,8,239368
2022,Q4,2022-Q4,Qashqadaryo,BYD,Chazor (Destroyer 05),C-Sedan,Gibrid (PHEV),Gibrid/Yig‘uv (Jizzax),O‘rta ($15k-$25k),22937,4,91748
2022,Q4,2022-Q4,Qashqadaryo,BYD,Song Plus EV,C-SUV,Elektromobil (EV),Import (Xitoy),Yuqori-o‘rta ($25k-$40k),33803,2,67606
2022,Q4,2022-Q4,Qashqadaryo,BYD,Han,E-Sedan,Elektromobil (EV),Import (Xitoy),Premium (>$40k),48453,1,48453
2022,Q4,2022-Q4,Qashqadaryo,Chery,Tiggo 7 Pro,C-SUV,Benzin (Turbo),Mahalliy yig‘uv (ADM Jizzax),Yuqori-o‘rta ($25k-$40k),25567,4,102268
2022,Q4,2022-Q4,Qashqadaryo,Chery,Arrizo 6 Pro,C-Sedan,Benzin (Turbo),Mahalliy yig‘uv (ADM Jizzax),O‘rta ($15k-$25k),20164,2,40328
2022,Q4,2022-Q4,Qashqadaryo,Chery,Tiggo 8 Pro,Mid-SUV,Benzin (Turbo),Mahalliy yig‘uv (ADM Jizzax),Yuqori-o‘rta ($25k-$40k),32058,1,32058
2022,Q4,2022-Q4,Qashqadaryo,Haval,Jolion,B-SUV,Benzin (Turbo),Mahalliy yig‘uv (ADM Jizzax),O‘rta ($15k-$25k),22307,5,111535
2022,Q4,2022-Q4,Qashqadaryo,Haval,M6,C-SUV,Benzin,Mahalliy yig‘uv (ADM Jizzax),O‘rta ($15k-$25k),18700,2,37400
2022,Q4,2022-Q4,Qashqadaryo,Haval,H6,C-SUV,Benzin (Turbo),Mahalliy yig‘uv (ADM Jizzax),Yuqori-o‘rta ($25k-$40k),28400,2,56800
2022,Q4,2022-Q4,Qashqadaryo,Kia,Sonet,B-SUV,Benzin,Mahalliy yig‘uv (ADM Jizzax),O‘rta ($15k-$25k),17559,5,87795
2022,Q4,2022-Q4,Qashqadaryo,Kia,K5,D-Sedan,Benzin,Mahalliy yig‘uv (ADM Jizzax),Yuqori-o‘rta ($25k-$40k),32428,1,32428
2022,Q4,2022-Q4,Qashqadaryo,Kia,Sportage,C-SUV,Benzin,Mahalliy yig‘uv (ADM Jizzax),Yuqori-o‘rta ($25k-$40k),33862,2,67724
2022,Q4,2022-Q4,Qashqadaryo,Geely,Monjaro,Mid-SUV,Benzin (Turbo),Import (Xitoy),Yuqori-o‘rta ($25k-$40k),34957,1,34957
2022,Q4,2022-Q4,Qashqadaryo,Jetour,Dashing,C-SUV,Benzin (Turbo),Import (Xitoy),Yuqori-o‘rta ($25k-$40k),26068,1,26068
2022,Q4,2022-Q4,Xorazm,Chevrolet,Cobalt,B-Sedan,Benzin,Mahalliy (Asaka),Byudjet (<$15k),11430,66,754380
2022,Q4,2022-Q4,Xorazm,Chevrolet,Damas,Mini-Van,Benzin,Mahalliy (Pitnak),Byudjet (<$15k),8652,111,960372
2022,Q4,2022-Q4,Xorazm,Chevrolet,Labo,Mini-Truck,Benzin,Mahalliy (Pitnak),Byudjet (<$15k),8026,60,481560
2022,Q4,2022-Q4,Xorazm,Chevrolet,Lacetti/Gentra,C-Sedan,Benzin,Mahalliy (Asaka),Byudjet (<$15k),12988,46,597448
2022,Q4,2022-Q4,Xorazm,Chevrolet,Tracker-2,B-SUV,Benzin (Turbo),Mahalliy (Asaka),O‘rta ($15k-$25k),20135,16,322160
2022,Q4,2022-Q4,Xorazm,Chevrolet,Onix,B-Sedan,Benzin (Turbo),Mahalliy (Asaka),O‘rta ($15k-$25k),16408,18,295344
2022,Q4,2022-Q4,Xorazm,Chevrolet,Malibu-2,D-Sedan,Benzin (Turbo),Mahalliy (Asaka),Yuqori-o‘rta ($25k-$40k),34176,3,102528
2022,Q4,2022-Q4,Xorazm,BYD,Song Plus DM-i,C-SUV,Gibrid (PHEV),Gibrid/Yig‘uv (Jizzax),Yuqori-o‘rta ($25k-$40k),30244,5,151220
2022,Q4,2022-Q4,Xorazm,BYD,Chazor (Destroyer 05),C-Sedan,Gibrid (PHEV),Gibrid/Yig‘uv (Jizzax),O‘rta ($15k-$25k),23156,4,92624
2022,Q4,2022-Q4,Xorazm,BYD,Song Plus EV,C-SUV,Elektromobil (EV),Import (Xitoy),Yuqori-o‘rta ($25k-$40k),34424,1,34424
2022,Q4,2022-Q4,Xorazm,BYD,Han,E-Sedan,Elektromobil (EV),Import (Xitoy),Premium (>$40k),48587,1,48587
2022,Q4,2022-Q4,Xorazm,Chery,Tiggo 7 Pro,C-SUV,Benzin (Turbo),Mahalliy yig‘uv (ADM Jizzax),Yuqori-o‘rta ($25k-$40k),25585,1,25585
2022,Q4,2022-Q4,Xorazm,Chery,Arrizo 6 Pro,C-Sedan,Benzin (Turbo),Mahalliy yig‘uv (ADM Jizzax),O‘rta ($15k-$25k),20047,2,40094
2022,Q4,2022-Q4,Xorazm,Chery,Tiggo 8 Pro,Mid-SUV,Benzin (Turbo),Mahalliy yig‘uv (ADM Jizzax),Yuqori-o‘rta ($25k-$40k),32017,1,32017
2022,Q4,2022-Q4,Xorazm,Haval,Jolion,B-SUV,Benzin (Turbo),Mahalliy yig‘uv (ADM Jizzax),O‘rta ($15k-$25k),22479,1,22479
2022,Q4,2022-Q4,Xorazm,Haval,M6,C-SUV,Benzin,Mahalliy yig‘uv (ADM Jizzax),O‘rta ($15k-$25k),18633,1,18633
2022,Q4,2022-Q4,Xorazm,Haval,H6,C-SUV,Benzin (Turbo),Mahalliy yig‘uv (ADM Jizzax),Yuqori-o‘rta ($25k-$40k),28613,1,28613
2022,Q4,2022-Q4,Xorazm,Kia,Sonet,B-SUV,Benzin,Mahalliy yig‘uv (ADM Jizzax),O‘rta ($15k-$25k),17374,2,34748
2022,Q4,2022-Q4,Xorazm,Kia,K5,D-Sedan,Benzin,Mahalliy yig‘uv (ADM Jizzax),Yuqori-o‘rta ($25k-$40k),32449,3,97347
2022,Q4,2022-Q4,Xorazm,Kia,Sportage,C-SUV,Benzin,Mahalliy yig‘uv (ADM Jizzax),Yuqori-o‘rta ($25k-$40k),34072,2,68144
2022,Q4,2022-Q4,Xorazm,Geely,Monjaro,Mid-SUV,Benzin (Turbo),Import (Xitoy),Yuqori-o‘rta ($25k-$40k),35070,1,35070
2022,Q4,2022-Q4,Xorazm,Jetour,Dashing,C-SUV,Benzin (Turbo),Import (Xitoy),Yuqori-o‘rta ($25k-$40k),26146,2,52292
2022,Q4,2022-Q4,Surxondaryo,Chevrolet,Cobalt,B-Sedan,Benzin,Mahalliy (Asaka),Byudjet (<$15k),11571,60,694260
2022,Q4,2022-Q4,Surxondaryo,Chevrolet,Damas,Mini-Van,Benzin,Mahalliy (Pitnak),Byudjet (<$15k),8365,55,460075
2022,Q4,2022-Q4,Surxondaryo,Chevrolet,Labo,Mini-Truck,Benzin,Mahalliy (Pitnak),Byudjet (<$15k),7947,26,206622
2022,Q4,2022-Q4,Surxondaryo,Chevrolet,Lacetti/Gentra,C-Sedan,Benzin,Mahalliy (Asaka),Byudjet (<$15k),12923,54,697842
2022,Q4,2022-Q4,Surxondaryo,Chevrolet,Tracker-2,B-SUV,Benzin (Turbo),Mahalliy (Asaka),O‘rta ($15k-$25k),20091,17,341547
2022,Q4,2022-Q4,Surxondaryo,Chevrolet,Onix,B-Sedan,Benzin (Turbo),Mahalliy (Asaka),O‘rta ($15k-$25k),16117,19,306223
2022,Q4,2022-Q4,Surxondaryo,Chevrolet,Malibu-2,D-Sedan,Benzin (Turbo),Mahalliy (Asaka),Yuqori-o‘rta ($25k-$40k),33941,3,101823
2022,Q4,2022-Q4,Surxondaryo,BYD,Song Plus DM-i,C-SUV,Gibrid (PHEV),Gibrid/Yig‘uv (Jizzax),Yuqori-o‘rta ($25k-$40k),30309,4,121236
2022,Q4,2022-Q4,Surxondaryo,BYD,Chazor (Destroyer 05),C-Sedan,Gibrid (PHEV),Gibrid/Yig‘uv (Jizzax),O‘rta ($15k-$25k),23463,4,93852
2022,Q4,2022-Q4,Surxondaryo,BYD,Song Plus EV,C-SUV,Elektromobil (EV),Import (Xitoy),Yuqori-o‘rta ($25k-$40k),33906,1,33906
2022,Q4,2022-Q4,Surxondaryo,BYD,Han,E-Sedan,Elektromobil (EV),Import (Xitoy),Premium (>$40k),48250,1,48250
2022,Q4,2022-Q4,Surxondaryo,Chery,Tiggo 7 Pro,C-SUV,Benzin (Turbo),Mahalliy yig‘uv (ADM Jizzax),Yuqori-o‘rta ($25k-$40k),25518,2,51036
2022,Q4,2022-Q4,Surxondaryo,Chery,Arrizo 6 Pro,C-Sedan,Benzin (Turbo),Mahalliy yig‘uv (ADM Jizzax),O‘rta ($15k-$25k),20175,1,20175
2022,Q4,2022-Q4,Surxondaryo,Chery,Tiggo 8 Pro,Mid-SUV,Benzin (Turbo),Mahalliy yig‘uv (ADM Jizzax),Yuqori-o‘rta ($25k-$40k),31845,1,31845
2022,Q4,2022-Q4,Surxondaryo,Haval,Jolion,B-SUV,Benzin (Turbo),Mahalliy yig‘uv (ADM Jizzax),O‘rta ($15k-$25k),22627,3,67881
2022,Q4,2022-Q4,Surxondaryo,Haval,M6,C-SUV,Benzin,Mahalliy yig‘uv (ADM Jizzax),O‘rta ($15k-$25k),18789,2,37578
2022,Q4,2022-Q4,Surxondaryo,Haval,H6,C-SUV,Benzin (Turbo),Mahalliy yig‘uv (ADM Jizzax),Yuqori-o‘rta ($25k-$40k),28633,1,28633
2022,Q4,2022-Q4,Surxondaryo,Kia,Sonet,B-SUV,Benzin,Mahalliy yig‘uv (ADM Jizzax),O‘rta ($15k-$25k),17383,4,69532
2022,Q4,2022-Q4,Surxondaryo,Kia,K5,D-Sedan,Benzin,Mahalliy yig‘uv (ADM Jizzax),Yuqori-o‘rta ($25k-$40k),32569,1,32569
2022,Q4,2022-Q4,Surxondaryo,Kia,Sportage,C-SUV,Benzin,Mahalliy yig‘uv (ADM Jizzax),Yuqori-o‘rta ($25k-$40k),33953,1,33953
2022,Q4,2022-Q4,Surxondaryo,Geely,Monjaro,Mid-SUV,Benzin (Turbo),Import (Xitoy),Yuqori-o‘rta ($25k-$40k),35083,1,35083
2022,Q4,2022-Q4,Surxondaryo,Jetour,Dashing,C-SUV,Benzin (Turbo),Import (Xitoy),Yuqori-o‘rta ($25k-$40k),25972,1,25972
2022,Q4,2022-Q4,Navoiy,Chevrolet,Cobalt,B-Sedan,Benzin,Mahalliy (Asaka),Byudjet (<$15k),11574,52,601848
2022,Q4,2022-Q4,Navoiy,Chevrolet,Damas,Mini-Van,Benzin,Mahalliy (Pitnak),Byudjet (<$15k),8697,38,330486
2022,Q4,2022-Q4,Navoiy,Chevrolet,Labo,Mini-Truck,Benzin,Mahalliy (Pitnak),Byudjet (<$15k),7963,20,159260
2022,Q4,2022-Q4,Navoiy,Chevrolet,Lacetti/Gentra,C-Sedan,Benzin,Mahalliy (Asaka),Byudjet (<$15k),13085,38,497230
2022,Q4,2022-Q4,Navoiy,Chevrolet,Tracker-2,B-SUV,Benzin (Turbo),Mahalliy (Asaka),O‘rta ($15k-$25k),19738,13,256594
2022,Q4,2022-Q4,Navoiy,Chevrolet,Onix,B-Sedan,Benzin (Turbo),Mahalliy (Asaka),O‘rta ($15k-$25k),16177,14,226478
2022,Q4,2022-Q4,Navoiy,Chevrolet,Malibu-2,D-Sedan,Benzin (Turbo),Mahalliy (Asaka),Yuqori-o‘rta ($25k-$40k),33867,2,67734
2022,Q4,2022-Q4,Navoiy,BYD,Song Plus DM-i,C-SUV,Gibrid (PHEV),Gibrid/Yig‘uv (Jizzax),Yuqori-o‘rta ($25k-$40k),30625,5,153125
2022,Q4,2022-Q4,Navoiy,BYD,Chazor (Destroyer 05),C-Sedan,Gibrid (PHEV),Gibrid/Yig‘uv (Jizzax),O‘rta ($15k-$25k),23297,2,46594
2022,Q4,2022-Q4,Navoiy,BYD,Song Plus EV,C-SUV,Elektromobil (EV),Import (Xitoy),Yuqori-o‘rta ($25k-$40k),34331,1,34331
2022,Q4,2022-Q4,Navoiy,BYD,Han,E-Sedan,Elektromobil (EV),Import (Xitoy),Premium (>$40k),48669,1,48669
2022,Q4,2022-Q4,Navoiy,Chery,Tiggo 7 Pro,C-SUV,Benzin (Turbo),Mahalliy yig‘uv (ADM Jizzax),Yuqori-o‘rta ($25k-$40k),25567,1,25567
2022,Q4,2022-Q4,Navoiy,Chery,Arrizo 6 Pro,C-Sedan,Benzin (Turbo),Mahalliy yig‘uv (ADM Jizzax),O‘rta ($15k-$25k),20124,1,20124
2022,Q4,2022-Q4,Navoiy,Chery,Tiggo 8 Pro,Mid-SUV,Benzin (Turbo),Mahalliy yig‘uv (ADM Jizzax),Yuqori-o‘rta ($25k-$40k),32103,1,32103
2022,Q4,2022-Q4,Navoiy,Haval,Jolion,B-SUV,Benzin (Turbo),Mahalliy yig‘uv (ADM Jizzax),O‘rta ($15k-$25k),22500,1,22500
2022,Q4,2022-Q4,Navoiy,Haval,M6,C-SUV,Benzin,Mahalliy yig‘uv (ADM Jizzax),O‘rta ($15k-$25k),18992,2,37984
2022,Q4,2022-Q4,Navoiy,Haval,H6,C-SUV,Benzin (Turbo),Mahalliy yig‘uv (ADM Jizzax),Yuqori-o‘rta ($25k-$40k),28515,1,28515
2022,Q4,2022-Q4,Navoiy,Kia,Sonet,B-SUV,Benzin,Mahalliy yig‘uv (ADM Jizzax),O‘rta ($15k-$25k),17364,3,52092
2022,Q4,2022-Q4,Navoiy,Kia,K5,D-Sedan,Benzin,Mahalliy yig‘uv (ADM Jizzax),Yuqori-o‘rta ($25k-$40k),32446,1,32446
2022,Q4,2022-Q4,Navoiy,Kia,Sportage,C-SUV,Benzin,Mahalliy yig‘uv (ADM Jizzax),Yuqori-o‘rta ($25k-$40k),33825,1,33825
2022,Q4,2022-Q4,Navoiy,Geely,Monjaro,Mid-SUV,Benzin (Turbo),Import (Xitoy),Yuqori-o‘rta ($25k-$40k),34820,1,34820
2022,Q4,2022-Q4,Navoiy,Jetour,Dashing,C-SUV,Benzin (Turbo),Import (Xitoy),Yuqori-o‘rta ($25k-$40k),26106,1,26106
2022,Q4,2022-Q4,Jizzax,Chevrolet,Cobalt,B-Sedan,Benzin,Mahalliy (Asaka),Byudjet (<$15k),11478,36,413208
2022,Q4,2022-Q4,Jizzax,Chevrolet,Damas,Mini-Van,Benzin,Mahalliy (Pitnak),Byudjet (<$15k),8431,26,219206
2022,Q4,2022-Q4,Jizzax,Chevrolet,Labo,Mini-Truck,Benzin,Mahalliy (Pitnak),Byudjet (<$15k),8059,13,104767
2022,Q4,2022-Q4,Jizzax,Chevrolet,Lacetti/Gentra,C-Sedan,Benzin,Mahalliy (Asaka),Byudjet (<$15k),12875,26,334750
2022,Q4,2022-Q4,Jizzax,Chevrolet,Tracker-2,B-SUV,Benzin (Turbo),Mahalliy (Asaka),O‘rta ($15k-$25k),19843,11,218273
2022,Q4,2022-Q4,Jizzax,Chevrolet,Onix,B-Sedan,Benzin (Turbo),Mahalliy (Asaka),O‘rta ($15k-$25k),16136,9,145224
2022,Q4,2022-Q4,Jizzax,Chevrolet,Malibu-2,D-Sedan,Benzin (Turbo),Mahalliy (Asaka),Yuqori-o‘rta ($25k-$40k),33871,1,33871
2022,Q4,2022-Q4,Jizzax,BYD,Song Plus DM-i,C-SUV,Gibrid (PHEV),Gibrid/Yig‘uv (Jizzax),Yuqori-o‘rta ($25k-$40k),29936,2,59872
2022,Q4,2022-Q4,Jizzax,BYD,Chazor (Destroyer 05),C-Sedan,Gibrid (PHEV),Gibrid/Yig‘uv (Jizzax),O‘rta ($15k-$25k),23421,2,46842
2022,Q4,2022-Q4,Jizzax,BYD,Song Plus EV,C-SUV,Elektromobil (EV),Import (Xitoy),Yuqori-o‘rta ($25k-$40k),34272,1,34272
2022,Q4,2022-Q4,Jizzax,BYD,Han,E-Sedan,Elektromobil (EV),Import (Xitoy),Premium (>$40k),48647,1,48647
2022,Q4,2022-Q4,Jizzax,Chery,Tiggo 7 Pro,C-SUV,Benzin (Turbo),Mahalliy yig‘uv (ADM Jizzax),Yuqori-o‘rta ($25k-$40k),25679,1,25679
2022,Q4,2022-Q4,Jizzax,Chery,Arrizo 6 Pro,C-Sedan,Benzin (Turbo),Mahalliy yig‘uv (ADM Jizzax),O‘rta ($15k-$25k),19908,1,19908
2022,Q4,2022-Q4,Jizzax,Chery,Tiggo 8 Pro,Mid-SUV,Benzin (Turbo),Mahalliy yig‘uv (ADM Jizzax),Yuqori-o‘rta ($25k-$40k),32040,1,32040
2022,Q4,2022-Q4,Jizzax,Haval,Jolion,B-SUV,Benzin (Turbo),Mahalliy yig‘uv (ADM Jizzax),O‘rta ($15k-$25k),22536,1,22536
2022,Q4,2022-Q4,Jizzax,Haval,M6,C-SUV,Benzin,Mahalliy yig‘uv (ADM Jizzax),O‘rta ($15k-$25k),18939,3,56817
2022,Q4,2022-Q4,Jizzax,Haval,H6,C-SUV,Benzin (Turbo),Mahalliy yig‘uv (ADM Jizzax),Yuqori-o‘rta ($25k-$40k),28348,1,28348
2022,Q4,2022-Q4,Jizzax,Kia,Sonet,B-SUV,Benzin,Mahalliy yig‘uv (ADM Jizzax),O‘rta ($15k-$25k),17601,1,17601
2022,Q4,2022-Q4,Jizzax,Kia,K5,D-Sedan,Benzin,Mahalliy yig‘uv (ADM Jizzax),Yuqori-o‘rta ($25k-$40k),32594,1,32594
2022,Q4,2022-Q4,Jizzax,Kia,Sportage,C-SUV,Benzin,Mahalliy yig‘uv (ADM Jizzax),Yuqori-o‘rta ($25k-$40k),34140,1,34140
2022,Q4,2022-Q4,Jizzax,Geely,Monjaro,Mid-SUV,Benzin (Turbo),Import (Xitoy),Yuqori-o‘rta ($25k-$40k),34905,1,34905
2022,Q4,2022-Q4,Jizzax,Jetour,Dashing,C-SUV,Benzin (Turbo),Import (Xitoy),Yuqori-o‘rta ($25k-$40k),26162,1,26162
2022,Q4,2022-Q4,Sirdaryo,Chevrolet,Cobalt,B-Sedan,Benzin,Mahalliy (Asaka),Byudjet (<$15k),11316,23,260268
2022,Q4,2022-Q4,Sirdaryo,Chevrolet,Damas,Mini-Van,Benzin,Mahalliy (Pitnak),Byudjet (<$15k),8643,21,181503
2022,Q4,2022-Q4,Sirdaryo,Chevrolet,Labo,Mini-Truck,Benzin,Mahalliy (Pitnak),Byudjet (<$15k),7982,11,87802
2022,Q4,2022-Q4,Sirdaryo,Chevrolet,Lacetti/Gentra,C-Sedan,Benzin,Mahalliy (Asaka),Byudjet (<$15k),12840,19,243960
2022,Q4,2022-Q4,Sirdaryo,Chevrolet,Tracker-2,B-SUV,Benzin (Turbo),Mahalliy (Asaka),O‘rta ($15k-$25k),19776,6,118656
2022,Q4,2022-Q4,Sirdaryo,Chevrolet,Onix,B-Sedan,Benzin (Turbo),Mahalliy (Asaka),O‘rta ($15k-$25k),16532,6,99192
2022,Q4,2022-Q4,Sirdaryo,Chevrolet,Malibu-2,D-Sedan,Benzin (Turbo),Mahalliy (Asaka),Yuqori-o‘rta ($25k-$40k),33818,1,33818
2022,Q4,2022-Q4,Sirdaryo,BYD,Song Plus DM-i,C-SUV,Gibrid (PHEV),Gibrid/Yig‘uv (Jizzax),Yuqori-o‘rta ($25k-$40k),30181,1,30181
2022,Q4,2022-Q4,Sirdaryo,BYD,Chazor (Destroyer 05),C-Sedan,Gibrid (PHEV),Gibrid/Yig‘uv (Jizzax),O‘rta ($15k-$25k),22808,1,22808
2022,Q4,2022-Q4,Sirdaryo,BYD,Song Plus EV,C-SUV,Elektromobil (EV),Import (Xitoy),Yuqori-o‘rta ($25k-$40k),33967,1,33967
2022,Q4,2022-Q4,Sirdaryo,BYD,Han,E-Sedan,Elektromobil (EV),Import (Xitoy),Premium (>$40k),48601,1,48601
2022,Q4,2022-Q4,Sirdaryo,Chery,Tiggo 7 Pro,C-SUV,Benzin (Turbo),Mahalliy yig‘uv (ADM Jizzax),Yuqori-o‘rta ($25k-$40k),25402,1,25402
2022,Q4,2022-Q4,Sirdaryo,Chery,Arrizo 6 Pro,C-Sedan,Benzin (Turbo),Mahalliy yig‘uv (ADM Jizzax),O‘rta ($15k-$25k),19976,1,19976
2022,Q4,2022-Q4,Sirdaryo,Chery,Tiggo 8 Pro,Mid-SUV,Benzin (Turbo),Mahalliy yig‘uv (ADM Jizzax),Yuqori-o‘rta ($25k-$40k),31974,1,31974
2022,Q4,2022-Q4,Sirdaryo,Haval,Jolion,B-SUV,Benzin (Turbo),Mahalliy yig‘uv (ADM Jizzax),O‘rta ($15k-$25k),22623,1,22623
2022,Q4,2022-Q4,Sirdaryo,Haval,M6,C-SUV,Benzin,Mahalliy yig‘uv (ADM Jizzax),O‘rta ($15k-$25k),18760,1,18760
2022,Q4,2022-Q4,Sirdaryo,Haval,H6,C-SUV,Benzin (Turbo),Mahalliy yig‘uv (ADM Jizzax),Yuqori-o‘rta ($25k-$40k),28446,1,28446
2022,Q4,2022-Q4,Sirdaryo,Kia,Sonet,B-SUV,Benzin,Mahalliy yig‘uv (ADM Jizzax),O‘rta ($15k-$25k),17538,1,17538
2022,Q4,2022-Q4,Sirdaryo,Kia,K5,D-Sedan,Benzin,Mahalliy yig‘uv (ADM Jizzax),Yuqori-o‘rta ($25k-$40k),32524,2,65048
2022,Q4,2022-Q4,Sirdaryo,Kia,Sportage,C-SUV,Benzin,Mahalliy yig‘uv (ADM Jizzax),Yuqori-o‘rta ($25k-$40k),34131,1,34131
2022,Q4,2022-Q4,Sirdaryo,Geely,Monjaro,Mid-SUV,Benzin (Turbo),Import (Xitoy),Yuqori-o‘rta ($25k-$40k),35057,1,35057
2022,Q4,2022-Q4,Sirdaryo,Jetour,Dashing,C-SUV,Benzin (Turbo),Import (Xitoy),Yuqori-o‘rta ($25k-$40k),26084,1,26084
2022,Q4,2022-Q4,Qoraqalpog‘iston Res.,Chevrolet,Cobalt,B-Sedan,Benzin,Mahalliy (Asaka),Byudjet (<$15k),11630,22,255860
2022,Q4,2022-Q4,Qoraqalpog‘iston Res.,Chevrolet,Damas,Mini-Van,Benzin,Mahalliy (Pitnak),Byudjet (<$15k),8565,22,188430
2022,Q4,2022-Q4,Qoraqalpog‘iston Res.,Chevrolet,Labo,Mini-Truck,Benzin,Mahalliy (Pitnak),Byudjet (<$15k),8000,9,72000
2022,Q4,2022-Q4,Qoraqalpog‘iston Res.,Chevrolet,Lacetti/Gentra,C-Sedan,Benzin,Mahalliy (Asaka),Byudjet (<$15k),13176,19,250344
2022,Q4,2022-Q4,Qoraqalpog‘iston Res.,Chevrolet,Tracker-2,B-SUV,Benzin (Turbo),Mahalliy (Asaka),O‘rta ($15k-$25k),20103,6,120618
2022,Q4,2022-Q4,Qoraqalpog‘iston Res.,Chevrolet,Onix,B-Sedan,Benzin (Turbo),Mahalliy (Asaka),O‘rta ($15k-$25k),16488,7,115416
2022,Q4,2022-Q4,Qoraqalpog‘iston Res.,Chevrolet,Malibu-2,D-Sedan,Benzin (Turbo),Mahalliy (Asaka),Yuqori-o‘rta ($25k-$40k),34149,2,68298
2022,Q4,2022-Q4,Qoraqalpog‘iston Res.,BYD,Song Plus DM-i,C-SUV,Gibrid (PHEV),Gibrid/Yig‘uv (Jizzax),Yuqori-o‘rta ($25k-$40k),30145,2,60290
2022,Q4,2022-Q4,Qoraqalpog‘iston Res.,BYD,Chazor (Destroyer 05),C-Sedan,Gibrid (PHEV),Gibrid/Yig‘uv (Jizzax),O‘rta ($15k-$25k),22967,2,45934
2022,Q4,2022-Q4,Qoraqalpog‘iston Res.,BYD,Song Plus EV,C-SUV,Elektromobil (EV),Import (Xitoy),Yuqori-o‘rta ($25k-$40k),34118,1,34118
2022,Q4,2022-Q4,Qoraqalpog‘iston Res.,BYD,Han,E-Sedan,Elektromobil (EV),Import (Xitoy),Premium (>$40k),48356,1,48356
2022,Q4,2022-Q4,Qoraqalpog‘iston Res.,Chery,Tiggo 7 Pro,C-SUV,Benzin (Turbo),Mahalliy yig‘uv (ADM Jizzax),Yuqori-o‘rta ($25k-$40k),25512,1,25512
2022,Q4,2022-Q4,Qoraqalpog‘iston Res.,Chery,Arrizo 6 Pro,C-Sedan,Benzin (Turbo),Mahalliy yig‘uv (ADM Jizzax),O‘rta ($15k-$25k),20078,1,20078
2022,Q4,2022-Q4,Qoraqalpog‘iston Res.,Chery,Tiggo 8 Pro,Mid-SUV,Benzin (Turbo),Mahalliy yig‘uv (ADM Jizzax),Yuqori-o‘rta ($25k-$40k),32093,1,32093
2022,Q4,2022-Q4,Qoraqalpog‘iston Res.,Haval,Jolion,B-SUV,Benzin (Turbo),Mahalliy yig‘uv (ADM Jizzax),O‘rta ($15k-$25k),22445,1,22445
2022,Q4,2022-Q4,Qoraqalpog‘iston Res.,Haval,M6,C-SUV,Benzin,Mahalliy yig‘uv (ADM Jizzax),O‘rta ($15k-$25k),18698,1,18698
2022,Q4,2022-Q4,Qoraqalpog‘iston Res.,Haval,H6,C-SUV,Benzin (Turbo),Mahalliy yig‘uv (ADM Jizzax),Yuqori-o‘rta ($25k-$40k),28421,1,28421
2022,Q4,2022-Q4,Qoraqalpog‘iston Res.,Kia,Sonet,B-SUV,Benzin,Mahalliy yig‘uv (ADM Jizzax),O‘rta ($15k-$25k),17329,1,17329
2022,Q4,2022-Q4,Qoraqalpog‘iston Res.,Kia,K5,D-Sedan,Benzin,Mahalliy yig‘uv (ADM Jizzax),Yuqori-o‘rta ($25k-$40k),32494,2,64988
2022,Q4,2022-Q4,Qoraqalpog‘iston Res.,Kia,Sportage,C-SUV,Benzin,Mahalliy yig‘uv (ADM Jizzax),Yuqori-o‘rta ($25k-$40k),33955,1,33955
2022,Q4,2022-Q4,Qoraqalpog‘iston Res.,Geely,Monjaro,Mid-SUV,Benzin (Turbo),Import (Xitoy),Yuqori-o‘rta ($25k-$40k),34822,1,34822
2022,Q4,2022-Q4,Qoraqalpog‘iston Res.,Jetour,Dashing,C-SUV,Benzin (Turbo),Import (Xitoy),Yuqori-o‘rta ($25k-$40k),26159,1,26159
2023,Q1,2023-Q1,Toshkent shahri,Chevrolet,Cobalt,B-Sedan,Benzin,Mahalliy (Asaka),Byudjet (<$15k),12024,493,5927832
2023,Q1,2023-Q1,Toshkent shahri,Chevrolet,Damas,Mini-Van,Benzin,Mahalliy (Pitnak),Byudjet (<$15k),8721,83,723843
2023,Q1,2023-Q1,Toshkent shahri,Chevrolet,Labo,Mini-Truck,Benzin,Mahalliy (Pitnak),Byudjet (<$15k),8046,40,321840
2023,Q1,2023-Q1,Toshkent shahri,Chevrolet,Lacetti/Gentra,C-Sedan,Benzin,Mahalliy (Asaka),Byudjet (<$15k),13385,401,5367385
2023,Q1,2023-Q1,Toshkent shahri,Chevrolet,Tracker-2,B-SUV,Benzin (Turbo),Mahalliy (Asaka),O‘rta ($15k-$25k),18901,136,2570536
2023,Q1,2023-Q1,Toshkent shahri,Chevrolet,Onix,B-Sedan,Benzin (Turbo),Mahalliy (Asaka),O‘rta ($15k-$25k),15643,159,2487237
2023,Q1,2023-Q1,Toshkent shahri,Chevrolet,Malibu-2,D-Sedan,Benzin (Turbo),Mahalliy (Asaka),Yuqori-o‘rta ($25k-$40k),35214,47,1655058
2023,Q1,2023-Q1,Toshkent shahri,BYD,Song Plus DM-i,C-SUV,Gibrid (PHEV),Gibrid/Yig‘uv (Jizzax),Yuqori-o‘rta ($25k-$40k),27675,354,9796950
2023,Q1,2023-Q1,Toshkent shahri,BYD,Chazor (Destroyer 05),C-Sedan,Gibrid (PHEV),Gibrid/Yig‘uv (Jizzax),O‘rta ($15k-$25k),21227,233,4945891
2023,Q1,2023-Q1,Toshkent shahri,BYD,Song Plus EV,C-SUV,Elektromobil (EV),Import (Xitoy),Yuqori-o‘rta ($25k-$40k),31039,59,1831301
2023,Q1,2023-Q1,Toshkent shahri,BYD,Han,E-Sedan,Elektromobil (EV),Import (Xitoy),Premium (>$40k),43987,23,1011701
2023,Q1,2023-Q1,Toshkent shahri,Chery,Tiggo 7 Pro,C-SUV,Benzin (Turbo),Mahalliy yig‘uv (ADM Jizzax),Yuqori-o‘rta ($25k-$40k),26177,42,1099434
2023,Q1,2023-Q1,Toshkent shahri,Chery,Arrizo 6 Pro,C-Sedan,Benzin (Turbo),Mahalliy yig‘uv (ADM Jizzax),O‘rta ($15k-$25k),20775,33,685575
2023,Q1,2023-Q1,Toshkent shahri,Chery,Tiggo 8 Pro,Mid-SUV,Benzin (Turbo),Mahalliy yig‘uv (ADM Jizzax),Yuqori-o‘rta ($25k-$40k),33103,15,496545
2023,Q1,2023-Q1,Toshkent shahri,Haval,Jolion,B-SUV,Benzin (Turbo),Mahalliy yig‘uv (ADM Jizzax),O‘rta ($15k-$25k),23234,37,859658
2023,Q1,2023-Q1,Toshkent shahri,Haval,M6,C-SUV,Benzin,Mahalliy yig‘uv (ADM Jizzax),O‘rta ($15k-$25k),19317,39,753363
2023,Q1,2023-Q1,Toshkent shahri,Haval,H6,C-SUV,Benzin (Turbo),Mahalliy yig‘uv (ADM Jizzax),Yuqori-o‘rta ($25k-$40k),29460,17,500820
2023,Q1,2023-Q1,Toshkent shahri,Kia,Sonet,B-SUV,Benzin,Mahalliy yig‘uv (ADM Jizzax),O‘rta ($15k-$25k),18086,44,795784
2023,Q1,2023-Q1,Toshkent shahri,Kia,K5,D-Sedan,Benzin,Mahalliy yig‘uv (ADM Jizzax),Yuqori-o‘rta ($25k-$40k),33304,19,632776
2023,Q1,2023-Q1,Toshkent shahri,Kia,Sportage,C-SUV,Benzin,Mahalliy yig‘uv (ADM Jizzax),Yuqori-o‘rta ($25k-$40k),34941,17,593997
2023,Q1,2023-Q1,Toshkent shahri,Zeekr,001,E-Shooting Brake,Elektromobil (EV),Import (Xitoy),Premium (>$40k),48405,31,1500555
2023,Q1,2023-Q1,Toshkent shahri,Geely,Monjaro,Mid-SUV,Benzin (Turbo),Import (Xitoy),Yuqori-o‘rta ($25k-$40k),36123,14,505722
2023,Q1,2023-Q1,Toshkent shahri,Jetour,Dashing,C-SUV,Benzin (Turbo),Import (Xitoy),Yuqori-o‘rta ($25k-$40k),26857,15,402855
2023,Q1,2023-Q1,Toshkent shahri,Li Auto,L7/L9,Full-SUV,Gibrid (EREV),Import (Xitoy),Premium (>$40k),57547,20,1150940
2023,Q1,2023-Q1,Toshkent viloyati,Chevrolet,Cobalt,B-Sedan,Benzin,Mahalliy (Asaka),Byudjet (<$15k),12041,197,2372077
2023,Q1,2023-Q1,Toshkent viloyati,Chevrolet,Damas,Mini-Van,Benzin,Mahalliy (Pitnak),Byudjet (<$15k),8716,170,1481720
2023,Q1,2023-Q1,Toshkent viloyati,Chevrolet,Labo,Mini-Truck,Benzin,Mahalliy (Pitnak),Byudjet (<$15k),8382,84,704088
2023,Q1,2023-Q1,Toshkent viloyati,Chevrolet,Lacetti/Gentra,C-Sedan,Benzin,Mahalliy (Asaka),Byudjet (<$15k),13576,148,2009248
2023,Q1,2023-Q1,Toshkent viloyati,Chevrolet,Tracker-2,B-SUV,Benzin (Turbo),Mahalliy (Asaka),O‘rta ($15k-$25k),19262,49,943838
2023,Q1,2023-Q1,Toshkent viloyati,Chevrolet,Onix,B-Sedan,Benzin (Turbo),Mahalliy (Asaka),O‘rta ($15k-$25k),15696,56,878976
2023,Q1,2023-Q1,Toshkent viloyati,Chevrolet,Malibu-2,D-Sedan,Benzin (Turbo),Mahalliy (Asaka),Yuqori-o‘rta ($25k-$40k),34840,10,348400
2023,Q1,2023-Q1,Toshkent viloyati,BYD,Song Plus DM-i,C-SUV,Gibrid (PHEV),Gibrid/Yig‘uv (Jizzax),Yuqori-o‘rta ($25k-$40k),27399,60,1643940
2023,Q1,2023-Q1,Toshkent viloyati,BYD,Chazor (Destroyer 05),C-Sedan,Gibrid (PHEV),Gibrid/Yig‘uv (Jizzax),O‘rta ($15k-$25k),20984,44,923296
2023,Q1,2023-Q1,Toshkent viloyati,BYD,Song Plus EV,C-SUV,Elektromobil (EV),Import (Xitoy),Yuqori-o‘rta ($25k-$40k),31203,10,312030
2023,Q1,2023-Q1,Toshkent viloyati,BYD,Han,E-Sedan,Elektromobil (EV),Import (Xitoy),Premium (>$40k),44034,4,176136
2023,Q1,2023-Q1,Toshkent viloyati,Chery,Tiggo 7 Pro,C-SUV,Benzin (Turbo),Mahalliy yig‘uv (ADM Jizzax),Yuqori-o‘rta ($25k-$40k),26337,16,421392
2023,Q1,2023-Q1,Toshkent viloyati,Chery,Arrizo 6 Pro,C-Sedan,Benzin (Turbo),Mahalliy yig‘uv (ADM Jizzax),O‘rta ($15k-$25k),20613,12,247356
2023,Q1,2023-Q1,Toshkent viloyati,Chery,Tiggo 8 Pro,Mid-SUV,Benzin (Turbo),Mahalliy yig‘uv (ADM Jizzax),Yuqori-o‘rta ($25k-$40k),33008,7,231056
2023,Q1,2023-Q1,Toshkent viloyati,Haval,Jolion,B-SUV,Benzin (Turbo),Mahalliy yig‘uv (ADM Jizzax),O‘rta ($15k-$25k),23315,14,326410
2023,Q1,2023-Q1,Toshkent viloyati,Haval,M6,C-SUV,Benzin,Mahalliy yig‘uv (ADM Jizzax),O‘rta ($15k-$25k),19171,17,325907
2023,Q1,2023-Q1,Toshkent viloyati,Haval,H6,C-SUV,Benzin (Turbo),Mahalliy yig‘uv (ADM Jizzax),Yuqori-o‘rta ($25k-$40k),29318,7,205226
2023,Q1,2023-Q1,Toshkent viloyati,Kia,Sonet,B-SUV,Benzin,Mahalliy yig‘uv (ADM Jizzax),O‘rta ($15k-$25k),18198,17,309366
2023,Q1,2023-Q1,Toshkent viloyati,Kia,K5,D-Sedan,Benzin,Mahalliy yig‘uv (ADM Jizzax),Yuqori-o‘rta ($25k-$40k),33447,8,267576
2023,Q1,2023-Q1,Toshkent viloyati,Kia,Sportage,C-SUV,Benzin,Mahalliy yig‘uv (ADM Jizzax),Yuqori-o‘rta ($25k-$40k),34866,6,209196
2023,Q1,2023-Q1,Toshkent viloyati,Zeekr,001,E-Shooting Brake,Elektromobil (EV),Import (Xitoy),Premium (>$40k),48393,4,193572
2023,Q1,2023-Q1,Toshkent viloyati,Geely,Monjaro,Mid-SUV,Benzin (Turbo),Import (Xitoy),Yuqori-o‘rta ($25k-$40k),35869,6,215214
2023,Q1,2023-Q1,Toshkent viloyati,Jetour,Dashing,C-SUV,Benzin (Turbo),Import (Xitoy),Yuqori-o‘rta ($25k-$40k),26649,6,159894
2023,Q1,2023-Q1,Toshkent viloyati,Li Auto,L7/L9,Full-SUV,Gibrid (EREV),Import (Xitoy),Premium (>$40k),57496,3,172488
2023,Q1,2023-Q1,Samarqand,Chevrolet,Cobalt,B-Sedan,Benzin,Mahalliy (Asaka),Byudjet (<$15k),11752,234,2749968
2023,Q1,2023-Q1,Samarqand,Chevrolet,Damas,Mini-Van,Benzin,Mahalliy (Pitnak),Byudjet (<$15k),8790,157,1380030
2023,Q1,2023-Q1,Samarqand,Chevrolet,Labo,Mini-Truck,Benzin,Mahalliy (Pitnak),Byudjet (<$15k),8222,79,649538
2023,Q1,2023-Q1,Samarqand,Chevrolet,Lacetti/Gentra,C-Sedan,Benzin,Mahalliy (Asaka),Byudjet (<$15k),13439,210,2822190
2023,Q1,2023-Q1,Samarqand,Chevrolet,Tracker-2,B-SUV,Benzin (Turbo),Mahalliy (Asaka),O‘rta ($15k-$25k),18915,62,1172730
2023,Q1,2023-Q1,Samarqand,Chevrolet,Onix,B-Sedan,Benzin (Turbo),Mahalliy (Asaka),O‘rta ($15k-$25k),15606,49,764694
2023,Q1,2023-Q1,Samarqand,Chevrolet,Malibu-2,D-Sedan,Benzin (Turbo),Mahalliy (Asaka),Yuqori-o‘rta ($25k-$40k),35068,7,245476
2023,Q1,2023-Q1,Samarqand,BYD,Song Plus DM-i,C-SUV,Gibrid (PHEV),Gibrid/Yig‘uv (Jizzax),Yuqori-o‘rta ($25k-$40k),27598,57,1573086
2023,Q1,2023-Q1,Samarqand,BYD,Chazor (Destroyer 05),C-Sedan,Gibrid (PHEV),Gibrid/Yig‘uv (Jizzax),O‘rta ($15k-$25k),21330,56,1194480
2023,Q1,2023-Q1,Samarqand,BYD,Song Plus EV,C-SUV,Elektromobil (EV),Import (Xitoy),Yuqori-o‘rta ($25k-$40k),30681,8,245448
2023,Q1,2023-Q1,Samarqand,BYD,Han,E-Sedan,Elektromobil (EV),Import (Xitoy),Premium (>$40k),44350,5,221750
2023,Q1,2023-Q1,Samarqand,Chery,Tiggo 7 Pro,C-SUV,Benzin (Turbo),Mahalliy yig‘uv (ADM Jizzax),Yuqori-o‘rta ($25k-$40k),26324,13,342212
2023,Q1,2023-Q1,Samarqand,Chery,Arrizo 6 Pro,C-Sedan,Benzin (Turbo),Mahalliy yig‘uv (ADM Jizzax),O‘rta ($15k-$25k),20728,11,228008
2023,Q1,2023-Q1,Samarqand,Chery,Tiggo 8 Pro,Mid-SUV,Benzin (Turbo),Mahalliy yig‘uv (ADM Jizzax),Yuqori-o‘rta ($25k-$40k),33087,7,231609
2023,Q1,2023-Q1,Samarqand,Haval,Jolion,B-SUV,Benzin (Turbo),Mahalliy yig‘uv (ADM Jizzax),O‘rta ($15k-$25k),23343,12,280116
2023,Q1,2023-Q1,Samarqand,Haval,M6,C-SUV,Benzin,Mahalliy yig‘uv (ADM Jizzax),O‘rta ($15k-$25k),19388,15,290820
2023,Q1,2023-Q1,Samarqand,Haval,H6,C-SUV,Benzin (Turbo),Mahalliy yig‘uv (ADM Jizzax),Yuqori-o‘rta ($25k-$40k),29167,6,175002
2023,Q1,2023-Q1,Samarqand,Kia,Sonet,B-SUV,Benzin,Mahalliy yig‘uv (ADM Jizzax),O‘rta ($15k-$25k),18013,17,306221
2023,Q1,2023-Q1,Samarqand,Kia,K5,D-Sedan,Benzin,Mahalliy yig‘uv (ADM Jizzax),Yuqori-o‘rta ($25k-$40k),33445,9,301005
2023,Q1,2023-Q1,Samarqand,Kia,Sportage,C-SUV,Benzin,Mahalliy yig‘uv (ADM Jizzax),Yuqori-o‘rta ($25k-$40k),35142,5,175710
2023,Q1,2023-Q1,Samarqand,Zeekr,001,E-Shooting Brake,Elektromobil (EV),Import (Xitoy),Premium (>$40k),48335,3,145005
2023,Q1,2023-Q1,Samarqand,Geely,Monjaro,Mid-SUV,Benzin (Turbo),Import (Xitoy),Yuqori-o‘rta ($25k-$40k),36126,5,180630
2023,Q1,2023-Q1,Samarqand,Jetour,Dashing,C-SUV,Benzin (Turbo),Import (Xitoy),Yuqori-o‘rta ($25k-$40k),26731,7,187117
2023,Q1,2023-Q1,Samarqand,Li Auto,L7/L9,Full-SUV,Gibrid (EREV),Import (Xitoy),Premium (>$40k),57514,2,115028
2023,Q1,2023-Q1,Farg‘ona,Chevrolet,Cobalt,B-Sedan,Benzin,Mahalliy (Asaka),Byudjet (<$15k),11971,174,2082954
2023,Q1,2023-Q1,Farg‘ona,Chevrolet,Damas,Mini-Van,Benzin,Mahalliy (Pitnak),Byudjet (<$15k),8584,309,2652456
2023,Q1,2023-Q1,Farg‘ona,Chevrolet,Labo,Mini-Truck,Benzin,Mahalliy (Pitnak),Byudjet (<$15k),8076,164,1324464
2023,Q1,2023-Q1,Farg‘ona,Chevrolet,Lacetti/Gentra,C-Sedan,Benzin,Mahalliy (Asaka),Byudjet (<$15k),13330,136,1812880
2023,Q1,2023-Q1,Farg‘ona,Chevrolet,Tracker-2,B-SUV,Benzin (Turbo),Mahalliy (Asaka),O‘rta ($15k-$25k),18827,47,884869
2023,Q1,2023-Q1,Farg‘ona,Chevrolet,Onix,B-Sedan,Benzin (Turbo),Mahalliy (Asaka),O‘rta ($15k-$25k),15400,52,800800
2023,Q1,2023-Q1,Farg‘ona,Chevrolet,Malibu-2,D-Sedan,Benzin (Turbo),Mahalliy (Asaka),Yuqori-o‘rta ($25k-$40k),35013,7,245091
2023,Q1,2023-Q1,Farg‘ona,BYD,Song Plus DM-i,C-SUV,Gibrid (PHEV),Gibrid/Yig‘uv (Jizzax),Yuqori-o‘rta ($25k-$40k),27802,51,1417902
2023,Q1,2023-Q1,Farg‘ona,BYD,Chazor (Destroyer 05),C-Sedan,Gibrid (PHEV),Gibrid/Yig‘uv (Jizzax),O‘rta ($15k-$25k),20983,35,734405
2023,Q1,2023-Q1,Farg‘ona,BYD,Song Plus EV,C-SUV,Elektromobil (EV),Import (Xitoy),Yuqori-o‘rta ($25k-$40k),30859,1,30859
2023,Q1,2023-Q1,Farg‘ona,BYD,Han,E-Sedan,Elektromobil (EV),Import (Xitoy),Premium (>$40k),43954,1,43954
2023,Q1,2023-Q1,Farg‘ona,Chery,Tiggo 7 Pro,C-SUV,Benzin (Turbo),Mahalliy yig‘uv (ADM Jizzax),Yuqori-o‘rta ($25k-$40k),26136,13,339768
2023,Q1,2023-Q1,Farg‘ona,Chery,Arrizo 6 Pro,C-Sedan,Benzin (Turbo),Mahalliy yig‘uv (ADM Jizzax),O‘rta ($15k-$25k),20572,10,205720
2023,Q1,2023-Q1,Farg‘ona,Chery,Tiggo 8 Pro,Mid-SUV,Benzin (Turbo),Mahalliy yig‘uv (ADM Jizzax),Yuqori-o‘rta ($25k-$40k),33049,5,165245
2023,Q1,2023-Q1,Farg‘ona,Haval,Jolion,B-SUV,Benzin (Turbo),Mahalliy yig‘uv (ADM Jizzax),O‘rta ($15k-$25k),23119,12,277428
2023,Q1,2023-Q1,Farg‘ona,Haval,M6,C-SUV,Benzin,Mahalliy yig‘uv (ADM Jizzax),O‘rta ($15k-$25k),19538,13,253994
2023,Q1,2023-Q1,Farg‘ona,Haval,H6,C-SUV,Benzin (Turbo),Mahalliy yig‘uv (ADM Jizzax),Yuqori-o‘rta ($25k-$40k),29512,5,147560
2023,Q1,2023-Q1,Farg‘ona,Kia,Sonet,B-SUV,Benzin,Mahalliy yig‘uv (ADM Jizzax),O‘rta ($15k-$25k),18012,15,270180
2023,Q1,2023-Q1,Farg‘ona,Kia,K5,D-Sedan,Benzin,Mahalliy yig‘uv (ADM Jizzax),Yuqori-o‘rta ($25k-$40k),33458,6,200748
2023,Q1,2023-Q1,Farg‘ona,Kia,Sportage,C-SUV,Benzin,Mahalliy yig‘uv (ADM Jizzax),Yuqori-o‘rta ($25k-$40k),34930,4,139720
2023,Q1,2023-Q1,Farg‘ona,Zeekr,001,E-Shooting Brake,Elektromobil (EV),Import (Xitoy),Premium (>$40k),48601,2,97202
2023,Q1,2023-Q1,Farg‘ona,Geely,Monjaro,Mid-SUV,Benzin (Turbo),Import (Xitoy),Yuqori-o‘rta ($25k-$40k),36064,4,144256
2023,Q1,2023-Q1,Farg‘ona,Jetour,Dashing,C-SUV,Benzin (Turbo),Import (Xitoy),Yuqori-o‘rta ($25k-$40k),26606,5,133030
2023,Q1,2023-Q1,Farg‘ona,Li Auto,L7/L9,Full-SUV,Gibrid (EREV),Import (Xitoy),Premium (>$40k),57597,1,57597
2023,Q1,2023-Q1,Andijon,Chevrolet,Cobalt,B-Sedan,Benzin,Mahalliy (Asaka),Byudjet (<$15k),11965,140,1675100
2023,Q1,2023-Q1,Andijon,Chevrolet,Damas,Mini-Van,Benzin,Mahalliy (Pitnak),Byudjet (<$15k),8787,221,1941927
2023,Q1,2023-Q1,Andijon,Chevrolet,Labo,Mini-Truck,Benzin,Mahalliy (Pitnak),Byudjet (<$15k),8320,136,1131520
2023,Q1,2023-Q1,Andijon,Chevrolet,Lacetti/Gentra,C-Sedan,Benzin,Mahalliy (Asaka),Byudjet (<$15k),13403,101,1353703
2023,Q1,2023-Q1,Andijon,Chevrolet,Tracker-2,B-SUV,Benzin (Turbo),Mahalliy (Asaka),O‘rta ($15k-$25k),19243,41,788963
2023,Q1,2023-Q1,Andijon,Chevrolet,Onix,B-Sedan,Benzin (Turbo),Mahalliy (Asaka),O‘rta ($15k-$25k),15645,41,641445
2023,Q1,2023-Q1,Andijon,Chevrolet,Malibu-2,D-Sedan,Benzin (Turbo),Mahalliy (Asaka),Yuqori-o‘rta ($25k-$40k),34873,7,244111
2023,Q1,2023-Q1,Andijon,BYD,Song Plus DM-i,C-SUV,Gibrid (PHEV),Gibrid/Yig‘uv (Jizzax),Yuqori-o‘rta ($25k-$40k),27663,43,1189509
2023,Q1,2023-Q1,Andijon,BYD,Chazor (Destroyer 05),C-Sedan,Gibrid (PHEV),Gibrid/Yig‘uv (Jizzax),O‘rta ($15k-$25k),20777,33,685641
2023,Q1,2023-Q1,Andijon,BYD,Song Plus EV,C-SUV,Elektromobil (EV),Import (Xitoy),Yuqori-o‘rta ($25k-$40k),31011,4,124044
2023,Q1,2023-Q1,Andijon,BYD,Han,E-Sedan,Elektromobil (EV),Import (Xitoy),Premium (>$40k),43621,1,43621
2023,Q1,2023-Q1,Andijon,Chery,Tiggo 7 Pro,C-SUV,Benzin (Turbo),Mahalliy yig‘uv (ADM Jizzax),Yuqori-o‘rta ($25k-$40k),26094,10,260940
2023,Q1,2023-Q1,Andijon,Chery,Arrizo 6 Pro,C-Sedan,Benzin (Turbo),Mahalliy yig‘uv (ADM Jizzax),O‘rta ($15k-$25k),20663,8,165304
2023,Q1,2023-Q1,Andijon,Chery,Tiggo 8 Pro,Mid-SUV,Benzin (Turbo),Mahalliy yig‘uv (ADM Jizzax),Yuqori-o‘rta ($25k-$40k),32771,4,131084
2023,Q1,2023-Q1,Andijon,Haval,Jolion,B-SUV,Benzin (Turbo),Mahalliy yig‘uv (ADM Jizzax),O‘rta ($15k-$25k),23312,8,186496
2023,Q1,2023-Q1,Andijon,Haval,M6,C-SUV,Benzin,Mahalliy yig‘uv (ADM Jizzax),O‘rta ($15k-$25k),19411,11,213521
2023,Q1,2023-Q1,Andijon,Haval,H6,C-SUV,Benzin (Turbo),Mahalliy yig‘uv (ADM Jizzax),Yuqori-o‘rta ($25k-$40k),29358,5,146790
2023,Q1,2023-Q1,Andijon,Kia,Sonet,B-SUV,Benzin,Mahalliy yig‘uv (ADM Jizzax),O‘rta ($15k-$25k),17873,13,232349
2023,Q1,2023-Q1,Andijon,Kia,K5,D-Sedan,Benzin,Mahalliy yig‘uv (ADM Jizzax),Yuqori-o‘rta ($25k-$40k),33370,5,166850
2023,Q1,2023-Q1,Andijon,Kia,Sportage,C-SUV,Benzin,Mahalliy yig‘uv (ADM Jizzax),Yuqori-o‘rta ($25k-$40k),35033,4,140132
2023,Q1,2023-Q1,Andijon,Zeekr,001,E-Shooting Brake,Elektromobil (EV),Import (Xitoy),Premium (>$40k),48515,1,48515
2023,Q1,2023-Q1,Andijon,Geely,Monjaro,Mid-SUV,Benzin (Turbo),Import (Xitoy),Yuqori-o‘rta ($25k-$40k),36113,4,144452
2023,Q1,2023-Q1,Andijon,Jetour,Dashing,C-SUV,Benzin (Turbo),Import (Xitoy),Yuqori-o‘rta ($25k-$40k),26718,4,106872
2023,Q1,2023-Q1,Andijon,Li Auto,L7/L9,Full-SUV,Gibrid (EREV),Import (Xitoy),Premium (>$40k),57600,2,115200
2023,Q1,2023-Q1,Namangan,Chevrolet,Cobalt,B-Sedan,Benzin,Mahalliy (Asaka),Byudjet (<$15k),11806,112,1322272
2023,Q1,2023-Q1,Namangan,Chevrolet,Damas,Mini-Van,Benzin,Mahalliy (Pitnak),Byudjet (<$15k),8654,215,1860610
2023,Q1,2023-Q1,Namangan,Chevrolet,Labo,Mini-Truck,Benzin,Mahalliy (Pitnak),Byudjet (<$15k),8095,104,841880
2023,Q1,2023-Q1,Namangan,Chevrolet,Lacetti/Gentra,C-Sedan,Benzin,Mahalliy (Asaka),Byudjet (<$15k),13368,90,1203120
2023,Q1,2023-Q1,Namangan,Chevrolet,Tracker-2,B-SUV,Benzin (Turbo),Mahalliy (Asaka),O‘rta ($15k-$25k),18917,35,662095
2023,Q1,2023-Q1,Namangan,Chevrolet,Onix,B-Sedan,Benzin (Turbo),Mahalliy (Asaka),O‘rta ($15k-$25k),15374,36,553464
2023,Q1,2023-Q1,Namangan,Chevrolet,Malibu-2,D-Sedan,Benzin (Turbo),Mahalliy (Asaka),Yuqori-o‘rta ($25k-$40k),34832,5,174160
2023,Q1,2023-Q1,Namangan,BYD,Song Plus DM-i,C-SUV,Gibrid (PHEV),Gibrid/Yig‘uv (Jizzax),Yuqori-o‘rta ($25k-$40k),27200,35,952000
2023,Q1,2023-Q1,Namangan,BYD,Chazor (Destroyer 05),C-Sedan,Gibrid (PHEV),Gibrid/Yig‘uv (Jizzax),O‘rta ($15k-$25k),21205,28,593740
2023,Q1,2023-Q1,Namangan,BYD,Song Plus EV,C-SUV,Elektromobil (EV),Import (Xitoy),Yuqori-o‘rta ($25k-$40k),31312,2,62624
2023,Q1,2023-Q1,Namangan,BYD,Han,E-Sedan,Elektromobil (EV),Import (Xitoy),Premium (>$40k),44251,1,44251
2023,Q1,2023-Q1,Namangan,Chery,Tiggo 7 Pro,C-SUV,Benzin (Turbo),Mahalliy yig‘uv (ADM Jizzax),Yuqori-o‘rta ($25k-$40k),26357,10,263570
2023,Q1,2023-Q1,Namangan,Chery,Arrizo 6 Pro,C-Sedan,Benzin (Turbo),Mahalliy yig‘uv (ADM Jizzax),O‘rta ($15k-$25k),20703,8,165624
2023,Q1,2023-Q1,Namangan,Chery,Tiggo 8 Pro,Mid-SUV,Benzin (Turbo),Mahalliy yig‘uv (ADM Jizzax),Yuqori-o‘rta ($25k-$40k),33118,3,99354
2023,Q1,2023-Q1,Namangan,Haval,Jolion,B-SUV,Benzin (Turbo),Mahalliy yig‘uv (ADM Jizzax),O‘rta ($15k-$25k),23277,6,139662
2023,Q1,2023-Q1,Namangan,Haval,M6,C-SUV,Benzin,Mahalliy yig‘uv (ADM Jizzax),O‘rta ($15k-$25k),19309,9,173781
2023,Q1,2023-Q1,Namangan,Haval,H6,C-SUV,Benzin (Turbo),Mahalliy yig‘uv (ADM Jizzax),Yuqori-o‘rta ($25k-$40k),29515,6,177090
2023,Q1,2023-Q1,Namangan,Kia,Sonet,B-SUV,Benzin,Mahalliy yig‘uv (ADM Jizzax),O‘rta ($15k-$25k),18204,11,200244
2023,Q1,2023-Q1,Namangan,Kia,K5,D-Sedan,Benzin,Mahalliy yig‘uv (ADM Jizzax),Yuqori-o‘rta ($25k-$40k),33503,4,134012
2023,Q1,2023-Q1,Namangan,Kia,Sportage,C-SUV,Benzin,Mahalliy yig‘uv (ADM Jizzax),Yuqori-o‘rta ($25k-$40k),35216,4,140864
2023,Q1,2023-Q1,Namangan,Zeekr,001,E-Shooting Brake,Elektromobil (EV),Import (Xitoy),Premium (>$40k),48346,2,96692
2023,Q1,2023-Q1,Namangan,Geely,Monjaro,Mid-SUV,Benzin (Turbo),Import (Xitoy),Yuqori-o‘rta ($25k-$40k),36178,3,108534
2023,Q1,2023-Q1,Namangan,Jetour,Dashing,C-SUV,Benzin (Turbo),Import (Xitoy),Yuqori-o‘rta ($25k-$40k),26679,4,106716
2023,Q1,2023-Q1,Namangan,Li Auto,L7/L9,Full-SUV,Gibrid (EREV),Import (Xitoy),Premium (>$40k),57588,1,57588
2023,Q1,2023-Q1,Buxoro,Chevrolet,Cobalt,B-Sedan,Benzin,Mahalliy (Asaka),Byudjet (<$15k),11936,147,1754592
2023,Q1,2023-Q1,Buxoro,Chevrolet,Damas,Mini-Van,Benzin,Mahalliy (Pitnak),Byudjet (<$15k),8828,88,776864
2023,Q1,2023-Q1,Buxoro,Chevrolet,Labo,Mini-Truck,Benzin,Mahalliy (Pitnak),Byudjet (<$15k),8349,48,400752
2023,Q1,2023-Q1,Buxoro,Chevrolet,Lacetti/Gentra,C-Sedan,Benzin,Mahalliy (Asaka),Byudjet (<$15k),13254,108,1431432
2023,Q1,2023-Q1,Buxoro,Chevrolet,Tracker-2,B-SUV,Benzin (Turbo),Mahalliy (Asaka),O‘rta ($15k-$25k),18926,28,529928
2023,Q1,2023-Q1,Buxoro,Chevrolet,Onix,B-Sedan,Benzin (Turbo),Mahalliy (Asaka),O‘rta ($15k-$25k),15724,34,534616
2023,Q1,2023-Q1,Buxoro,Chevrolet,Malibu-2,D-Sedan,Benzin (Turbo),Mahalliy (Asaka),Yuqori-o‘rta ($25k-$40k),34872,2,69744
2023,Q1,2023-Q1,Buxoro,BYD,Song Plus DM-i,C-SUV,Gibrid (PHEV),Gibrid/Yig‘uv (Jizzax),Yuqori-o‘rta ($25k-$40k),27685,43,1190455
2023,Q1,2023-Q1,Buxoro,BYD,Chazor (Destroyer 05),C-Sedan,Gibrid (PHEV),Gibrid/Yig‘uv (Jizzax),O‘rta ($15k-$25k),20986,30,629580
2023,Q1,2023-Q1,Buxoro,BYD,Song Plus EV,C-SUV,Elektromobil (EV),Import (Xitoy),Yuqori-o‘rta ($25k-$40k),30710,3,92130
2023,Q1,2023-Q1,Buxoro,BYD,Han,E-Sedan,Elektromobil (EV),Import (Xitoy),Premium (>$40k),44135,2,88270
2023,Q1,2023-Q1,Buxoro,Chery,Tiggo 7 Pro,C-SUV,Benzin (Turbo),Mahalliy yig‘uv (ADM Jizzax),Yuqori-o‘rta ($25k-$40k),26093,8,208744
2023,Q1,2023-Q1,Buxoro,Chery,Arrizo 6 Pro,C-Sedan,Benzin (Turbo),Mahalliy yig‘uv (ADM Jizzax),O‘rta ($15k-$25k),20587,7,144109
2023,Q1,2023-Q1,Buxoro,Chery,Tiggo 8 Pro,Mid-SUV,Benzin (Turbo),Mahalliy yig‘uv (ADM Jizzax),Yuqori-o‘rta ($25k-$40k),33105,3,99315
2023,Q1,2023-Q1,Buxoro,Haval,Jolion,B-SUV,Benzin (Turbo),Mahalliy yig‘uv (ADM Jizzax),O‘rta ($15k-$25k),23130,6,138780
2023,Q1,2023-Q1,Buxoro,Haval,M6,C-SUV,Benzin,Mahalliy yig‘uv (ADM Jizzax),O‘rta ($15k-$25k),19435,9,174915
2023,Q1,2023-Q1,Buxoro,Haval,H6,C-SUV,Benzin (Turbo),Mahalliy yig‘uv (ADM Jizzax),Yuqori-o‘rta ($25k-$40k),29340,4,117360
2023,Q1,2023-Q1,Buxoro,Kia,Sonet,B-SUV,Benzin,Mahalliy yig‘uv (ADM Jizzax),O‘rta ($15k-$25k),18107,11,199177
2023,Q1,2023-Q1,Buxoro,Kia,K5,D-Sedan,Benzin,Mahalliy yig‘uv (ADM Jizzax),Yuqori-o‘rta ($25k-$40k),33449,3,100347
2023,Q1,2023-Q1,Buxoro,Kia,Sportage,C-SUV,Benzin,Mahalliy yig‘uv (ADM Jizzax),Yuqori-o‘rta ($25k-$40k),35041,3,105123
2023,Q1,2023-Q1,Buxoro,Zeekr,001,E-Shooting Brake,Elektromobil (EV),Import (Xitoy),Premium (>$40k),48600,1,48600
2023,Q1,2023-Q1,Buxoro,Geely,Monjaro,Mid-SUV,Benzin (Turbo),Import (Xitoy),Yuqori-o‘rta ($25k-$40k),36073,2,72146
2023,Q1,2023-Q1,Buxoro,Jetour,Dashing,C-SUV,Benzin (Turbo),Import (Xitoy),Yuqori-o‘rta ($25k-$40k),26586,4,106344
2023,Q1,2023-Q1,Buxoro,Li Auto,L7/L9,Full-SUV,Gibrid (EREV),Import (Xitoy),Premium (>$40k),57723,1,57723
2023,Q1,2023-Q1,Qashqadaryo,Chevrolet,Cobalt,B-Sedan,Benzin,Mahalliy (Asaka),Byudjet (<$15k),11852,96,1137792
2023,Q1,2023-Q1,Qashqadaryo,Chevrolet,Damas,Mini-Van,Benzin,Mahalliy (Pitnak),Byudjet (<$15k),8597,86,739342
2023,Q1,2023-Q1,Qashqadaryo,Chevrolet,Labo,Mini-Truck,Benzin,Mahalliy (Pitnak),Byudjet (<$15k),8267,41,338947
2023,Q1,2023-Q1,Qashqadaryo,Chevrolet,Lacetti/Gentra,C-Sedan,Benzin,Mahalliy (Asaka),Byudjet (<$15k),13300,82,1090600
2023,Q1,2023-Q1,Qashqadaryo,Chevrolet,Tracker-2,B-SUV,Benzin (Turbo),Mahalliy (Asaka),O‘rta ($15k-$25k),18924,25,473100
2023,Q1,2023-Q1,Qashqadaryo,Chevrolet,Onix,B-Sedan,Benzin (Turbo),Mahalliy (Asaka),O‘rta ($15k-$25k),15703,31,486793
2023,Q1,2023-Q1,Qashqadaryo,Chevrolet,Malibu-2,D-Sedan,Benzin (Turbo),Mahalliy (Asaka),Yuqori-o‘rta ($25k-$40k),34951,1,34951
2023,Q1,2023-Q1,Qashqadaryo,BYD,Song Plus DM-i,C-SUV,Gibrid (PHEV),Gibrid/Yig‘uv (Jizzax),Yuqori-o‘rta ($25k-$40k),27715,25,692875
2023,Q1,2023-Q1,Qashqadaryo,BYD,Chazor (Destroyer 05),C-Sedan,Gibrid (PHEV),Gibrid/Yig‘uv (Jizzax),O‘rta ($15k-$25k),20678,19,392882
2023,Q1,2023-Q1,Qashqadaryo,BYD,Song Plus EV,C-SUV,Elektromobil (EV),Import (Xitoy),Yuqori-o‘rta ($25k-$40k),30723,2,61446
2023,Q1,2023-Q1,Qashqadaryo,BYD,Han,E-Sedan,Elektromobil (EV),Import (Xitoy),Premium (>$40k),44201,1,44201
2023,Q1,2023-Q1,Qashqadaryo,Chery,Tiggo 7 Pro,C-SUV,Benzin (Turbo),Mahalliy yig‘uv (ADM Jizzax),Yuqori-o‘rta ($25k-$40k),26168,7,183176
2023,Q1,2023-Q1,Qashqadaryo,Chery,Arrizo 6 Pro,C-Sedan,Benzin (Turbo),Mahalliy yig‘uv (ADM Jizzax),O‘rta ($15k-$25k),20542,6,123252
2023,Q1,2023-Q1,Qashqadaryo,Chery,Tiggo 8 Pro,Mid-SUV,Benzin (Turbo),Mahalliy yig‘uv (ADM Jizzax),Yuqori-o‘rta ($25k-$40k),33047,3,99141
2023,Q1,2023-Q1,Qashqadaryo,Haval,Jolion,B-SUV,Benzin (Turbo),Mahalliy yig‘uv (ADM Jizzax),O‘rta ($15k-$25k),23033,6,138198
2023,Q1,2023-Q1,Qashqadaryo,Haval,M6,C-SUV,Benzin,Mahalliy yig‘uv (ADM Jizzax),O‘rta ($15k-$25k),19253,6,115518
2023,Q1,2023-Q1,Qashqadaryo,Haval,H6,C-SUV,Benzin (Turbo),Mahalliy yig‘uv (ADM Jizzax),Yuqori-o‘rta ($25k-$40k),29180,3,87540
2023,Q1,2023-Q1,Qashqadaryo,Kia,Sonet,B-SUV,Benzin,Mahalliy yig‘uv (ADM Jizzax),O‘rta ($15k-$25k),17849,7,124943
2023,Q1,2023-Q1,Qashqadaryo,Kia,K5,D-Sedan,Benzin,Mahalliy yig‘uv (ADM Jizzax),Yuqori-o‘rta ($25k-$40k),33541,3,100623
2023,Q1,2023-Q1,Qashqadaryo,Kia,Sportage,C-SUV,Benzin,Mahalliy yig‘uv (ADM Jizzax),Yuqori-o‘rta ($25k-$40k),35000,4,140000
2023,Q1,2023-Q1,Qashqadaryo,Zeekr,001,E-Shooting Brake,Elektromobil (EV),Import (Xitoy),Premium (>$40k),48560,3,145680
2023,Q1,2023-Q1,Qashqadaryo,Geely,Monjaro,Mid-SUV,Benzin (Turbo),Import (Xitoy),Yuqori-o‘rta ($25k-$40k),36170,2,72340
2023,Q1,2023-Q1,Qashqadaryo,Jetour,Dashing,C-SUV,Benzin (Turbo),Import (Xitoy),Yuqori-o‘rta ($25k-$40k),26795,3,80385
2023,Q1,2023-Q1,Qashqadaryo,Li Auto,L7/L9,Full-SUV,Gibrid (EREV),Import (Xitoy),Premium (>$40k),57667,1,57667
2023,Q1,2023-Q1,Xorazm,Chevrolet,Cobalt,B-Sedan,Benzin,Mahalliy (Asaka),Byudjet (<$15k),11818,67,791806
2023,Q1,2023-Q1,Xorazm,Chevrolet,Damas,Mini-Van,Benzin,Mahalliy (Pitnak),Byudjet (<$15k),8796,132,1161072
2023,Q1,2023-Q1,Xorazm,Chevrolet,Labo,Mini-Truck,Benzin,Mahalliy (Pitnak),Byudjet (<$15k),8123,72,584856
2023,Q1,2023-Q1,Xorazm,Chevrolet,Lacetti/Gentra,C-Sedan,Benzin,Mahalliy (Asaka),Byudjet (<$15k),13497,58,782826
2023,Q1,2023-Q1,Xorazm,Chevrolet,Tracker-2,B-SUV,Benzin (Turbo),Mahalliy (Asaka),O‘rta ($15k-$25k),18714,17,318138
2023,Q1,2023-Q1,Xorazm,Chevrolet,Onix,B-Sedan,Benzin (Turbo),Mahalliy (Asaka),O‘rta ($15k-$25k),15772,20,315440
2023,Q1,2023-Q1,Xorazm,Chevrolet,Malibu-2,D-Sedan,Benzin (Turbo),Mahalliy (Asaka),Yuqori-o‘rta ($25k-$40k),35029,3,105087
2023,Q1,2023-Q1,Xorazm,BYD,Song Plus DM-i,C-SUV,Gibrid (PHEV),Gibrid/Yig‘uv (Jizzax),Yuqori-o‘rta ($25k-$40k),27689,22,609158
2023,Q1,2023-Q1,Xorazm,BYD,Chazor (Destroyer 05),C-Sedan,Gibrid (PHEV),Gibrid/Yig‘uv (Jizzax),O‘rta ($15k-$25k),21333,13,277329
2023,Q1,2023-Q1,Xorazm,BYD,Song Plus EV,C-SUV,Elektromobil (EV),Import (Xitoy),Yuqori-o‘rta ($25k-$40k),30602,2,61204
2023,Q1,2023-Q1,Xorazm,BYD,Han,E-Sedan,Elektromobil (EV),Import (Xitoy),Premium (>$40k),44027,1,44027
2023,Q1,2023-Q1,Xorazm,Chery,Tiggo 7 Pro,C-SUV,Benzin (Turbo),Mahalliy yig‘uv (ADM Jizzax),Yuqori-o‘rta ($25k-$40k),26299,4,105196
2023,Q1,2023-Q1,Xorazm,Chery,Arrizo 6 Pro,C-Sedan,Benzin (Turbo),Mahalliy yig‘uv (ADM Jizzax),O‘rta ($15k-$25k),20730,3,62190
2023,Q1,2023-Q1,Xorazm,Chery,Tiggo 8 Pro,Mid-SUV,Benzin (Turbo),Mahalliy yig‘uv (ADM Jizzax),Yuqori-o‘rta ($25k-$40k),33092,2,66184
2023,Q1,2023-Q1,Xorazm,Haval,Jolion,B-SUV,Benzin (Turbo),Mahalliy yig‘uv (ADM Jizzax),O‘rta ($15k-$25k),23044,2,46088
2023,Q1,2023-Q1,Xorazm,Haval,M6,C-SUV,Benzin,Mahalliy yig‘uv (ADM Jizzax),O‘rta ($15k-$25k),19332,6,115992
2023,Q1,2023-Q1,Xorazm,Haval,H6,C-SUV,Benzin (Turbo),Mahalliy yig‘uv (ADM Jizzax),Yuqori-o‘rta ($25k-$40k),29293,2,58586
2023,Q1,2023-Q1,Xorazm,Kia,Sonet,B-SUV,Benzin,Mahalliy yig‘uv (ADM Jizzax),O‘rta ($15k-$25k),18181,6,109086
2023,Q1,2023-Q1,Xorazm,Kia,K5,D-Sedan,Benzin,Mahalliy yig‘uv (ADM Jizzax),Yuqori-o‘rta ($25k-$40k),33585,4,134340
2023,Q1,2023-Q1,Xorazm,Kia,Sportage,C-SUV,Benzin,Mahalliy yig‘uv (ADM Jizzax),Yuqori-o‘rta ($25k-$40k),35177,1,35177
2023,Q1,2023-Q1,Xorazm,Zeekr,001,E-Shooting Brake,Elektromobil (EV),Import (Xitoy),Premium (>$40k),48469,1,48469
2023,Q1,2023-Q1,Xorazm,Geely,Monjaro,Mid-SUV,Benzin (Turbo),Import (Xitoy),Yuqori-o‘rta ($25k-$40k),35957,2,71914
2023,Q1,2023-Q1,Xorazm,Jetour,Dashing,C-SUV,Benzin (Turbo),Import (Xitoy),Yuqori-o‘rta ($25k-$40k),26826,3,80478
2023,Q1,2023-Q1,Xorazm,Li Auto,L7/L9,Full-SUV,Gibrid (EREV),Import (Xitoy),Premium (>$40k),57487,1,57487
2023,Q1,2023-Q1,Surxondaryo,Chevrolet,Cobalt,B-Sedan,Benzin,Mahalliy (Asaka),Byudjet (<$15k),11996,71,851716
2023,Q1,2023-Q1,Surxondaryo,Chevrolet,Damas,Mini-Van,Benzin,Mahalliy (Pitnak),Byudjet (<$15k),8648,54,466992
2023,Q1,2023-Q1,Surxondaryo,Chevrolet,Labo,Mini-Truck,Benzin,Mahalliy (Pitnak),Byudjet (<$15k),8226,35,287910
2023,Q1,2023-Q1,Surxondaryo,Chevrolet,Lacetti/Gentra,C-Sedan,Benzin,Mahalliy (Asaka),Byudjet (<$15k),13273,62,822926
2023,Q1,2023-Q1,Surxondaryo,Chevrolet,Tracker-2,B-SUV,Benzin (Turbo),Mahalliy (Asaka),O‘rta ($15k-$25k),18785,22,413270
2023,Q1,2023-Q1,Surxondaryo,Chevrolet,Onix,B-Sedan,Benzin (Turbo),Mahalliy (Asaka),O‘rta ($15k-$25k),15243,22,335346
2023,Q1,2023-Q1,Surxondaryo,Chevrolet,Malibu-2,D-Sedan,Benzin (Turbo),Mahalliy (Asaka),Yuqori-o‘rta ($25k-$40k),35074,3,105222
2023,Q1,2023-Q1,Surxondaryo,BYD,Song Plus DM-i,C-SUV,Gibrid (PHEV),Gibrid/Yig‘uv (Jizzax),Yuqori-o‘rta ($25k-$40k),27270,21,572670
2023,Q1,2023-Q1,Surxondaryo,BYD,Chazor (Destroyer 05),C-Sedan,Gibrid (PHEV),Gibrid/Yig‘uv (Jizzax),O‘rta ($15k-$25k),21202,16,339232
2023,Q1,2023-Q1,Surxondaryo,BYD,Song Plus EV,C-SUV,Elektromobil (EV),Import (Xitoy),Yuqori-o‘rta ($25k-$40k),31389,1,31389
2023,Q1,2023-Q1,Surxondaryo,BYD,Han,E-Sedan,Elektromobil (EV),Import (Xitoy),Premium (>$40k),44050,1,44050
2023,Q1,2023-Q1,Surxondaryo,Chery,Tiggo 7 Pro,C-SUV,Benzin (Turbo),Mahalliy yig‘uv (ADM Jizzax),Yuqori-o‘rta ($25k-$40k),26428,5,132140
2023,Q1,2023-Q1,Surxondaryo,Chery,Arrizo 6 Pro,C-Sedan,Benzin (Turbo),Mahalliy yig‘uv (ADM Jizzax),O‘rta ($15k-$25k),20664,4,82656
2023,Q1,2023-Q1,Surxondaryo,Chery,Tiggo 8 Pro,Mid-SUV,Benzin (Turbo),Mahalliy yig‘uv (ADM Jizzax),Yuqori-o‘rta ($25k-$40k),33007,2,66014
2023,Q1,2023-Q1,Surxondaryo,Haval,Jolion,B-SUV,Benzin (Turbo),Mahalliy yig‘uv (ADM Jizzax),O‘rta ($15k-$25k),23301,8,186408
2023,Q1,2023-Q1,Surxondaryo,Haval,M6,C-SUV,Benzin,Mahalliy yig‘uv (ADM Jizzax),O‘rta ($15k-$25k),19404,4,77616
2023,Q1,2023-Q1,Surxondaryo,Haval,H6,C-SUV,Benzin (Turbo),Mahalliy yig‘uv (ADM Jizzax),Yuqori-o‘rta ($25k-$40k),29248,2,58496
2023,Q1,2023-Q1,Surxondaryo,Kia,Sonet,B-SUV,Benzin,Mahalliy yig‘uv (ADM Jizzax),O‘rta ($15k-$25k),17987,6,107922
2023,Q1,2023-Q1,Surxondaryo,Kia,K5,D-Sedan,Benzin,Mahalliy yig‘uv (ADM Jizzax),Yuqori-o‘rta ($25k-$40k),33620,2,67240
2023,Q1,2023-Q1,Surxondaryo,Kia,Sportage,C-SUV,Benzin,Mahalliy yig‘uv (ADM Jizzax),Yuqori-o‘rta ($25k-$40k),35025,1,35025
2023,Q1,2023-Q1,Surxondaryo,Zeekr,001,E-Shooting Brake,Elektromobil (EV),Import (Xitoy),Premium (>$40k),48291,3,144873
2023,Q1,2023-Q1,Surxondaryo,Geely,Monjaro,Mid-SUV,Benzin (Turbo),Import (Xitoy),Yuqori-o‘rta ($25k-$40k),36173,1,36173
2023,Q1,2023-Q1,Surxondaryo,Jetour,Dashing,C-SUV,Benzin (Turbo),Import (Xitoy),Yuqori-o‘rta ($25k-$40k),26772,1,26772
2023,Q1,2023-Q1,Surxondaryo,Li Auto,L7/L9,Full-SUV,Gibrid (EREV),Import (Xitoy),Premium (>$40k),57757,2,115514
2023,Q1,2023-Q1,Navoiy,Chevrolet,Cobalt,B-Sedan,Benzin,Mahalliy (Asaka),Byudjet (<$15k),11865,52,616980
2023,Q1,2023-Q1,Navoiy,Chevrolet,Damas,Mini-Van,Benzin,Mahalliy (Pitnak),Byudjet (<$15k),8622,47,405234
2023,Q1,2023-Q1,Navoiy,Chevrolet,Labo,Mini-Truck,Benzin,Mahalliy (Pitnak),Byudjet (<$15k),8188,21,171948
2023,Q1,2023-Q1,Navoiy,Chevrolet,Lacetti/Gentra,C-Sedan,Benzin,Mahalliy (Asaka),Byudjet (<$15k),13288,49,651112
2023,Q1,2023-Q1,Navoiy,Chevrolet,Tracker-2,B-SUV,Benzin (Turbo),Mahalliy (Asaka),O‘rta ($15k-$25k),18808,15,282120
2023,Q1,2023-Q1,Navoiy,Chevrolet,Onix,B-Sedan,Benzin (Turbo),Mahalliy (Asaka),O‘rta ($15k-$25k),15398,15,230970
2023,Q1,2023-Q1,Navoiy,Chevrolet,Malibu-2,D-Sedan,Benzin (Turbo),Mahalliy (Asaka),Yuqori-o‘rta ($25k-$40k),34951,2,69902
2023,Q1,2023-Q1,Navoiy,BYD,Song Plus DM-i,C-SUV,Gibrid (PHEV),Gibrid/Yig‘uv (Jizzax),Yuqori-o‘rta ($25k-$40k),27890,17,474130
2023,Q1,2023-Q1,Navoiy,BYD,Chazor (Destroyer 05),C-Sedan,Gibrid (PHEV),Gibrid/Yig‘uv (Jizzax),O‘rta ($15k-$25k),21227,11,233497
2023,Q1,2023-Q1,Navoiy,BYD,Song Plus EV,C-SUV,Elektromobil (EV),Import (Xitoy),Yuqori-o‘rta ($25k-$40k),30708,1,30708
2023,Q1,2023-Q1,Navoiy,BYD,Han,E-Sedan,Elektromobil (EV),Import (Xitoy),Premium (>$40k),43746,1,43746
2023,Q1,2023-Q1,Navoiy,Chery,Tiggo 7 Pro,C-SUV,Benzin (Turbo),Mahalliy yig‘uv (ADM Jizzax),Yuqori-o‘rta ($25k-$40k),26176,4,104704
2023,Q1,2023-Q1,Navoiy,Chery,Arrizo 6 Pro,C-Sedan,Benzin (Turbo),Mahalliy yig‘uv (ADM Jizzax),O‘rta ($15k-$25k),20723,3,62169
2023,Q1,2023-Q1,Navoiy,Chery,Tiggo 8 Pro,Mid-SUV,Benzin (Turbo),Mahalliy yig‘uv (ADM Jizzax),Yuqori-o‘rta ($25k-$40k),33137,2,66274
2023,Q1,2023-Q1,Navoiy,Haval,Jolion,B-SUV,Benzin (Turbo),Mahalliy yig‘uv (ADM Jizzax),O‘rta ($15k-$25k),23169,3,69507
2023,Q1,2023-Q1,Navoiy,Haval,M6,C-SUV,Benzin,Mahalliy yig‘uv (ADM Jizzax),O‘rta ($15k-$25k),19530,4,78120
2023,Q1,2023-Q1,Navoiy,Haval,H6,C-SUV,Benzin (Turbo),Mahalliy yig‘uv (ADM Jizzax),Yuqori-o‘rta ($25k-$40k),29343,2,58686
2023,Q1,2023-Q1,Navoiy,Kia,Sonet,B-SUV,Benzin,Mahalliy yig‘uv (ADM Jizzax),O‘rta ($15k-$25k),17988,5,89940
2023,Q1,2023-Q1,Navoiy,Kia,K5,D-Sedan,Benzin,Mahalliy yig‘uv (ADM Jizzax),Yuqori-o‘rta ($25k-$40k),33278,3,99834
2023,Q1,2023-Q1,Navoiy,Kia,Sportage,C-SUV,Benzin,Mahalliy yig‘uv (ADM Jizzax),Yuqori-o‘rta ($25k-$40k),35142,2,70284
2023,Q1,2023-Q1,Navoiy,Zeekr,001,E-Shooting Brake,Elektromobil (EV),Import (Xitoy),Premium (>$40k),48390,1,48390
2023,Q1,2023-Q1,Navoiy,Geely,Monjaro,Mid-SUV,Benzin (Turbo),Import (Xitoy),Yuqori-o‘rta ($25k-$40k),36097,2,72194
2023,Q1,2023-Q1,Navoiy,Jetour,Dashing,C-SUV,Benzin (Turbo),Import (Xitoy),Yuqori-o‘rta ($25k-$40k),26930,2,53860
2023,Q1,2023-Q1,Navoiy,Li Auto,L7/L9,Full-SUV,Gibrid (EREV),Import (Xitoy),Premium (>$40k),57733,1,57733
2023,Q1,2023-Q1,Jizzax,Chevrolet,Cobalt,B-Sedan,Benzin,Mahalliy (Asaka),Byudjet (<$15k),11893,40,475720
2023,Q1,2023-Q1,Jizzax,Chevrolet,Damas,Mini-Van,Benzin,Mahalliy (Pitnak),Byudjet (<$15k),8742,35,305970
2023,Q1,2023-Q1,Jizzax,Chevrolet,Labo,Mini-Truck,Benzin,Mahalliy (Pitnak),Byudjet (<$15k),8177,15,122655
2023,Q1,2023-Q1,Jizzax,Chevrolet,Lacetti/Gentra,C-Sedan,Benzin,Mahalliy (Asaka),Byudjet (<$15k),13357,28,373996
2023,Q1,2023-Q1,Jizzax,Chevrolet,Tracker-2,B-SUV,Benzin (Turbo),Mahalliy (Asaka),O‘rta ($15k-$25k),19016,9,171144
2023,Q1,2023-Q1,Jizzax,Chevrolet,Onix,B-Sedan,Benzin (Turbo),Mahalliy (Asaka),O‘rta ($15k-$25k),15411,9,138699
2023,Q1,2023-Q1,Jizzax,Chevrolet,Malibu-2,D-Sedan,Benzin (Turbo),Mahalliy (Asaka),Yuqori-o‘rta ($25k-$40k),35058,2,70116
2023,Q1,2023-Q1,Jizzax,BYD,Song Plus DM-i,C-SUV,Gibrid (PHEV),Gibrid/Yig‘uv (Jizzax),Yuqori-o‘rta ($25k-$40k),27268,9,245412
2023,Q1,2023-Q1,Jizzax,BYD,Chazor (Destroyer 05),C-Sedan,Gibrid (PHEV),Gibrid/Yig‘uv (Jizzax),O‘rta ($15k-$25k),20905,7,146335
2023,Q1,2023-Q1,Jizzax,BYD,Song Plus EV,C-SUV,Elektromobil (EV),Import (Xitoy),Yuqori-o‘rta ($25k-$40k),31141,2,62282
2023,Q1,2023-Q1,Jizzax,BYD,Han,E-Sedan,Elektromobil (EV),Import (Xitoy),Premium (>$40k),44010,1,44010
2023,Q1,2023-Q1,Jizzax,Chery,Tiggo 7 Pro,C-SUV,Benzin (Turbo),Mahalliy yig‘uv (ADM Jizzax),Yuqori-o‘rta ($25k-$40k),26270,2,52540
2023,Q1,2023-Q1,Jizzax,Chery,Arrizo 6 Pro,C-Sedan,Benzin (Turbo),Mahalliy yig‘uv (ADM Jizzax),O‘rta ($15k-$25k),20446,2,40892
2023,Q1,2023-Q1,Jizzax,Chery,Tiggo 8 Pro,Mid-SUV,Benzin (Turbo),Mahalliy yig‘uv (ADM Jizzax),Yuqori-o‘rta ($25k-$40k),33133,1,33133
2023,Q1,2023-Q1,Jizzax,Haval,Jolion,B-SUV,Benzin (Turbo),Mahalliy yig‘uv (ADM Jizzax),O‘rta ($15k-$25k),22996,1,22996
2023,Q1,2023-Q1,Jizzax,Haval,M6,C-SUV,Benzin,Mahalliy yig‘uv (ADM Jizzax),O‘rta ($15k-$25k),19376,2,38752
2023,Q1,2023-Q1,Jizzax,Haval,H6,C-SUV,Benzin (Turbo),Mahalliy yig‘uv (ADM Jizzax),Yuqori-o‘rta ($25k-$40k),29426,1,29426
2023,Q1,2023-Q1,Jizzax,Kia,Sonet,B-SUV,Benzin,Mahalliy yig‘uv (ADM Jizzax),O‘rta ($15k-$25k),17883,3,53649
2023,Q1,2023-Q1,Jizzax,Kia,K5,D-Sedan,Benzin,Mahalliy yig‘uv (ADM Jizzax),Yuqori-o‘rta ($25k-$40k),33306,2,66612
2023,Q1,2023-Q1,Jizzax,Kia,Sportage,C-SUV,Benzin,Mahalliy yig‘uv (ADM Jizzax),Yuqori-o‘rta ($25k-$40k),34981,1,34981
2023,Q1,2023-Q1,Jizzax,Zeekr,001,E-Shooting Brake,Elektromobil (EV),Import (Xitoy),Premium (>$40k),48348,1,48348
2023,Q1,2023-Q1,Jizzax,Geely,Monjaro,Mid-SUV,Benzin (Turbo),Import (Xitoy),Yuqori-o‘rta ($25k-$40k),35859,2,71718
2023,Q1,2023-Q1,Jizzax,Jetour,Dashing,C-SUV,Benzin (Turbo),Import (Xitoy),Yuqori-o‘rta ($25k-$40k),26627,1,26627
2023,Q1,2023-Q1,Jizzax,Li Auto,L7/L9,Full-SUV,Gibrid (EREV),Import (Xitoy),Premium (>$40k),57590,1,57590
2023,Q1,2023-Q1,Sirdaryo,Chevrolet,Cobalt,B-Sedan,Benzin,Mahalliy (Asaka),Byudjet (<$15k),11746,29,340634
2023,Q1,2023-Q1,Sirdaryo,Chevrolet,Damas,Mini-Van,Benzin,Mahalliy (Pitnak),Byudjet (<$15k),8795,23,202285
2023,Q1,2023-Q1,Sirdaryo,Chevrolet,Labo,Mini-Truck,Benzin,Mahalliy (Pitnak),Byudjet (<$15k),8331,13,108303
2023,Q1,2023-Q1,Sirdaryo,Chevrolet,Lacetti/Gentra,C-Sedan,Benzin,Mahalliy (Asaka),Byudjet (<$15k),13270,26,345020
2023,Q1,2023-Q1,Sirdaryo,Chevrolet,Tracker-2,B-SUV,Benzin (Turbo),Mahalliy (Asaka),O‘rta ($15k-$25k),18897,8,151176
2023,Q1,2023-Q1,Sirdaryo,Chevrolet,Onix,B-Sedan,Benzin (Turbo),Mahalliy (Asaka),O‘rta ($15k-$25k),15200,9,136800
2023,Q1,2023-Q1,Sirdaryo,Chevrolet,Malibu-2,D-Sedan,Benzin (Turbo),Mahalliy (Asaka),Yuqori-o‘rta ($25k-$40k),35070,1,35070
2023,Q1,2023-Q1,Sirdaryo,BYD,Song Plus DM-i,C-SUV,Gibrid (PHEV),Gibrid/Yig‘uv (Jizzax),Yuqori-o‘rta ($25k-$40k),27780,9,250020
2023,Q1,2023-Q1,Sirdaryo,BYD,Chazor (Destroyer 05),C-Sedan,Gibrid (PHEV),Gibrid/Yig‘uv (Jizzax),O‘rta ($15k-$25k),20861,5,104305
2023,Q1,2023-Q1,Sirdaryo,BYD,Song Plus EV,C-SUV,Elektromobil (EV),Import (Xitoy),Yuqori-o‘rta ($25k-$40k),30939,1,30939
2023,Q1,2023-Q1,Sirdaryo,BYD,Han,E-Sedan,Elektromobil (EV),Import (Xitoy),Premium (>$40k),43774,1,43774
2023,Q1,2023-Q1,Sirdaryo,Chery,Tiggo 7 Pro,C-SUV,Benzin (Turbo),Mahalliy yig‘uv (ADM Jizzax),Yuqori-o‘rta ($25k-$40k),26173,3,78519
2023,Q1,2023-Q1,Sirdaryo,Chery,Arrizo 6 Pro,C-Sedan,Benzin (Turbo),Mahalliy yig‘uv (ADM Jizzax),O‘rta ($15k-$25k),20670,1,20670
2023,Q1,2023-Q1,Sirdaryo,Chery,Tiggo 8 Pro,Mid-SUV,Benzin (Turbo),Mahalliy yig‘uv (ADM Jizzax),Yuqori-o‘rta ($25k-$40k),32859,1,32859
2023,Q1,2023-Q1,Sirdaryo,Haval,Jolion,B-SUV,Benzin (Turbo),Mahalliy yig‘uv (ADM Jizzax),O‘rta ($15k-$25k),23343,2,46686
2023,Q1,2023-Q1,Sirdaryo,Haval,M6,C-SUV,Benzin,Mahalliy yig‘uv (ADM Jizzax),O‘rta ($15k-$25k),19502,2,39004
2023,Q1,2023-Q1,Sirdaryo,Haval,H6,C-SUV,Benzin (Turbo),Mahalliy yig‘uv (ADM Jizzax),Yuqori-o‘rta ($25k-$40k),29232,1,29232
2023,Q1,2023-Q1,Sirdaryo,Kia,Sonet,B-SUV,Benzin,Mahalliy yig‘uv (ADM Jizzax),O‘rta ($15k-$25k),18138,2,36276
2023,Q1,2023-Q1,Sirdaryo,Kia,K5,D-Sedan,Benzin,Mahalliy yig‘uv (ADM Jizzax),Yuqori-o‘rta ($25k-$40k),33521,2,67042
2023,Q1,2023-Q1,Sirdaryo,Kia,Sportage,C-SUV,Benzin,Mahalliy yig‘uv (ADM Jizzax),Yuqori-o‘rta ($25k-$40k),35207,1,35207
2023,Q1,2023-Q1,Sirdaryo,Zeekr,001,E-Shooting Brake,Elektromobil (EV),Import (Xitoy),Premium (>$40k),48599,1,48599
2023,Q1,2023-Q1,Sirdaryo,Geely,Monjaro,Mid-SUV,Benzin (Turbo),Import (Xitoy),Yuqori-o‘rta ($25k-$40k),36226,3,108678
2023,Q1,2023-Q1,Sirdaryo,Jetour,Dashing,C-SUV,Benzin (Turbo),Import (Xitoy),Yuqori-o‘rta ($25k-$40k),26772,3,80316
2023,Q1,2023-Q1,Sirdaryo,Li Auto,L7/L9,Full-SUV,Gibrid (EREV),Import (Xitoy),Premium (>$40k),57762,2,115524
2023,Q1,2023-Q1,Qoraqalpog‘iston Res.,Chevrolet,Cobalt,B-Sedan,Benzin,Mahalliy (Asaka),Byudjet (<$15k),11884,24,285216
2023,Q1,2023-Q1,Qoraqalpog‘iston Res.,Chevrolet,Damas,Mini-Van,Benzin,Mahalliy (Pitnak),Byudjet (<$15k),8874,22,195228
2023,Q1,2023-Q1,Qoraqalpog‘iston Res.,Chevrolet,Labo,Mini-Truck,Benzin,Mahalliy (Pitnak),Byudjet (<$15k),8128,12,97536
2023,Q1,2023-Q1,Qoraqalpog‘iston Res.,Chevrolet,Lacetti/Gentra,C-Sedan,Benzin,Mahalliy (Asaka),Byudjet (<$15k),13337,20,266740
2023,Q1,2023-Q1,Qoraqalpog‘iston Res.,Chevrolet,Tracker-2,B-SUV,Benzin (Turbo),Mahalliy (Asaka),O‘rta ($15k-$25k),19213,8,153704
2023,Q1,2023-Q1,Qoraqalpog‘iston Res.,Chevrolet,Onix,B-Sedan,Benzin (Turbo),Mahalliy (Asaka),O‘rta ($15k-$25k),15575,9,140175
2023,Q1,2023-Q1,Qoraqalpog‘iston Res.,Chevrolet,Malibu-2,D-Sedan,Benzin (Turbo),Mahalliy (Asaka),Yuqori-o‘rta ($25k-$40k),35147,1,35147
2023,Q1,2023-Q1,Qoraqalpog‘iston Res.,BYD,Song Plus DM-i,C-SUV,Gibrid (PHEV),Gibrid/Yig‘uv (Jizzax),Yuqori-o‘rta ($25k-$40k),27618,9,248562
2023,Q1,2023-Q1,Qoraqalpog‘iston Res.,BYD,Chazor (Destroyer 05),C-Sedan,Gibrid (PHEV),Gibrid/Yig‘uv (Jizzax),O‘rta ($15k-$25k),21225,6,127350
2023,Q1,2023-Q1,Qoraqalpog‘iston Res.,BYD,Song Plus EV,C-SUV,Elektromobil (EV),Import (Xitoy),Yuqori-o‘rta ($25k-$40k),31383,1,31383
2023,Q1,2023-Q1,Qoraqalpog‘iston Res.,BYD,Han,E-Sedan,Elektromobil (EV),Import (Xitoy),Premium (>$40k),44099,1,44099
2023,Q1,2023-Q1,Qoraqalpog‘iston Res.,Chery,Tiggo 7 Pro,C-SUV,Benzin (Turbo),Mahalliy yig‘uv (ADM Jizzax),Yuqori-o‘rta ($25k-$40k),26392,2,52784
2023,Q1,2023-Q1,Qoraqalpog‘iston Res.,Chery,Arrizo 6 Pro,C-Sedan,Benzin (Turbo),Mahalliy yig‘uv (ADM Jizzax),O‘rta ($15k-$25k),20525,1,20525
2023,Q1,2023-Q1,Qoraqalpog‘iston Res.,Chery,Tiggo 8 Pro,Mid-SUV,Benzin (Turbo),Mahalliy yig‘uv (ADM Jizzax),Yuqori-o‘rta ($25k-$40k),32812,1,32812
2023,Q1,2023-Q1,Qoraqalpog‘iston Res.,Haval,Jolion,B-SUV,Benzin (Turbo),Mahalliy yig‘uv (ADM Jizzax),O‘rta ($15k-$25k),23364,1,23364
2023,Q1,2023-Q1,Qoraqalpog‘iston Res.,Haval,M6,C-SUV,Benzin,Mahalliy yig‘uv (ADM Jizzax),O‘rta ($15k-$25k),19260,1,19260
2023,Q1,2023-Q1,Qoraqalpog‘iston Res.,Haval,H6,C-SUV,Benzin (Turbo),Mahalliy yig‘uv (ADM Jizzax),Yuqori-o‘rta ($25k-$40k),29223,2,58446
2023,Q1,2023-Q1,Qoraqalpog‘iston Res.,Kia,Sonet,B-SUV,Benzin,Mahalliy yig‘uv (ADM Jizzax),O‘rta ($15k-$25k),17942,2,35884
2023,Q1,2023-Q1,Qoraqalpog‘iston Res.,Kia,K5,D-Sedan,Benzin,Mahalliy yig‘uv (ADM Jizzax),Yuqori-o‘rta ($25k-$40k),33324,1,33324
2023,Q1,2023-Q1,Qoraqalpog‘iston Res.,Kia,Sportage,C-SUV,Benzin,Mahalliy yig‘uv (ADM Jizzax),Yuqori-o‘rta ($25k-$40k),35187,1,35187
2023,Q1,2023-Q1,Qoraqalpog‘iston Res.,Zeekr,001,E-Shooting Brake,Elektromobil (EV),Import (Xitoy),Premium (>$40k),48588,1,48588
2023,Q1,2023-Q1,Qoraqalpog‘iston Res.,Geely,Monjaro,Mid-SUV,Benzin (Turbo),Import (Xitoy),Yuqori-o‘rta ($25k-$40k),35896,1,35896
2023,Q1,2023-Q1,Qoraqalpog‘iston Res.,Jetour,Dashing,C-SUV,Benzin (Turbo),Import (Xitoy),Yuqori-o‘rta ($25k-$40k),26663,1,26663
2023,Q1,2023-Q1,Qoraqalpog‘iston Res.,Li Auto,L7/L9,Full-SUV,Gibrid (EREV),Import (Xitoy),Premium (>$40k),57661,1,57661
2023,Q2,2023-Q2,Toshkent shahri,Chevrolet,Cobalt,B-Sedan,Benzin,Mahalliy (Asaka),Byudjet (<$15k),11859,481,5704179
2023,Q2,2023-Q2,Toshkent shahri,Chevrolet,Damas,Mini-Van,Benzin,Mahalliy (Pitnak),Byudjet (<$15k),8682,86,746652
2023,Q2,2023-Q2,Toshkent shahri,Chevrolet,Labo,Mini-Truck,Benzin,Mahalliy (Pitnak),Byudjet (<$15k),8068,43,346924
2023,Q2,2023-Q2,Toshkent shahri,Chevrolet,Lacetti/Gentra,C-Sedan,Benzin,Mahalliy (Asaka),Byudjet (<$15k),13469,408,5495352
2023,Q2,2023-Q2,Toshkent shahri,Chevrolet,Tracker-2,B-SUV,Benzin (Turbo),Mahalliy (Asaka),O‘rta ($15k-$25k),19268,132,2543376
2023,Q2,2023-Q2,Toshkent shahri,Chevrolet,Onix,B-Sedan,Benzin (Turbo),Mahalliy (Asaka),O‘rta ($15k-$25k),15591,133,2073603
2023,Q2,2023-Q2,Toshkent shahri,Chevrolet,Malibu-2,D-Sedan,Benzin (Turbo),Mahalliy (Asaka),Yuqori-o‘rta ($25k-$40k),34836,43,1497948
2023,Q2,2023-Q2,Toshkent shahri,BYD,Song Plus DM-i,C-SUV,Gibrid (PHEV),Gibrid/Yig‘uv (Jizzax),Yuqori-o‘rta ($25k-$40k),27421,347,9515087
2023,Q2,2023-Q2,Toshkent shahri,BYD,Chazor (Destroyer 05),C-Sedan,Gibrid (PHEV),Gibrid/Yig‘uv (Jizzax),O‘rta ($15k-$25k),21073,301,6342973
2023,Q2,2023-Q2,Toshkent shahri,BYD,Song Plus EV,C-SUV,Elektromobil (EV),Import (Xitoy),Yuqori-o‘rta ($25k-$40k),31067,51,1584417
2023,Q2,2023-Q2,Toshkent shahri,BYD,Han,E-Sedan,Elektromobil (EV),Import (Xitoy),Premium (>$40k),43803,20,876060
2023,Q2,2023-Q2,Toshkent shahri,Chery,Tiggo 7 Pro,C-SUV,Benzin (Turbo),Mahalliy yig‘uv (ADM Jizzax),Yuqori-o‘rta ($25k-$40k),26135,38,993130
2023,Q2,2023-Q2,Toshkent shahri,Chery,Arrizo 6 Pro,C-Sedan,Benzin (Turbo),Mahalliy yig‘uv (ADM Jizzax),O‘rta ($15k-$25k),20744,31,643064
2023,Q2,2023-Q2,Toshkent shahri,Chery,Tiggo 8 Pro,Mid-SUV,Benzin (Turbo),Mahalliy yig‘uv (ADM Jizzax),Yuqori-o‘rta ($25k-$40k),33050,15,495750
2023,Q2,2023-Q2,Toshkent shahri,Haval,Jolion,B-SUV,Benzin (Turbo),Mahalliy yig‘uv (ADM Jizzax),O‘rta ($15k-$25k),23048,33,760584
2023,Q2,2023-Q2,Toshkent shahri,Haval,M6,C-SUV,Benzin,Mahalliy yig‘uv (ADM Jizzax),O‘rta ($15k-$25k),19329,36,695844
2023,Q2,2023-Q2,Toshkent shahri,Haval,H6,C-SUV,Benzin (Turbo),Mahalliy yig‘uv (ADM Jizzax),Yuqori-o‘rta ($25k-$40k),29449,19,559531
2023,Q2,2023-Q2,Toshkent shahri,Kia,Sonet,B-SUV,Benzin,Mahalliy yig‘uv (ADM Jizzax),O‘rta ($15k-$25k),18043,46,829978
2023,Q2,2023-Q2,Toshkent shahri,Kia,K5,D-Sedan,Benzin,Mahalliy yig‘uv (ADM Jizzax),Yuqori-o‘rta ($25k-$40k),33382,19,634258
2023,Q2,2023-Q2,Toshkent shahri,Kia,Sportage,C-SUV,Benzin,Mahalliy yig‘uv (ADM Jizzax),Yuqori-o‘rta ($25k-$40k),34903,14,488642
2023,Q2,2023-Q2,Toshkent shahri,Zeekr,001,E-Shooting Brake,Elektromobil (EV),Import (Xitoy),Premium (>$40k),48518,30,1455540
2023,Q2,2023-Q2,Toshkent shahri,Geely,Monjaro,Mid-SUV,Benzin (Turbo),Import (Xitoy),Yuqori-o‘rta ($25k-$40k),36139,14,505946
2023,Q2,2023-Q2,Toshkent shahri,Jetour,Dashing,C-SUV,Benzin (Turbo),Import (Xitoy),Yuqori-o‘rta ($25k-$40k),26862,16,429792
2023,Q2,2023-Q2,Toshkent shahri,Li Auto,L7/L9,Full-SUV,Gibrid (EREV),Import (Xitoy),Premium (>$40k),57745,26,1501370
2023,Q2,2023-Q2,Toshkent viloyati,Chevrolet,Cobalt,B-Sedan,Benzin,Mahalliy (Asaka),Byudjet (<$15k),11970,228,2729160
2023,Q2,2023-Q2,Toshkent viloyati,Chevrolet,Damas,Mini-Van,Benzin,Mahalliy (Pitnak),Byudjet (<$15k),8787,157,1379559
2023,Q2,2023-Q2,Toshkent viloyati,Chevrolet,Labo,Mini-Truck,Benzin,Mahalliy (Pitnak),Byudjet (<$15k),8297,76,630572
2023,Q2,2023-Q2,Toshkent viloyati,Chevrolet,Lacetti/Gentra,C-Sedan,Benzin,Mahalliy (Asaka),Byudjet (<$15k),13254,159,2107386
2023,Q2,2023-Q2,Toshkent viloyati,Chevrolet,Tracker-2,B-SUV,Benzin (Turbo),Mahalliy (Asaka),O‘rta ($15k-$25k),18778,53,995234
2023,Q2,2023-Q2,Toshkent viloyati,Chevrolet,Onix,B-Sedan,Benzin (Turbo),Mahalliy (Asaka),O‘rta ($15k-$25k),15514,55,853270
2023,Q2,2023-Q2,Toshkent viloyati,Chevrolet,Malibu-2,D-Sedan,Benzin (Turbo),Mahalliy (Asaka),Yuqori-o‘rta ($25k-$40k),35198,9,316782
2023,Q2,2023-Q2,Toshkent viloyati,BYD,Song Plus DM-i,C-SUV,Gibrid (PHEV),Gibrid/Yig‘uv (Jizzax),Yuqori-o‘rta ($25k-$40k),27347,62,1695514
2023,Q2,2023-Q2,Toshkent viloyati,BYD,Chazor (Destroyer 05),C-Sedan,Gibrid (PHEV),Gibrid/Yig‘uv (Jizzax),O‘rta ($15k-$25k),20624,49,1010576
2023,Q2,2023-Q2,Toshkent viloyati,BYD,Song Plus EV,C-SUV,Elektromobil (EV),Import (Xitoy),Yuqori-o‘rta ($25k-$40k),30883,9,277947
2023,Q2,2023-Q2,Toshkent viloyati,BYD,Han,E-Sedan,Elektromobil (EV),Import (Xitoy),Premium (>$40k),43606,2,87212
2023,Q2,2023-Q2,Toshkent viloyati,Chery,Tiggo 7 Pro,C-SUV,Benzin (Turbo),Mahalliy yig‘uv (ADM Jizzax),Yuqori-o‘rta ($25k-$40k),26369,18,474642
2023,Q2,2023-Q2,Toshkent viloyati,Chery,Arrizo 6 Pro,C-Sedan,Benzin (Turbo),Mahalliy yig‘uv (ADM Jizzax),O‘rta ($15k-$25k),20537,13,266981
2023,Q2,2023-Q2,Toshkent viloyati,Chery,Tiggo 8 Pro,Mid-SUV,Benzin (Turbo),Mahalliy yig‘uv (ADM Jizzax),Yuqori-o‘rta ($25k-$40k),32832,6,196992
2023,Q2,2023-Q2,Toshkent viloyati,Haval,Jolion,B-SUV,Benzin (Turbo),Mahalliy yig‘uv (ADM Jizzax),O‘rta ($15k-$25k),23262,13,302406
2023,Q2,2023-Q2,Toshkent viloyati,Haval,M6,C-SUV,Benzin,Mahalliy yig‘uv (ADM Jizzax),O‘rta ($15k-$25k),19425,15,291375
2023,Q2,2023-Q2,Toshkent viloyati,Haval,H6,C-SUV,Benzin (Turbo),Mahalliy yig‘uv (ADM Jizzax),Yuqori-o‘rta ($25k-$40k),29398,7,205786
2023,Q2,2023-Q2,Toshkent viloyati,Kia,Sonet,B-SUV,Benzin,Mahalliy yig‘uv (ADM Jizzax),O‘rta ($15k-$25k),18165,17,308805
2023,Q2,2023-Q2,Toshkent viloyati,Kia,K5,D-Sedan,Benzin,Mahalliy yig‘uv (ADM Jizzax),Yuqori-o‘rta ($25k-$40k),33545,7,234815
2023,Q2,2023-Q2,Toshkent viloyati,Kia,Sportage,C-SUV,Benzin,Mahalliy yig‘uv (ADM Jizzax),Yuqori-o‘rta ($25k-$40k),34951,6,209706
2023,Q2,2023-Q2,Toshkent viloyati,Zeekr,001,E-Shooting Brake,Elektromobil (EV),Import (Xitoy),Premium (>$40k),48457,6,290742
2023,Q2,2023-Q2,Toshkent viloyati,Geely,Monjaro,Mid-SUV,Benzin (Turbo),Import (Xitoy),Yuqori-o‘rta ($25k-$40k),36197,5,180985
2023,Q2,2023-Q2,Toshkent viloyati,Jetour,Dashing,C-SUV,Benzin (Turbo),Import (Xitoy),Yuqori-o‘rta ($25k-$40k),26749,8,213992
2023,Q2,2023-Q2,Toshkent viloyati,Li Auto,L7/L9,Full-SUV,Gibrid (EREV),Import (Xitoy),Premium (>$40k),57691,5,288455
2023,Q2,2023-Q2,Samarqand,Chevrolet,Cobalt,B-Sedan,Benzin,Mahalliy (Asaka),Byudjet (<$15k),11889,244,2900916
2023,Q2,2023-Q2,Samarqand,Chevrolet,Damas,Mini-Van,Benzin,Mahalliy (Pitnak),Byudjet (<$15k),8705,136,1183880
2023,Q2,2023-Q2,Samarqand,Chevrolet,Labo,Mini-Truck,Benzin,Mahalliy (Pitnak),Byudjet (<$15k),8405,79,663995
2023,Q2,2023-Q2,Samarqand,Chevrolet,Lacetti/Gentra,C-Sedan,Benzin,Mahalliy (Asaka),Byudjet (<$15k),13258,182,2412956
2023,Q2,2023-Q2,Samarqand,Chevrolet,Tracker-2,B-SUV,Benzin (Turbo),Mahalliy (Asaka),O‘rta ($15k-$25k),19013,45,855585
2023,Q2,2023-Q2,Samarqand,Chevrolet,Onix,B-Sedan,Benzin (Turbo),Mahalliy (Asaka),O‘rta ($15k-$25k),15360,46,706560
2023,Q2,2023-Q2,Samarqand,Chevrolet,Malibu-2,D-Sedan,Benzin (Turbo),Mahalliy (Asaka),Yuqori-o‘rta ($25k-$40k),35123,7,245861
2023,Q2,2023-Q2,Samarqand,BYD,Song Plus DM-i,C-SUV,Gibrid (PHEV),Gibrid/Yig‘uv (Jizzax),Yuqori-o‘rta ($25k-$40k),27602,72,1987344
2023,Q2,2023-Q2,Samarqand,BYD,Chazor (Destroyer 05),C-Sedan,Gibrid (PHEV),Gibrid/Yig‘uv (Jizzax),O‘rta ($15k-$25k),20874,53,1106322
2023,Q2,2023-Q2,Samarqand,BYD,Song Plus EV,C-SUV,Elektromobil (EV),Import (Xitoy),Yuqori-o‘rta ($25k-$40k),30763,8,246104
2023,Q2,2023-Q2,Samarqand,BYD,Han,E-Sedan,Elektromobil (EV),Import (Xitoy),Premium (>$40k),44285,3,132855
2023,Q2,2023-Q2,Samarqand,Chery,Tiggo 7 Pro,C-SUV,Benzin (Turbo),Mahalliy yig‘uv (ADM Jizzax),Yuqori-o‘rta ($25k-$40k),26451,15,396765
2023,Q2,2023-Q2,Samarqand,Chery,Arrizo 6 Pro,C-Sedan,Benzin (Turbo),Mahalliy yig‘uv (ADM Jizzax),O‘rta ($15k-$25k),20775,13,270075
2023,Q2,2023-Q2,Samarqand,Chery,Tiggo 8 Pro,Mid-SUV,Benzin (Turbo),Mahalliy yig‘uv (ADM Jizzax),Yuqori-o‘rta ($25k-$40k),32850,6,197100
2023,Q2,2023-Q2,Samarqand,Haval,Jolion,B-SUV,Benzin (Turbo),Mahalliy yig‘uv (ADM Jizzax),O‘rta ($15k-$25k),23183,12,278196
2023,Q2,2023-Q2,Samarqand,Haval,M6,C-SUV,Benzin,Mahalliy yig‘uv (ADM Jizzax),O‘rta ($15k-$25k),19236,14,269304
2023,Q2,2023-Q2,Samarqand,Haval,H6,C-SUV,Benzin (Turbo),Mahalliy yig‘uv (ADM Jizzax),Yuqori-o‘rta ($25k-$40k),29449,7,206143
2023,Q2,2023-Q2,Samarqand,Kia,Sonet,B-SUV,Benzin,Mahalliy yig‘uv (ADM Jizzax),O‘rta ($15k-$25k),18193,15,272895
2023,Q2,2023-Q2,Samarqand,Kia,K5,D-Sedan,Benzin,Mahalliy yig‘uv (ADM Jizzax),Yuqori-o‘rta ($25k-$40k),33332,6,199992
2023,Q2,2023-Q2,Samarqand,Kia,Sportage,C-SUV,Benzin,Mahalliy yig‘uv (ADM Jizzax),Yuqori-o‘rta ($25k-$40k),35182,6,211092
2023,Q2,2023-Q2,Samarqand,Zeekr,001,E-Shooting Brake,Elektromobil (EV),Import (Xitoy),Premium (>$40k),48377,5,241885
2023,Q2,2023-Q2,Samarqand,Geely,Monjaro,Mid-SUV,Benzin (Turbo),Import (Xitoy),Yuqori-o‘rta ($25k-$40k),35963,5,179815
2023,Q2,2023-Q2,Samarqand,Jetour,Dashing,C-SUV,Benzin (Turbo),Import (Xitoy),Yuqori-o‘rta ($25k-$40k),26671,7,186697
2023,Q2,2023-Q2,Samarqand,Li Auto,L7/L9,Full-SUV,Gibrid (EREV),Import (Xitoy),Premium (>$40k),57497,3,172491
2023,Q2,2023-Q2,Farg‘ona,Chevrolet,Cobalt,B-Sedan,Benzin,Mahalliy (Asaka),Byudjet (<$15k),11783,154,1814582
2023,Q2,2023-Q2,Farg‘ona,Chevrolet,Damas,Mini-Van,Benzin,Mahalliy (Pitnak),Byudjet (<$15k),8740,317,2770580
2023,Q2,2023-Q2,Farg‘ona,Chevrolet,Labo,Mini-Truck,Benzin,Mahalliy (Pitnak),Byudjet (<$15k),8349,149,1244001
2023,Q2,2023-Q2,Farg‘ona,Chevrolet,Lacetti/Gentra,C-Sedan,Benzin,Mahalliy (Asaka),Byudjet (<$15k),13277,128,1699456
2023,Q2,2023-Q2,Farg‘ona,Chevrolet,Tracker-2,B-SUV,Benzin (Turbo),Mahalliy (Asaka),O‘rta ($15k-$25k),18820,42,790440
2023,Q2,2023-Q2,Farg‘ona,Chevrolet,Onix,B-Sedan,Benzin (Turbo),Mahalliy (Asaka),O‘rta ($15k-$25k),15584,55,857120
2023,Q2,2023-Q2,Farg‘ona,Chevrolet,Malibu-2,D-Sedan,Benzin (Turbo),Mahalliy (Asaka),Yuqori-o‘rta ($25k-$40k),35167,8,281336
2023,Q2,2023-Q2,Farg‘ona,BYD,Song Plus DM-i,C-SUV,Gibrid (PHEV),Gibrid/Yig‘uv (Jizzax),Yuqori-o‘rta ($25k-$40k),27120,49,1328880
2023,Q2,2023-Q2,Farg‘ona,BYD,Chazor (Destroyer 05),C-Sedan,Gibrid (PHEV),Gibrid/Yig‘uv (Jizzax),O‘rta ($15k-$25k),20902,38,794276
2023,Q2,2023-Q2,Farg‘ona,BYD,Song Plus EV,C-SUV,Elektromobil (EV),Import (Xitoy),Yuqori-o‘rta ($25k-$40k),31195,3,93585
2023,Q2,2023-Q2,Farg‘ona,BYD,Han,E-Sedan,Elektromobil (EV),Import (Xitoy),Premium (>$40k),43728,2,87456
2023,Q2,2023-Q2,Farg‘ona,Chery,Tiggo 7 Pro,C-SUV,Benzin (Turbo),Mahalliy yig‘uv (ADM Jizzax),Yuqori-o‘rta ($25k-$40k),26260,13,341380
2023,Q2,2023-Q2,Farg‘ona,Chery,Arrizo 6 Pro,C-Sedan,Benzin (Turbo),Mahalliy yig‘uv (ADM Jizzax),O‘rta ($15k-$25k),20633,10,206330
2023,Q2,2023-Q2,Farg‘ona,Chery,Tiggo 8 Pro,Mid-SUV,Benzin (Turbo),Mahalliy yig‘uv (ADM Jizzax),Yuqori-o‘rta ($25k-$40k),32782,6,196692
2023,Q2,2023-Q2,Farg‘ona,Haval,Jolion,B-SUV,Benzin (Turbo),Mahalliy yig‘uv (ADM Jizzax),O‘rta ($15k-$25k),23352,12,280224
2023,Q2,2023-Q2,Farg‘ona,Haval,M6,C-SUV,Benzin,Mahalliy yig‘uv (ADM Jizzax),O‘rta ($15k-$25k),19215,11,211365
2023,Q2,2023-Q2,Farg‘ona,Haval,H6,C-SUV,Benzin (Turbo),Mahalliy yig‘uv (ADM Jizzax),Yuqori-o‘rta ($25k-$40k),29456,6,176736
2023,Q2,2023-Q2,Farg‘ona,Kia,Sonet,B-SUV,Benzin,Mahalliy yig‘uv (ADM Jizzax),O‘rta ($15k-$25k),17856,14,249984
2023,Q2,2023-Q2,Farg‘ona,Kia,K5,D-Sedan,Benzin,Mahalliy yig‘uv (ADM Jizzax),Yuqori-o‘rta ($25k-$40k),33384,7,233688
2023,Q2,2023-Q2,Farg‘ona,Kia,Sportage,C-SUV,Benzin,Mahalliy yig‘uv (ADM Jizzax),Yuqori-o‘rta ($25k-$40k),34996,5,174980
2023,Q2,2023-Q2,Farg‘ona,Zeekr,001,E-Shooting Brake,Elektromobil (EV),Import (Xitoy),Premium (>$40k),48306,2,96612
2023,Q2,2023-Q2,Farg‘ona,Geely,Monjaro,Mid-SUV,Benzin (Turbo),Import (Xitoy),Yuqori-o‘rta ($25k-$40k),36218,4,144872
2023,Q2,2023-Q2,Farg‘ona,Jetour,Dashing,C-SUV,Benzin (Turbo),Import (Xitoy),Yuqori-o‘rta ($25k-$40k),26688,5,133440
2023,Q2,2023-Q2,Farg‘ona,Li Auto,L7/L9,Full-SUV,Gibrid (EREV),Import (Xitoy),Premium (>$40k),57514,1,57514
2023,Q2,2023-Q2,Andijon,Chevrolet,Cobalt,B-Sedan,Benzin,Mahalliy (Asaka),Byudjet (<$15k),11905,147,1750035
2023,Q2,2023-Q2,Andijon,Chevrolet,Damas,Mini-Van,Benzin,Mahalliy (Pitnak),Byudjet (<$15k),8641,218,1883738
2023,Q2,2023-Q2,Andijon,Chevrolet,Labo,Mini-Truck,Benzin,Mahalliy (Pitnak),Byudjet (<$15k),8352,142,1185984
2023,Q2,2023-Q2,Andijon,Chevrolet,Lacetti/Gentra,C-Sedan,Benzin,Mahalliy (Asaka),Byudjet (<$15k),13572,115,1560780
2023,Q2,2023-Q2,Andijon,Chevrolet,Tracker-2,B-SUV,Benzin (Turbo),Mahalliy (Asaka),O‘rta ($15k-$25k),19298,36,694728
2023,Q2,2023-Q2,Andijon,Chevrolet,Onix,B-Sedan,Benzin (Turbo),Mahalliy (Asaka),O‘rta ($15k-$25k),15757,45,709065
2023,Q2,2023-Q2,Andijon,Chevrolet,Malibu-2,D-Sedan,Benzin (Turbo),Mahalliy (Asaka),Yuqori-o‘rta ($25k-$40k),34864,5,174320
2023,Q2,2023-Q2,Andijon,BYD,Song Plus DM-i,C-SUV,Gibrid (PHEV),Gibrid/Yig‘uv (Jizzax),Yuqori-o‘rta ($25k-$40k),27500,35,962500
2023,Q2,2023-Q2,Andijon,BYD,Chazor (Destroyer 05),C-Sedan,Gibrid (PHEV),Gibrid/Yig‘uv (Jizzax),O‘rta ($15k-$25k),21084,33,695772
2023,Q2,2023-Q2,Andijon,BYD,Song Plus EV,C-SUV,Elektromobil (EV),Import (Xitoy),Yuqori-o‘rta ($25k-$40k),31245,2,62490
2023,Q2,2023-Q2,Andijon,BYD,Han,E-Sedan,Elektromobil (EV),Import (Xitoy),Premium (>$40k),44357,1,44357
2023,Q2,2023-Q2,Andijon,Chery,Tiggo 7 Pro,C-SUV,Benzin (Turbo),Mahalliy yig‘uv (ADM Jizzax),Yuqori-o‘rta ($25k-$40k),26353,12,316236
2023,Q2,2023-Q2,Andijon,Chery,Arrizo 6 Pro,C-Sedan,Benzin (Turbo),Mahalliy yig‘uv (ADM Jizzax),O‘rta ($15k-$25k),20521,8,164168
2023,Q2,2023-Q2,Andijon,Chery,Tiggo 8 Pro,Mid-SUV,Benzin (Turbo),Mahalliy yig‘uv (ADM Jizzax),Yuqori-o‘rta ($25k-$40k),32897,3,98691
2023,Q2,2023-Q2,Andijon,Haval,Jolion,B-SUV,Benzin (Turbo),Mahalliy yig‘uv (ADM Jizzax),O‘rta ($15k-$25k),23136,11,254496
2023,Q2,2023-Q2,Andijon,Haval,M6,C-SUV,Benzin,Mahalliy yig‘uv (ADM Jizzax),O‘rta ($15k-$25k),19364,13,251732
2023,Q2,2023-Q2,Andijon,Haval,H6,C-SUV,Benzin (Turbo),Mahalliy yig‘uv (ADM Jizzax),Yuqori-o‘rta ($25k-$40k),29321,4,117284
2023,Q2,2023-Q2,Andijon,Kia,Sonet,B-SUV,Benzin,Mahalliy yig‘uv (ADM Jizzax),O‘rta ($15k-$25k),18071,11,198781
2023,Q2,2023-Q2,Andijon,Kia,K5,D-Sedan,Benzin,Mahalliy yig‘uv (ADM Jizzax),Yuqori-o‘rta ($25k-$40k),33392,4,133568
2023,Q2,2023-Q2,Andijon,Kia,Sportage,C-SUV,Benzin,Mahalliy yig‘uv (ADM Jizzax),Yuqori-o‘rta ($25k-$40k),35218,3,105654
2023,Q2,2023-Q2,Andijon,Zeekr,001,E-Shooting Brake,Elektromobil (EV),Import (Xitoy),Premium (>$40k),48572,1,48572
2023,Q2,2023-Q2,Andijon,Geely,Monjaro,Mid-SUV,Benzin (Turbo),Import (Xitoy),Yuqori-o‘rta ($25k-$40k),35986,5,179930
2023,Q2,2023-Q2,Andijon,Jetour,Dashing,C-SUV,Benzin (Turbo),Import (Xitoy),Yuqori-o‘rta ($25k-$40k),26598,3,79794
2023,Q2,2023-Q2,Andijon,Li Auto,L7/L9,Full-SUV,Gibrid (EREV),Import (Xitoy),Premium (>$40k),57674,1,57674
2023,Q2,2023-Q2,Namangan,Chevrolet,Cobalt,B-Sedan,Benzin,Mahalliy (Asaka),Byudjet (<$15k),11998,136,1631728
2023,Q2,2023-Q2,Namangan,Chevrolet,Damas,Mini-Van,Benzin,Mahalliy (Pitnak),Byudjet (<$15k),8695,250,2173750
2023,Q2,2023-Q2,Namangan,Chevrolet,Labo,Mini-Truck,Benzin,Mahalliy (Pitnak),Byudjet (<$15k),8278,126,1043028
2023,Q2,2023-Q2,Namangan,Chevrolet,Lacetti/Gentra,C-Sedan,Benzin,Mahalliy (Asaka),Byudjet (<$15k),13394,107,1433158
2023,Q2,2023-Q2,Namangan,Chevrolet,Tracker-2,B-SUV,Benzin (Turbo),Mahalliy (Asaka),O‘rta ($15k-$25k),19016,34,646544
2023,Q2,2023-Q2,Namangan,Chevrolet,Onix,B-Sedan,Benzin (Turbo),Mahalliy (Asaka),O‘rta ($15k-$25k),15494,44,681736
2023,Q2,2023-Q2,Namangan,Chevrolet,Malibu-2,D-Sedan,Benzin (Turbo),Mahalliy (Asaka),Yuqori-o‘rta ($25k-$40k),34890,5,174450
2023,Q2,2023-Q2,Namangan,BYD,Song Plus DM-i,C-SUV,Gibrid (PHEV),Gibrid/Yig‘uv (Jizzax),Yuqori-o‘rta ($25k-$40k),27368,36,985248
2023,Q2,2023-Q2,Namangan,BYD,Chazor (Destroyer 05),C-Sedan,Gibrid (PHEV),Gibrid/Yig‘uv (Jizzax),O‘rta ($15k-$25k),20606,29,597574
2023,Q2,2023-Q2,Namangan,BYD,Song Plus EV,C-SUV,Elektromobil (EV),Import (Xitoy),Yuqori-o‘rta ($25k-$40k),30913,2,61826
2023,Q2,2023-Q2,Namangan,BYD,Han,E-Sedan,Elektromobil (EV),Import (Xitoy),Premium (>$40k),44352,1,44352
2023,Q2,2023-Q2,Namangan,Chery,Tiggo 7 Pro,C-SUV,Benzin (Turbo),Mahalliy yig‘uv (ADM Jizzax),Yuqori-o‘rta ($25k-$40k),26126,10,261260
2023,Q2,2023-Q2,Namangan,Chery,Arrizo 6 Pro,C-Sedan,Benzin (Turbo),Mahalliy yig‘uv (ADM Jizzax),O‘rta ($15k-$25k),20516,11,225676
2023,Q2,2023-Q2,Namangan,Chery,Tiggo 8 Pro,Mid-SUV,Benzin (Turbo),Mahalliy yig‘uv (ADM Jizzax),Yuqori-o‘rta ($25k-$40k),33041,3,99123
2023,Q2,2023-Q2,Namangan,Haval,Jolion,B-SUV,Benzin (Turbo),Mahalliy yig‘uv (ADM Jizzax),O‘rta ($15k-$25k),23295,9,209655
2023,Q2,2023-Q2,Namangan,Haval,M6,C-SUV,Benzin,Mahalliy yig‘uv (ADM Jizzax),O‘rta ($15k-$25k),19256,11,211816
2023,Q2,2023-Q2,Namangan,Haval,H6,C-SUV,Benzin (Turbo),Mahalliy yig‘uv (ADM Jizzax),Yuqori-o‘rta ($25k-$40k),29518,5,147590
2023,Q2,2023-Q2,Namangan,Kia,Sonet,B-SUV,Benzin,Mahalliy yig‘uv (ADM Jizzax),O‘rta ($15k-$25k),17942,11,197362
2023,Q2,2023-Q2,Namangan,Kia,K5,D-Sedan,Benzin,Mahalliy yig‘uv (ADM Jizzax),Yuqori-o‘rta ($25k-$40k),33613,4,134452
2023,Q2,2023-Q2,Namangan,Kia,Sportage,C-SUV,Benzin,Mahalliy yig‘uv (ADM Jizzax),Yuqori-o‘rta ($25k-$40k),34966,5,174830
2023,Q2,2023-Q2,Namangan,Zeekr,001,E-Shooting Brake,Elektromobil (EV),Import (Xitoy),Premium (>$40k),48239,1,48239
2023,Q2,2023-Q2,Namangan,Geely,Monjaro,Mid-SUV,Benzin (Turbo),Import (Xitoy),Yuqori-o‘rta ($25k-$40k),35906,3,107718
2023,Q2,2023-Q2,Namangan,Jetour,Dashing,C-SUV,Benzin (Turbo),Import (Xitoy),Yuqori-o‘rta ($25k-$40k),26764,4,107056
2023,Q2,2023-Q2,Namangan,Li Auto,L7/L9,Full-SUV,Gibrid (EREV),Import (Xitoy),Premium (>$40k),57839,1,57839
2023,Q2,2023-Q2,Buxoro,Chevrolet,Cobalt,B-Sedan,Benzin,Mahalliy (Asaka),Byudjet (<$15k),11966,133,1591478
2023,Q2,2023-Q2,Buxoro,Chevrolet,Damas,Mini-Van,Benzin,Mahalliy (Pitnak),Byudjet (<$15k),8887,91,808717
2023,Q2,2023-Q2,Buxoro,Chevrolet,Labo,Mini-Truck,Benzin,Mahalliy (Pitnak),Byudjet (<$15k),8260,46,379960
2023,Q2,2023-Q2,Buxoro,Chevrolet,Lacetti/Gentra,C-Sedan,Benzin,Mahalliy (Asaka),Byudjet (<$15k),13312,123,1637376
2023,Q2,2023-Q2,Buxoro,Chevrolet,Tracker-2,B-SUV,Benzin (Turbo),Mahalliy (Asaka),O‘rta ($15k-$25k),18702,29,542358
2023,Q2,2023-Q2,Buxoro,Chevrolet,Onix,B-Sedan,Benzin (Turbo),Mahalliy (Asaka),O‘rta ($15k-$25k),15405,31,477555
2023,Q2,2023-Q2,Buxoro,Chevrolet,Malibu-2,D-Sedan,Benzin (Turbo),Mahalliy (Asaka),Yuqori-o‘rta ($25k-$40k),34881,3,104643
2023,Q2,2023-Q2,Buxoro,BYD,Song Plus DM-i,C-SUV,Gibrid (PHEV),Gibrid/Yig‘uv (Jizzax),Yuqori-o‘rta ($25k-$40k),27743,42,1165206
2023,Q2,2023-Q2,Buxoro,BYD,Chazor (Destroyer 05),C-Sedan,Gibrid (PHEV),Gibrid/Yig‘uv (Jizzax),O‘rta ($15k-$25k),20721,35,725235
2023,Q2,2023-Q2,Buxoro,BYD,Song Plus EV,C-SUV,Elektromobil (EV),Import (Xitoy),Yuqori-o‘rta ($25k-$40k),31078,4,124312
2023,Q2,2023-Q2,Buxoro,BYD,Han,E-Sedan,Elektromobil (EV),Import (Xitoy),Premium (>$40k),44160,2,88320
2023,Q2,2023-Q2,Buxoro,Chery,Tiggo 7 Pro,C-SUV,Benzin (Turbo),Mahalliy yig‘uv (ADM Jizzax),Yuqori-o‘rta ($25k-$40k),26457,7,185199
2023,Q2,2023-Q2,Buxoro,Chery,Arrizo 6 Pro,C-Sedan,Benzin (Turbo),Mahalliy yig‘uv (ADM Jizzax),O‘rta ($15k-$25k),20535,7,143745
2023,Q2,2023-Q2,Buxoro,Chery,Tiggo 8 Pro,Mid-SUV,Benzin (Turbo),Mahalliy yig‘uv (ADM Jizzax),Yuqori-o‘rta ($25k-$40k),32960,5,164800
2023,Q2,2023-Q2,Buxoro,Haval,Jolion,B-SUV,Benzin (Turbo),Mahalliy yig‘uv (ADM Jizzax),O‘rta ($15k-$25k),23292,9,209628
2023,Q2,2023-Q2,Buxoro,Haval,M6,C-SUV,Benzin,Mahalliy yig‘uv (ADM Jizzax),O‘rta ($15k-$25k),19458,8,155664
2023,Q2,2023-Q2,Buxoro,Haval,H6,C-SUV,Benzin (Turbo),Mahalliy yig‘uv (ADM Jizzax),Yuqori-o‘rta ($25k-$40k),29509,5,147545
2023,Q2,2023-Q2,Buxoro,Kia,Sonet,B-SUV,Benzin,Mahalliy yig‘uv (ADM Jizzax),O‘rta ($15k-$25k),18035,10,180350
2023,Q2,2023-Q2,Buxoro,Kia,K5,D-Sedan,Benzin,Mahalliy yig‘uv (ADM Jizzax),Yuqori-o‘rta ($25k-$40k),33345,5,166725
2023,Q2,2023-Q2,Buxoro,Kia,Sportage,C-SUV,Benzin,Mahalliy yig‘uv (ADM Jizzax),Yuqori-o‘rta ($25k-$40k),34911,3,104733
2023,Q2,2023-Q2,Buxoro,Zeekr,001,E-Shooting Brake,Elektromobil (EV),Import (Xitoy),Premium (>$40k),48609,2,97218
2023,Q2,2023-Q2,Buxoro,Geely,Monjaro,Mid-SUV,Benzin (Turbo),Import (Xitoy),Yuqori-o‘rta ($25k-$40k),36064,3,108192
2023,Q2,2023-Q2,Buxoro,Jetour,Dashing,C-SUV,Benzin (Turbo),Import (Xitoy),Yuqori-o‘rta ($25k-$40k),26925,2,53850
2023,Q2,2023-Q2,Buxoro,Li Auto,L7/L9,Full-SUV,Gibrid (EREV),Import (Xitoy),Premium (>$40k),57771,4,231084
2023,Q2,2023-Q2,Qashqadaryo,Chevrolet,Cobalt,B-Sedan,Benzin,Mahalliy (Asaka),Byudjet (<$15k),11706,90,1053540
2023,Q2,2023-Q2,Qashqadaryo,Chevrolet,Damas,Mini-Van,Benzin,Mahalliy (Pitnak),Byudjet (<$15k),8886,81,719766
2023,Q2,2023-Q2,Qashqadaryo,Chevrolet,Labo,Mini-Truck,Benzin,Mahalliy (Pitnak),Byudjet (<$15k),8093,45,364185
2023,Q2,2023-Q2,Qashqadaryo,Chevrolet,Lacetti/Gentra,C-Sedan,Benzin,Mahalliy (Asaka),Byudjet (<$15k),13205,70,924350
2023,Q2,2023-Q2,Qashqadaryo,Chevrolet,Tracker-2,B-SUV,Benzin (Turbo),Mahalliy (Asaka),O‘rta ($15k-$25k),18739,23,430997
2023,Q2,2023-Q2,Qashqadaryo,Chevrolet,Onix,B-Sedan,Benzin (Turbo),Mahalliy (Asaka),O‘rta ($15k-$25k),15436,25,385900
2023,Q2,2023-Q2,Qashqadaryo,Chevrolet,Malibu-2,D-Sedan,Benzin (Turbo),Mahalliy (Asaka),Yuqori-o‘rta ($25k-$40k),35023,3,105069
2023,Q2,2023-Q2,Qashqadaryo,BYD,Song Plus DM-i,C-SUV,Gibrid (PHEV),Gibrid/Yig‘uv (Jizzax),Yuqori-o‘rta ($25k-$40k),27749,24,665976
2023,Q2,2023-Q2,Qashqadaryo,BYD,Chazor (Destroyer 05),C-Sedan,Gibrid (PHEV),Gibrid/Yig‘uv (Jizzax),O‘rta ($15k-$25k),21192,17,360264
2023,Q2,2023-Q2,Qashqadaryo,BYD,Song Plus EV,C-SUV,Elektromobil (EV),Import (Xitoy),Yuqori-o‘rta ($25k-$40k),31329,4,125316
2023,Q2,2023-Q2,Qashqadaryo,BYD,Han,E-Sedan,Elektromobil (EV),Import (Xitoy),Premium (>$40k),44390,1,44390
2023,Q2,2023-Q2,Qashqadaryo,Chery,Tiggo 7 Pro,C-SUV,Benzin (Turbo),Mahalliy yig‘uv (ADM Jizzax),Yuqori-o‘rta ($25k-$40k),26210,9,235890
2023,Q2,2023-Q2,Qashqadaryo,Chery,Arrizo 6 Pro,C-Sedan,Benzin (Turbo),Mahalliy yig‘uv (ADM Jizzax),O‘rta ($15k-$25k),20461,5,102305
2023,Q2,2023-Q2,Qashqadaryo,Chery,Tiggo 8 Pro,Mid-SUV,Benzin (Turbo),Mahalliy yig‘uv (ADM Jizzax),Yuqori-o‘rta ($25k-$40k),33053,3,99159
2023,Q2,2023-Q2,Qashqadaryo,Haval,Jolion,B-SUV,Benzin (Turbo),Mahalliy yig‘uv (ADM Jizzax),O‘rta ($15k-$25k),23196,8,185568
2023,Q2,2023-Q2,Qashqadaryo,Haval,M6,C-SUV,Benzin,Mahalliy yig‘uv (ADM Jizzax),O‘rta ($15k-$25k),19224,7,134568
2023,Q2,2023-Q2,Qashqadaryo,Haval,H6,C-SUV,Benzin (Turbo),Mahalliy yig‘uv (ADM Jizzax),Yuqori-o‘rta ($25k-$40k),29310,2,58620
2023,Q2,2023-Q2,Qashqadaryo,Kia,Sonet,B-SUV,Benzin,Mahalliy yig‘uv (ADM Jizzax),O‘rta ($15k-$25k),18202,7,127414
2023,Q2,2023-Q2,Qashqadaryo,Kia,K5,D-Sedan,Benzin,Mahalliy yig‘uv (ADM Jizzax),Yuqori-o‘rta ($25k-$40k),33665,4,134660
2023,Q2,2023-Q2,Qashqadaryo,Kia,Sportage,C-SUV,Benzin,Mahalliy yig‘uv (ADM Jizzax),Yuqori-o‘rta ($25k-$40k),35097,1,35097
2023,Q2,2023-Q2,Qashqadaryo,Zeekr,001,E-Shooting Brake,Elektromobil (EV),Import (Xitoy),Premium (>$40k),48584,2,97168
2023,Q2,2023-Q2,Qashqadaryo,Geely,Monjaro,Mid-SUV,Benzin (Turbo),Import (Xitoy),Yuqori-o‘rta ($25k-$40k),36175,4,144700
2023,Q2,2023-Q2,Qashqadaryo,Jetour,Dashing,C-SUV,Benzin (Turbo),Import (Xitoy),Yuqori-o‘rta ($25k-$40k),26919,3,80757
2023,Q2,2023-Q2,Qashqadaryo,Li Auto,L7/L9,Full-SUV,Gibrid (EREV),Import (Xitoy),Premium (>$40k),57683,2,115366
2023,Q2,2023-Q2,Xorazm,Chevrolet,Cobalt,B-Sedan,Benzin,Mahalliy (Asaka),Byudjet (<$15k),11809,69,814821
2023,Q2,2023-Q2,Xorazm,Chevrolet,Damas,Mini-Van,Benzin,Mahalliy (Pitnak),Byudjet (<$15k),8617,126,1085742
2023,Q2,2023-Q2,Xorazm,Chevrolet,Labo,Mini-Truck,Benzin,Mahalliy (Pitnak),Byudjet (<$15k),8135,67,545045
2023,Q2,2023-Q2,Xorazm,Chevrolet,Lacetti/Gentra,C-Sedan,Benzin,Mahalliy (Asaka),Byudjet (<$15k),13352,50,667600
2023,Q2,2023-Q2,Xorazm,Chevrolet,Tracker-2,B-SUV,Benzin (Turbo),Mahalliy (Asaka),O‘rta ($15k-$25k),18916,20,378320
2023,Q2,2023-Q2,Xorazm,Chevrolet,Onix,B-Sedan,Benzin (Turbo),Mahalliy (Asaka),O‘rta ($15k-$25k),15255,23,350865
2023,Q2,2023-Q2,Xorazm,Chevrolet,Malibu-2,D-Sedan,Benzin (Turbo),Mahalliy (Asaka),Yuqori-o‘rta ($25k-$40k),35074,3,105222
2023,Q2,2023-Q2,Xorazm,BYD,Song Plus DM-i,C-SUV,Gibrid (PHEV),Gibrid/Yig‘uv (Jizzax),Yuqori-o‘rta ($25k-$40k),27554,19,523526
2023,Q2,2023-Q2,Xorazm,BYD,Chazor (Destroyer 05),C-Sedan,Gibrid (PHEV),Gibrid/Yig‘uv (Jizzax),O‘rta ($15k-$25k),20781,15,311715
2023,Q2,2023-Q2,Xorazm,BYD,Song Plus EV,C-SUV,Elektromobil (EV),Import (Xitoy),Yuqori-o‘rta ($25k-$40k),31367,1,31367
2023,Q2,2023-Q2,Xorazm,BYD,Han,E-Sedan,Elektromobil (EV),Import (Xitoy),Premium (>$40k),44050,1,44050
2023,Q2,2023-Q2,Xorazm,Chery,Tiggo 7 Pro,C-SUV,Benzin (Turbo),Mahalliy yig‘uv (ADM Jizzax),Yuqori-o‘rta ($25k-$40k),26429,7,185003
2023,Q2,2023-Q2,Xorazm,Chery,Arrizo 6 Pro,C-Sedan,Benzin (Turbo),Mahalliy yig‘uv (ADM Jizzax),O‘rta ($15k-$25k),20799,7,145593
2023,Q2,2023-Q2,Xorazm,Chery,Tiggo 8 Pro,Mid-SUV,Benzin (Turbo),Mahalliy yig‘uv (ADM Jizzax),Yuqori-o‘rta ($25k-$40k),33012,1,33012
2023,Q2,2023-Q2,Xorazm,Haval,Jolion,B-SUV,Benzin (Turbo),Mahalliy yig‘uv (ADM Jizzax),O‘rta ($15k-$25k),23161,5,115805
2023,Q2,2023-Q2,Xorazm,Haval,M6,C-SUV,Benzin,Mahalliy yig‘uv (ADM Jizzax),O‘rta ($15k-$25k),19467,5,97335
2023,Q2,2023-Q2,Xorazm,Haval,H6,C-SUV,Benzin (Turbo),Mahalliy yig‘uv (ADM Jizzax),Yuqori-o‘rta ($25k-$40k),29337,1,29337
2023,Q2,2023-Q2,Xorazm,Kia,Sonet,B-SUV,Benzin,Mahalliy yig‘uv (ADM Jizzax),O‘rta ($15k-$25k),18031,7,126217
2023,Q2,2023-Q2,Xorazm,Kia,K5,D-Sedan,Benzin,Mahalliy yig‘uv (ADM Jizzax),Yuqori-o‘rta ($25k-$40k),33277,2,66554
2023,Q2,2023-Q2,Xorazm,Kia,Sportage,C-SUV,Benzin,Mahalliy yig‘uv (ADM Jizzax),Yuqori-o‘rta ($25k-$40k),35027,2,70054
2023,Q2,2023-Q2,Xorazm,Zeekr,001,E-Shooting Brake,Elektromobil (EV),Import (Xitoy),Premium (>$40k),48548,1,48548
2023,Q2,2023-Q2,Xorazm,Geely,Monjaro,Mid-SUV,Benzin (Turbo),Import (Xitoy),Yuqori-o‘rta ($25k-$40k),35874,1,35874
2023,Q2,2023-Q2,Xorazm,Jetour,Dashing,C-SUV,Benzin (Turbo),Import (Xitoy),Yuqori-o‘rta ($25k-$40k),26598,2,53196
2023,Q2,2023-Q2,Xorazm,Li Auto,L7/L9,Full-SUV,Gibrid (EREV),Import (Xitoy),Premium (>$40k),57650,1,57650
2023,Q2,2023-Q2,Surxondaryo,Chevrolet,Cobalt,B-Sedan,Benzin,Mahalliy (Asaka),Byudjet (<$15k),11797,67,790399
2023,Q2,2023-Q2,Surxondaryo,Chevrolet,Damas,Mini-Van,Benzin,Mahalliy (Pitnak),Byudjet (<$15k),8830,61,538630
2023,Q2,2023-Q2,Surxondaryo,Chevrolet,Labo,Mini-Truck,Benzin,Mahalliy (Pitnak),Byudjet (<$15k),8178,34,278052
2023,Q2,2023-Q2,Surxondaryo,Chevrolet,Lacetti/Gentra,C-Sedan,Benzin,Mahalliy (Asaka),Byudjet (<$15k),13299,58,771342
2023,Q2,2023-Q2,Surxondaryo,Chevrolet,Tracker-2,B-SUV,Benzin (Turbo),Mahalliy (Asaka),O‘rta ($15k-$25k),18890,22,415580
2023,Q2,2023-Q2,Surxondaryo,Chevrolet,Onix,B-Sedan,Benzin (Turbo),Mahalliy (Asaka),O‘rta ($15k-$25k),15514,19,294766
2023,Q2,2023-Q2,Surxondaryo,Chevrolet,Malibu-2,D-Sedan,Benzin (Turbo),Mahalliy (Asaka),Yuqori-o‘rta ($25k-$40k),34869,1,34869
2023,Q2,2023-Q2,Surxondaryo,BYD,Song Plus DM-i,C-SUV,Gibrid (PHEV),Gibrid/Yig‘uv (Jizzax),Yuqori-o‘rta ($25k-$40k),27857,19,529283
2023,Q2,2023-Q2,Surxondaryo,BYD,Chazor (Destroyer 05),C-Sedan,Gibrid (PHEV),Gibrid/Yig‘uv (Jizzax),O‘rta ($15k-$25k),20613,16,329808
2023,Q2,2023-Q2,Surxondaryo,BYD,Song Plus EV,C-SUV,Elektromobil (EV),Import (Xitoy),Yuqori-o‘rta ($25k-$40k),31314,4,125256
2023,Q2,2023-Q2,Surxondaryo,BYD,Han,E-Sedan,Elektromobil (EV),Import (Xitoy),Premium (>$40k),44070,2,88140
2023,Q2,2023-Q2,Surxondaryo,Chery,Tiggo 7 Pro,C-SUV,Benzin (Turbo),Mahalliy yig‘uv (ADM Jizzax),Yuqori-o‘rta ($25k-$40k),26139,5,130695
2023,Q2,2023-Q2,Surxondaryo,Chery,Arrizo 6 Pro,C-Sedan,Benzin (Turbo),Mahalliy yig‘uv (ADM Jizzax),O‘rta ($15k-$25k),20458,4,81832
2023,Q2,2023-Q2,Surxondaryo,Chery,Tiggo 8 Pro,Mid-SUV,Benzin (Turbo),Mahalliy yig‘uv (ADM Jizzax),Yuqori-o‘rta ($25k-$40k),33104,1,33104
2023,Q2,2023-Q2,Surxondaryo,Haval,Jolion,B-SUV,Benzin (Turbo),Mahalliy yig‘uv (ADM Jizzax),O‘rta ($15k-$25k),23313,3,69939
2023,Q2,2023-Q2,Surxondaryo,Haval,M6,C-SUV,Benzin,Mahalliy yig‘uv (ADM Jizzax),O‘rta ($15k-$25k),19484,6,116904
2023,Q2,2023-Q2,Surxondaryo,Haval,H6,C-SUV,Benzin (Turbo),Mahalliy yig‘uv (ADM Jizzax),Yuqori-o‘rta ($25k-$40k),29297,4,117188
2023,Q2,2023-Q2,Surxondaryo,Kia,Sonet,B-SUV,Benzin,Mahalliy yig‘uv (ADM Jizzax),O‘rta ($15k-$25k),17928,8,143424
2023,Q2,2023-Q2,Surxondaryo,Kia,K5,D-Sedan,Benzin,Mahalliy yig‘uv (ADM Jizzax),Yuqori-o‘rta ($25k-$40k),33483,2,66966
2023,Q2,2023-Q2,Surxondaryo,Kia,Sportage,C-SUV,Benzin,Mahalliy yig‘uv (ADM Jizzax),Yuqori-o‘rta ($25k-$40k),34912,3,104736
2023,Q2,2023-Q2,Surxondaryo,Zeekr,001,E-Shooting Brake,Elektromobil (EV),Import (Xitoy),Premium (>$40k),48505,1,48505
2023,Q2,2023-Q2,Surxondaryo,Geely,Monjaro,Mid-SUV,Benzin (Turbo),Import (Xitoy),Yuqori-o‘rta ($25k-$40k),35967,1,35967
2023,Q2,2023-Q2,Surxondaryo,Jetour,Dashing,C-SUV,Benzin (Turbo),Import (Xitoy),Yuqori-o‘rta ($25k-$40k),26735,3,80205
2023,Q2,2023-Q2,Surxondaryo,Li Auto,L7/L9,Full-SUV,Gibrid (EREV),Import (Xitoy),Premium (>$40k),57663,1,57663
2023,Q2,2023-Q2,Navoiy,Chevrolet,Cobalt,B-Sedan,Benzin,Mahalliy (Asaka),Byudjet (<$15k),11966,59,705994
2023,Q2,2023-Q2,Navoiy,Chevrolet,Damas,Mini-Van,Benzin,Mahalliy (Pitnak),Byudjet (<$15k),8846,46,406916
2023,Q2,2023-Q2,Navoiy,Chevrolet,Labo,Mini-Truck,Benzin,Mahalliy (Pitnak),Byudjet (<$15k),8403,24,201672
2023,Q2,2023-Q2,Navoiy,Chevrolet,Lacetti/Gentra,C-Sedan,Benzin,Mahalliy (Asaka),Byudjet (<$15k),13488,41,553008
2023,Q2,2023-Q2,Navoiy,Chevrolet,Tracker-2,B-SUV,Benzin (Turbo),Mahalliy (Asaka),O‘rta ($15k-$25k),19039,13,247507
2023,Q2,2023-Q2,Navoiy,Chevrolet,Onix,B-Sedan,Benzin (Turbo),Mahalliy (Asaka),O‘rta ($15k-$25k),15638,16,250208
2023,Q2,2023-Q2,Navoiy,Chevrolet,Malibu-2,D-Sedan,Benzin (Turbo),Mahalliy (Asaka),Yuqori-o‘rta ($25k-$40k),34826,2,69652
2023,Q2,2023-Q2,Navoiy,BYD,Song Plus DM-i,C-SUV,Gibrid (PHEV),Gibrid/Yig‘uv (Jizzax),Yuqori-o‘rta ($25k-$40k),27144,17,461448
2023,Q2,2023-Q2,Navoiy,BYD,Chazor (Destroyer 05),C-Sedan,Gibrid (PHEV),Gibrid/Yig‘uv (Jizzax),O‘rta ($15k-$25k),20855,13,271115
2023,Q2,2023-Q2,Navoiy,BYD,Song Plus EV,C-SUV,Elektromobil (EV),Import (Xitoy),Yuqori-o‘rta ($25k-$40k),31110,1,31110
2023,Q2,2023-Q2,Navoiy,BYD,Han,E-Sedan,Elektromobil (EV),Import (Xitoy),Premium (>$40k),43833,1,43833
2023,Q2,2023-Q2,Navoiy,Chery,Tiggo 7 Pro,C-SUV,Benzin (Turbo),Mahalliy yig‘uv (ADM Jizzax),Yuqori-o‘rta ($25k-$40k),26303,4,105212
2023,Q2,2023-Q2,Navoiy,Chery,Arrizo 6 Pro,C-Sedan,Benzin (Turbo),Mahalliy yig‘uv (ADM Jizzax),O‘rta ($15k-$25k),20606,5,103030
2023,Q2,2023-Q2,Navoiy,Chery,Tiggo 8 Pro,Mid-SUV,Benzin (Turbo),Mahalliy yig‘uv (ADM Jizzax),Yuqori-o‘rta ($25k-$40k),32854,3,98562
2023,Q2,2023-Q2,Navoiy,Haval,Jolion,B-SUV,Benzin (Turbo),Mahalliy yig‘uv (ADM Jizzax),O‘rta ($15k-$25k),23354,3,70062
2023,Q2,2023-Q2,Navoiy,Haval,M6,C-SUV,Benzin,Mahalliy yig‘uv (ADM Jizzax),O‘rta ($15k-$25k),19394,4,77576
2023,Q2,2023-Q2,Navoiy,Haval,H6,C-SUV,Benzin (Turbo),Mahalliy yig‘uv (ADM Jizzax),Yuqori-o‘rta ($25k-$40k),29427,1,29427
2023,Q2,2023-Q2,Navoiy,Kia,Sonet,B-SUV,Benzin,Mahalliy yig‘uv (ADM Jizzax),O‘rta ($15k-$25k),17888,3,53664
2023,Q2,2023-Q2,Navoiy,Kia,K5,D-Sedan,Benzin,Mahalliy yig‘uv (ADM Jizzax),Yuqori-o‘rta ($25k-$40k),33285,1,33285
2023,Q2,2023-Q2,Navoiy,Kia,Sportage,C-SUV,Benzin,Mahalliy yig‘uv (ADM Jizzax),Yuqori-o‘rta ($25k-$40k),34917,2,69834
2023,Q2,2023-Q2,Navoiy,Zeekr,001,E-Shooting Brake,Elektromobil (EV),Import (Xitoy),Premium (>$40k),48567,1,48567
2023,Q2,2023-Q2,Navoiy,Geely,Monjaro,Mid-SUV,Benzin (Turbo),Import (Xitoy),Yuqori-o‘rta ($25k-$40k),36065,1,36065
2023,Q2,2023-Q2,Navoiy,Jetour,Dashing,C-SUV,Benzin (Turbo),Import (Xitoy),Yuqori-o‘rta ($25k-$40k),26939,1,26939
2023,Q2,2023-Q2,Navoiy,Li Auto,L7/L9,Full-SUV,Gibrid (EREV),Import (Xitoy),Premium (>$40k),57874,1,57874
2023,Q2,2023-Q2,Jizzax,Chevrolet,Cobalt,B-Sedan,Benzin,Mahalliy (Asaka),Byudjet (<$15k),11994,32,383808
2023,Q2,2023-Q2,Jizzax,Chevrolet,Damas,Mini-Van,Benzin,Mahalliy (Pitnak),Byudjet (<$15k),8610,27,232470
2023,Q2,2023-Q2,Jizzax,Chevrolet,Labo,Mini-Truck,Benzin,Mahalliy (Pitnak),Byudjet (<$15k),8088,15,121320
2023,Q2,2023-Q2,Jizzax,Chevrolet,Lacetti/Gentra,C-Sedan,Benzin,Mahalliy (Asaka),Byudjet (<$15k),13314,27,359478
2023,Q2,2023-Q2,Jizzax,Chevrolet,Tracker-2,B-SUV,Benzin (Turbo),Mahalliy (Asaka),O‘rta ($15k-$25k),18889,10,188890
2023,Q2,2023-Q2,Jizzax,Chevrolet,Onix,B-Sedan,Benzin (Turbo),Mahalliy (Asaka),O‘rta ($15k-$25k),15652,12,187824
2023,Q2,2023-Q2,Jizzax,Chevrolet,Malibu-2,D-Sedan,Benzin (Turbo),Mahalliy (Asaka),Yuqori-o‘rta ($25k-$40k),34947,3,104841
2023,Q2,2023-Q2,Jizzax,BYD,Song Plus DM-i,C-SUV,Gibrid (PHEV),Gibrid/Yig‘uv (Jizzax),Yuqori-o‘rta ($25k-$40k),27337,10,273370
2023,Q2,2023-Q2,Jizzax,BYD,Chazor (Destroyer 05),C-Sedan,Gibrid (PHEV),Gibrid/Yig‘uv (Jizzax),O‘rta ($15k-$25k),20664,8,165312
2023,Q2,2023-Q2,Jizzax,BYD,Song Plus EV,C-SUV,Elektromobil (EV),Import (Xitoy),Yuqori-o‘rta ($25k-$40k),30846,1,30846
2023,Q2,2023-Q2,Jizzax,BYD,Han,E-Sedan,Elektromobil (EV),Import (Xitoy),Premium (>$40k),44038,1,44038
2023,Q2,2023-Q2,Jizzax,Chery,Tiggo 7 Pro,C-SUV,Benzin (Turbo),Mahalliy yig‘uv (ADM Jizzax),Yuqori-o‘rta ($25k-$40k),26170,3,78510
2023,Q2,2023-Q2,Jizzax,Chery,Arrizo 6 Pro,C-Sedan,Benzin (Turbo),Mahalliy yig‘uv (ADM Jizzax),O‘rta ($15k-$25k),20677,1,20677
2023,Q2,2023-Q2,Jizzax,Chery,Tiggo 8 Pro,Mid-SUV,Benzin (Turbo),Mahalliy yig‘uv (ADM Jizzax),Yuqori-o‘rta ($25k-$40k),33156,1,33156
2023,Q2,2023-Q2,Jizzax,Haval,Jolion,B-SUV,Benzin (Turbo),Mahalliy yig‘uv (ADM Jizzax),O‘rta ($15k-$25k),23373,3,70119
2023,Q2,2023-Q2,Jizzax,Haval,M6,C-SUV,Benzin,Mahalliy yig‘uv (ADM Jizzax),O‘rta ($15k-$25k),19269,1,19269
2023,Q2,2023-Q2,Jizzax,Haval,H6,C-SUV,Benzin (Turbo),Mahalliy yig‘uv (ADM Jizzax),Yuqori-o‘rta ($25k-$40k),29321,1,29321
2023,Q2,2023-Q2,Jizzax,Kia,Sonet,B-SUV,Benzin,Mahalliy yig‘uv (ADM Jizzax),O‘rta ($15k-$25k),17837,1,17837
2023,Q2,2023-Q2,Jizzax,Kia,K5,D-Sedan,Benzin,Mahalliy yig‘uv (ADM Jizzax),Yuqori-o‘rta ($25k-$40k),33356,1,33356
2023,Q2,2023-Q2,Jizzax,Kia,Sportage,C-SUV,Benzin,Mahalliy yig‘uv (ADM Jizzax),Yuqori-o‘rta ($25k-$40k),35152,1,35152
2023,Q2,2023-Q2,Jizzax,Zeekr,001,E-Shooting Brake,Elektromobil (EV),Import (Xitoy),Premium (>$40k),48247,1,48247
2023,Q2,2023-Q2,Jizzax,Geely,Monjaro,Mid-SUV,Benzin (Turbo),Import (Xitoy),Yuqori-o‘rta ($25k-$40k),36060,2,72120
2023,Q2,2023-Q2,Jizzax,Jetour,Dashing,C-SUV,Benzin (Turbo),Import (Xitoy),Yuqori-o‘rta ($25k-$40k),26627,1,26627
2023,Q2,2023-Q2,Jizzax,Li Auto,L7/L9,Full-SUV,Gibrid (EREV),Import (Xitoy),Premium (>$40k),57497,1,57497
2023,Q2,2023-Q2,Sirdaryo,Chevrolet,Cobalt,B-Sedan,Benzin,Mahalliy (Asaka),Byudjet (<$15k),11831,27,319437
2023,Q2,2023-Q2,Sirdaryo,Chevrolet,Damas,Mini-Van,Benzin,Mahalliy (Pitnak),Byudjet (<$15k),8899,21,186879
2023,Q2,2023-Q2,Sirdaryo,Chevrolet,Labo,Mini-Truck,Benzin,Mahalliy (Pitnak),Byudjet (<$15k),8404,12,100848
2023,Q2,2023-Q2,Sirdaryo,Chevrolet,Lacetti/Gentra,C-Sedan,Benzin,Mahalliy (Asaka),Byudjet (<$15k),13526,21,284046
2023,Q2,2023-Q2,Sirdaryo,Chevrolet,Tracker-2,B-SUV,Benzin (Turbo),Mahalliy (Asaka),O‘rta ($15k-$25k),19288,7,135016
2023,Q2,2023-Q2,Sirdaryo,Chevrolet,Onix,B-Sedan,Benzin (Turbo),Mahalliy (Asaka),O‘rta ($15k-$25k),15387,9,138483
2023,Q2,2023-Q2,Sirdaryo,Chevrolet,Malibu-2,D-Sedan,Benzin (Turbo),Mahalliy (Asaka),Yuqori-o‘rta ($25k-$40k),34951,3,104853
2023,Q2,2023-Q2,Sirdaryo,BYD,Song Plus DM-i,C-SUV,Gibrid (PHEV),Gibrid/Yig‘uv (Jizzax),Yuqori-o‘rta ($25k-$40k),27650,8,221200
2023,Q2,2023-Q2,Sirdaryo,BYD,Chazor (Destroyer 05),C-Sedan,Gibrid (PHEV),Gibrid/Yig‘uv (Jizzax),O‘rta ($15k-$25k),20786,6,124716
2023,Q2,2023-Q2,Sirdaryo,BYD,Song Plus EV,C-SUV,Elektromobil (EV),Import (Xitoy),Yuqori-o‘rta ($25k-$40k),31085,1,31085
2023,Q2,2023-Q2,Sirdaryo,BYD,Han,E-Sedan,Elektromobil (EV),Import (Xitoy),Premium (>$40k),44242,1,44242
2023,Q2,2023-Q2,Sirdaryo,Chery,Tiggo 7 Pro,C-SUV,Benzin (Turbo),Mahalliy yig‘uv (ADM Jizzax),Yuqori-o‘rta ($25k-$40k),26301,2,52602
2023,Q2,2023-Q2,Sirdaryo,Chery,Arrizo 6 Pro,C-Sedan,Benzin (Turbo),Mahalliy yig‘uv (ADM Jizzax),O‘rta ($15k-$25k),20495,2,40990
2023,Q2,2023-Q2,Sirdaryo,Chery,Tiggo 8 Pro,Mid-SUV,Benzin (Turbo),Mahalliy yig‘uv (ADM Jizzax),Yuqori-o‘rta ($25k-$40k),32959,1,32959
2023,Q2,2023-Q2,Sirdaryo,Haval,Jolion,B-SUV,Benzin (Turbo),Mahalliy yig‘uv (ADM Jizzax),O‘rta ($15k-$25k),22980,1,22980
2023,Q2,2023-Q2,Sirdaryo,Haval,M6,C-SUV,Benzin,Mahalliy yig‘uv (ADM Jizzax),O‘rta ($15k-$25k),19369,3,58107
2023,Q2,2023-Q2,Sirdaryo,Haval,H6,C-SUV,Benzin (Turbo),Mahalliy yig‘uv (ADM Jizzax),Yuqori-o‘rta ($25k-$40k),29469,1,29469
2023,Q2,2023-Q2,Sirdaryo,Kia,Sonet,B-SUV,Benzin,Mahalliy yig‘uv (ADM Jizzax),O‘rta ($15k-$25k),18111,3,54333
2023,Q2,2023-Q2,Sirdaryo,Kia,K5,D-Sedan,Benzin,Mahalliy yig‘uv (ADM Jizzax),Yuqori-o‘rta ($25k-$40k),33582,1,33582
2023,Q2,2023-Q2,Sirdaryo,Kia,Sportage,C-SUV,Benzin,Mahalliy yig‘uv (ADM Jizzax),Yuqori-o‘rta ($25k-$40k),35164,1,35164
2023,Q2,2023-Q2,Sirdaryo,Zeekr,001,E-Shooting Brake,Elektromobil (EV),Import (Xitoy),Premium (>$40k),48592,3,145776
2023,Q2,2023-Q2,Sirdaryo,Geely,Monjaro,Mid-SUV,Benzin (Turbo),Import (Xitoy),Yuqori-o‘rta ($25k-$40k),36237,3,108711
2023,Q2,2023-Q2,Sirdaryo,Jetour,Dashing,C-SUV,Benzin (Turbo),Import (Xitoy),Yuqori-o‘rta ($25k-$40k),26784,1,26784
2023,Q2,2023-Q2,Sirdaryo,Li Auto,L7/L9,Full-SUV,Gibrid (EREV),Import (Xitoy),Premium (>$40k),57816,1,57816
2023,Q2,2023-Q2,Qoraqalpog‘iston Res.,Chevrolet,Cobalt,B-Sedan,Benzin,Mahalliy (Asaka),Byudjet (<$15k),12043,26,313118
2023,Q2,2023-Q2,Qoraqalpog‘iston Res.,Chevrolet,Damas,Mini-Van,Benzin,Mahalliy (Pitnak),Byudjet (<$15k),8827,20,176540
2023,Q2,2023-Q2,Qoraqalpog‘iston Res.,Chevrolet,Labo,Mini-Truck,Benzin,Mahalliy (Pitnak),Byudjet (<$15k),8258,11,90838
2023,Q2,2023-Q2,Qoraqalpog‘iston Res.,Chevrolet,Lacetti/Gentra,C-Sedan,Benzin,Mahalliy (Asaka),Byudjet (<$15k),13298,20,265960
2023,Q2,2023-Q2,Qoraqalpog‘iston Res.,Chevrolet,Tracker-2,B-SUV,Benzin (Turbo),Mahalliy (Asaka),O‘rta ($15k-$25k),19014,7,133098
2023,Q2,2023-Q2,Qoraqalpog‘iston Res.,Chevrolet,Onix,B-Sedan,Benzin (Turbo),Mahalliy (Asaka),O‘rta ($15k-$25k),15673,8,125384
2023,Q2,2023-Q2,Qoraqalpog‘iston Res.,Chevrolet,Malibu-2,D-Sedan,Benzin (Turbo),Mahalliy (Asaka),Yuqori-o‘rta ($25k-$40k),35048,1,35048
2023,Q2,2023-Q2,Qoraqalpog‘iston Res.,BYD,Song Plus DM-i,C-SUV,Gibrid (PHEV),Gibrid/Yig‘uv (Jizzax),Yuqori-o‘rta ($25k-$40k),27596,9,248364
2023,Q2,2023-Q2,Qoraqalpog‘iston Res.,BYD,Chazor (Destroyer 05),C-Sedan,Gibrid (PHEV),Gibrid/Yig‘uv (Jizzax),O‘rta ($15k-$25k),20601,6,123606
2023,Q2,2023-Q2,Qoraqalpog‘iston Res.,BYD,Song Plus EV,C-SUV,Elektromobil (EV),Import (Xitoy),Yuqori-o‘rta ($25k-$40k),31357,2,62714
2023,Q2,2023-Q2,Qoraqalpog‘iston Res.,BYD,Han,E-Sedan,Elektromobil (EV),Import (Xitoy),Premium (>$40k),43612,2,87224
2023,Q2,2023-Q2,Qoraqalpog‘iston Res.,Chery,Tiggo 7 Pro,C-SUV,Benzin (Turbo),Mahalliy yig‘uv (ADM Jizzax),Yuqori-o‘rta ($25k-$40k),26160,1,26160
2023,Q2,2023-Q2,Qoraqalpog‘iston Res.,Chery,Arrizo 6 Pro,C-Sedan,Benzin (Turbo),Mahalliy yig‘uv (ADM Jizzax),O‘rta ($15k-$25k),20737,3,62211
2023,Q2,2023-Q2,Qoraqalpog‘iston Res.,Chery,Tiggo 8 Pro,Mid-SUV,Benzin (Turbo),Mahalliy yig‘uv (ADM Jizzax),Yuqori-o‘rta ($25k-$40k),33028,1,33028
2023,Q2,2023-Q2,Qoraqalpog‘iston Res.,Haval,Jolion,B-SUV,Benzin (Turbo),Mahalliy yig‘uv (ADM Jizzax),O‘rta ($15k-$25k),23086,3,69258
2023,Q2,2023-Q2,Qoraqalpog‘iston Res.,Haval,M6,C-SUV,Benzin,Mahalliy yig‘uv (ADM Jizzax),O‘rta ($15k-$25k),19218,2,38436
2023,Q2,2023-Q2,Qoraqalpog‘iston Res.,Haval,H6,C-SUV,Benzin (Turbo),Mahalliy yig‘uv (ADM Jizzax),Yuqori-o‘rta ($25k-$40k),29297,1,29297
2023,Q2,2023-Q2,Qoraqalpog‘iston Res.,Kia,Sonet,B-SUV,Benzin,Mahalliy yig‘uv (ADM Jizzax),O‘rta ($15k-$25k),18025,3,54075
2023,Q2,2023-Q2,Qoraqalpog‘iston Res.,Kia,K5,D-Sedan,Benzin,Mahalliy yig‘uv (ADM Jizzax),Yuqori-o‘rta ($25k-$40k),33327,2,66654
2023,Q2,2023-Q2,Qoraqalpog‘iston Res.,Kia,Sportage,C-SUV,Benzin,Mahalliy yig‘uv (ADM Jizzax),Yuqori-o‘rta ($25k-$40k),35203,1,35203
2023,Q2,2023-Q2,Qoraqalpog‘iston Res.,Zeekr,001,E-Shooting Brake,Elektromobil (EV),Import (Xitoy),Premium (>$40k),48517,1,48517
2023,Q2,2023-Q2,Qoraqalpog‘iston Res.,Geely,Monjaro,Mid-SUV,Benzin (Turbo),Import (Xitoy),Yuqori-o‘rta ($25k-$40k),35986,1,35986
2023,Q2,2023-Q2,Qoraqalpog‘iston Res.,Jetour,Dashing,C-SUV,Benzin (Turbo),Import (Xitoy),Yuqori-o‘rta ($25k-$40k),26806,1,26806
2023,Q2,2023-Q2,Qoraqalpog‘iston Res.,Li Auto,L7/L9,Full-SUV,Gibrid (EREV),Import (Xitoy),Premium (>$40k),57810,1,57810
2023,Q3,2023-Q3,Toshkent shahri,Chevrolet,Cobalt,B-Sedan,Benzin,Mahalliy (Asaka),Byudjet (<$15k),11915,441,5254515
2023,Q3,2023-Q3,Toshkent shahri,Chevrolet,Damas,Mini-Van,Benzin,Mahalliy (Pitnak),Byudjet (<$15k),8694,81,704214
2023,Q3,2023-Q3,Toshkent shahri,Chevrolet,Labo,Mini-Truck,Benzin,Mahalliy (Pitnak),Byudjet (<$15k),8431,42,354102
2023,Q3,2023-Q3,Toshkent shahri,Chevrolet,Lacetti/Gentra,C-Sedan,Benzin,Mahalliy (Asaka),Byudjet (<$15k),13261,410,5437010
2023,Q3,2023-Q3,Toshkent shahri,Chevrolet,Tracker-2,B-SUV,Benzin (Turbo),Mahalliy (Asaka),O‘rta ($15k-$25k),18806,141,2651646
2023,Q3,2023-Q3,Toshkent shahri,Chevrolet,Onix,B-Sedan,Benzin (Turbo),Mahalliy (Asaka),O‘rta ($15k-$25k),15431,159,2453529
2023,Q3,2023-Q3,Toshkent shahri,Chevrolet,Malibu-2,D-Sedan,Benzin (Turbo),Mahalliy (Asaka),Yuqori-o‘rta ($25k-$40k),35040,49,1716960
2023,Q3,2023-Q3,Toshkent shahri,BYD,Song Plus DM-i,C-SUV,Gibrid (PHEV),Gibrid/Yig‘uv (Jizzax),Yuqori-o‘rta ($25k-$40k),27824,395,10990480
2023,Q3,2023-Q3,Toshkent shahri,BYD,Chazor (Destroyer 05),C-Sedan,Gibrid (PHEV),Gibrid/Yig‘uv (Jizzax),O‘rta ($15k-$25k),20989,284,5960876
2023,Q3,2023-Q3,Toshkent shahri,BYD,Song Plus EV,C-SUV,Elektromobil (EV),Import (Xitoy),Yuqori-o‘rta ($25k-$40k),30941,54,1670814
2023,Q3,2023-Q3,Toshkent shahri,BYD,Han,E-Sedan,Elektromobil (EV),Import (Xitoy),Premium (>$40k),43832,23,1008136
2023,Q3,2023-Q3,Toshkent shahri,Chery,Tiggo 7 Pro,C-SUV,Benzin (Turbo),Mahalliy yig‘uv (ADM Jizzax),Yuqori-o‘rta ($25k-$40k),26291,46,1209386
2023,Q3,2023-Q3,Toshkent shahri,Chery,Arrizo 6 Pro,C-Sedan,Benzin (Turbo),Mahalliy yig‘uv (ADM Jizzax),O‘rta ($15k-$25k),20548,29,595892
2023,Q3,2023-Q3,Toshkent shahri,Chery,Tiggo 8 Pro,Mid-SUV,Benzin (Turbo),Mahalliy yig‘uv (ADM Jizzax),Yuqori-o‘rta ($25k-$40k),32874,15,493110
2023,Q3,2023-Q3,Toshkent shahri,Haval,Jolion,B-SUV,Benzin (Turbo),Mahalliy yig‘uv (ADM Jizzax),O‘rta ($15k-$25k),22980,39,896220
2023,Q3,2023-Q3,Toshkent shahri,Haval,M6,C-SUV,Benzin,Mahalliy yig‘uv (ADM Jizzax),O‘rta ($15k-$25k),19310,44,849640
2023,Q3,2023-Q3,Toshkent shahri,Haval,H6,C-SUV,Benzin (Turbo),Mahalliy yig‘uv (ADM Jizzax),Yuqori-o‘rta ($25k-$40k),29192,18,525456
2023,Q3,2023-Q3,Toshkent shahri,Kia,Sonet,B-SUV,Benzin,Mahalliy yig‘uv (ADM Jizzax),O‘rta ($15k-$25k),17943,42,753606
2023,Q3,2023-Q3,Toshkent shahri,Kia,K5,D-Sedan,Benzin,Mahalliy yig‘uv (ADM Jizzax),Yuqori-o‘rta ($25k-$40k),33488,20,669760
2023,Q3,2023-Q3,Toshkent shahri,Kia,Sportage,C-SUV,Benzin,Mahalliy yig‘uv (ADM Jizzax),Yuqori-o‘rta ($25k-$40k),35037,18,630666
2023,Q3,2023-Q3,Toshkent shahri,Zeekr,001,E-Shooting Brake,Elektromobil (EV),Import (Xitoy),Premium (>$40k),48478,29,1405862
2023,Q3,2023-Q3,Toshkent shahri,Geely,Monjaro,Mid-SUV,Benzin (Turbo),Import (Xitoy),Yuqori-o‘rta ($25k-$40k),36157,16,578512
2023,Q3,2023-Q3,Toshkent shahri,Jetour,Dashing,C-SUV,Benzin (Turbo),Import (Xitoy),Yuqori-o‘rta ($25k-$40k),26807,18,482526
2023,Q3,2023-Q3,Toshkent shahri,Li Auto,L7/L9,Full-SUV,Gibrid (EREV),Import (Xitoy),Premium (>$40k),57726,27,1558602
2023,Q3,2023-Q3,Toshkent viloyati,Chevrolet,Cobalt,B-Sedan,Benzin,Mahalliy (Asaka),Byudjet (<$15k),11896,220,2617120
2023,Q3,2023-Q3,Toshkent viloyati,Chevrolet,Damas,Mini-Van,Benzin,Mahalliy (Pitnak),Byudjet (<$15k),8909,160,1425440
2023,Q3,2023-Q3,Toshkent viloyati,Chevrolet,Labo,Mini-Truck,Benzin,Mahalliy (Pitnak),Byudjet (<$15k),8323,84,699132
2023,Q3,2023-Q3,Toshkent viloyati,Chevrolet,Lacetti/Gentra,C-Sedan,Benzin,Mahalliy (Asaka),Byudjet (<$15k),13574,146,1981804
2023,Q3,2023-Q3,Toshkent viloyati,Chevrolet,Tracker-2,B-SUV,Benzin (Turbo),Mahalliy (Asaka),O‘rta ($15k-$25k),19171,55,1054405
2023,Q3,2023-Q3,Toshkent viloyati,Chevrolet,Onix,B-Sedan,Benzin (Turbo),Mahalliy (Asaka),O‘rta ($15k-$25k),15569,60,934140
2023,Q3,2023-Q3,Toshkent viloyati,Chevrolet,Malibu-2,D-Sedan,Benzin (Turbo),Mahalliy (Asaka),Yuqori-o‘rta ($25k-$40k),34961,7,244727
2023,Q3,2023-Q3,Toshkent viloyati,BYD,Song Plus DM-i,C-SUV,Gibrid (PHEV),Gibrid/Yig‘uv (Jizzax),Yuqori-o‘rta ($25k-$40k),27848,61,1698728
2023,Q3,2023-Q3,Toshkent viloyati,BYD,Chazor (Destroyer 05),C-Sedan,Gibrid (PHEV),Gibrid/Yig‘uv (Jizzax),O‘rta ($15k-$25k),20849,44,917356
2023,Q3,2023-Q3,Toshkent viloyati,BYD,Song Plus EV,C-SUV,Elektromobil (EV),Import (Xitoy),Yuqori-o‘rta ($25k-$40k),31109,5,155545
2023,Q3,2023-Q3,Toshkent viloyati,BYD,Han,E-Sedan,Elektromobil (EV),Import (Xitoy),Premium (>$40k),43810,2,87620
2023,Q3,2023-Q3,Toshkent viloyati,Chery,Tiggo 7 Pro,C-SUV,Benzin (Turbo),Mahalliy yig‘uv (ADM Jizzax),Yuqori-o‘rta ($25k-$40k),26387,17,448579
2023,Q3,2023-Q3,Toshkent viloyati,Chery,Arrizo 6 Pro,C-Sedan,Benzin (Turbo),Mahalliy yig‘uv (ADM Jizzax),O‘rta ($15k-$25k),20682,12,248184
2023,Q3,2023-Q3,Toshkent viloyati,Chery,Tiggo 8 Pro,Mid-SUV,Benzin (Turbo),Mahalliy yig‘uv (ADM Jizzax),Yuqori-o‘rta ($25k-$40k),32872,6,197232
2023,Q3,2023-Q3,Toshkent viloyati,Haval,Jolion,B-SUV,Benzin (Turbo),Mahalliy yig‘uv (ADM Jizzax),O‘rta ($15k-$25k),23136,13,300768
2023,Q3,2023-Q3,Toshkent viloyati,Haval,M6,C-SUV,Benzin,Mahalliy yig‘uv (ADM Jizzax),O‘rta ($15k-$25k),19514,17,331738
2023,Q3,2023-Q3,Toshkent viloyati,Haval,H6,C-SUV,Benzin (Turbo),Mahalliy yig‘uv (ADM Jizzax),Yuqori-o‘rta ($25k-$40k),29286,8,234288
2023,Q3,2023-Q3,Toshkent viloyati,Kia,Sonet,B-SUV,Benzin,Mahalliy yig‘uv (ADM Jizzax),O‘rta ($15k-$25k),17911,16,286576
2023,Q3,2023-Q3,Toshkent viloyati,Kia,K5,D-Sedan,Benzin,Mahalliy yig‘uv (ADM Jizzax),Yuqori-o‘rta ($25k-$40k),33520,7,234640
2023,Q3,2023-Q3,Toshkent viloyati,Kia,Sportage,C-SUV,Benzin,Mahalliy yig‘uv (ADM Jizzax),Yuqori-o‘rta ($25k-$40k),34908,5,174540
2023,Q3,2023-Q3,Toshkent viloyati,Zeekr,001,E-Shooting Brake,Elektromobil (EV),Import (Xitoy),Premium (>$40k),48358,5,241790
2023,Q3,2023-Q3,Toshkent viloyati,Geely,Monjaro,Mid-SUV,Benzin (Turbo),Import (Xitoy),Yuqori-o‘rta ($25k-$40k),36189,6,217134
2023,Q3,2023-Q3,Toshkent viloyati,Jetour,Dashing,C-SUV,Benzin (Turbo),Import (Xitoy),Yuqori-o‘rta ($25k-$40k),26873,7,188111
2023,Q3,2023-Q3,Toshkent viloyati,Li Auto,L7/L9,Full-SUV,Gibrid (EREV),Import (Xitoy),Premium (>$40k),57732,5,288660
2023,Q3,2023-Q3,Samarqand,Chevrolet,Cobalt,B-Sedan,Benzin,Mahalliy (Asaka),Byudjet (<$15k),11946,198,2365308
2023,Q3,2023-Q3,Samarqand,Chevrolet,Damas,Mini-Van,Benzin,Mahalliy (Pitnak),Byudjet (<$15k),8579,149,1278271
2023,Q3,2023-Q3,Samarqand,Chevrolet,Labo,Mini-Truck,Benzin,Mahalliy (Pitnak),Byudjet (<$15k),8151,85,692835
2023,Q3,2023-Q3,Samarqand,Chevrolet,Lacetti/Gentra,C-Sedan,Benzin,Mahalliy (Asaka),Byudjet (<$15k),13553,187,2534411
2023,Q3,2023-Q3,Samarqand,Chevrolet,Tracker-2,B-SUV,Benzin (Turbo),Mahalliy (Asaka),O‘rta ($15k-$25k),19229,52,999908
2023,Q3,2023-Q3,Samarqand,Chevrolet,Onix,B-Sedan,Benzin (Turbo),Mahalliy (Asaka),O‘rta ($15k-$25k),15391,60,923460
2023,Q3,2023-Q3,Samarqand,Chevrolet,Malibu-2,D-Sedan,Benzin (Turbo),Mahalliy (Asaka),Yuqori-o‘rta ($25k-$40k),35164,7,246148
2023,Q3,2023-Q3,Samarqand,BYD,Song Plus DM-i,C-SUV,Gibrid (PHEV),Gibrid/Yig‘uv (Jizzax),Yuqori-o‘rta ($25k-$40k),27279,76,2073204
2023,Q3,2023-Q3,Samarqand,BYD,Chazor (Destroyer 05),C-Sedan,Gibrid (PHEV),Gibrid/Yig‘uv (Jizzax),O‘rta ($15k-$25k),20836,51,1062636
2023,Q3,2023-Q3,Samarqand,BYD,Song Plus EV,C-SUV,Elektromobil (EV),Import (Xitoy),Yuqori-o‘rta ($25k-$40k),31292,8,250336
2023,Q3,2023-Q3,Samarqand,BYD,Han,E-Sedan,Elektromobil (EV),Import (Xitoy),Premium (>$40k),43836,2,87672
2023,Q3,2023-Q3,Samarqand,Chery,Tiggo 7 Pro,C-SUV,Benzin (Turbo),Mahalliy yig‘uv (ADM Jizzax),Yuqori-o‘rta ($25k-$40k),26422,14,369908
2023,Q3,2023-Q3,Samarqand,Chery,Arrizo 6 Pro,C-Sedan,Benzin (Turbo),Mahalliy yig‘uv (ADM Jizzax),O‘rta ($15k-$25k),20587,13,267631
2023,Q3,2023-Q3,Samarqand,Chery,Tiggo 8 Pro,Mid-SUV,Benzin (Turbo),Mahalliy yig‘uv (ADM Jizzax),Yuqori-o‘rta ($25k-$40k),33066,6,198396
2023,Q3,2023-Q3,Samarqand,Haval,Jolion,B-SUV,Benzin (Turbo),Mahalliy yig‘uv (ADM Jizzax),O‘rta ($15k-$25k),23306,13,302978
2023,Q3,2023-Q3,Samarqand,Haval,M6,C-SUV,Benzin,Mahalliy yig‘uv (ADM Jizzax),O‘rta ($15k-$25k),19253,16,308048
2023,Q3,2023-Q3,Samarqand,Haval,H6,C-SUV,Benzin (Turbo),Mahalliy yig‘uv (ADM Jizzax),Yuqori-o‘rta ($25k-$40k),29535,7,206745
2023,Q3,2023-Q3,Samarqand,Kia,Sonet,B-SUV,Benzin,Mahalliy yig‘uv (ADM Jizzax),O‘rta ($15k-$25k),18044,17,306748
2023,Q3,2023-Q3,Samarqand,Kia,K5,D-Sedan,Benzin,Mahalliy yig‘uv (ADM Jizzax),Yuqori-o‘rta ($25k-$40k),33436,7,234052
2023,Q3,2023-Q3,Samarqand,Kia,Sportage,C-SUV,Benzin,Mahalliy yig‘uv (ADM Jizzax),Yuqori-o‘rta ($25k-$40k),35066,5,175330
2023,Q3,2023-Q3,Samarqand,Zeekr,001,E-Shooting Brake,Elektromobil (EV),Import (Xitoy),Premium (>$40k),48310,2,96620
2023,Q3,2023-Q3,Samarqand,Geely,Monjaro,Mid-SUV,Benzin (Turbo),Import (Xitoy),Yuqori-o‘rta ($25k-$40k),35960,5,179800
2023,Q3,2023-Q3,Samarqand,Jetour,Dashing,C-SUV,Benzin (Turbo),Import (Xitoy),Yuqori-o‘rta ($25k-$40k),26761,5,133805
2023,Q3,2023-Q3,Samarqand,Li Auto,L7/L9,Full-SUV,Gibrid (EREV),Import (Xitoy),Premium (>$40k),57814,3,173442
2023,Q3,2023-Q3,Farg‘ona,Chevrolet,Cobalt,B-Sedan,Benzin,Mahalliy (Asaka),Byudjet (<$15k),11852,160,1896320
2023,Q3,2023-Q3,Farg‘ona,Chevrolet,Damas,Mini-Van,Benzin,Mahalliy (Pitnak),Byudjet (<$15k),8562,328,2808336
2023,Q3,2023-Q3,Farg‘ona,Chevrolet,Labo,Mini-Truck,Benzin,Mahalliy (Pitnak),Byudjet (<$15k),8205,143,1173315
2023,Q3,2023-Q3,Farg‘ona,Chevrolet,Lacetti/Gentra,C-Sedan,Benzin,Mahalliy (Asaka),Byudjet (<$15k),13526,130,1758380
2023,Q3,2023-Q3,Farg‘ona,Chevrolet,Tracker-2,B-SUV,Benzin (Turbo),Mahalliy (Asaka),O‘rta ($15k-$25k),18862,47,886514
2023,Q3,2023-Q3,Farg‘ona,Chevrolet,Onix,B-Sedan,Benzin (Turbo),Mahalliy (Asaka),O‘rta ($15k-$25k),15565,48,747120
2023,Q3,2023-Q3,Farg‘ona,Chevrolet,Malibu-2,D-Sedan,Benzin (Turbo),Mahalliy (Asaka),Yuqori-o‘rta ($25k-$40k),34962,6,209772
2023,Q3,2023-Q3,Farg‘ona,BYD,Song Plus DM-i,C-SUV,Gibrid (PHEV),Gibrid/Yig‘uv (Jizzax),Yuqori-o‘rta ($25k-$40k),27608,48,1325184
2023,Q3,2023-Q3,Farg‘ona,BYD,Chazor (Destroyer 05),C-Sedan,Gibrid (PHEV),Gibrid/Yig‘uv (Jizzax),O‘rta ($15k-$25k),20844,33,687852
2023,Q3,2023-Q3,Farg‘ona,BYD,Song Plus EV,C-SUV,Elektromobil (EV),Import (Xitoy),Yuqori-o‘rta ($25k-$40k),31274,1,31274
2023,Q3,2023-Q3,Farg‘ona,BYD,Han,E-Sedan,Elektromobil (EV),Import (Xitoy),Premium (>$40k),43625,1,43625
2023,Q3,2023-Q3,Farg‘ona,Chery,Tiggo 7 Pro,C-SUV,Benzin (Turbo),Mahalliy yig‘uv (ADM Jizzax),Yuqori-o‘rta ($25k-$40k),26367,12,316404
2023,Q3,2023-Q3,Farg‘ona,Chery,Arrizo 6 Pro,C-Sedan,Benzin (Turbo),Mahalliy yig‘uv (ADM Jizzax),O‘rta ($15k-$25k),20597,8,164776
2023,Q3,2023-Q3,Farg‘ona,Chery,Tiggo 8 Pro,Mid-SUV,Benzin (Turbo),Mahalliy yig‘uv (ADM Jizzax),Yuqori-o‘rta ($25k-$40k),32818,4,131272
2023,Q3,2023-Q3,Farg‘ona,Haval,Jolion,B-SUV,Benzin (Turbo),Mahalliy yig‘uv (ADM Jizzax),O‘rta ($15k-$25k),23247,11,255717
2023,Q3,2023-Q3,Farg‘ona,Haval,M6,C-SUV,Benzin,Mahalliy yig‘uv (ADM Jizzax),O‘rta ($15k-$25k),19412,12,232944
2023,Q3,2023-Q3,Farg‘ona,Haval,H6,C-SUV,Benzin (Turbo),Mahalliy yig‘uv (ADM Jizzax),Yuqori-o‘rta ($25k-$40k),29538,5,147690
2023,Q3,2023-Q3,Farg‘ona,Kia,Sonet,B-SUV,Benzin,Mahalliy yig‘uv (ADM Jizzax),O‘rta ($15k-$25k),17868,14,250152
2023,Q3,2023-Q3,Farg‘ona,Kia,K5,D-Sedan,Benzin,Mahalliy yig‘uv (ADM Jizzax),Yuqori-o‘rta ($25k-$40k),33513,6,201078
2023,Q3,2023-Q3,Farg‘ona,Kia,Sportage,C-SUV,Benzin,Mahalliy yig‘uv (ADM Jizzax),Yuqori-o‘rta ($25k-$40k),35156,3,105468
2023,Q3,2023-Q3,Farg‘ona,Zeekr,001,E-Shooting Brake,Elektromobil (EV),Import (Xitoy),Premium (>$40k),48372,1,48372
2023,Q3,2023-Q3,Farg‘ona,Geely,Monjaro,Mid-SUV,Benzin (Turbo),Import (Xitoy),Yuqori-o‘rta ($25k-$40k),35971,5,179855
2023,Q3,2023-Q3,Farg‘ona,Jetour,Dashing,C-SUV,Benzin (Turbo),Import (Xitoy),Yuqori-o‘rta ($25k-$40k),26896,6,161376
2023,Q3,2023-Q3,Farg‘ona,Li Auto,L7/L9,Full-SUV,Gibrid (EREV),Import (Xitoy),Premium (>$40k),57860,1,57860
2023,Q3,2023-Q3,Andijon,Chevrolet,Cobalt,B-Sedan,Benzin,Mahalliy (Asaka),Byudjet (<$15k),11709,128,1498752
2023,Q3,2023-Q3,Andijon,Chevrolet,Damas,Mini-Van,Benzin,Mahalliy (Pitnak),Byudjet (<$15k),8909,249,2218341
2023,Q3,2023-Q3,Andijon,Chevrolet,Labo,Mini-Truck,Benzin,Mahalliy (Pitnak),Byudjet (<$15k),8353,128,1069184
2023,Q3,2023-Q3,Andijon,Chevrolet,Lacetti/Gentra,C-Sedan,Benzin,Mahalliy (Asaka),Byudjet (<$15k),13317,98,1305066
2023,Q3,2023-Q3,Andijon,Chevrolet,Tracker-2,B-SUV,Benzin (Turbo),Mahalliy (Asaka),O‘rta ($15k-$25k),18886,37,698782
2023,Q3,2023-Q3,Andijon,Chevrolet,Onix,B-Sedan,Benzin (Turbo),Mahalliy (Asaka),O‘rta ($15k-$25k),15389,44,677116
2023,Q3,2023-Q3,Andijon,Chevrolet,Malibu-2,D-Sedan,Benzin (Turbo),Mahalliy (Asaka),Yuqori-o‘rta ($25k-$40k),35171,5,175855
2023,Q3,2023-Q3,Andijon,BYD,Song Plus DM-i,C-SUV,Gibrid (PHEV),Gibrid/Yig‘uv (Jizzax),Yuqori-o‘rta ($25k-$40k),27336,42,1148112
2023,Q3,2023-Q3,Andijon,BYD,Chazor (Destroyer 05),C-Sedan,Gibrid (PHEV),Gibrid/Yig‘uv (Jizzax),O‘rta ($15k-$25k),20735,30,622050
2023,Q3,2023-Q3,Andijon,BYD,Song Plus EV,C-SUV,Elektromobil (EV),Import (Xitoy),Yuqori-o‘rta ($25k-$40k),31391,2,62782
2023,Q3,2023-Q3,Andijon,BYD,Han,E-Sedan,Elektromobil (EV),Import (Xitoy),Premium (>$40k),44182,2,88364
2023,Q3,2023-Q3,Andijon,Chery,Tiggo 7 Pro,C-SUV,Benzin (Turbo),Mahalliy yig‘uv (ADM Jizzax),Yuqori-o‘rta ($25k-$40k),26428,11,290708
2023,Q3,2023-Q3,Andijon,Chery,Arrizo 6 Pro,C-Sedan,Benzin (Turbo),Mahalliy yig‘uv (ADM Jizzax),O‘rta ($15k-$25k),20712,9,186408
2023,Q3,2023-Q3,Andijon,Chery,Tiggo 8 Pro,Mid-SUV,Benzin (Turbo),Mahalliy yig‘uv (ADM Jizzax),Yuqori-o‘rta ($25k-$40k),33045,5,165225
2023,Q3,2023-Q3,Andijon,Haval,Jolion,B-SUV,Benzin (Turbo),Mahalliy yig‘uv (ADM Jizzax),O‘rta ($15k-$25k),23171,10,231710
2023,Q3,2023-Q3,Andijon,Haval,M6,C-SUV,Benzin,Mahalliy yig‘uv (ADM Jizzax),O‘rta ($15k-$25k),19536,12,234432
2023,Q3,2023-Q3,Andijon,Haval,H6,C-SUV,Benzin (Turbo),Mahalliy yig‘uv (ADM Jizzax),Yuqori-o‘rta ($25k-$40k),29325,7,205275
2023,Q3,2023-Q3,Andijon,Kia,Sonet,B-SUV,Benzin,Mahalliy yig‘uv (ADM Jizzax),O‘rta ($15k-$25k),18206,12,218472
2023,Q3,2023-Q3,Andijon,Kia,K5,D-Sedan,Benzin,Mahalliy yig‘uv (ADM Jizzax),Yuqori-o‘rta ($25k-$40k),33664,5,168320
2023,Q3,2023-Q3,Andijon,Kia,Sportage,C-SUV,Benzin,Mahalliy yig‘uv (ADM Jizzax),Yuqori-o‘rta ($25k-$40k),34941,4,139764
2023,Q3,2023-Q3,Andijon,Zeekr,001,E-Shooting Brake,Elektromobil (EV),Import (Xitoy),Premium (>$40k),48302,1,48302
2023,Q3,2023-Q3,Andijon,Geely,Monjaro,Mid-SUV,Benzin (Turbo),Import (Xitoy),Yuqori-o‘rta ($25k-$40k),35855,4,143420
2023,Q3,2023-Q3,Andijon,Jetour,Dashing,C-SUV,Benzin (Turbo),Import (Xitoy),Yuqori-o‘rta ($25k-$40k),26957,5,134785
2023,Q3,2023-Q3,Andijon,Li Auto,L7/L9,Full-SUV,Gibrid (EREV),Import (Xitoy),Premium (>$40k),57575,1,57575
2023,Q3,2023-Q3,Namangan,Chevrolet,Cobalt,B-Sedan,Benzin,Mahalliy (Asaka),Byudjet (<$15k),11650,131,1526150
2023,Q3,2023-Q3,Namangan,Chevrolet,Damas,Mini-Van,Benzin,Mahalliy (Pitnak),Byudjet (<$15k),8666,225,1949850
2023,Q3,2023-Q3,Namangan,Chevrolet,Labo,Mini-Truck,Benzin,Mahalliy (Pitnak),Byudjet (<$15k),8145,124,1009980
2023,Q3,2023-Q3,Namangan,Chevrolet,Lacetti/Gentra,C-Sedan,Benzin,Mahalliy (Asaka),Byudjet (<$15k),13328,108,1439424
2023,Q3,2023-Q3,Namangan,Chevrolet,Tracker-2,B-SUV,Benzin (Turbo),Mahalliy (Asaka),O‘rta ($15k-$25k),19151,37,708587
2023,Q3,2023-Q3,Namangan,Chevrolet,Onix,B-Sedan,Benzin (Turbo),Mahalliy (Asaka),O‘rta ($15k-$25k),15615,41,640215
2023,Q3,2023-Q3,Namangan,Chevrolet,Malibu-2,D-Sedan,Benzin (Turbo),Mahalliy (Asaka),Yuqori-o‘rta ($25k-$40k),34841,6,209046
2023,Q3,2023-Q3,Namangan,BYD,Song Plus DM-i,C-SUV,Gibrid (PHEV),Gibrid/Yig‘uv (Jizzax),Yuqori-o‘rta ($25k-$40k),27292,40,1091680
2023,Q3,2023-Q3,Namangan,BYD,Chazor (Destroyer 05),C-Sedan,Gibrid (PHEV),Gibrid/Yig‘uv (Jizzax),O‘rta ($15k-$25k),21378,31,662718
2023,Q3,2023-Q3,Namangan,BYD,Song Plus EV,C-SUV,Elektromobil (EV),Import (Xitoy),Yuqori-o‘rta ($25k-$40k),31362,1,31362
2023,Q3,2023-Q3,Namangan,BYD,Han,E-Sedan,Elektromobil (EV),Import (Xitoy),Premium (>$40k),44129,1,44129
2023,Q3,2023-Q3,Namangan,Chery,Tiggo 7 Pro,C-SUV,Benzin (Turbo),Mahalliy yig‘uv (ADM Jizzax),Yuqori-o‘rta ($25k-$40k),26177,9,235593
2023,Q3,2023-Q3,Namangan,Chery,Arrizo 6 Pro,C-Sedan,Benzin (Turbo),Mahalliy yig‘uv (ADM Jizzax),O‘rta ($15k-$25k),20601,7,144207
2023,Q3,2023-Q3,Namangan,Chery,Tiggo 8 Pro,Mid-SUV,Benzin (Turbo),Mahalliy yig‘uv (ADM Jizzax),Yuqori-o‘rta ($25k-$40k),32842,3,98526
2023,Q3,2023-Q3,Namangan,Haval,Jolion,B-SUV,Benzin (Turbo),Mahalliy yig‘uv (ADM Jizzax),O‘rta ($15k-$25k),23346,8,186768
2023,Q3,2023-Q3,Namangan,Haval,M6,C-SUV,Benzin,Mahalliy yig‘uv (ADM Jizzax),O‘rta ($15k-$25k),19419,10,194190
2023,Q3,2023-Q3,Namangan,Haval,H6,C-SUV,Benzin (Turbo),Mahalliy yig‘uv (ADM Jizzax),Yuqori-o‘rta ($25k-$40k),29179,5,145895
2023,Q3,2023-Q3,Namangan,Kia,Sonet,B-SUV,Benzin,Mahalliy yig‘uv (ADM Jizzax),O‘rta ($15k-$25k),17898,10,178980
2023,Q3,2023-Q3,Namangan,Kia,K5,D-Sedan,Benzin,Mahalliy yig‘uv (ADM Jizzax),Yuqori-o‘rta ($25k-$40k),33299,4,133196
2023,Q3,2023-Q3,Namangan,Kia,Sportage,C-SUV,Benzin,Mahalliy yig‘uv (ADM Jizzax),Yuqori-o‘rta ($25k-$40k),35153,3,105459
2023,Q3,2023-Q3,Namangan,Zeekr,001,E-Shooting Brake,Elektromobil (EV),Import (Xitoy),Premium (>$40k),48475,1,48475
2023,Q3,2023-Q3,Namangan,Geely,Monjaro,Mid-SUV,Benzin (Turbo),Import (Xitoy),Yuqori-o‘rta ($25k-$40k),35948,2,71896
2023,Q3,2023-Q3,Namangan,Jetour,Dashing,C-SUV,Benzin (Turbo),Import (Xitoy),Yuqori-o‘rta ($25k-$40k),26793,5,133965
2023,Q3,2023-Q3,Namangan,Li Auto,L7/L9,Full-SUV,Gibrid (EREV),Import (Xitoy),Premium (>$40k),57652,1,57652
2023,Q3,2023-Q3,Buxoro,Chevrolet,Cobalt,B-Sedan,Benzin,Mahalliy (Asaka),Byudjet (<$15k),12026,128,1539328
2023,Q3,2023-Q3,Buxoro,Chevrolet,Damas,Mini-Van,Benzin,Mahalliy (Pitnak),Byudjet (<$15k),8618,83,715294
2023,Q3,2023-Q3,Buxoro,Chevrolet,Labo,Mini-Truck,Benzin,Mahalliy (Pitnak),Byudjet (<$15k),8226,47,386622
2023,Q3,2023-Q3,Buxoro,Chevrolet,Lacetti/Gentra,C-Sedan,Benzin,Mahalliy (Asaka),Byudjet (<$15k),13535,111,1502385
2023,Q3,2023-Q3,Buxoro,Chevrolet,Tracker-2,B-SUV,Benzin (Turbo),Mahalliy (Asaka),O‘rta ($15k-$25k),18997,27,512919
2023,Q3,2023-Q3,Buxoro,Chevrolet,Onix,B-Sedan,Benzin (Turbo),Mahalliy (Asaka),O‘rta ($15k-$25k),15275,30,458250
2023,Q3,2023-Q3,Buxoro,Chevrolet,Malibu-2,D-Sedan,Benzin (Turbo),Mahalliy (Asaka),Yuqori-o‘rta ($25k-$40k),35065,5,175325
2023,Q3,2023-Q3,Buxoro,BYD,Song Plus DM-i,C-SUV,Gibrid (PHEV),Gibrid/Yig‘uv (Jizzax),Yuqori-o‘rta ($25k-$40k),27741,36,998676
2023,Q3,2023-Q3,Buxoro,BYD,Chazor (Destroyer 05),C-Sedan,Gibrid (PHEV),Gibrid/Yig‘uv (Jizzax),O‘rta ($15k-$25k),21190,31,656890
2023,Q3,2023-Q3,Buxoro,BYD,Song Plus EV,C-SUV,Elektromobil (EV),Import (Xitoy),Yuqori-o‘rta ($25k-$40k),30671,4,122684
2023,Q3,2023-Q3,Buxoro,BYD,Han,E-Sedan,Elektromobil (EV),Import (Xitoy),Premium (>$40k),44174,1,44174
2023,Q3,2023-Q3,Buxoro,Chery,Tiggo 7 Pro,C-SUV,Benzin (Turbo),Mahalliy yig‘uv (ADM Jizzax),Yuqori-o‘rta ($25k-$40k),26444,9,237996
2023,Q3,2023-Q3,Buxoro,Chery,Arrizo 6 Pro,C-Sedan,Benzin (Turbo),Mahalliy yig‘uv (ADM Jizzax),O‘rta ($15k-$25k),20416,8,163328
2023,Q3,2023-Q3,Buxoro,Chery,Tiggo 8 Pro,Mid-SUV,Benzin (Turbo),Mahalliy yig‘uv (ADM Jizzax),Yuqori-o‘rta ($25k-$40k),32822,3,98466
2023,Q3,2023-Q3,Buxoro,Haval,Jolion,B-SUV,Benzin (Turbo),Mahalliy yig‘uv (ADM Jizzax),O‘rta ($15k-$25k),22982,7,160874
2023,Q3,2023-Q3,Buxoro,Haval,M6,C-SUV,Benzin,Mahalliy yig‘uv (ADM Jizzax),O‘rta ($15k-$25k),19488,7,136416
2023,Q3,2023-Q3,Buxoro,Haval,H6,C-SUV,Benzin (Turbo),Mahalliy yig‘uv (ADM Jizzax),Yuqori-o‘rta ($25k-$40k),29255,4,117020
2023,Q3,2023-Q3,Buxoro,Kia,Sonet,B-SUV,Benzin,Mahalliy yig‘uv (ADM Jizzax),O‘rta ($15k-$25k),17975,9,161775
2023,Q3,2023-Q3,Buxoro,Kia,K5,D-Sedan,Benzin,Mahalliy yig‘uv (ADM Jizzax),Yuqori-o‘rta ($25k-$40k),33454,4,133816
2023,Q3,2023-Q3,Buxoro,Kia,Sportage,C-SUV,Benzin,Mahalliy yig‘uv (ADM Jizzax),Yuqori-o‘rta ($25k-$40k),34943,2,69886
2023,Q3,2023-Q3,Buxoro,Zeekr,001,E-Shooting Brake,Elektromobil (EV),Import (Xitoy),Premium (>$40k),48608,3,145824
2023,Q3,2023-Q3,Buxoro,Geely,Monjaro,Mid-SUV,Benzin (Turbo),Import (Xitoy),Yuqori-o‘rta ($25k-$40k),36077,4,144308
2023,Q3,2023-Q3,Buxoro,Jetour,Dashing,C-SUV,Benzin (Turbo),Import (Xitoy),Yuqori-o‘rta ($25k-$40k),26685,4,106740
2023,Q3,2023-Q3,Buxoro,Li Auto,L7/L9,Full-SUV,Gibrid (EREV),Import (Xitoy),Premium (>$40k),57500,3,172500
2023,Q3,2023-Q3,Qashqadaryo,Chevrolet,Cobalt,B-Sedan,Benzin,Mahalliy (Asaka),Byudjet (<$15k),11929,94,1121326
2023,Q3,2023-Q3,Qashqadaryo,Chevrolet,Damas,Mini-Van,Benzin,Mahalliy (Pitnak),Byudjet (<$15k),8702,79,687458
2023,Q3,2023-Q3,Qashqadaryo,Chevrolet,Labo,Mini-Truck,Benzin,Mahalliy (Pitnak),Byudjet (<$15k),8425,37,311725
2023,Q3,2023-Q3,Qashqadaryo,Chevrolet,Lacetti/Gentra,C-Sedan,Benzin,Mahalliy (Asaka),Byudjet (<$15k),13413,78,1046214
2023,Q3,2023-Q3,Qashqadaryo,Chevrolet,Tracker-2,B-SUV,Benzin (Turbo),Mahalliy (Asaka),O‘rta ($15k-$25k),18729,23,430767
2023,Q3,2023-Q3,Qashqadaryo,Chevrolet,Onix,B-Sedan,Benzin (Turbo),Mahalliy (Asaka),O‘rta ($15k-$25k),15244,27,411588
2023,Q3,2023-Q3,Qashqadaryo,Chevrolet,Malibu-2,D-Sedan,Benzin (Turbo),Mahalliy (Asaka),Yuqori-o‘rta ($25k-$40k),35137,4,140548
2023,Q3,2023-Q3,Qashqadaryo,BYD,Song Plus DM-i,C-SUV,Gibrid (PHEV),Gibrid/Yig‘uv (Jizzax),Yuqori-o‘rta ($25k-$40k),27320,26,710320
2023,Q3,2023-Q3,Qashqadaryo,BYD,Chazor (Destroyer 05),C-Sedan,Gibrid (PHEV),Gibrid/Yig‘uv (Jizzax),O‘rta ($15k-$25k),20966,17,356422
2023,Q3,2023-Q3,Qashqadaryo,BYD,Song Plus EV,C-SUV,Elektromobil (EV),Import (Xitoy),Yuqori-o‘rta ($25k-$40k),31342,2,62684
2023,Q3,2023-Q3,Qashqadaryo,BYD,Han,E-Sedan,Elektromobil (EV),Import (Xitoy),Premium (>$40k),43715,2,87430
2023,Q3,2023-Q3,Qashqadaryo,Chery,Tiggo 7 Pro,C-SUV,Benzin (Turbo),Mahalliy yig‘uv (ADM Jizzax),Yuqori-o‘rta ($25k-$40k),26303,6,157818
2023,Q3,2023-Q3,Qashqadaryo,Chery,Arrizo 6 Pro,C-Sedan,Benzin (Turbo),Mahalliy yig‘uv (ADM Jizzax),O‘rta ($15k-$25k),20687,5,103435
2023,Q3,2023-Q3,Qashqadaryo,Chery,Tiggo 8 Pro,Mid-SUV,Benzin (Turbo),Mahalliy yig‘uv (ADM Jizzax),Yuqori-o‘rta ($25k-$40k),33147,3,99441
2023,Q3,2023-Q3,Qashqadaryo,Haval,Jolion,B-SUV,Benzin (Turbo),Mahalliy yig‘uv (ADM Jizzax),O‘rta ($15k-$25k),23252,6,139512
2023,Q3,2023-Q3,Qashqadaryo,Haval,M6,C-SUV,Benzin,Mahalliy yig‘uv (ADM Jizzax),O‘rta ($15k-$25k),19487,9,175383
2023,Q3,2023-Q3,Qashqadaryo,Haval,H6,C-SUV,Benzin (Turbo),Mahalliy yig‘uv (ADM Jizzax),Yuqori-o‘rta ($25k-$40k),29452,3,88356
2023,Q3,2023-Q3,Qashqadaryo,Kia,Sonet,B-SUV,Benzin,Mahalliy yig‘uv (ADM Jizzax),O‘rta ($15k-$25k),17961,7,125727
2023,Q3,2023-Q3,Qashqadaryo,Kia,K5,D-Sedan,Benzin,Mahalliy yig‘uv (ADM Jizzax),Yuqori-o‘rta ($25k-$40k),33463,4,133852
2023,Q3,2023-Q3,Qashqadaryo,Kia,Sportage,C-SUV,Benzin,Mahalliy yig‘uv (ADM Jizzax),Yuqori-o‘rta ($25k-$40k),35158,4,140632
2023,Q3,2023-Q3,Qashqadaryo,Zeekr,001,E-Shooting Brake,Elektromobil (EV),Import (Xitoy),Premium (>$40k),48403,1,48403
2023,Q3,2023-Q3,Qashqadaryo,Geely,Monjaro,Mid-SUV,Benzin (Turbo),Import (Xitoy),Yuqori-o‘rta ($25k-$40k),36165,1,36165
2023,Q3,2023-Q3,Qashqadaryo,Jetour,Dashing,C-SUV,Benzin (Turbo),Import (Xitoy),Yuqori-o‘rta ($25k-$40k),26595,3,79785
2023,Q3,2023-Q3,Qashqadaryo,Li Auto,L7/L9,Full-SUV,Gibrid (EREV),Import (Xitoy),Premium (>$40k),57781,3,173343
2023,Q3,2023-Q3,Xorazm,Chevrolet,Cobalt,B-Sedan,Benzin,Mahalliy (Asaka),Byudjet (<$15k),11732,71,832972
2023,Q3,2023-Q3,Xorazm,Chevrolet,Damas,Mini-Van,Benzin,Mahalliy (Pitnak),Byudjet (<$15k),8683,127,1102741
2023,Q3,2023-Q3,Xorazm,Chevrolet,Labo,Mini-Truck,Benzin,Mahalliy (Pitnak),Byudjet (<$15k),8435,73,615755
2023,Q3,2023-Q3,Xorazm,Chevrolet,Lacetti/Gentra,C-Sedan,Benzin,Mahalliy (Asaka),Byudjet (<$15k),13284,68,903312
2023,Q3,2023-Q3,Xorazm,Chevrolet,Tracker-2,B-SUV,Benzin (Turbo),Mahalliy (Asaka),O‘rta ($15k-$25k),19020,18,342360
2023,Q3,2023-Q3,Xorazm,Chevrolet,Onix,B-Sedan,Benzin (Turbo),Mahalliy (Asaka),O‘rta ($15k-$25k),15758,16,252128
2023,Q3,2023-Q3,Xorazm,Chevrolet,Malibu-2,D-Sedan,Benzin (Turbo),Mahalliy (Asaka),Yuqori-o‘rta ($25k-$40k),35205,3,105615
2023,Q3,2023-Q3,Xorazm,BYD,Song Plus DM-i,C-SUV,Gibrid (PHEV),Gibrid/Yig‘uv (Jizzax),Yuqori-o‘rta ($25k-$40k),27717,20,554340
2023,Q3,2023-Q3,Xorazm,BYD,Chazor (Destroyer 05),C-Sedan,Gibrid (PHEV),Gibrid/Yig‘uv (Jizzax),O‘rta ($15k-$25k),20611,17,350387
2023,Q3,2023-Q3,Xorazm,BYD,Song Plus EV,C-SUV,Elektromobil (EV),Import (Xitoy),Yuqori-o‘rta ($25k-$40k),30794,1,30794
2023,Q3,2023-Q3,Xorazm,BYD,Han,E-Sedan,Elektromobil (EV),Import (Xitoy),Premium (>$40k),44255,1,44255
2023,Q3,2023-Q3,Xorazm,Chery,Tiggo 7 Pro,C-SUV,Benzin (Turbo),Mahalliy yig‘uv (ADM Jizzax),Yuqori-o‘rta ($25k-$40k),26450,7,185150
2023,Q3,2023-Q3,Xorazm,Chery,Arrizo 6 Pro,C-Sedan,Benzin (Turbo),Mahalliy yig‘uv (ADM Jizzax),O‘rta ($15k-$25k),20565,3,61695
2023,Q3,2023-Q3,Xorazm,Chery,Tiggo 8 Pro,Mid-SUV,Benzin (Turbo),Mahalliy yig‘uv (ADM Jizzax),Yuqori-o‘rta ($25k-$40k),33043,4,132172
2023,Q3,2023-Q3,Xorazm,Haval,Jolion,B-SUV,Benzin (Turbo),Mahalliy yig‘uv (ADM Jizzax),O‘rta ($15k-$25k),23272,4,93088
2023,Q3,2023-Q3,Xorazm,Haval,M6,C-SUV,Benzin,Mahalliy yig‘uv (ADM Jizzax),O‘rta ($15k-$25k),19459,6,116754
2023,Q3,2023-Q3,Xorazm,Haval,H6,C-SUV,Benzin (Turbo),Mahalliy yig‘uv (ADM Jizzax),Yuqori-o‘rta ($25k-$40k),29528,3,88584
2023,Q3,2023-Q3,Xorazm,Kia,Sonet,B-SUV,Benzin,Mahalliy yig‘uv (ADM Jizzax),O‘rta ($15k-$25k),17866,5,89330
2023,Q3,2023-Q3,Xorazm,Kia,K5,D-Sedan,Benzin,Mahalliy yig‘uv (ADM Jizzax),Yuqori-o‘rta ($25k-$40k),33511,3,100533
2023,Q3,2023-Q3,Xorazm,Kia,Sportage,C-SUV,Benzin,Mahalliy yig‘uv (ADM Jizzax),Yuqori-o‘rta ($25k-$40k),34841,1,34841
2023,Q3,2023-Q3,Xorazm,Zeekr,001,E-Shooting Brake,Elektromobil (EV),Import (Xitoy),Premium (>$40k),48492,1,48492
2023,Q3,2023-Q3,Xorazm,Geely,Monjaro,Mid-SUV,Benzin (Turbo),Import (Xitoy),Yuqori-o‘rta ($25k-$40k),35890,1,35890
2023,Q3,2023-Q3,Xorazm,Jetour,Dashing,C-SUV,Benzin (Turbo),Import (Xitoy),Yuqori-o‘rta ($25k-$40k),26652,1,26652
2023,Q3,2023-Q3,Xorazm,Li Auto,L7/L9,Full-SUV,Gibrid (EREV),Import (Xitoy),Premium (>$40k),57555,2,115110
2023,Q3,2023-Q3,Surxondaryo,Chevrolet,Cobalt,B-Sedan,Benzin,Mahalliy (Asaka),Byudjet (<$15k),11870,72,854640
2023,Q3,2023-Q3,Surxondaryo,Chevrolet,Damas,Mini-Van,Benzin,Mahalliy (Pitnak),Byudjet (<$15k),8730,58,506340
2023,Q3,2023-Q3,Surxondaryo,Chevrolet,Labo,Mini-Truck,Benzin,Mahalliy (Pitnak),Byudjet (<$15k),8360,32,267520
2023,Q3,2023-Q3,Surxondaryo,Chevrolet,Lacetti/Gentra,C-Sedan,Benzin,Mahalliy (Asaka),Byudjet (<$15k),13313,55,732215
2023,Q3,2023-Q3,Surxondaryo,Chevrolet,Tracker-2,B-SUV,Benzin (Turbo),Mahalliy (Asaka),O‘rta ($15k-$25k),19085,19,362615
2023,Q3,2023-Q3,Surxondaryo,Chevrolet,Onix,B-Sedan,Benzin (Turbo),Mahalliy (Asaka),O‘rta ($15k-$25k),15768,25,394200
2023,Q3,2023-Q3,Surxondaryo,Chevrolet,Malibu-2,D-Sedan,Benzin (Turbo),Mahalliy (Asaka),Yuqori-o‘rta ($25k-$40k),34944,3,104832
2023,Q3,2023-Q3,Surxondaryo,BYD,Song Plus DM-i,C-SUV,Gibrid (PHEV),Gibrid/Yig‘uv (Jizzax),Yuqori-o‘rta ($25k-$40k),27379,23,629717
2023,Q3,2023-Q3,Surxondaryo,BYD,Chazor (Destroyer 05),C-Sedan,Gibrid (PHEV),Gibrid/Yig‘uv (Jizzax),O‘rta ($15k-$25k),21257,16,340112
2023,Q3,2023-Q3,Surxondaryo,BYD,Song Plus EV,C-SUV,Elektromobil (EV),Import (Xitoy),Yuqori-o‘rta ($25k-$40k),31327,1,31327
2023,Q3,2023-Q3,Surxondaryo,BYD,Han,E-Sedan,Elektromobil (EV),Import (Xitoy),Premium (>$40k),43931,2,87862
2023,Q3,2023-Q3,Surxondaryo,Chery,Tiggo 7 Pro,C-SUV,Benzin (Turbo),Mahalliy yig‘uv (ADM Jizzax),Yuqori-o‘rta ($25k-$40k),26214,5,131070
2023,Q3,2023-Q3,Surxondaryo,Chery,Arrizo 6 Pro,C-Sedan,Benzin (Turbo),Mahalliy yig‘uv (ADM Jizzax),O‘rta ($15k-$25k),20421,5,102105
2023,Q3,2023-Q3,Surxondaryo,Chery,Tiggo 8 Pro,Mid-SUV,Benzin (Turbo),Mahalliy yig‘uv (ADM Jizzax),Yuqori-o‘rta ($25k-$40k),32965,1,32965
2023,Q3,2023-Q3,Surxondaryo,Haval,Jolion,B-SUV,Benzin (Turbo),Mahalliy yig‘uv (ADM Jizzax),O‘rta ($15k-$25k),23138,3,69414
2023,Q3,2023-Q3,Surxondaryo,Haval,M6,C-SUV,Benzin,Mahalliy yig‘uv (ADM Jizzax),O‘rta ($15k-$25k),19311,6,115866
2023,Q3,2023-Q3,Surxondaryo,Haval,H6,C-SUV,Benzin (Turbo),Mahalliy yig‘uv (ADM Jizzax),Yuqori-o‘rta ($25k-$40k),29519,2,59038
2023,Q3,2023-Q3,Surxondaryo,Kia,Sonet,B-SUV,Benzin,Mahalliy yig‘uv (ADM Jizzax),O‘rta ($15k-$25k),17947,6,107682
2023,Q3,2023-Q3,Surxondaryo,Kia,K5,D-Sedan,Benzin,Mahalliy yig‘uv (ADM Jizzax),Yuqori-o‘rta ($25k-$40k),33505,2,67010
2023,Q3,2023-Q3,Surxondaryo,Kia,Sportage,C-SUV,Benzin,Mahalliy yig‘uv (ADM Jizzax),Yuqori-o‘rta ($25k-$40k),35025,1,35025
2023,Q3,2023-Q3,Surxondaryo,Zeekr,001,E-Shooting Brake,Elektromobil (EV),Import (Xitoy),Premium (>$40k),48296,1,48296
2023,Q3,2023-Q3,Surxondaryo,Geely,Monjaro,Mid-SUV,Benzin (Turbo),Import (Xitoy),Yuqori-o‘rta ($25k-$40k),35991,3,107973
2023,Q3,2023-Q3,Surxondaryo,Jetour,Dashing,C-SUV,Benzin (Turbo),Import (Xitoy),Yuqori-o‘rta ($25k-$40k),26840,2,53680
2023,Q3,2023-Q3,Surxondaryo,Li Auto,L7/L9,Full-SUV,Gibrid (EREV),Import (Xitoy),Premium (>$40k),57588,1,57588
2023,Q3,2023-Q3,Navoiy,Chevrolet,Cobalt,B-Sedan,Benzin,Mahalliy (Asaka),Byudjet (<$15k),11900,55,654500
2023,Q3,2023-Q3,Navoiy,Chevrolet,Damas,Mini-Van,Benzin,Mahalliy (Pitnak),Byudjet (<$15k),8933,47,419851
2023,Q3,2023-Q3,Navoiy,Chevrolet,Labo,Mini-Truck,Benzin,Mahalliy (Pitnak),Byudjet (<$15k),8284,25,207100
2023,Q3,2023-Q3,Navoiy,Chevrolet,Lacetti/Gentra,C-Sedan,Benzin,Mahalliy (Asaka),Byudjet (<$15k),13476,41,552516
2023,Q3,2023-Q3,Navoiy,Chevrolet,Tracker-2,B-SUV,Benzin (Turbo),Mahalliy (Asaka),O‘rta ($15k-$25k),18809,15,282135
2023,Q3,2023-Q3,Navoiy,Chevrolet,Onix,B-Sedan,Benzin (Turbo),Mahalliy (Asaka),O‘rta ($15k-$25k),15389,13,200057
2023,Q3,2023-Q3,Navoiy,Chevrolet,Malibu-2,D-Sedan,Benzin (Turbo),Mahalliy (Asaka),Yuqori-o‘rta ($25k-$40k),35070,3,105210
2023,Q3,2023-Q3,Navoiy,BYD,Song Plus DM-i,C-SUV,Gibrid (PHEV),Gibrid/Yig‘uv (Jizzax),Yuqori-o‘rta ($25k-$40k),27823,16,445168
2023,Q3,2023-Q3,Navoiy,BYD,Chazor (Destroyer 05),C-Sedan,Gibrid (PHEV),Gibrid/Yig‘uv (Jizzax),O‘rta ($15k-$25k),20925,12,251100
2023,Q3,2023-Q3,Navoiy,BYD,Song Plus EV,C-SUV,Elektromobil (EV),Import (Xitoy),Yuqori-o‘rta ($25k-$40k),31110,5,155550
2023,Q3,2023-Q3,Navoiy,BYD,Han,E-Sedan,Elektromobil (EV),Import (Xitoy),Premium (>$40k),44107,1,44107
2023,Q3,2023-Q3,Navoiy,Chery,Tiggo 7 Pro,C-SUV,Benzin (Turbo),Mahalliy yig‘uv (ADM Jizzax),Yuqori-o‘rta ($25k-$40k),26283,5,131415
2023,Q3,2023-Q3,Navoiy,Chery,Arrizo 6 Pro,C-Sedan,Benzin (Turbo),Mahalliy yig‘uv (ADM Jizzax),O‘rta ($15k-$25k),20611,3,61833
2023,Q3,2023-Q3,Navoiy,Chery,Tiggo 8 Pro,Mid-SUV,Benzin (Turbo),Mahalliy yig‘uv (ADM Jizzax),Yuqori-o‘rta ($25k-$40k),33102,1,33102
2023,Q3,2023-Q3,Navoiy,Haval,Jolion,B-SUV,Benzin (Turbo),Mahalliy yig‘uv (ADM Jizzax),O‘rta ($15k-$25k),23028,3,69084
2023,Q3,2023-Q3,Navoiy,Haval,M6,C-SUV,Benzin,Mahalliy yig‘uv (ADM Jizzax),O‘rta ($15k-$25k),19381,4,77524
2023,Q3,2023-Q3,Navoiy,Haval,H6,C-SUV,Benzin (Turbo),Mahalliy yig‘uv (ADM Jizzax),Yuqori-o‘rta ($25k-$40k),29265,1,29265
2023,Q3,2023-Q3,Navoiy,Kia,Sonet,B-SUV,Benzin,Mahalliy yig‘uv (ADM Jizzax),O‘rta ($15k-$25k),17953,4,71812
2023,Q3,2023-Q3,Navoiy,Kia,K5,D-Sedan,Benzin,Mahalliy yig‘uv (ADM Jizzax),Yuqori-o‘rta ($25k-$40k),33600,3,100800
2023,Q3,2023-Q3,Navoiy,Kia,Sportage,C-SUV,Benzin,Mahalliy yig‘uv (ADM Jizzax),Yuqori-o‘rta ($25k-$40k),34827,1,34827
2023,Q3,2023-Q3,Navoiy,Zeekr,001,E-Shooting Brake,Elektromobil (EV),Import (Xitoy),Premium (>$40k),48340,1,48340
2023,Q3,2023-Q3,Navoiy,Geely,Monjaro,Mid-SUV,Benzin (Turbo),Import (Xitoy),Yuqori-o‘rta ($25k-$40k),36037,1,36037
2023,Q3,2023-Q3,Navoiy,Jetour,Dashing,C-SUV,Benzin (Turbo),Import (Xitoy),Yuqori-o‘rta ($25k-$40k),26783,2,53566
2023,Q3,2023-Q3,Navoiy,Li Auto,L7/L9,Full-SUV,Gibrid (EREV),Import (Xitoy),Premium (>$40k),57691,1,57691
2023,Q3,2023-Q3,Jizzax,Chevrolet,Cobalt,B-Sedan,Benzin,Mahalliy (Asaka),Byudjet (<$15k),11904,38,452352
2023,Q3,2023-Q3,Jizzax,Chevrolet,Damas,Mini-Van,Benzin,Mahalliy (Pitnak),Byudjet (<$15k),8797,31,272707
2023,Q3,2023-Q3,Jizzax,Chevrolet,Labo,Mini-Truck,Benzin,Mahalliy (Pitnak),Byudjet (<$15k),8212,18,147816
2023,Q3,2023-Q3,Jizzax,Chevrolet,Lacetti/Gentra,C-Sedan,Benzin,Mahalliy (Asaka),Byudjet (<$15k),13360,28,374080
2023,Q3,2023-Q3,Jizzax,Chevrolet,Tracker-2,B-SUV,Benzin (Turbo),Mahalliy (Asaka),O‘rta ($15k-$25k),18742,9,168678
2023,Q3,2023-Q3,Jizzax,Chevrolet,Onix,B-Sedan,Benzin (Turbo),Mahalliy (Asaka),O‘rta ($15k-$25k),15410,9,138690
2023,Q3,2023-Q3,Jizzax,Chevrolet,Malibu-2,D-Sedan,Benzin (Turbo),Mahalliy (Asaka),Yuqori-o‘rta ($25k-$40k),35165,1,35165
2023,Q3,2023-Q3,Jizzax,BYD,Song Plus DM-i,C-SUV,Gibrid (PHEV),Gibrid/Yig‘uv (Jizzax),Yuqori-o‘rta ($25k-$40k),27851,9,250659
2023,Q3,2023-Q3,Jizzax,BYD,Chazor (Destroyer 05),C-Sedan,Gibrid (PHEV),Gibrid/Yig‘uv (Jizzax),O‘rta ($15k-$25k),20676,7,144732
2023,Q3,2023-Q3,Jizzax,BYD,Song Plus EV,C-SUV,Elektromobil (EV),Import (Xitoy),Yuqori-o‘rta ($25k-$40k),30736,1,30736
2023,Q3,2023-Q3,Jizzax,BYD,Han,E-Sedan,Elektromobil (EV),Import (Xitoy),Premium (>$40k),44038,1,44038
2023,Q3,2023-Q3,Jizzax,Chery,Tiggo 7 Pro,C-SUV,Benzin (Turbo),Mahalliy yig‘uv (ADM Jizzax),Yuqori-o‘rta ($25k-$40k),26331,2,52662
2023,Q3,2023-Q3,Jizzax,Chery,Arrizo 6 Pro,C-Sedan,Benzin (Turbo),Mahalliy yig‘uv (ADM Jizzax),O‘rta ($15k-$25k),20693,3,62079
2023,Q3,2023-Q3,Jizzax,Chery,Tiggo 8 Pro,Mid-SUV,Benzin (Turbo),Mahalliy yig‘uv (ADM Jizzax),Yuqori-o‘rta ($25k-$40k),32857,1,32857
2023,Q3,2023-Q3,Jizzax,Haval,Jolion,B-SUV,Benzin (Turbo),Mahalliy yig‘uv (ADM Jizzax),O‘rta ($15k-$25k),23346,4,93384
2023,Q3,2023-Q3,Jizzax,Haval,M6,C-SUV,Benzin,Mahalliy yig‘uv (ADM Jizzax),O‘rta ($15k-$25k),19393,2,38786
2023,Q3,2023-Q3,Jizzax,Haval,H6,C-SUV,Benzin (Turbo),Mahalliy yig‘uv (ADM Jizzax),Yuqori-o‘rta ($25k-$40k),29509,1,29509
2023,Q3,2023-Q3,Jizzax,Kia,Sonet,B-SUV,Benzin,Mahalliy yig‘uv (ADM Jizzax),O‘rta ($15k-$25k),18056,3,54168
2023,Q3,2023-Q3,Jizzax,Kia,K5,D-Sedan,Benzin,Mahalliy yig‘uv (ADM Jizzax),Yuqori-o‘rta ($25k-$40k),33650,1,33650
2023,Q3,2023-Q3,Jizzax,Kia,Sportage,C-SUV,Benzin,Mahalliy yig‘uv (ADM Jizzax),Yuqori-o‘rta ($25k-$40k),35082,1,35082
2023,Q3,2023-Q3,Jizzax,Zeekr,001,E-Shooting Brake,Elektromobil (EV),Import (Xitoy),Premium (>$40k),48605,1,48605
2023,Q3,2023-Q3,Jizzax,Geely,Monjaro,Mid-SUV,Benzin (Turbo),Import (Xitoy),Yuqori-o‘rta ($25k-$40k),36003,3,108009
2023,Q3,2023-Q3,Jizzax,Jetour,Dashing,C-SUV,Benzin (Turbo),Import (Xitoy),Yuqori-o‘rta ($25k-$40k),26630,1,26630
2023,Q3,2023-Q3,Jizzax,Li Auto,L7/L9,Full-SUV,Gibrid (EREV),Import (Xitoy),Premium (>$40k),57596,1,57596
2023,Q3,2023-Q3,Sirdaryo,Chevrolet,Cobalt,B-Sedan,Benzin,Mahalliy (Asaka),Byudjet (<$15k),11852,30,355560
2023,Q3,2023-Q3,Sirdaryo,Chevrolet,Damas,Mini-Van,Benzin,Mahalliy (Pitnak),Byudjet (<$15k),8931,22,196482
2023,Q3,2023-Q3,Sirdaryo,Chevrolet,Labo,Mini-Truck,Benzin,Mahalliy (Pitnak),Byudjet (<$15k),8046,12,96552
2023,Q3,2023-Q3,Sirdaryo,Chevrolet,Lacetti/Gentra,C-Sedan,Benzin,Mahalliy (Asaka),Byudjet (<$15k),13555,21,284655
2023,Q3,2023-Q3,Sirdaryo,Chevrolet,Tracker-2,B-SUV,Benzin (Turbo),Mahalliy (Asaka),O‘rta ($15k-$25k),18914,6,113484
2023,Q3,2023-Q3,Sirdaryo,Chevrolet,Onix,B-Sedan,Benzin (Turbo),Mahalliy (Asaka),O‘rta ($15k-$25k),15628,6,93768
2023,Q3,2023-Q3,Sirdaryo,Chevrolet,Malibu-2,D-Sedan,Benzin (Turbo),Mahalliy (Asaka),Yuqori-o‘rta ($25k-$40k),35186,1,35186
2023,Q3,2023-Q3,Sirdaryo,BYD,Song Plus DM-i,C-SUV,Gibrid (PHEV),Gibrid/Yig‘uv (Jizzax),Yuqori-o‘rta ($25k-$40k),27412,7,191884
2023,Q3,2023-Q3,Sirdaryo,BYD,Chazor (Destroyer 05),C-Sedan,Gibrid (PHEV),Gibrid/Yig‘uv (Jizzax),O‘rta ($15k-$25k),21066,5,105330
2023,Q3,2023-Q3,Sirdaryo,BYD,Song Plus EV,C-SUV,Elektromobil (EV),Import (Xitoy),Yuqori-o‘rta ($25k-$40k),30763,1,30763
2023,Q3,2023-Q3,Sirdaryo,BYD,Han,E-Sedan,Elektromobil (EV),Import (Xitoy),Premium (>$40k),44349,1,44349
2023,Q3,2023-Q3,Sirdaryo,Chery,Tiggo 7 Pro,C-SUV,Benzin (Turbo),Mahalliy yig‘uv (ADM Jizzax),Yuqori-o‘rta ($25k-$40k),26157,2,52314
2023,Q3,2023-Q3,Sirdaryo,Chery,Arrizo 6 Pro,C-Sedan,Benzin (Turbo),Mahalliy yig‘uv (ADM Jizzax),O‘rta ($15k-$25k),20616,1,20616
2023,Q3,2023-Q3,Sirdaryo,Chery,Tiggo 8 Pro,Mid-SUV,Benzin (Turbo),Mahalliy yig‘uv (ADM Jizzax),Yuqori-o‘rta ($25k-$40k),33117,1,33117
2023,Q3,2023-Q3,Sirdaryo,Haval,Jolion,B-SUV,Benzin (Turbo),Mahalliy yig‘uv (ADM Jizzax),O‘rta ($15k-$25k),23038,3,69114
2023,Q3,2023-Q3,Sirdaryo,Haval,M6,C-SUV,Benzin,Mahalliy yig‘uv (ADM Jizzax),O‘rta ($15k-$25k),19409,1,19409
2023,Q3,2023-Q3,Sirdaryo,Haval,H6,C-SUV,Benzin (Turbo),Mahalliy yig‘uv (ADM Jizzax),Yuqori-o‘rta ($25k-$40k),29241,1,29241
2023,Q3,2023-Q3,Sirdaryo,Kia,Sonet,B-SUV,Benzin,Mahalliy yig‘uv (ADM Jizzax),O‘rta ($15k-$25k),18041,2,36082
2023,Q3,2023-Q3,Sirdaryo,Kia,K5,D-Sedan,Benzin,Mahalliy yig‘uv (ADM Jizzax),Yuqori-o‘rta ($25k-$40k),33484,1,33484
2023,Q3,2023-Q3,Sirdaryo,Kia,Sportage,C-SUV,Benzin,Mahalliy yig‘uv (ADM Jizzax),Yuqori-o‘rta ($25k-$40k),34988,1,34988
2023,Q3,2023-Q3,Sirdaryo,Zeekr,001,E-Shooting Brake,Elektromobil (EV),Import (Xitoy),Premium (>$40k),48590,1,48590
2023,Q3,2023-Q3,Sirdaryo,Geely,Monjaro,Mid-SUV,Benzin (Turbo),Import (Xitoy),Yuqori-o‘rta ($25k-$40k),36155,1,36155
2023,Q3,2023-Q3,Sirdaryo,Jetour,Dashing,C-SUV,Benzin (Turbo),Import (Xitoy),Yuqori-o‘rta ($25k-$40k),26580,1,26580
2023,Q3,2023-Q3,Sirdaryo,Li Auto,L7/L9,Full-SUV,Gibrid (EREV),Import (Xitoy),Premium (>$40k),57715,1,57715
2023,Q3,2023-Q3,Qoraqalpog‘iston Res.,Chevrolet,Cobalt,B-Sedan,Benzin,Mahalliy (Asaka),Byudjet (<$15k),11776,24,282624
2023,Q3,2023-Q3,Qoraqalpog‘iston Res.,Chevrolet,Damas,Mini-Van,Benzin,Mahalliy (Pitnak),Byudjet (<$15k),8772,21,184212
2023,Q3,2023-Q3,Qoraqalpog‘iston Res.,Chevrolet,Labo,Mini-Truck,Benzin,Mahalliy (Pitnak),Byudjet (<$15k),8047,11,88517
2023,Q3,2023-Q3,Qoraqalpog‘iston Res.,Chevrolet,Lacetti/Gentra,C-Sedan,Benzin,Mahalliy (Asaka),Byudjet (<$15k),13442,21,282282
2023,Q3,2023-Q3,Qoraqalpog‘iston Res.,Chevrolet,Tracker-2,B-SUV,Benzin (Turbo),Mahalliy (Asaka),O‘rta ($15k-$25k),18982,6,113892
2023,Q3,2023-Q3,Qoraqalpog‘iston Res.,Chevrolet,Onix,B-Sedan,Benzin (Turbo),Mahalliy (Asaka),O‘rta ($15k-$25k),15743,7,110201
2023,Q3,2023-Q3,Qoraqalpog‘iston Res.,Chevrolet,Malibu-2,D-Sedan,Benzin (Turbo),Mahalliy (Asaka),Yuqori-o‘rta ($25k-$40k),34835,1,34835
2023,Q3,2023-Q3,Qoraqalpog‘iston Res.,BYD,Song Plus DM-i,C-SUV,Gibrid (PHEV),Gibrid/Yig‘uv (Jizzax),Yuqori-o‘rta ($25k-$40k),27454,9,247086
2023,Q3,2023-Q3,Qoraqalpog‘iston Res.,BYD,Chazor (Destroyer 05),C-Sedan,Gibrid (PHEV),Gibrid/Yig‘uv (Jizzax),O‘rta ($15k-$25k),20859,5,104295
2023,Q3,2023-Q3,Qoraqalpog‘iston Res.,BYD,Song Plus EV,C-SUV,Elektromobil (EV),Import (Xitoy),Yuqori-o‘rta ($25k-$40k),31020,1,31020
2023,Q3,2023-Q3,Qoraqalpog‘iston Res.,BYD,Han,E-Sedan,Elektromobil (EV),Import (Xitoy),Premium (>$40k),44243,1,44243
2023,Q3,2023-Q3,Qoraqalpog‘iston Res.,Chery,Tiggo 7 Pro,C-SUV,Benzin (Turbo),Mahalliy yig‘uv (ADM Jizzax),Yuqori-o‘rta ($25k-$40k),26094,3,78282
2023,Q3,2023-Q3,Qoraqalpog‘iston Res.,Chery,Arrizo 6 Pro,C-Sedan,Benzin (Turbo),Mahalliy yig‘uv (ADM Jizzax),O‘rta ($15k-$25k),20507,1,20507
2023,Q3,2023-Q3,Qoraqalpog‘iston Res.,Chery,Tiggo 8 Pro,Mid-SUV,Benzin (Turbo),Mahalliy yig‘uv (ADM Jizzax),Yuqori-o‘rta ($25k-$40k),33027,1,33027
2023,Q3,2023-Q3,Qoraqalpog‘iston Res.,Haval,Jolion,B-SUV,Benzin (Turbo),Mahalliy yig‘uv (ADM Jizzax),O‘rta ($15k-$25k),23155,2,46310
2023,Q3,2023-Q3,Qoraqalpog‘iston Res.,Haval,M6,C-SUV,Benzin,Mahalliy yig‘uv (ADM Jizzax),O‘rta ($15k-$25k),19418,2,38836
2023,Q3,2023-Q3,Qoraqalpog‘iston Res.,Haval,H6,C-SUV,Benzin (Turbo),Mahalliy yig‘uv (ADM Jizzax),Yuqori-o‘rta ($25k-$40k),29354,1,29354
2023,Q3,2023-Q3,Qoraqalpog‘iston Res.,Kia,Sonet,B-SUV,Benzin,Mahalliy yig‘uv (ADM Jizzax),O‘rta ($15k-$25k),17976,1,17976
2023,Q3,2023-Q3,Qoraqalpog‘iston Res.,Kia,K5,D-Sedan,Benzin,Mahalliy yig‘uv (ADM Jizzax),Yuqori-o‘rta ($25k-$40k),33369,1,33369
2023,Q3,2023-Q3,Qoraqalpog‘iston Res.,Kia,Sportage,C-SUV,Benzin,Mahalliy yig‘uv (ADM Jizzax),Yuqori-o‘rta ($25k-$40k),35073,1,35073
2023,Q3,2023-Q3,Qoraqalpog‘iston Res.,Zeekr,001,E-Shooting Brake,Elektromobil (EV),Import (Xitoy),Premium (>$40k),48242,1,48242
2023,Q3,2023-Q3,Qoraqalpog‘iston Res.,Geely,Monjaro,Mid-SUV,Benzin (Turbo),Import (Xitoy),Yuqori-o‘rta ($25k-$40k),36078,1,36078
2023,Q3,2023-Q3,Qoraqalpog‘iston Res.,Jetour,Dashing,C-SUV,Benzin (Turbo),Import (Xitoy),Yuqori-o‘rta ($25k-$40k),26972,1,26972
2023,Q3,2023-Q3,Qoraqalpog‘iston Res.,Li Auto,L7/L9,Full-SUV,Gibrid (EREV),Import (Xitoy),Premium (>$40k),57725,1,57725
2023,Q4,2023-Q4,Toshkent shahri,Chevrolet,Cobalt,B-Sedan,Benzin,Mahalliy (Asaka),Byudjet (<$15k),11915,476,5671540
2023,Q4,2023-Q4,Toshkent shahri,Chevrolet,Damas,Mini-Van,Benzin,Mahalliy (Pitnak),Byudjet (<$15k),8812,81,713772
2023,Q4,2023-Q4,Toshkent shahri,Chevrolet,Labo,Mini-Truck,Benzin,Mahalliy (Pitnak),Byudjet (<$15k),8313,40,332520
2023,Q4,2023-Q4,Toshkent shahri,Chevrolet,Lacetti/Gentra,C-Sedan,Benzin,Mahalliy (Asaka),Byudjet (<$15k),13448,449,6038152
2023,Q4,2023-Q4,Toshkent shahri,Chevrolet,Tracker-2,B-SUV,Benzin (Turbo),Mahalliy (Asaka),O‘rta ($15k-$25k),19121,136,2600456
2023,Q4,2023-Q4,Toshkent shahri,Chevrolet,Onix,B-Sedan,Benzin (Turbo),Mahalliy (Asaka),O‘rta ($15k-$25k),15620,137,2139940
2023,Q4,2023-Q4,Toshkent shahri,Chevrolet,Malibu-2,D-Sedan,Benzin (Turbo),Mahalliy (Asaka),Yuqori-o‘rta ($25k-$40k),35198,42,1478316
2023,Q4,2023-Q4,Toshkent shahri,BYD,Song Plus DM-i,C-SUV,Gibrid (PHEV),Gibrid/Yig‘uv (Jizzax),Yuqori-o‘rta ($25k-$40k),27821,329,9153109
2023,Q4,2023-Q4,Toshkent shahri,BYD,Chazor (Destroyer 05),C-Sedan,Gibrid (PHEV),Gibrid/Yig‘uv (Jizzax),O‘rta ($15k-$25k),20621,269,5547049
2023,Q4,2023-Q4,Toshkent shahri,BYD,Song Plus EV,C-SUV,Elektromobil (EV),Import (Xitoy),Yuqori-o‘rta ($25k-$40k),31049,46,1428254
2023,Q4,2023-Q4,Toshkent shahri,BYD,Han,E-Sedan,Elektromobil (EV),Import (Xitoy),Premium (>$40k),43624,24,1046976
2023,Q4,2023-Q4,Toshkent shahri,Chery,Tiggo 7 Pro,C-SUV,Benzin (Turbo),Mahalliy yig‘uv (ADM Jizzax),Yuqori-o‘rta ($25k-$40k),26249,45,1181205
2023,Q4,2023-Q4,Toshkent shahri,Chery,Arrizo 6 Pro,C-Sedan,Benzin (Turbo),Mahalliy yig‘uv (ADM Jizzax),O‘rta ($15k-$25k),20623,33,680559
2023,Q4,2023-Q4,Toshkent shahri,Chery,Tiggo 8 Pro,Mid-SUV,Benzin (Turbo),Mahalliy yig‘uv (ADM Jizzax),Yuqori-o‘rta ($25k-$40k),32979,16,527664
2023,Q4,2023-Q4,Toshkent shahri,Haval,Jolion,B-SUV,Benzin (Turbo),Mahalliy yig‘uv (ADM Jizzax),O‘rta ($15k-$25k),23124,36,832464
2023,Q4,2023-Q4,Toshkent shahri,Haval,M6,C-SUV,Benzin,Mahalliy yig‘uv (ADM Jizzax),O‘rta ($15k-$25k),19378,38,736364
2023,Q4,2023-Q4,Toshkent shahri,Haval,H6,C-SUV,Benzin (Turbo),Mahalliy yig‘uv (ADM Jizzax),Yuqori-o‘rta ($25k-$40k),29484,18,530712
2023,Q4,2023-Q4,Toshkent shahri,Kia,Sonet,B-SUV,Benzin,Mahalliy yig‘uv (ADM Jizzax),O‘rta ($15k-$25k),18075,48,867600
2023,Q4,2023-Q4,Toshkent shahri,Kia,K5,D-Sedan,Benzin,Mahalliy yig‘uv (ADM Jizzax),Yuqori-o‘rta ($25k-$40k),33397,19,634543
2023,Q4,2023-Q4,Toshkent shahri,Kia,Sportage,C-SUV,Benzin,Mahalliy yig‘uv (ADM Jizzax),Yuqori-o‘rta ($25k-$40k),35186,15,527790
2023,Q4,2023-Q4,Toshkent shahri,Zeekr,001,E-Shooting Brake,Elektromobil (EV),Import (Xitoy),Premium (>$40k),48238,31,1495378
2023,Q4,2023-Q4,Toshkent shahri,Geely,Monjaro,Mid-SUV,Benzin (Turbo),Import (Xitoy),Yuqori-o‘rta ($25k-$40k),35884,14,502376
2023,Q4,2023-Q4,Toshkent shahri,Jetour,Dashing,C-SUV,Benzin (Turbo),Import (Xitoy),Yuqori-o‘rta ($25k-$40k),26656,18,479808
2023,Q4,2023-Q4,Toshkent shahri,Li Auto,L7/L9,Full-SUV,Gibrid (EREV),Import (Xitoy),Premium (>$40k),57828,22,1272216
2023,Q4,2023-Q4,Toshkent viloyati,Chevrolet,Cobalt,B-Sedan,Benzin,Mahalliy (Asaka),Byudjet (<$15k),11766,160,1882560
2023,Q4,2023-Q4,Toshkent viloyati,Chevrolet,Damas,Mini-Van,Benzin,Mahalliy (Pitnak),Byudjet (<$15k),8894,160,1423040
2023,Q4,2023-Q4,Toshkent viloyati,Chevrolet,Labo,Mini-Truck,Benzin,Mahalliy (Pitnak),Byudjet (<$15k),8084,86,695224
2023,Q4,2023-Q4,Toshkent viloyati,Chevrolet,Lacetti/Gentra,C-Sedan,Benzin,Mahalliy (Asaka),Byudjet (<$15k),13325,157,2092025
2023,Q4,2023-Q4,Toshkent viloyati,Chevrolet,Tracker-2,B-SUV,Benzin (Turbo),Mahalliy (Asaka),O‘rta ($15k-$25k),19195,61,1170895
2023,Q4,2023-Q4,Toshkent viloyati,Chevrolet,Onix,B-Sedan,Benzin (Turbo),Mahalliy (Asaka),O‘rta ($15k-$25k),15208,69,1049352
2023,Q4,2023-Q4,Toshkent viloyati,Chevrolet,Malibu-2,D-Sedan,Benzin (Turbo),Mahalliy (Asaka),Yuqori-o‘rta ($25k-$40k),35146,9,316314
2023,Q4,2023-Q4,Toshkent viloyati,BYD,Song Plus DM-i,C-SUV,Gibrid (PHEV),Gibrid/Yig‘uv (Jizzax),Yuqori-o‘rta ($25k-$40k),27114,60,1626840
2023,Q4,2023-Q4,Toshkent viloyati,BYD,Chazor (Destroyer 05),C-Sedan,Gibrid (PHEV),Gibrid/Yig‘uv (Jizzax),O‘rta ($15k-$25k),21389,46,983894
2023,Q4,2023-Q4,Toshkent viloyati,BYD,Song Plus EV,C-SUV,Elektromobil (EV),Import (Xitoy),Yuqori-o‘rta ($25k-$40k),31007,9,279063
2023,Q4,2023-Q4,Toshkent viloyati,BYD,Han,E-Sedan,Elektromobil (EV),Import (Xitoy),Premium (>$40k),43865,1,43865
2023,Q4,2023-Q4,Toshkent viloyati,Chery,Tiggo 7 Pro,C-SUV,Benzin (Turbo),Mahalliy yig‘uv (ADM Jizzax),Yuqori-o‘rta ($25k-$40k),26272,18,472896
2023,Q4,2023-Q4,Toshkent viloyati,Chery,Arrizo 6 Pro,C-Sedan,Benzin (Turbo),Mahalliy yig‘uv (ADM Jizzax),O‘rta ($15k-$25k),20705,12,248460
2023,Q4,2023-Q4,Toshkent viloyati,Chery,Tiggo 8 Pro,Mid-SUV,Benzin (Turbo),Mahalliy yig‘uv (ADM Jizzax),Yuqori-o‘rta ($25k-$40k),32771,7,229397
2023,Q4,2023-Q4,Toshkent viloyati,Haval,Jolion,B-SUV,Benzin (Turbo),Mahalliy yig‘uv (ADM Jizzax),O‘rta ($15k-$25k),23351,15,350265
2023,Q4,2023-Q4,Toshkent viloyati,Haval,M6,C-SUV,Benzin,Mahalliy yig‘uv (ADM Jizzax),O‘rta ($15k-$25k),19442,16,311072
2023,Q4,2023-Q4,Toshkent viloyati,Haval,H6,C-SUV,Benzin (Turbo),Mahalliy yig‘uv (ADM Jizzax),Yuqori-o‘rta ($25k-$40k),29300,8,234400
2023,Q4,2023-Q4,Toshkent viloyati,Kia,Sonet,B-SUV,Benzin,Mahalliy yig‘uv (ADM Jizzax),O‘rta ($15k-$25k),18139,14,253946
2023,Q4,2023-Q4,Toshkent viloyati,Kia,K5,D-Sedan,Benzin,Mahalliy yig‘uv (ADM Jizzax),Yuqori-o‘rta ($25k-$40k),33385,6,200310
2023,Q4,2023-Q4,Toshkent viloyati,Kia,Sportage,C-SUV,Benzin,Mahalliy yig‘uv (ADM Jizzax),Yuqori-o‘rta ($25k-$40k),34956,7,244692
2023,Q4,2023-Q4,Toshkent viloyati,Zeekr,001,E-Shooting Brake,Elektromobil (EV),Import (Xitoy),Premium (>$40k),48277,4,193108
2023,Q4,2023-Q4,Toshkent viloyati,Geely,Monjaro,Mid-SUV,Benzin (Turbo),Import (Xitoy),Yuqori-o‘rta ($25k-$40k),36151,5,180755
2023,Q4,2023-Q4,Toshkent viloyati,Jetour,Dashing,C-SUV,Benzin (Turbo),Import (Xitoy),Yuqori-o‘rta ($25k-$40k),26859,7,188013
2023,Q4,2023-Q4,Toshkent viloyati,Li Auto,L7/L9,Full-SUV,Gibrid (EREV),Import (Xitoy),Premium (>$40k),57573,4,230292
2023,Q4,2023-Q4,Samarqand,Chevrolet,Cobalt,B-Sedan,Benzin,Mahalliy (Asaka),Byudjet (<$15k),11792,209,2464528
2023,Q4,2023-Q4,Samarqand,Chevrolet,Damas,Mini-Van,Benzin,Mahalliy (Pitnak),Byudjet (<$15k),8672,149,1292128
2023,Q4,2023-Q4,Samarqand,Chevrolet,Labo,Mini-Truck,Benzin,Mahalliy (Pitnak),Byudjet (<$15k),8340,71,592140
2023,Q4,2023-Q4,Samarqand,Chevrolet,Lacetti/Gentra,C-Sedan,Benzin,Mahalliy (Asaka),Byudjet (<$15k),13559,193,2616887
2023,Q4,2023-Q4,Samarqand,Chevrolet,Tracker-2,B-SUV,Benzin (Turbo),Mahalliy (Asaka),O‘rta ($15k-$25k),18813,53,997089
2023,Q4,2023-Q4,Samarqand,Chevrolet,Onix,B-Sedan,Benzin (Turbo),Mahalliy (Asaka),O‘rta ($15k-$25k),15310,52,796120
2023,Q4,2023-Q4,Samarqand,Chevrolet,Malibu-2,D-Sedan,Benzin (Turbo),Mahalliy (Asaka),Yuqori-o‘rta ($25k-$40k),34854,8,278832
2023,Q4,2023-Q4,Samarqand,BYD,Song Plus DM-i,C-SUV,Gibrid (PHEV),Gibrid/Yig‘uv (Jizzax),Yuqori-o‘rta ($25k-$40k),27408,67,1836336
2023,Q4,2023-Q4,Samarqand,BYD,Chazor (Destroyer 05),C-Sedan,Gibrid (PHEV),Gibrid/Yig‘uv (Jizzax),O‘rta ($15k-$25k),21156,52,1100112
2023,Q4,2023-Q4,Samarqand,BYD,Song Plus EV,C-SUV,Elektromobil (EV),Import (Xitoy),Yuqori-o‘rta ($25k-$40k),31027,8,248216
2023,Q4,2023-Q4,Samarqand,BYD,Han,E-Sedan,Elektromobil (EV),Import (Xitoy),Premium (>$40k),44325,5,221625
2023,Q4,2023-Q4,Samarqand,Chery,Tiggo 7 Pro,C-SUV,Benzin (Turbo),Mahalliy yig‘uv (ADM Jizzax),Yuqori-o‘rta ($25k-$40k),26215,14,367010
2023,Q4,2023-Q4,Samarqand,Chery,Arrizo 6 Pro,C-Sedan,Benzin (Turbo),Mahalliy yig‘uv (ADM Jizzax),O‘rta ($15k-$25k),20586,11,226446
2023,Q4,2023-Q4,Samarqand,Chery,Tiggo 8 Pro,Mid-SUV,Benzin (Turbo),Mahalliy yig‘uv (ADM Jizzax),Yuqori-o‘rta ($25k-$40k),33048,6,198288
2023,Q4,2023-Q4,Samarqand,Haval,Jolion,B-SUV,Benzin (Turbo),Mahalliy yig‘uv (ADM Jizzax),O‘rta ($15k-$25k),23227,13,301951
2023,Q4,2023-Q4,Samarqand,Haval,M6,C-SUV,Benzin,Mahalliy yig‘uv (ADM Jizzax),O‘rta ($15k-$25k),19289,14,270046
2023,Q4,2023-Q4,Samarqand,Haval,H6,C-SUV,Benzin (Turbo),Mahalliy yig‘uv (ADM Jizzax),Yuqori-o‘rta ($25k-$40k),29252,7,204764
2023,Q4,2023-Q4,Samarqand,Kia,Sonet,B-SUV,Benzin,Mahalliy yig‘uv (ADM Jizzax),O‘rta ($15k-$25k),17951,15,269265
2023,Q4,2023-Q4,Samarqand,Kia,K5,D-Sedan,Benzin,Mahalliy yig‘uv (ADM Jizzax),Yuqori-o‘rta ($25k-$40k),33607,8,268856
2023,Q4,2023-Q4,Samarqand,Kia,Sportage,C-SUV,Benzin,Mahalliy yig‘uv (ADM Jizzax),Yuqori-o‘rta ($25k-$40k),34945,3,104835
2023,Q4,2023-Q4,Samarqand,Zeekr,001,E-Shooting Brake,Elektromobil (EV),Import (Xitoy),Premium (>$40k),48225,4,192900
2023,Q4,2023-Q4,Samarqand,Geely,Monjaro,Mid-SUV,Benzin (Turbo),Import (Xitoy),Yuqori-o‘rta ($25k-$40k),35877,5,179385
2023,Q4,2023-Q4,Samarqand,Jetour,Dashing,C-SUV,Benzin (Turbo),Import (Xitoy),Yuqori-o‘rta ($25k-$40k),26625,5,133125
2023,Q4,2023-Q4,Samarqand,Li Auto,L7/L9,Full-SUV,Gibrid (EREV),Import (Xitoy),Premium (>$40k),57807,5,289035
2023,Q4,2023-Q4,Farg‘ona,Chevrolet,Cobalt,B-Sedan,Benzin,Mahalliy (Asaka),Byudjet (<$15k),12007,179,2149253
2023,Q4,2023-Q4,Farg‘ona,Chevrolet,Damas,Mini-Van,Benzin,Mahalliy (Pitnak),Byudjet (<$15k),8906,269,2395714
2023,Q4,2023-Q4,Farg‘ona,Chevrolet,Labo,Mini-Truck,Benzin,Mahalliy (Pitnak),Byudjet (<$15k),8382,172,1441704
2023,Q4,2023-Q4,Farg‘ona,Chevrolet,Lacetti/Gentra,C-Sedan,Benzin,Mahalliy (Asaka),Byudjet (<$15k),13414,110,1475540
2023,Q4,2023-Q4,Farg‘ona,Chevrolet,Tracker-2,B-SUV,Benzin (Turbo),Mahalliy (Asaka),O‘rta ($15k-$25k),19165,40,766600
2023,Q4,2023-Q4,Farg‘ona,Chevrolet,Onix,B-Sedan,Benzin (Turbo),Mahalliy (Asaka),O‘rta ($15k-$25k),15287,51,779637
2023,Q4,2023-Q4,Farg‘ona,Chevrolet,Malibu-2,D-Sedan,Benzin (Turbo),Mahalliy (Asaka),Yuqori-o‘rta ($25k-$40k),35159,8,281272
2023,Q4,2023-Q4,Farg‘ona,BYD,Song Plus DM-i,C-SUV,Gibrid (PHEV),Gibrid/Yig‘uv (Jizzax),Yuqori-o‘rta ($25k-$40k),27446,47,1289962
2023,Q4,2023-Q4,Farg‘ona,BYD,Chazor (Destroyer 05),C-Sedan,Gibrid (PHEV),Gibrid/Yig‘uv (Jizzax),O‘rta ($15k-$25k),20708,38,786904
2023,Q4,2023-Q4,Farg‘ona,BYD,Song Plus EV,C-SUV,Elektromobil (EV),Import (Xitoy),Yuqori-o‘rta ($25k-$40k),31398,1,31398
2023,Q4,2023-Q4,Farg‘ona,BYD,Han,E-Sedan,Elektromobil (EV),Import (Xitoy),Premium (>$40k),44188,1,44188
2023,Q4,2023-Q4,Farg‘ona,Chery,Tiggo 7 Pro,C-SUV,Benzin (Turbo),Mahalliy yig‘uv (ADM Jizzax),Yuqori-o‘rta ($25k-$40k),26241,11,288651
2023,Q4,2023-Q4,Farg‘ona,Chery,Arrizo 6 Pro,C-Sedan,Benzin (Turbo),Mahalliy yig‘uv (ADM Jizzax),O‘rta ($15k-$25k),20516,10,205160
2023,Q4,2023-Q4,Farg‘ona,Chery,Tiggo 8 Pro,Mid-SUV,Benzin (Turbo),Mahalliy yig‘uv (ADM Jizzax),Yuqori-o‘rta ($25k-$40k),32851,4,131404
2023,Q4,2023-Q4,Farg‘ona,Haval,Jolion,B-SUV,Benzin (Turbo),Mahalliy yig‘uv (ADM Jizzax),O‘rta ($15k-$25k),22999,12,275988
2023,Q4,2023-Q4,Farg‘ona,Haval,M6,C-SUV,Benzin,Mahalliy yig‘uv (ADM Jizzax),O‘rta ($15k-$25k),19221,15,288315
2023,Q4,2023-Q4,Farg‘ona,Haval,H6,C-SUV,Benzin (Turbo),Mahalliy yig‘uv (ADM Jizzax),Yuqori-o‘rta ($25k-$40k),29403,6,176418
2023,Q4,2023-Q4,Farg‘ona,Kia,Sonet,B-SUV,Benzin,Mahalliy yig‘uv (ADM Jizzax),O‘rta ($15k-$25k),17862,14,250068
2023,Q4,2023-Q4,Farg‘ona,Kia,K5,D-Sedan,Benzin,Mahalliy yig‘uv (ADM Jizzax),Yuqori-o‘rta ($25k-$40k),33596,6,201576
2023,Q4,2023-Q4,Farg‘ona,Kia,Sportage,C-SUV,Benzin,Mahalliy yig‘uv (ADM Jizzax),Yuqori-o‘rta ($25k-$40k),34987,4,139948
2023,Q4,2023-Q4,Farg‘ona,Zeekr,001,E-Shooting Brake,Elektromobil (EV),Import (Xitoy),Premium (>$40k),48434,1,48434
2023,Q4,2023-Q4,Farg‘ona,Geely,Monjaro,Mid-SUV,Benzin (Turbo),Import (Xitoy),Yuqori-o‘rta ($25k-$40k),36001,3,108003
2023,Q4,2023-Q4,Farg‘ona,Jetour,Dashing,C-SUV,Benzin (Turbo),Import (Xitoy),Yuqori-o‘rta ($25k-$40k),26614,4,106456
2023,Q4,2023-Q4,Farg‘ona,Li Auto,L7/L9,Full-SUV,Gibrid (EREV),Import (Xitoy),Premium (>$40k),57669,1,57669
2023,Q4,2023-Q4,Andijon,Chevrolet,Cobalt,B-Sedan,Benzin,Mahalliy (Asaka),Byudjet (<$15k),11770,128,1506560
2023,Q4,2023-Q4,Andijon,Chevrolet,Damas,Mini-Van,Benzin,Mahalliy (Pitnak),Byudjet (<$15k),8899,281,2500619
2023,Q4,2023-Q4,Andijon,Chevrolet,Labo,Mini-Truck,Benzin,Mahalliy (Pitnak),Byudjet (<$15k),8250,152,1254000
2023,Q4,2023-Q4,Andijon,Chevrolet,Lacetti/Gentra,C-Sedan,Benzin,Mahalliy (Asaka),Byudjet (<$15k),13214,100,1321400
2023,Q4,2023-Q4,Andijon,Chevrolet,Tracker-2,B-SUV,Benzin (Turbo),Mahalliy (Asaka),O‘rta ($15k-$25k),18741,40,749640
2023,Q4,2023-Q4,Andijon,Chevrolet,Onix,B-Sedan,Benzin (Turbo),Mahalliy (Asaka),O‘rta ($15k-$25k),15680,44,689920
2023,Q4,2023-Q4,Andijon,Chevrolet,Malibu-2,D-Sedan,Benzin (Turbo),Mahalliy (Asaka),Yuqori-o‘rta ($25k-$40k),34853,5,174265
2023,Q4,2023-Q4,Andijon,BYD,Song Plus DM-i,C-SUV,Gibrid (PHEV),Gibrid/Yig‘uv (Jizzax),Yuqori-o‘rta ($25k-$40k),27444,41,1125204
2023,Q4,2023-Q4,Andijon,BYD,Chazor (Destroyer 05),C-Sedan,Gibrid (PHEV),Gibrid/Yig‘uv (Jizzax),O‘rta ($15k-$25k),21233,37,785621
2023,Q4,2023-Q4,Andijon,BYD,Song Plus EV,C-SUV,Elektromobil (EV),Import (Xitoy),Yuqori-o‘rta ($25k-$40k),30669,3,92007
2023,Q4,2023-Q4,Andijon,BYD,Han,E-Sedan,Elektromobil (EV),Import (Xitoy),Premium (>$40k),44150,1,44150
2023,Q4,2023-Q4,Andijon,Chery,Tiggo 7 Pro,C-SUV,Benzin (Turbo),Mahalliy yig‘uv (ADM Jizzax),Yuqori-o‘rta ($25k-$40k),26351,12,316212
2023,Q4,2023-Q4,Andijon,Chery,Arrizo 6 Pro,C-Sedan,Benzin (Turbo),Mahalliy yig‘uv (ADM Jizzax),O‘rta ($15k-$25k),20643,9,185787
2023,Q4,2023-Q4,Andijon,Chery,Tiggo 8 Pro,Mid-SUV,Benzin (Turbo),Mahalliy yig‘uv (ADM Jizzax),Yuqori-o‘rta ($25k-$40k),33033,3,99099
2023,Q4,2023-Q4,Andijon,Haval,Jolion,B-SUV,Benzin (Turbo),Mahalliy yig‘uv (ADM Jizzax),O‘rta ($15k-$25k),23303,9,209727
2023,Q4,2023-Q4,Andijon,Haval,M6,C-SUV,Benzin,Mahalliy yig‘uv (ADM Jizzax),O‘rta ($15k-$25k),19178,9,172602
2023,Q4,2023-Q4,Andijon,Haval,H6,C-SUV,Benzin (Turbo),Mahalliy yig‘uv (ADM Jizzax),Yuqori-o‘rta ($25k-$40k),29263,6,175578
2023,Q4,2023-Q4,Andijon,Kia,Sonet,B-SUV,Benzin,Mahalliy yig‘uv (ADM Jizzax),O‘rta ($15k-$25k),17961,12,215532
2023,Q4,2023-Q4,Andijon,Kia,K5,D-Sedan,Benzin,Mahalliy yig‘uv (ADM Jizzax),Yuqori-o‘rta ($25k-$40k),33417,4,133668
2023,Q4,2023-Q4,Andijon,Kia,Sportage,C-SUV,Benzin,Mahalliy yig‘uv (ADM Jizzax),Yuqori-o‘rta ($25k-$40k),34918,3,104754
2023,Q4,2023-Q4,Andijon,Zeekr,001,E-Shooting Brake,Elektromobil (EV),Import (Xitoy),Premium (>$40k),48470,3,145410
2023,Q4,2023-Q4,Andijon,Geely,Monjaro,Mid-SUV,Benzin (Turbo),Import (Xitoy),Yuqori-o‘rta ($25k-$40k),36125,4,144500
2023,Q4,2023-Q4,Andijon,Jetour,Dashing,C-SUV,Benzin (Turbo),Import (Xitoy),Yuqori-o‘rta ($25k-$40k),26672,5,133360
2023,Q4,2023-Q4,Andijon,Li Auto,L7/L9,Full-SUV,Gibrid (EREV),Import (Xitoy),Premium (>$40k),57492,1,57492
2023,Q4,2023-Q4,Namangan,Chevrolet,Cobalt,B-Sedan,Benzin,Mahalliy (Asaka),Byudjet (<$15k),11711,121,1417031
2023,Q4,2023-Q4,Namangan,Chevrolet,Damas,Mini-Van,Benzin,Mahalliy (Pitnak),Byudjet (<$15k),8745,225,1967625
2023,Q4,2023-Q4,Namangan,Chevrolet,Labo,Mini-Truck,Benzin,Mahalliy (Pitnak),Byudjet (<$15k),8156,126,1027656
2023,Q4,2023-Q4,Namangan,Chevrolet,Lacetti/Gentra,C-Sedan,Benzin,Mahalliy (Asaka),Byudjet (<$15k),13456,98,1318688
2023,Q4,2023-Q4,Namangan,Chevrolet,Tracker-2,B-SUV,Benzin (Turbo),Mahalliy (Asaka),O‘rta ($15k-$25k),18863,33,622479
2023,Q4,2023-Q4,Namangan,Chevrolet,Onix,B-Sedan,Benzin (Turbo),Mahalliy (Asaka),O‘rta ($15k-$25k),15575,37,576275
2023,Q4,2023-Q4,Namangan,Chevrolet,Malibu-2,D-Sedan,Benzin (Turbo),Mahalliy (Asaka),Yuqori-o‘rta ($25k-$40k),34892,3,104676
2023,Q4,2023-Q4,Namangan,BYD,Song Plus DM-i,C-SUV,Gibrid (PHEV),Gibrid/Yig‘uv (Jizzax),Yuqori-o‘rta ($25k-$40k),27407,35,959245
2023,Q4,2023-Q4,Namangan,BYD,Chazor (Destroyer 05),C-Sedan,Gibrid (PHEV),Gibrid/Yig‘uv (Jizzax),O‘rta ($15k-$25k),21171,32,677472
2023,Q4,2023-Q4,Namangan,BYD,Song Plus EV,C-SUV,Elektromobil (EV),Import (Xitoy),Yuqori-o‘rta ($25k-$40k),31390,2,62780
2023,Q4,2023-Q4,Namangan,BYD,Han,E-Sedan,Elektromobil (EV),Import (Xitoy),Premium (>$40k),43750,2,87500
2023,Q4,2023-Q4,Namangan,Chery,Tiggo 7 Pro,C-SUV,Benzin (Turbo),Mahalliy yig‘uv (ADM Jizzax),Yuqori-o‘rta ($25k-$40k),26221,10,262210
2023,Q4,2023-Q4,Namangan,Chery,Arrizo 6 Pro,C-Sedan,Benzin (Turbo),Mahalliy yig‘uv (ADM Jizzax),O‘rta ($15k-$25k),20622,9,185598
2023,Q4,2023-Q4,Namangan,Chery,Tiggo 8 Pro,Mid-SUV,Benzin (Turbo),Mahalliy yig‘uv (ADM Jizzax),Yuqori-o‘rta ($25k-$40k),32848,3,98544
2023,Q4,2023-Q4,Namangan,Haval,Jolion,B-SUV,Benzin (Turbo),Mahalliy yig‘uv (ADM Jizzax),O‘rta ($15k-$25k),23157,8,185256
2023,Q4,2023-Q4,Namangan,Haval,M6,C-SUV,Benzin,Mahalliy yig‘uv (ADM Jizzax),O‘rta ($15k-$25k),19372,8,154976
2023,Q4,2023-Q4,Namangan,Haval,H6,C-SUV,Benzin (Turbo),Mahalliy yig‘uv (ADM Jizzax),Yuqori-o‘rta ($25k-$40k),29529,6,177174
2023,Q4,2023-Q4,Namangan,Kia,Sonet,B-SUV,Benzin,Mahalliy yig‘uv (ADM Jizzax),O‘rta ($15k-$25k),17894,10,178940
2023,Q4,2023-Q4,Namangan,Kia,K5,D-Sedan,Benzin,Mahalliy yig‘uv (ADM Jizzax),Yuqori-o‘rta ($25k-$40k),33349,4,133396
2023,Q4,2023-Q4,Namangan,Kia,Sportage,C-SUV,Benzin,Mahalliy yig‘uv (ADM Jizzax),Yuqori-o‘rta ($25k-$40k),35193,3,105579
2023,Q4,2023-Q4,Namangan,Zeekr,001,E-Shooting Brake,Elektromobil (EV),Import (Xitoy),Premium (>$40k),48423,2,96846
2023,Q4,2023-Q4,Namangan,Geely,Monjaro,Mid-SUV,Benzin (Turbo),Import (Xitoy),Yuqori-o‘rta ($25k-$40k),36164,2,72328
2023,Q4,2023-Q4,Namangan,Jetour,Dashing,C-SUV,Benzin (Turbo),Import (Xitoy),Yuqori-o‘rta ($25k-$40k),26897,4,107588
2023,Q4,2023-Q4,Namangan,Li Auto,L7/L9,Full-SUV,Gibrid (EREV),Import (Xitoy),Premium (>$40k),57623,1,57623
2023,Q4,2023-Q4,Buxoro,Chevrolet,Cobalt,B-Sedan,Benzin,Mahalliy (Asaka),Byudjet (<$15k),11659,145,1690555
2023,Q4,2023-Q4,Buxoro,Chevrolet,Damas,Mini-Van,Benzin,Mahalliy (Pitnak),Byudjet (<$15k),8771,93,815703
2023,Q4,2023-Q4,Buxoro,Chevrolet,Labo,Mini-Truck,Benzin,Mahalliy (Pitnak),Byudjet (<$15k),8309,52,432068
2023,Q4,2023-Q4,Buxoro,Chevrolet,Lacetti/Gentra,C-Sedan,Benzin,Mahalliy (Asaka),Byudjet (<$15k),13547,104,1408888
2023,Q4,2023-Q4,Buxoro,Chevrolet,Tracker-2,B-SUV,Benzin (Turbo),Mahalliy (Asaka),O‘rta ($15k-$25k),19004,29,551116
2023,Q4,2023-Q4,Buxoro,Chevrolet,Onix,B-Sedan,Benzin (Turbo),Mahalliy (Asaka),O‘rta ($15k-$25k),15343,33,506319
2023,Q4,2023-Q4,Buxoro,Chevrolet,Malibu-2,D-Sedan,Benzin (Turbo),Mahalliy (Asaka),Yuqori-o‘rta ($25k-$40k),34891,3,104673
2023,Q4,2023-Q4,Buxoro,BYD,Song Plus DM-i,C-SUV,Gibrid (PHEV),Gibrid/Yig‘uv (Jizzax),Yuqori-o‘rta ($25k-$40k),27821,42,1168482
2023,Q4,2023-Q4,Buxoro,BYD,Chazor (Destroyer 05),C-Sedan,Gibrid (PHEV),Gibrid/Yig‘uv (Jizzax),O‘rta ($15k-$25k),21153,33,698049
2023,Q4,2023-Q4,Buxoro,BYD,Song Plus EV,C-SUV,Elektromobil (EV),Import (Xitoy),Yuqori-o‘rta ($25k-$40k),30872,4,123488
2023,Q4,2023-Q4,Buxoro,BYD,Han,E-Sedan,Elektromobil (EV),Import (Xitoy),Premium (>$40k),43754,2,87508
2023,Q4,2023-Q4,Buxoro,Chery,Tiggo 7 Pro,C-SUV,Benzin (Turbo),Mahalliy yig‘uv (ADM Jizzax),Yuqori-o‘rta ($25k-$40k),26074,8,208592
2023,Q4,2023-Q4,Buxoro,Chery,Arrizo 6 Pro,C-Sedan,Benzin (Turbo),Mahalliy yig‘uv (ADM Jizzax),O‘rta ($15k-$25k),20614,6,123684
2023,Q4,2023-Q4,Buxoro,Chery,Tiggo 8 Pro,Mid-SUV,Benzin (Turbo),Mahalliy yig‘uv (ADM Jizzax),Yuqori-o‘rta ($25k-$40k),32893,4,131572
2023,Q4,2023-Q4,Buxoro,Haval,Jolion,B-SUV,Benzin (Turbo),Mahalliy yig‘uv (ADM Jizzax),O‘rta ($15k-$25k),23311,6,139866
2023,Q4,2023-Q4,Buxoro,Haval,M6,C-SUV,Benzin,Mahalliy yig‘uv (ADM Jizzax),O‘rta ($15k-$25k),19337,9,174033
2023,Q4,2023-Q4,Buxoro,Haval,H6,C-SUV,Benzin (Turbo),Mahalliy yig‘uv (ADM Jizzax),Yuqori-o‘rta ($25k-$40k),29269,4,117076
2023,Q4,2023-Q4,Buxoro,Kia,Sonet,B-SUV,Benzin,Mahalliy yig‘uv (ADM Jizzax),O‘rta ($15k-$25k),18206,11,200266
2023,Q4,2023-Q4,Buxoro,Kia,K5,D-Sedan,Benzin,Mahalliy yig‘uv (ADM Jizzax),Yuqori-o‘rta ($25k-$40k),33440,5,167200
2023,Q4,2023-Q4,Buxoro,Kia,Sportage,C-SUV,Benzin,Mahalliy yig‘uv (ADM Jizzax),Yuqori-o‘rta ($25k-$40k),35008,2,70016
2023,Q4,2023-Q4,Buxoro,Zeekr,001,E-Shooting Brake,Elektromobil (EV),Import (Xitoy),Premium (>$40k),48431,3,145293
2023,Q4,2023-Q4,Buxoro,Geely,Monjaro,Mid-SUV,Benzin (Turbo),Import (Xitoy),Yuqori-o‘rta ($25k-$40k),36164,2,72328
2023,Q4,2023-Q4,Buxoro,Jetour,Dashing,C-SUV,Benzin (Turbo),Import (Xitoy),Yuqori-o‘rta ($25k-$40k),26972,4,107888
2023,Q4,2023-Q4,Buxoro,Li Auto,L7/L9,Full-SUV,Gibrid (EREV),Import (Xitoy),Premium (>$40k),57588,1,57588
2023,Q4,2023-Q4,Qashqadaryo,Chevrolet,Cobalt,B-Sedan,Benzin,Mahalliy (Asaka),Byudjet (<$15k),11956,97,1159732
2023,Q4,2023-Q4,Qashqadaryo,Chevrolet,Damas,Mini-Van,Benzin,Mahalliy (Pitnak),Byudjet (<$15k),8750,80,700000
2023,Q4,2023-Q4,Qashqadaryo,Chevrolet,Labo,Mini-Truck,Benzin,Mahalliy (Pitnak),Byudjet (<$15k),8276,44,364144
2023,Q4,2023-Q4,Qashqadaryo,Chevrolet,Lacetti/Gentra,C-Sedan,Benzin,Mahalliy (Asaka),Byudjet (<$15k),13293,79,1050147
2023,Q4,2023-Q4,Qashqadaryo,Chevrolet,Tracker-2,B-SUV,Benzin (Turbo),Mahalliy (Asaka),O‘rta ($15k-$25k),18786,24,450864
2023,Q4,2023-Q4,Qashqadaryo,Chevrolet,Onix,B-Sedan,Benzin (Turbo),Mahalliy (Asaka),O‘rta ($15k-$25k),15752,27,425304
2023,Q4,2023-Q4,Qashqadaryo,Chevrolet,Malibu-2,D-Sedan,Benzin (Turbo),Mahalliy (Asaka),Yuqori-o‘rta ($25k-$40k),34997,4,139988
2023,Q4,2023-Q4,Qashqadaryo,BYD,Song Plus DM-i,C-SUV,Gibrid (PHEV),Gibrid/Yig‘uv (Jizzax),Yuqori-o‘rta ($25k-$40k),27674,29,802546
2023,Q4,2023-Q4,Qashqadaryo,BYD,Chazor (Destroyer 05),C-Sedan,Gibrid (PHEV),Gibrid/Yig‘uv (Jizzax),O‘rta ($15k-$25k),20982,20,419640
2023,Q4,2023-Q4,Qashqadaryo,BYD,Song Plus EV,C-SUV,Elektromobil (EV),Import (Xitoy),Yuqori-o‘rta ($25k-$40k),30808,5,154040
2023,Q4,2023-Q4,Qashqadaryo,BYD,Han,E-Sedan,Elektromobil (EV),Import (Xitoy),Premium (>$40k),43823,3,131469
2023,Q4,2023-Q4,Qashqadaryo,Chery,Tiggo 7 Pro,C-SUV,Benzin (Turbo),Mahalliy yig‘uv (ADM Jizzax),Yuqori-o‘rta ($25k-$40k),26067,7,182469
2023,Q4,2023-Q4,Qashqadaryo,Chery,Arrizo 6 Pro,C-Sedan,Benzin (Turbo),Mahalliy yig‘uv (ADM Jizzax),O‘rta ($15k-$25k),20515,5,102575
2023,Q4,2023-Q4,Qashqadaryo,Chery,Tiggo 8 Pro,Mid-SUV,Benzin (Turbo),Mahalliy yig‘uv (ADM Jizzax),Yuqori-o‘rta ($25k-$40k),33029,3,99087
2023,Q4,2023-Q4,Qashqadaryo,Haval,Jolion,B-SUV,Benzin (Turbo),Mahalliy yig‘uv (ADM Jizzax),O‘rta ($15k-$25k),23069,7,161483
2023,Q4,2023-Q4,Qashqadaryo,Haval,M6,C-SUV,Benzin,Mahalliy yig‘uv (ADM Jizzax),O‘rta ($15k-$25k),19436,8,155488
2023,Q4,2023-Q4,Qashqadaryo,Haval,H6,C-SUV,Benzin (Turbo),Mahalliy yig‘uv (ADM Jizzax),Yuqori-o‘rta ($25k-$40k),29492,2,58984
2023,Q4,2023-Q4,Qashqadaryo,Kia,Sonet,B-SUV,Benzin,Mahalliy yig‘uv (ADM Jizzax),O‘rta ($15k-$25k),17874,7,125118
2023,Q4,2023-Q4,Qashqadaryo,Kia,K5,D-Sedan,Benzin,Mahalliy yig‘uv (ADM Jizzax),Yuqori-o‘rta ($25k-$40k),33353,2,66706
2023,Q4,2023-Q4,Qashqadaryo,Kia,Sportage,C-SUV,Benzin,Mahalliy yig‘uv (ADM Jizzax),Yuqori-o‘rta ($25k-$40k),34889,1,34889
2023,Q4,2023-Q4,Qashqadaryo,Zeekr,001,E-Shooting Brake,Elektromobil (EV),Import (Xitoy),Premium (>$40k),48456,3,145368
2023,Q4,2023-Q4,Qashqadaryo,Geely,Monjaro,Mid-SUV,Benzin (Turbo),Import (Xitoy),Yuqori-o‘rta ($25k-$40k),36113,2,72226
2023,Q4,2023-Q4,Qashqadaryo,Jetour,Dashing,C-SUV,Benzin (Turbo),Import (Xitoy),Yuqori-o‘rta ($25k-$40k),26940,4,107760
2023,Q4,2023-Q4,Qashqadaryo,Li Auto,L7/L9,Full-SUV,Gibrid (EREV),Import (Xitoy),Premium (>$40k),57833,3,173499
2023,Q4,2023-Q4,Xorazm,Chevrolet,Cobalt,B-Sedan,Benzin,Mahalliy (Asaka),Byudjet (<$15k),11900,68,809200
2023,Q4,2023-Q4,Xorazm,Chevrolet,Damas,Mini-Van,Benzin,Mahalliy (Pitnak),Byudjet (<$15k),8776,146,1281296
2023,Q4,2023-Q4,Xorazm,Chevrolet,Labo,Mini-Truck,Benzin,Mahalliy (Pitnak),Byudjet (<$15k),8073,69,557037
2023,Q4,2023-Q4,Xorazm,Chevrolet,Lacetti/Gentra,C-Sedan,Benzin,Mahalliy (Asaka),Byudjet (<$15k),13268,57,756276
2023,Q4,2023-Q4,Xorazm,Chevrolet,Tracker-2,B-SUV,Benzin (Turbo),Mahalliy (Asaka),O‘rta ($15k-$25k),18797,17,319549
2023,Q4,2023-Q4,Xorazm,Chevrolet,Onix,B-Sedan,Benzin (Turbo),Mahalliy (Asaka),O‘rta ($15k-$25k),15281,19,290339
2023,Q4,2023-Q4,Xorazm,Chevrolet,Malibu-2,D-Sedan,Benzin (Turbo),Mahalliy (Asaka),Yuqori-o‘rta ($25k-$40k),35011,4,140044
2023,Q4,2023-Q4,Xorazm,BYD,Song Plus DM-i,C-SUV,Gibrid (PHEV),Gibrid/Yig‘uv (Jizzax),Yuqori-o‘rta ($25k-$40k),27864,21,585144
2023,Q4,2023-Q4,Xorazm,BYD,Chazor (Destroyer 05),C-Sedan,Gibrid (PHEV),Gibrid/Yig‘uv (Jizzax),O‘rta ($15k-$25k),20946,15,314190
2023,Q4,2023-Q4,Xorazm,BYD,Song Plus EV,C-SUV,Elektromobil (EV),Import (Xitoy),Yuqori-o‘rta ($25k-$40k),30909,1,30909
2023,Q4,2023-Q4,Xorazm,BYD,Han,E-Sedan,Elektromobil (EV),Import (Xitoy),Premium (>$40k),44200,1,44200
2023,Q4,2023-Q4,Xorazm,Chery,Tiggo 7 Pro,C-SUV,Benzin (Turbo),Mahalliy yig‘uv (ADM Jizzax),Yuqori-o‘rta ($25k-$40k),26120,4,104480
2023,Q4,2023-Q4,Xorazm,Chery,Arrizo 6 Pro,C-Sedan,Benzin (Turbo),Mahalliy yig‘uv (ADM Jizzax),O‘rta ($15k-$25k),20644,2,41288
2023,Q4,2023-Q4,Xorazm,Chery,Tiggo 8 Pro,Mid-SUV,Benzin (Turbo),Mahalliy yig‘uv (ADM Jizzax),Yuqori-o‘rta ($25k-$40k),32781,4,131124
2023,Q4,2023-Q4,Xorazm,Haval,Jolion,B-SUV,Benzin (Turbo),Mahalliy yig‘uv (ADM Jizzax),O‘rta ($15k-$25k),23096,5,115480
2023,Q4,2023-Q4,Xorazm,Haval,M6,C-SUV,Benzin,Mahalliy yig‘uv (ADM Jizzax),O‘rta ($15k-$25k),19291,5,96455
2023,Q4,2023-Q4,Xorazm,Haval,H6,C-SUV,Benzin (Turbo),Mahalliy yig‘uv (ADM Jizzax),Yuqori-o‘rta ($25k-$40k),29284,1,29284
2023,Q4,2023-Q4,Xorazm,Kia,Sonet,B-SUV,Benzin,Mahalliy yig‘uv (ADM Jizzax),O‘rta ($15k-$25k),17956,4,71824
2023,Q4,2023-Q4,Xorazm,Kia,K5,D-Sedan,Benzin,Mahalliy yig‘uv (ADM Jizzax),Yuqori-o‘rta ($25k-$40k),33664,1,33664
2023,Q4,2023-Q4,Xorazm,Kia,Sportage,C-SUV,Benzin,Mahalliy yig‘uv (ADM Jizzax),Yuqori-o‘rta ($25k-$40k),34900,2,69800
2023,Q4,2023-Q4,Xorazm,Zeekr,001,E-Shooting Brake,Elektromobil (EV),Import (Xitoy),Premium (>$40k),48357,1,48357
2023,Q4,2023-Q4,Xorazm,Geely,Monjaro,Mid-SUV,Benzin (Turbo),Import (Xitoy),Yuqori-o‘rta ($25k-$40k),35865,2,71730
2023,Q4,2023-Q4,Xorazm,Jetour,Dashing,C-SUV,Benzin (Turbo),Import (Xitoy),Yuqori-o‘rta ($25k-$40k),26780,3,80340
2023,Q4,2023-Q4,Xorazm,Li Auto,L7/L9,Full-SUV,Gibrid (EREV),Import (Xitoy),Premium (>$40k),57676,1,57676
2023,Q4,2023-Q4,Surxondaryo,Chevrolet,Cobalt,B-Sedan,Benzin,Mahalliy (Asaka),Byudjet (<$15k),11858,76,901208
2023,Q4,2023-Q4,Surxondaryo,Chevrolet,Damas,Mini-Van,Benzin,Mahalliy (Pitnak),Byudjet (<$15k),8832,73,644736
2023,Q4,2023-Q4,Surxondaryo,Chevrolet,Labo,Mini-Truck,Benzin,Mahalliy (Pitnak),Byudjet (<$15k),8290,33,273570
2023,Q4,2023-Q4,Surxondaryo,Chevrolet,Lacetti/Gentra,C-Sedan,Benzin,Mahalliy (Asaka),Byudjet (<$15k),13555,60,813300
2023,Q4,2023-Q4,Surxondaryo,Chevrolet,Tracker-2,B-SUV,Benzin (Turbo),Mahalliy (Asaka),O‘rta ($15k-$25k),18796,20,375920
2023,Q4,2023-Q4,Surxondaryo,Chevrolet,Onix,B-Sedan,Benzin (Turbo),Mahalliy (Asaka),O‘rta ($15k-$25k),15712,23,361376
2023,Q4,2023-Q4,Surxondaryo,Chevrolet,Malibu-2,D-Sedan,Benzin (Turbo),Mahalliy (Asaka),Yuqori-o‘rta ($25k-$40k),34901,3,104703
2023,Q4,2023-Q4,Surxondaryo,BYD,Song Plus DM-i,C-SUV,Gibrid (PHEV),Gibrid/Yig‘uv (Jizzax),Yuqori-o‘rta ($25k-$40k),27382,20,547640
2023,Q4,2023-Q4,Surxondaryo,BYD,Chazor (Destroyer 05),C-Sedan,Gibrid (PHEV),Gibrid/Yig‘uv (Jizzax),O‘rta ($15k-$25k),20883,17,355011
2023,Q4,2023-Q4,Surxondaryo,BYD,Song Plus EV,C-SUV,Elektromobil (EV),Import (Xitoy),Yuqori-o‘rta ($25k-$40k),30705,1,30705
2023,Q4,2023-Q4,Surxondaryo,BYD,Han,E-Sedan,Elektromobil (EV),Import (Xitoy),Premium (>$40k),43617,1,43617
2023,Q4,2023-Q4,Surxondaryo,Chery,Tiggo 7 Pro,C-SUV,Benzin (Turbo),Mahalliy yig‘uv (ADM Jizzax),Yuqori-o‘rta ($25k-$40k),26246,5,131230
2023,Q4,2023-Q4,Surxondaryo,Chery,Arrizo 6 Pro,C-Sedan,Benzin (Turbo),Mahalliy yig‘uv (ADM Jizzax),O‘rta ($15k-$25k),20694,4,82776
2023,Q4,2023-Q4,Surxondaryo,Chery,Tiggo 8 Pro,Mid-SUV,Benzin (Turbo),Mahalliy yig‘uv (ADM Jizzax),Yuqori-o‘rta ($25k-$40k),32948,1,32948
2023,Q4,2023-Q4,Surxondaryo,Haval,Jolion,B-SUV,Benzin (Turbo),Mahalliy yig‘uv (ADM Jizzax),O‘rta ($15k-$25k),23156,6,138936
2023,Q4,2023-Q4,Surxondaryo,Haval,M6,C-SUV,Benzin,Mahalliy yig‘uv (ADM Jizzax),O‘rta ($15k-$25k),19449,5,97245
2023,Q4,2023-Q4,Surxondaryo,Haval,H6,C-SUV,Benzin (Turbo),Mahalliy yig‘uv (ADM Jizzax),Yuqori-o‘rta ($25k-$40k),29477,2,58954
2023,Q4,2023-Q4,Surxondaryo,Kia,Sonet,B-SUV,Benzin,Mahalliy yig‘uv (ADM Jizzax),O‘rta ($15k-$25k),17895,7,125265
2023,Q4,2023-Q4,Surxondaryo,Kia,K5,D-Sedan,Benzin,Mahalliy yig‘uv (ADM Jizzax),Yuqori-o‘rta ($25k-$40k),33570,3,100710
2023,Q4,2023-Q4,Surxondaryo,Kia,Sportage,C-SUV,Benzin,Mahalliy yig‘uv (ADM Jizzax),Yuqori-o‘rta ($25k-$40k),34889,2,69778
2023,Q4,2023-Q4,Surxondaryo,Zeekr,001,E-Shooting Brake,Elektromobil (EV),Import (Xitoy),Premium (>$40k),48514,2,97028
2023,Q4,2023-Q4,Surxondaryo,Geely,Monjaro,Mid-SUV,Benzin (Turbo),Import (Xitoy),Yuqori-o‘rta ($25k-$40k),35901,1,35901
2023,Q4,2023-Q4,Surxondaryo,Jetour,Dashing,C-SUV,Benzin (Turbo),Import (Xitoy),Yuqori-o‘rta ($25k-$40k),26913,2,53826
2023,Q4,2023-Q4,Surxondaryo,Li Auto,L7/L9,Full-SUV,Gibrid (EREV),Import (Xitoy),Premium (>$40k),57488,2,114976
2023,Q4,2023-Q4,Navoiy,Chevrolet,Cobalt,B-Sedan,Benzin,Mahalliy (Asaka),Byudjet (<$15k),11772,56,659232
2023,Q4,2023-Q4,Navoiy,Chevrolet,Damas,Mini-Van,Benzin,Mahalliy (Pitnak),Byudjet (<$15k),8574,43,368682
2023,Q4,2023-Q4,Navoiy,Chevrolet,Labo,Mini-Truck,Benzin,Mahalliy (Pitnak),Byudjet (<$15k),8063,21,169323
2023,Q4,2023-Q4,Navoiy,Chevrolet,Lacetti/Gentra,C-Sedan,Benzin,Mahalliy (Asaka),Byudjet (<$15k),13573,40,542920
2023,Q4,2023-Q4,Navoiy,Chevrolet,Tracker-2,B-SUV,Benzin (Turbo),Mahalliy (Asaka),O‘rta ($15k-$25k),19273,12,231276
2023,Q4,2023-Q4,Navoiy,Chevrolet,Onix,B-Sedan,Benzin (Turbo),Mahalliy (Asaka),O‘rta ($15k-$25k),15485,17,263245
2023,Q4,2023-Q4,Navoiy,Chevrolet,Malibu-2,D-Sedan,Benzin (Turbo),Mahalliy (Asaka),Yuqori-o‘rta ($25k-$40k),34945,2,69890
2023,Q4,2023-Q4,Navoiy,BYD,Song Plus DM-i,C-SUV,Gibrid (PHEV),Gibrid/Yig‘uv (Jizzax),Yuqori-o‘rta ($25k-$40k),27512,16,440192
2023,Q4,2023-Q4,Navoiy,BYD,Chazor (Destroyer 05),C-Sedan,Gibrid (PHEV),Gibrid/Yig‘uv (Jizzax),O‘rta ($15k-$25k),21142,12,253704
2023,Q4,2023-Q4,Navoiy,BYD,Song Plus EV,C-SUV,Elektromobil (EV),Import (Xitoy),Yuqori-o‘rta ($25k-$40k),30757,4,123028
2023,Q4,2023-Q4,Navoiy,BYD,Han,E-Sedan,Elektromobil (EV),Import (Xitoy),Premium (>$40k),43872,1,43872
2023,Q4,2023-Q4,Navoiy,Chery,Tiggo 7 Pro,C-SUV,Benzin (Turbo),Mahalliy yig‘uv (ADM Jizzax),Yuqori-o‘rta ($25k-$40k),26358,4,105432
2023,Q4,2023-Q4,Navoiy,Chery,Arrizo 6 Pro,C-Sedan,Benzin (Turbo),Mahalliy yig‘uv (ADM Jizzax),O‘rta ($15k-$25k),20509,2,41018
2023,Q4,2023-Q4,Navoiy,Chery,Tiggo 8 Pro,Mid-SUV,Benzin (Turbo),Mahalliy yig‘uv (ADM Jizzax),Yuqori-o‘rta ($25k-$40k),33037,1,33037
2023,Q4,2023-Q4,Navoiy,Haval,Jolion,B-SUV,Benzin (Turbo),Mahalliy yig‘uv (ADM Jizzax),O‘rta ($15k-$25k),23031,2,46062
2023,Q4,2023-Q4,Navoiy,Haval,M6,C-SUV,Benzin,Mahalliy yig‘uv (ADM Jizzax),O‘rta ($15k-$25k),19454,5,97270
2023,Q4,2023-Q4,Navoiy,Haval,H6,C-SUV,Benzin (Turbo),Mahalliy yig‘uv (ADM Jizzax),Yuqori-o‘rta ($25k-$40k),29431,2,58862
2023,Q4,2023-Q4,Navoiy,Kia,Sonet,B-SUV,Benzin,Mahalliy yig‘uv (ADM Jizzax),O‘rta ($15k-$25k),17840,3,53520
2023,Q4,2023-Q4,Navoiy,Kia,K5,D-Sedan,Benzin,Mahalliy yig‘uv (ADM Jizzax),Yuqori-o‘rta ($25k-$40k),33442,2,66884
2023,Q4,2023-Q4,Navoiy,Kia,Sportage,C-SUV,Benzin,Mahalliy yig‘uv (ADM Jizzax),Yuqori-o‘rta ($25k-$40k),34845,1,34845
2023,Q4,2023-Q4,Navoiy,Zeekr,001,E-Shooting Brake,Elektromobil (EV),Import (Xitoy),Premium (>$40k),48283,2,96566
2023,Q4,2023-Q4,Navoiy,Geely,Monjaro,Mid-SUV,Benzin (Turbo),Import (Xitoy),Yuqori-o‘rta ($25k-$40k),36041,1,36041
2023,Q4,2023-Q4,Navoiy,Jetour,Dashing,C-SUV,Benzin (Turbo),Import (Xitoy),Yuqori-o‘rta ($25k-$40k),26906,1,26906
2023,Q4,2023-Q4,Navoiy,Li Auto,L7/L9,Full-SUV,Gibrid (EREV),Import (Xitoy),Premium (>$40k),57587,1,57587
2023,Q4,2023-Q4,Jizzax,Chevrolet,Cobalt,B-Sedan,Benzin,Mahalliy (Asaka),Byudjet (<$15k),11850,33,391050
2023,Q4,2023-Q4,Jizzax,Chevrolet,Damas,Mini-Van,Benzin,Mahalliy (Pitnak),Byudjet (<$15k),8632,26,224432
2023,Q4,2023-Q4,Jizzax,Chevrolet,Labo,Mini-Truck,Benzin,Mahalliy (Pitnak),Byudjet (<$15k),8041,18,144738
2023,Q4,2023-Q4,Jizzax,Chevrolet,Lacetti/Gentra,C-Sedan,Benzin,Mahalliy (Asaka),Byudjet (<$15k),13199,25,329975
2023,Q4,2023-Q4,Jizzax,Chevrolet,Tracker-2,B-SUV,Benzin (Turbo),Mahalliy (Asaka),O‘rta ($15k-$25k),18849,9,169641
2023,Q4,2023-Q4,Jizzax,Chevrolet,Onix,B-Sedan,Benzin (Turbo),Mahalliy (Asaka),O‘rta ($15k-$25k),15539,9,139851
2023,Q4,2023-Q4,Jizzax,Chevrolet,Malibu-2,D-Sedan,Benzin (Turbo),Mahalliy (Asaka),Yuqori-o‘rta ($25k-$40k),34877,1,34877
2023,Q4,2023-Q4,Jizzax,BYD,Song Plus DM-i,C-SUV,Gibrid (PHEV),Gibrid/Yig‘uv (Jizzax),Yuqori-o‘rta ($25k-$40k),27297,11,300267
2023,Q4,2023-Q4,Jizzax,BYD,Chazor (Destroyer 05),C-Sedan,Gibrid (PHEV),Gibrid/Yig‘uv (Jizzax),O‘rta ($15k-$25k),20696,7,144872
2023,Q4,2023-Q4,Jizzax,BYD,Song Plus EV,C-SUV,Elektromobil (EV),Import (Xitoy),Yuqori-o‘rta ($25k-$40k),30878,2,61756
2023,Q4,2023-Q4,Jizzax,BYD,Han,E-Sedan,Elektromobil (EV),Import (Xitoy),Premium (>$40k),44166,1,44166
2023,Q4,2023-Q4,Jizzax,Chery,Tiggo 7 Pro,C-SUV,Benzin (Turbo),Mahalliy yig‘uv (ADM Jizzax),Yuqori-o‘rta ($25k-$40k),26256,4,105024
2023,Q4,2023-Q4,Jizzax,Chery,Arrizo 6 Pro,C-Sedan,Benzin (Turbo),Mahalliy yig‘uv (ADM Jizzax),O‘rta ($15k-$25k),20529,2,41058
2023,Q4,2023-Q4,Jizzax,Chery,Tiggo 8 Pro,Mid-SUV,Benzin (Turbo),Mahalliy yig‘uv (ADM Jizzax),Yuqori-o‘rta ($25k-$40k),32814,1,32814
2023,Q4,2023-Q4,Jizzax,Haval,Jolion,B-SUV,Benzin (Turbo),Mahalliy yig‘uv (ADM Jizzax),O‘rta ($15k-$25k),23268,2,46536
2023,Q4,2023-Q4,Jizzax,Haval,M6,C-SUV,Benzin,Mahalliy yig‘uv (ADM Jizzax),O‘rta ($15k-$25k),19282,4,77128
2023,Q4,2023-Q4,Jizzax,Haval,H6,C-SUV,Benzin (Turbo),Mahalliy yig‘uv (ADM Jizzax),Yuqori-o‘rta ($25k-$40k),29189,1,29189
2023,Q4,2023-Q4,Jizzax,Kia,Sonet,B-SUV,Benzin,Mahalliy yig‘uv (ADM Jizzax),O‘rta ($15k-$25k),17903,1,17903
2023,Q4,2023-Q4,Jizzax,Kia,K5,D-Sedan,Benzin,Mahalliy yig‘uv (ADM Jizzax),Yuqori-o‘rta ($25k-$40k),33371,2,66742
2023,Q4,2023-Q4,Jizzax,Kia,Sportage,C-SUV,Benzin,Mahalliy yig‘uv (ADM Jizzax),Yuqori-o‘rta ($25k-$40k),34988,2,69976
2023,Q4,2023-Q4,Jizzax,Zeekr,001,E-Shooting Brake,Elektromobil (EV),Import (Xitoy),Premium (>$40k),48523,2,97046
2023,Q4,2023-Q4,Jizzax,Geely,Monjaro,Mid-SUV,Benzin (Turbo),Import (Xitoy),Yuqori-o‘rta ($25k-$40k),35881,1,35881
2023,Q4,2023-Q4,Jizzax,Jetour,Dashing,C-SUV,Benzin (Turbo),Import (Xitoy),Yuqori-o‘rta ($25k-$40k),26684,1,26684
2023,Q4,2023-Q4,Jizzax,Li Auto,L7/L9,Full-SUV,Gibrid (EREV),Import (Xitoy),Premium (>$40k),57480,1,57480
2023,Q4,2023-Q4,Sirdaryo,Chevrolet,Cobalt,B-Sedan,Benzin,Mahalliy (Asaka),Byudjet (<$15k),11650,31,361150
2023,Q4,2023-Q4,Sirdaryo,Chevrolet,Damas,Mini-Van,Benzin,Mahalliy (Pitnak),Byudjet (<$15k),8657,23,199111
2023,Q4,2023-Q4,Sirdaryo,Chevrolet,Labo,Mini-Truck,Benzin,Mahalliy (Pitnak),Byudjet (<$15k),8197,13,106561
2023,Q4,2023-Q4,Sirdaryo,Chevrolet,Lacetti/Gentra,C-Sedan,Benzin,Mahalliy (Asaka),Byudjet (<$15k),13417,22,295174
2023,Q4,2023-Q4,Sirdaryo,Chevrolet,Tracker-2,B-SUV,Benzin (Turbo),Mahalliy (Asaka),O‘rta ($15k-$25k),18796,5,93980
2023,Q4,2023-Q4,Sirdaryo,Chevrolet,Onix,B-Sedan,Benzin (Turbo),Mahalliy (Asaka),O‘rta ($15k-$25k),15273,8,122184
2023,Q4,2023-Q4,Sirdaryo,Chevrolet,Malibu-2,D-Sedan,Benzin (Turbo),Mahalliy (Asaka),Yuqori-o‘rta ($25k-$40k),35126,1,35126
2023,Q4,2023-Q4,Sirdaryo,BYD,Song Plus DM-i,C-SUV,Gibrid (PHEV),Gibrid/Yig‘uv (Jizzax),Yuqori-o‘rta ($25k-$40k),27815,8,222520
2023,Q4,2023-Q4,Sirdaryo,BYD,Chazor (Destroyer 05),C-Sedan,Gibrid (PHEV),Gibrid/Yig‘uv (Jizzax),O‘rta ($15k-$25k),21126,7,147882
2023,Q4,2023-Q4,Sirdaryo,BYD,Song Plus EV,C-SUV,Elektromobil (EV),Import (Xitoy),Yuqori-o‘rta ($25k-$40k),31173,2,62346
2023,Q4,2023-Q4,Sirdaryo,BYD,Han,E-Sedan,Elektromobil (EV),Import (Xitoy),Premium (>$40k),44093,1,44093
2023,Q4,2023-Q4,Sirdaryo,Chery,Tiggo 7 Pro,C-SUV,Benzin (Turbo),Mahalliy yig‘uv (ADM Jizzax),Yuqori-o‘rta ($25k-$40k),26251,2,52502
2023,Q4,2023-Q4,Sirdaryo,Chery,Arrizo 6 Pro,C-Sedan,Benzin (Turbo),Mahalliy yig‘uv (ADM Jizzax),O‘rta ($15k-$25k),20691,1,20691
2023,Q4,2023-Q4,Sirdaryo,Chery,Tiggo 8 Pro,Mid-SUV,Benzin (Turbo),Mahalliy yig‘uv (ADM Jizzax),Yuqori-o‘rta ($25k-$40k),32873,1,32873
2023,Q4,2023-Q4,Sirdaryo,Haval,Jolion,B-SUV,Benzin (Turbo),Mahalliy yig‘uv (ADM Jizzax),O‘rta ($15k-$25k),23189,1,23189
2023,Q4,2023-Q4,Sirdaryo,Haval,M6,C-SUV,Benzin,Mahalliy yig‘uv (ADM Jizzax),O‘rta ($15k-$25k),19441,2,38882
2023,Q4,2023-Q4,Sirdaryo,Haval,H6,C-SUV,Benzin (Turbo),Mahalliy yig‘uv (ADM Jizzax),Yuqori-o‘rta ($25k-$40k),29357,1,29357
2023,Q4,2023-Q4,Sirdaryo,Kia,Sonet,B-SUV,Benzin,Mahalliy yig‘uv (ADM Jizzax),O‘rta ($15k-$25k),17898,1,17898
2023,Q4,2023-Q4,Sirdaryo,Kia,K5,D-Sedan,Benzin,Mahalliy yig‘uv (ADM Jizzax),Yuqori-o‘rta ($25k-$40k),33391,1,33391
2023,Q4,2023-Q4,Sirdaryo,Kia,Sportage,C-SUV,Benzin,Mahalliy yig‘uv (ADM Jizzax),Yuqori-o‘rta ($25k-$40k),34985,2,69970
2023,Q4,2023-Q4,Sirdaryo,Zeekr,001,E-Shooting Brake,Elektromobil (EV),Import (Xitoy),Premium (>$40k),48575,1,48575
2023,Q4,2023-Q4,Sirdaryo,Geely,Monjaro,Mid-SUV,Benzin (Turbo),Import (Xitoy),Yuqori-o‘rta ($25k-$40k),35969,1,35969
2023,Q4,2023-Q4,Sirdaryo,Jetour,Dashing,C-SUV,Benzin (Turbo),Import (Xitoy),Yuqori-o‘rta ($25k-$40k),26892,1,26892
2023,Q4,2023-Q4,Sirdaryo,Li Auto,L7/L9,Full-SUV,Gibrid (EREV),Import (Xitoy),Premium (>$40k),57609,1,57609
2023,Q4,2023-Q4,Qoraqalpog‘iston Res.,Chevrolet,Cobalt,B-Sedan,Benzin,Mahalliy (Asaka),Byudjet (<$15k),11781,23,270963
2023,Q4,2023-Q4,Qoraqalpog‘iston Res.,Chevrolet,Damas,Mini-Van,Benzin,Mahalliy (Pitnak),Byudjet (<$15k),8878,21,186438
2023,Q4,2023-Q4,Qoraqalpog‘iston Res.,Chevrolet,Labo,Mini-Truck,Benzin,Mahalliy (Pitnak),Byudjet (<$15k),8222,12,98664
2023,Q4,2023-Q4,Qoraqalpog‘iston Res.,Chevrolet,Lacetti/Gentra,C-Sedan,Benzin,Mahalliy (Asaka),Byudjet (<$15k),13341,24,320184
2023,Q4,2023-Q4,Qoraqalpog‘iston Res.,Chevrolet,Tracker-2,B-SUV,Benzin (Turbo),Mahalliy (Asaka),O‘rta ($15k-$25k),19256,6,115536
2023,Q4,2023-Q4,Qoraqalpog‘iston Res.,Chevrolet,Onix,B-Sedan,Benzin (Turbo),Mahalliy (Asaka),O‘rta ($15k-$25k),15281,9,137529
2023,Q4,2023-Q4,Qoraqalpog‘iston Res.,Chevrolet,Malibu-2,D-Sedan,Benzin (Turbo),Mahalliy (Asaka),Yuqori-o‘rta ($25k-$40k),34976,1,34976
2023,Q4,2023-Q4,Qoraqalpog‘iston Res.,BYD,Song Plus DM-i,C-SUV,Gibrid (PHEV),Gibrid/Yig‘uv (Jizzax),Yuqori-o‘rta ($25k-$40k),27834,8,222672
2023,Q4,2023-Q4,Qoraqalpog‘iston Res.,BYD,Chazor (Destroyer 05),C-Sedan,Gibrid (PHEV),Gibrid/Yig‘uv (Jizzax),O‘rta ($15k-$25k),20975,6,125850
2023,Q4,2023-Q4,Qoraqalpog‘iston Res.,BYD,Song Plus EV,C-SUV,Elektromobil (EV),Import (Xitoy),Yuqori-o‘rta ($25k-$40k),31158,1,31158
2023,Q4,2023-Q4,Qoraqalpog‘iston Res.,BYD,Han,E-Sedan,Elektromobil (EV),Import (Xitoy),Premium (>$40k),43846,1,43846
2023,Q4,2023-Q4,Qoraqalpog‘iston Res.,Chery,Tiggo 7 Pro,C-SUV,Benzin (Turbo),Mahalliy yig‘uv (ADM Jizzax),Yuqori-o‘rta ($25k-$40k),26083,1,26083
2023,Q4,2023-Q4,Qoraqalpog‘iston Res.,Chery,Arrizo 6 Pro,C-Sedan,Benzin (Turbo),Mahalliy yig‘uv (ADM Jizzax),O‘rta ($15k-$25k),20553,1,20553
2023,Q4,2023-Q4,Qoraqalpog‘iston Res.,Chery,Tiggo 8 Pro,Mid-SUV,Benzin (Turbo),Mahalliy yig‘uv (ADM Jizzax),Yuqori-o‘rta ($25k-$40k),32913,1,32913
2023,Q4,2023-Q4,Qoraqalpog‘iston Res.,Haval,Jolion,B-SUV,Benzin (Turbo),Mahalliy yig‘uv (ADM Jizzax),O‘rta ($15k-$25k),23155,2,46310
2023,Q4,2023-Q4,Qoraqalpog‘iston Res.,Haval,M6,C-SUV,Benzin,Mahalliy yig‘uv (ADM Jizzax),O‘rta ($15k-$25k),19294,1,19294
2023,Q4,2023-Q4,Qoraqalpog‘iston Res.,Haval,H6,C-SUV,Benzin (Turbo),Mahalliy yig‘uv (ADM Jizzax),Yuqori-o‘rta ($25k-$40k),29427,1,29427
2023,Q4,2023-Q4,Qoraqalpog‘iston Res.,Kia,Sonet,B-SUV,Benzin,Mahalliy yig‘uv (ADM Jizzax),O‘rta ($15k-$25k),17900,2,35800
2023,Q4,2023-Q4,Qoraqalpog‘iston Res.,Kia,K5,D-Sedan,Benzin,Mahalliy yig‘uv (ADM Jizzax),Yuqori-o‘rta ($25k-$40k),33637,1,33637
2023,Q4,2023-Q4,Qoraqalpog‘iston Res.,Kia,Sportage,C-SUV,Benzin,Mahalliy yig‘uv (ADM Jizzax),Yuqori-o‘rta ($25k-$40k),34868,1,34868
2023,Q4,2023-Q4,Qoraqalpog‘iston Res.,Zeekr,001,E-Shooting Brake,Elektromobil (EV),Import (Xitoy),Premium (>$40k),48517,1,48517
2023,Q4,2023-Q4,Qoraqalpog‘iston Res.,Geely,Monjaro,Mid-SUV,Benzin (Turbo),Import (Xitoy),Yuqori-o‘rta ($25k-$40k),36205,1,36205
2023,Q4,2023-Q4,Qoraqalpog‘iston Res.,Jetour,Dashing,C-SUV,Benzin (Turbo),Import (Xitoy),Yuqori-o‘rta ($25k-$40k),26881,1,26881
2023,Q4,2023-Q4,Qoraqalpog‘iston Res.,Li Auto,L7/L9,Full-SUV,Gibrid (EREV),Import (Xitoy),Premium (>$40k),57835,1,57835
2024,Q1,2024-Q1,Toshkent shahri,Chevrolet,Cobalt,B-Sedan,Benzin,Mahalliy (Asaka),Byudjet (<$15k),12307,599,7371893
2024,Q1,2024-Q1,Toshkent shahri,Chevrolet,Damas,Mini-Van,Benzin,Mahalliy (Pitnak),Byudjet (<$15k),8938,99,884862
2024,Q1,2024-Q1,Toshkent shahri,Chevrolet,Labo,Mini-Truck,Benzin,Mahalliy (Pitnak),Byudjet (<$15k),8423,51,429573
2024,Q1,2024-Q1,Toshkent shahri,Chevrolet,Lacetti/Gentra,C-Sedan,Benzin,Mahalliy (Asaka),Byudjet (<$15k),13779,295,4064805
2024,Q1,2024-Q1,Toshkent shahri,Chevrolet,Tracker-2,B-SUV,Benzin (Turbo),Mahalliy (Asaka),O‘rta ($15k-$25k),17517,100,1751700
2024,Q1,2024-Q1,Toshkent shahri,Chevrolet,Onix,B-Sedan,Benzin (Turbo),Mahalliy (Asaka),Byudjet (<$15k),14450,131,1892950
2024,Q1,2024-Q1,Toshkent shahri,Chevrolet,Malibu-2,D-Sedan,Benzin (Turbo),Mahalliy (Asaka),Yuqori-o‘rta ($25k-$40k),35993,30,1079790
2024,Q1,2024-Q1,Toshkent shahri,BYD,Song Plus DM-i,C-SUV,Gibrid (PHEV),Gibrid/Yig‘uv (Jizzax),O‘rta ($15k-$25k),24989,855,21365595
2024,Q1,2024-Q1,Toshkent shahri,BYD,Chazor (Destroyer 05),C-Sedan,Gibrid (PHEV),Gibrid/Yig‘uv (Jizzax),O‘rta ($15k-$25k),19040,572,10890880
2024,Q1,2024-Q1,Toshkent shahri,BYD,Song Plus EV,C-SUV,Elektromobil (EV),Import (Xitoy),Yuqori-o‘rta ($25k-$40k),28420,142,4035640
2024,Q1,2024-Q1,Toshkent shahri,BYD,Han,E-Sedan,Elektromobil (EV),Import (Xitoy),Premium (>$40k),40147,48,1927056
2024,Q1,2024-Q1,Toshkent shahri,Chery,Tiggo 7 Pro,C-SUV,Benzin (Turbo),Mahalliy yig‘uv (ADM Jizzax),Yuqori-o‘rta ($25k-$40k),27082,65,1760330
2024,Q1,2024-Q1,Toshkent shahri,Chery,Arrizo 6 Pro,C-Sedan,Benzin (Turbo),Mahalliy yig‘uv (ADM Jizzax),O‘rta ($15k-$25k),21107,60,1266420
2024,Q1,2024-Q1,Toshkent shahri,Chery,Tiggo 8 Pro,Mid-SUV,Benzin (Turbo),Mahalliy yig‘uv (ADM Jizzax),Yuqori-o‘rta ($25k-$40k),34005,23,782115
2024,Q1,2024-Q1,Toshkent shahri,Haval,Jolion,B-SUV,Benzin (Turbo),Mahalliy yig‘uv (ADM Jizzax),O‘rta ($15k-$25k),24031,68,1634108
2024,Q1,2024-Q1,Toshkent shahri,Haval,M6,C-SUV,Benzin,Mahalliy yig‘uv (ADM Jizzax),O‘rta ($15k-$25k),19825,66,1308450
2024,Q1,2024-Q1,Toshkent shahri,Haval,H6,C-SUV,Benzin (Turbo),Mahalliy yig‘uv (ADM Jizzax),Yuqori-o‘rta ($25k-$40k),30313,31,939703
2024,Q1,2024-Q1,Toshkent shahri,Kia,Sonet,B-SUV,Benzin,Mahalliy yig‘uv (ADM Jizzax),O‘rta ($15k-$25k),18415,82,1510030
2024,Q1,2024-Q1,Toshkent shahri,Kia,K5,D-Sedan,Benzin,Mahalliy yig‘uv (ADM Jizzax),Yuqori-o‘rta ($25k-$40k),34454,31,1068074
2024,Q1,2024-Q1,Toshkent shahri,Kia,Sportage,C-SUV,Benzin,Mahalliy yig‘uv (ADM Jizzax),Yuqori-o‘rta ($25k-$40k),36118,23,830714
2024,Q1,2024-Q1,Toshkent shahri,Zeekr,001,E-Shooting Brake,Elektromobil (EV),Import (Xitoy),Premium (>$40k),49749,27,1343223
2024,Q1,2024-Q1,Toshkent shahri,Geely,Monjaro,Mid-SUV,Benzin (Turbo),Import (Xitoy),Yuqori-o‘rta ($25k-$40k),36983,24,887592
2024,Q1,2024-Q1,Toshkent shahri,Jetour,Dashing,C-SUV,Benzin (Turbo),Import (Xitoy),Yuqori-o‘rta ($25k-$40k),27459,33,906147
2024,Q1,2024-Q1,Toshkent shahri,Li Auto,L7/L9,Full-SUV,Gibrid (EREV),Import (Xitoy),Premium (>$40k),59237,23,1362451
2024,Q1,2024-Q1,Toshkent viloyati,Chevrolet,Cobalt,B-Sedan,Benzin,Mahalliy (Asaka),Byudjet (<$15k),12227,193,2359811
2024,Q1,2024-Q1,Toshkent viloyati,Chevrolet,Damas,Mini-Van,Benzin,Mahalliy (Pitnak),Byudjet (<$15k),8943,202,1806486
2024,Q1,2024-Q1,Toshkent viloyati,Chevrolet,Labo,Mini-Truck,Benzin,Mahalliy (Pitnak),Byudjet (<$15k),8297,90,746730
2024,Q1,2024-Q1,Toshkent viloyati,Chevrolet,Lacetti/Gentra,C-Sedan,Benzin,Mahalliy (Asaka),Byudjet (<$15k),13591,121,1644511
2024,Q1,2024-Q1,Toshkent viloyati,Chevrolet,Tracker-2,B-SUV,Benzin (Turbo),Mahalliy (Asaka),O‘rta ($15k-$25k),17742,43,762906
2024,Q1,2024-Q1,Toshkent viloyati,Chevrolet,Onix,B-Sedan,Benzin (Turbo),Mahalliy (Asaka),Byudjet (<$15k),14165,50,708250
2024,Q1,2024-Q1,Toshkent viloyati,Chevrolet,Malibu-2,D-Sedan,Benzin (Turbo),Mahalliy (Asaka),Yuqori-o‘rta ($25k-$40k),35858,6,215148
2024,Q1,2024-Q1,Toshkent viloyati,BYD,Song Plus DM-i,C-SUV,Gibrid (PHEV),Gibrid/Yig‘uv (Jizzax),Yuqori-o‘rta ($25k-$40k),25673,118,3029414
2024,Q1,2024-Q1,Toshkent viloyati,BYD,Chazor (Destroyer 05),C-Sedan,Gibrid (PHEV),Gibrid/Yig‘uv (Jizzax),O‘rta ($15k-$25k),19276,100,1927600
2024,Q1,2024-Q1,Toshkent viloyati,BYD,Song Plus EV,C-SUV,Elektromobil (EV),Import (Xitoy),Yuqori-o‘rta ($25k-$40k),28766,18,517788
2024,Q1,2024-Q1,Toshkent viloyati,BYD,Han,E-Sedan,Elektromobil (EV),Import (Xitoy),Premium (>$40k),40271,8,322168
2024,Q1,2024-Q1,Toshkent viloyati,Chery,Tiggo 7 Pro,C-SUV,Benzin (Turbo),Mahalliy yig‘uv (ADM Jizzax),Yuqori-o‘rta ($25k-$40k),27216,27,734832
2024,Q1,2024-Q1,Toshkent viloyati,Chery,Arrizo 6 Pro,C-Sedan,Benzin (Turbo),Mahalliy yig‘uv (ADM Jizzax),O‘rta ($15k-$25k),21292,21,447132
2024,Q1,2024-Q1,Toshkent viloyati,Chery,Tiggo 8 Pro,Mid-SUV,Benzin (Turbo),Mahalliy yig‘uv (ADM Jizzax),Yuqori-o‘rta ($25k-$40k),33728,9,303552
2024,Q1,2024-Q1,Toshkent viloyati,Haval,Jolion,B-SUV,Benzin (Turbo),Mahalliy yig‘uv (ADM Jizzax),O‘rta ($15k-$25k),23666,20,473320
2024,Q1,2024-Q1,Toshkent viloyati,Haval,M6,C-SUV,Benzin,Mahalliy yig‘uv (ADM Jizzax),O‘rta ($15k-$25k),19881,25,497025
2024,Q1,2024-Q1,Toshkent viloyati,Haval,H6,C-SUV,Benzin (Turbo),Mahalliy yig‘uv (ADM Jizzax),Yuqori-o‘rta ($25k-$40k),30276,12,363312
2024,Q1,2024-Q1,Toshkent viloyati,Kia,Sonet,B-SUV,Benzin,Mahalliy yig‘uv (ADM Jizzax),O‘rta ($15k-$25k),18677,27,504279
2024,Q1,2024-Q1,Toshkent viloyati,Kia,K5,D-Sedan,Benzin,Mahalliy yig‘uv (ADM Jizzax),Yuqori-o‘rta ($25k-$40k),34368,12,412416
2024,Q1,2024-Q1,Toshkent viloyati,Kia,Sportage,C-SUV,Benzin,Mahalliy yig‘uv (ADM Jizzax),Yuqori-o‘rta ($25k-$40k),35853,9,322677
2024,Q1,2024-Q1,Toshkent viloyati,Zeekr,001,E-Shooting Brake,Elektromobil (EV),Import (Xitoy),Premium (>$40k),49913,5,249565
2024,Q1,2024-Q1,Toshkent viloyati,Geely,Monjaro,Mid-SUV,Benzin (Turbo),Import (Xitoy),Yuqori-o‘rta ($25k-$40k),37263,8,298104
2024,Q1,2024-Q1,Toshkent viloyati,Jetour,Dashing,C-SUV,Benzin (Turbo),Import (Xitoy),Yuqori-o‘rta ($25k-$40k),27369,11,301059
2024,Q1,2024-Q1,Toshkent viloyati,Li Auto,L7/L9,Full-SUV,Gibrid (EREV),Import (Xitoy),Premium (>$40k),59281,2,118562
2024,Q1,2024-Q1,Samarqand,Chevrolet,Cobalt,B-Sedan,Benzin,Mahalliy (Asaka),Byudjet (<$15k),12212,271,3309452
2024,Q1,2024-Q1,Samarqand,Chevrolet,Damas,Mini-Van,Benzin,Mahalliy (Pitnak),Byudjet (<$15k),9180,170,1560600
2024,Q1,2024-Q1,Samarqand,Chevrolet,Labo,Mini-Truck,Benzin,Mahalliy (Pitnak),Byudjet (<$15k),8676,86,746136
2024,Q1,2024-Q1,Samarqand,Chevrolet,Lacetti/Gentra,C-Sedan,Benzin,Mahalliy (Asaka),Byudjet (<$15k),13933,143,1992419
2024,Q1,2024-Q1,Samarqand,Chevrolet,Tracker-2,B-SUV,Benzin (Turbo),Mahalliy (Asaka),O‘rta ($15k-$25k),17501,42,735042
2024,Q1,2024-Q1,Samarqand,Chevrolet,Onix,B-Sedan,Benzin (Turbo),Mahalliy (Asaka),Byudjet (<$15k),14311,37,529507
2024,Q1,2024-Q1,Samarqand,Chevrolet,Malibu-2,D-Sedan,Benzin (Turbo),Mahalliy (Asaka),Yuqori-o‘rta ($25k-$40k),35964,5,179820
2024,Q1,2024-Q1,Samarqand,BYD,Song Plus DM-i,C-SUV,Gibrid (PHEV),Gibrid/Yig‘uv (Jizzax),Yuqori-o‘rta ($25k-$40k),25206,164,4133784
2024,Q1,2024-Q1,Samarqand,BYD,Chazor (Destroyer 05),C-Sedan,Gibrid (PHEV),Gibrid/Yig‘uv (Jizzax),O‘rta ($15k-$25k),19571,110,2152810
2024,Q1,2024-Q1,Samarqand,BYD,Song Plus EV,C-SUV,Elektromobil (EV),Import (Xitoy),Yuqori-o‘rta ($25k-$40k),28121,17,478057
2024,Q1,2024-Q1,Samarqand,BYD,Han,E-Sedan,Elektromobil (EV),Import (Xitoy),Premium (>$40k),40388,5,201940
2024,Q1,2024-Q1,Samarqand,Chery,Tiggo 7 Pro,C-SUV,Benzin (Turbo),Mahalliy yig‘uv (ADM Jizzax),Yuqori-o‘rta ($25k-$40k),27057,24,649368
2024,Q1,2024-Q1,Samarqand,Chery,Arrizo 6 Pro,C-Sedan,Benzin (Turbo),Mahalliy yig‘uv (ADM Jizzax),O‘rta ($15k-$25k),21007,20,420140
2024,Q1,2024-Q1,Samarqand,Chery,Tiggo 8 Pro,Mid-SUV,Benzin (Turbo),Mahalliy yig‘uv (ADM Jizzax),Yuqori-o‘rta ($25k-$40k),34011,9,306099
2024,Q1,2024-Q1,Samarqand,Haval,Jolion,B-SUV,Benzin (Turbo),Mahalliy yig‘uv (ADM Jizzax),O‘rta ($15k-$25k),23663,20,473260
2024,Q1,2024-Q1,Samarqand,Haval,M6,C-SUV,Benzin,Mahalliy yig‘uv (ADM Jizzax),O‘rta ($15k-$25k),19967,20,399340
2024,Q1,2024-Q1,Samarqand,Haval,H6,C-SUV,Benzin (Turbo),Mahalliy yig‘uv (ADM Jizzax),Yuqori-o‘rta ($25k-$40k),30158,9,271422
2024,Q1,2024-Q1,Samarqand,Kia,Sonet,B-SUV,Benzin,Mahalliy yig‘uv (ADM Jizzax),O‘rta ($15k-$25k),18585,24,446040
2024,Q1,2024-Q1,Samarqand,Kia,K5,D-Sedan,Benzin,Mahalliy yig‘uv (ADM Jizzax),Yuqori-o‘rta ($25k-$40k),34465,11,379115
2024,Q1,2024-Q1,Samarqand,Kia,Sportage,C-SUV,Benzin,Mahalliy yig‘uv (ADM Jizzax),Yuqori-o‘rta ($25k-$40k),36182,8,289456
2024,Q1,2024-Q1,Samarqand,Zeekr,001,E-Shooting Brake,Elektromobil (EV),Import (Xitoy),Premium (>$40k),49913,2,99826
2024,Q1,2024-Q1,Samarqand,Geely,Monjaro,Mid-SUV,Benzin (Turbo),Import (Xitoy),Yuqori-o‘rta ($25k-$40k),37145,8,297160
2024,Q1,2024-Q1,Samarqand,Jetour,Dashing,C-SUV,Benzin (Turbo),Import (Xitoy),Yuqori-o‘rta ($25k-$40k),27689,9,249201
2024,Q1,2024-Q1,Samarqand,Li Auto,L7/L9,Full-SUV,Gibrid (EREV),Import (Xitoy),Premium (>$40k),59534,4,238136
2024,Q1,2024-Q1,Farg‘ona,Chevrolet,Cobalt,B-Sedan,Benzin,Mahalliy (Asaka),Byudjet (<$15k),12040,177,2131080
2024,Q1,2024-Q1,Farg‘ona,Chevrolet,Damas,Mini-Van,Benzin,Mahalliy (Pitnak),Byudjet (<$15k),9075,346,3139950
2024,Q1,2024-Q1,Farg‘ona,Chevrolet,Labo,Mini-Truck,Benzin,Mahalliy (Pitnak),Byudjet (<$15k),8349,164,1369236
2024,Q1,2024-Q1,Farg‘ona,Chevrolet,Lacetti/Gentra,C-Sedan,Benzin,Mahalliy (Asaka),Byudjet (<$15k),13920,109,1517280
2024,Q1,2024-Q1,Farg‘ona,Chevrolet,Tracker-2,B-SUV,Benzin (Turbo),Mahalliy (Asaka),O‘rta ($15k-$25k),17812,33,587796
2024,Q1,2024-Q1,Farg‘ona,Chevrolet,Onix,B-Sedan,Benzin (Turbo),Mahalliy (Asaka),Byudjet (<$15k),14132,32,452224
2024,Q1,2024-Q1,Farg‘ona,Chevrolet,Malibu-2,D-Sedan,Benzin (Turbo),Mahalliy (Asaka),Yuqori-o‘rta ($25k-$40k),36122,4,144488
2024,Q1,2024-Q1,Farg‘ona,BYD,Song Plus DM-i,C-SUV,Gibrid (PHEV),Gibrid/Yig‘uv (Jizzax),Yuqori-o‘rta ($25k-$40k),25485,114,2905290
2024,Q1,2024-Q1,Farg‘ona,BYD,Chazor (Destroyer 05),C-Sedan,Gibrid (PHEV),Gibrid/Yig‘uv (Jizzax),O‘rta ($15k-$25k),19463,89,1732207
2024,Q1,2024-Q1,Farg‘ona,BYD,Song Plus EV,C-SUV,Elektromobil (EV),Import (Xitoy),Yuqori-o‘rta ($25k-$40k),28865,6,173190
2024,Q1,2024-Q1,Farg‘ona,BYD,Han,E-Sedan,Elektromobil (EV),Import (Xitoy),Premium (>$40k),40817,1,40817
2024,Q1,2024-Q1,Farg‘ona,Chery,Tiggo 7 Pro,C-SUV,Benzin (Turbo),Mahalliy yig‘uv (ADM Jizzax),Yuqori-o‘rta ($25k-$40k),26886,21,564606
2024,Q1,2024-Q1,Farg‘ona,Chery,Arrizo 6 Pro,C-Sedan,Benzin (Turbo),Mahalliy yig‘uv (ADM Jizzax),O‘rta ($15k-$25k),21017,18,378306
2024,Q1,2024-Q1,Farg‘ona,Chery,Tiggo 8 Pro,Mid-SUV,Benzin (Turbo),Mahalliy yig‘uv (ADM Jizzax),Yuqori-o‘rta ($25k-$40k),33894,8,271152
2024,Q1,2024-Q1,Farg‘ona,Haval,Jolion,B-SUV,Benzin (Turbo),Mahalliy yig‘uv (ADM Jizzax),O‘rta ($15k-$25k),23940,17,406980
2024,Q1,2024-Q1,Farg‘ona,Haval,M6,C-SUV,Benzin,Mahalliy yig‘uv (ADM Jizzax),O‘rta ($15k-$25k),20097,20,401940
2024,Q1,2024-Q1,Farg‘ona,Haval,H6,C-SUV,Benzin (Turbo),Mahalliy yig‘uv (ADM Jizzax),Yuqori-o‘rta ($25k-$40k),30263,11,332893
2024,Q1,2024-Q1,Farg‘ona,Kia,Sonet,B-SUV,Benzin,Mahalliy yig‘uv (ADM Jizzax),O‘rta ($15k-$25k),18437,20,368740
2024,Q1,2024-Q1,Farg‘ona,Kia,K5,D-Sedan,Benzin,Mahalliy yig‘uv (ADM Jizzax),Yuqori-o‘rta ($25k-$40k),34558,10,345580
2024,Q1,2024-Q1,Farg‘ona,Kia,Sportage,C-SUV,Benzin,Mahalliy yig‘uv (ADM Jizzax),Yuqori-o‘rta ($25k-$40k),36233,7,253631
2024,Q1,2024-Q1,Farg‘ona,Zeekr,001,E-Shooting Brake,Elektromobil (EV),Import (Xitoy),Premium (>$40k),49780,1,49780
2024,Q1,2024-Q1,Farg‘ona,Geely,Monjaro,Mid-SUV,Benzin (Turbo),Import (Xitoy),Yuqori-o‘rta ($25k-$40k),36912,8,295296
2024,Q1,2024-Q1,Farg‘ona,Jetour,Dashing,C-SUV,Benzin (Turbo),Import (Xitoy),Yuqori-o‘rta ($25k-$40k),27569,8,220552
2024,Q1,2024-Q1,Farg‘ona,Li Auto,L7/L9,Full-SUV,Gibrid (EREV),Import (Xitoy),Premium (>$40k),59388,2,118776
2024,Q1,2024-Q1,Andijon,Chevrolet,Cobalt,B-Sedan,Benzin,Mahalliy (Asaka),Byudjet (<$15k),12240,153,1872720
2024,Q1,2024-Q1,Andijon,Chevrolet,Damas,Mini-Van,Benzin,Mahalliy (Pitnak),Byudjet (<$15k),9119,287,2617153
2024,Q1,2024-Q1,Andijon,Chevrolet,Labo,Mini-Truck,Benzin,Mahalliy (Pitnak),Byudjet (<$15k),8297,149,1236253
2024,Q1,2024-Q1,Andijon,Chevrolet,Lacetti/Gentra,C-Sedan,Benzin,Mahalliy (Asaka),Byudjet (<$15k),13636,86,1172696
2024,Q1,2024-Q1,Andijon,Chevrolet,Tracker-2,B-SUV,Benzin (Turbo),Mahalliy (Asaka),O‘rta ($15k-$25k),17551,27,473877
2024,Q1,2024-Q1,Andijon,Chevrolet,Onix,B-Sedan,Benzin (Turbo),Mahalliy (Asaka),Byudjet (<$15k),14127,34,480318
2024,Q1,2024-Q1,Andijon,Chevrolet,Malibu-2,D-Sedan,Benzin (Turbo),Mahalliy (Asaka),Yuqori-o‘rta ($25k-$40k),35943,3,107829
2024,Q1,2024-Q1,Andijon,BYD,Song Plus DM-i,C-SUV,Gibrid (PHEV),Gibrid/Yig‘uv (Jizzax),Yuqori-o‘rta ($25k-$40k),25597,91,2329327
2024,Q1,2024-Q1,Andijon,BYD,Chazor (Destroyer 05),C-Sedan,Gibrid (PHEV),Gibrid/Yig‘uv (Jizzax),O‘rta ($15k-$25k),19027,65,1236755
2024,Q1,2024-Q1,Andijon,BYD,Song Plus EV,C-SUV,Elektromobil (EV),Import (Xitoy),Yuqori-o‘rta ($25k-$40k),28787,5,143935
2024,Q1,2024-Q1,Andijon,BYD,Han,E-Sedan,Elektromobil (EV),Import (Xitoy),Premium (>$40k),40337,3,121011
2024,Q1,2024-Q1,Andijon,Chery,Tiggo 7 Pro,C-SUV,Benzin (Turbo),Mahalliy yig‘uv (ADM Jizzax),Yuqori-o‘rta ($25k-$40k),26956,19,512164
2024,Q1,2024-Q1,Andijon,Chery,Arrizo 6 Pro,C-Sedan,Benzin (Turbo),Mahalliy yig‘uv (ADM Jizzax),O‘rta ($15k-$25k),21087,15,316305
2024,Q1,2024-Q1,Andijon,Chery,Tiggo 8 Pro,Mid-SUV,Benzin (Turbo),Mahalliy yig‘uv (ADM Jizzax),Yuqori-o‘rta ($25k-$40k),33923,7,237461
2024,Q1,2024-Q1,Andijon,Haval,Jolion,B-SUV,Benzin (Turbo),Mahalliy yig‘uv (ADM Jizzax),O‘rta ($15k-$25k),23837,16,381392
2024,Q1,2024-Q1,Andijon,Haval,M6,C-SUV,Benzin,Mahalliy yig‘uv (ADM Jizzax),O‘rta ($15k-$25k),20056,16,320896
2024,Q1,2024-Q1,Andijon,Haval,H6,C-SUV,Benzin (Turbo),Mahalliy yig‘uv (ADM Jizzax),Yuqori-o‘rta ($25k-$40k),30014,9,270126
2024,Q1,2024-Q1,Andijon,Kia,Sonet,B-SUV,Benzin,Mahalliy yig‘uv (ADM Jizzax),O‘rta ($15k-$25k),18679,19,354901
2024,Q1,2024-Q1,Andijon,Kia,K5,D-Sedan,Benzin,Mahalliy yig‘uv (ADM Jizzax),Yuqori-o‘rta ($25k-$40k),34615,7,242305
2024,Q1,2024-Q1,Andijon,Kia,Sportage,C-SUV,Benzin,Mahalliy yig‘uv (ADM Jizzax),Yuqori-o‘rta ($25k-$40k),36017,7,252119
2024,Q1,2024-Q1,Andijon,Zeekr,001,E-Shooting Brake,Elektromobil (EV),Import (Xitoy),Premium (>$40k),49882,1,49882
2024,Q1,2024-Q1,Andijon,Geely,Monjaro,Mid-SUV,Benzin (Turbo),Import (Xitoy),Yuqori-o‘rta ($25k-$40k),36939,8,295512
2024,Q1,2024-Q1,Andijon,Jetour,Dashing,C-SUV,Benzin (Turbo),Import (Xitoy),Yuqori-o‘rta ($25k-$40k),27502,6,165012
2024,Q1,2024-Q1,Andijon,Li Auto,L7/L9,Full-SUV,Gibrid (EREV),Import (Xitoy),Premium (>$40k),59399,1,59399
2024,Q1,2024-Q1,Namangan,Chevrolet,Cobalt,B-Sedan,Benzin,Mahalliy (Asaka),Byudjet (<$15k),12377,140,1732780
2024,Q1,2024-Q1,Namangan,Chevrolet,Damas,Mini-Van,Benzin,Mahalliy (Pitnak),Byudjet (<$15k),8820,243,2143260
2024,Q1,2024-Q1,Namangan,Chevrolet,Labo,Mini-Truck,Benzin,Mahalliy (Pitnak),Byudjet (<$15k),8430,145,1222350
2024,Q1,2024-Q1,Namangan,Chevrolet,Lacetti/Gentra,C-Sedan,Benzin,Mahalliy (Asaka),Byudjet (<$15k),13800,78,1076400
2024,Q1,2024-Q1,Namangan,Chevrolet,Tracker-2,B-SUV,Benzin (Turbo),Mahalliy (Asaka),O‘rta ($15k-$25k),17588,23,404524
2024,Q1,2024-Q1,Namangan,Chevrolet,Onix,B-Sedan,Benzin (Turbo),Mahalliy (Asaka),Byudjet (<$15k),14601,28,408828
2024,Q1,2024-Q1,Namangan,Chevrolet,Malibu-2,D-Sedan,Benzin (Turbo),Mahalliy (Asaka),Yuqori-o‘rta ($25k-$40k),35983,3,107949
2024,Q1,2024-Q1,Namangan,BYD,Song Plus DM-i,C-SUV,Gibrid (PHEV),Gibrid/Yig‘uv (Jizzax),Yuqori-o‘rta ($25k-$40k),25088,82,2057216
2024,Q1,2024-Q1,Namangan,BYD,Chazor (Destroyer 05),C-Sedan,Gibrid (PHEV),Gibrid/Yig‘uv (Jizzax),O‘rta ($15k-$25k),19219,58,1114702
2024,Q1,2024-Q1,Namangan,BYD,Song Plus EV,C-SUV,Elektromobil (EV),Import (Xitoy),Yuqori-o‘rta ($25k-$40k),28721,5,143605
2024,Q1,2024-Q1,Namangan,BYD,Han,E-Sedan,Elektromobil (EV),Import (Xitoy),Premium (>$40k),40811,2,81622
2024,Q1,2024-Q1,Namangan,Chery,Tiggo 7 Pro,C-SUV,Benzin (Turbo),Mahalliy yig‘uv (ADM Jizzax),Yuqori-o‘rta ($25k-$40k),26838,16,429408
2024,Q1,2024-Q1,Namangan,Chery,Arrizo 6 Pro,C-Sedan,Benzin (Turbo),Mahalliy yig‘uv (ADM Jizzax),O‘rta ($15k-$25k),21181,14,296534
2024,Q1,2024-Q1,Namangan,Chery,Tiggo 8 Pro,Mid-SUV,Benzin (Turbo),Mahalliy yig‘uv (ADM Jizzax),Yuqori-o‘rta ($25k-$40k),34003,6,204018
2024,Q1,2024-Q1,Namangan,Haval,Jolion,B-SUV,Benzin (Turbo),Mahalliy yig‘uv (ADM Jizzax),O‘rta ($15k-$25k),24015,14,336210
2024,Q1,2024-Q1,Namangan,Haval,M6,C-SUV,Benzin,Mahalliy yig‘uv (ADM Jizzax),O‘rta ($15k-$25k),19953,15,299295
2024,Q1,2024-Q1,Namangan,Haval,H6,C-SUV,Benzin (Turbo),Mahalliy yig‘uv (ADM Jizzax),Yuqori-o‘rta ($25k-$40k),30051,6,180306
2024,Q1,2024-Q1,Namangan,Kia,Sonet,B-SUV,Benzin,Mahalliy yig‘uv (ADM Jizzax),O‘rta ($15k-$25k),18673,19,354787
2024,Q1,2024-Q1,Namangan,Kia,K5,D-Sedan,Benzin,Mahalliy yig‘uv (ADM Jizzax),Yuqori-o‘rta ($25k-$40k),34354,6,206124
2024,Q1,2024-Q1,Namangan,Kia,Sportage,C-SUV,Benzin,Mahalliy yig‘uv (ADM Jizzax),Yuqori-o‘rta ($25k-$40k),36039,6,216234
2024,Q1,2024-Q1,Namangan,Zeekr,001,E-Shooting Brake,Elektromobil (EV),Import (Xitoy),Premium (>$40k),49801,1,49801
2024,Q1,2024-Q1,Namangan,Geely,Monjaro,Mid-SUV,Benzin (Turbo),Import (Xitoy),Yuqori-o‘rta ($25k-$40k),37206,4,148824
2024,Q1,2024-Q1,Namangan,Jetour,Dashing,C-SUV,Benzin (Turbo),Import (Xitoy),Yuqori-o‘rta ($25k-$40k),27457,6,164742
2024,Q1,2024-Q1,Namangan,Li Auto,L7/L9,Full-SUV,Gibrid (EREV),Import (Xitoy),Premium (>$40k),59260,1,59260
2024,Q1,2024-Q1,Buxoro,Chevrolet,Cobalt,B-Sedan,Benzin,Mahalliy (Asaka),Byudjet (<$15k),12135,175,2123625
2024,Q1,2024-Q1,Buxoro,Chevrolet,Damas,Mini-Van,Benzin,Mahalliy (Pitnak),Byudjet (<$15k),8872,101,896072
2024,Q1,2024-Q1,Buxoro,Chevrolet,Labo,Mini-Truck,Benzin,Mahalliy (Pitnak),Byudjet (<$15k),8539,49,418411
2024,Q1,2024-Q1,Buxoro,Chevrolet,Lacetti/Gentra,C-Sedan,Benzin,Mahalliy (Asaka),Byudjet (<$15k),13928,92,1281376
2024,Q1,2024-Q1,Buxoro,Chevrolet,Tracker-2,B-SUV,Benzin (Turbo),Mahalliy (Asaka),O‘rta ($15k-$25k),17576,20,351520
2024,Q1,2024-Q1,Buxoro,Chevrolet,Onix,B-Sedan,Benzin (Turbo),Mahalliy (Asaka),Byudjet (<$15k),14142,29,410118
2024,Q1,2024-Q1,Buxoro,Chevrolet,Malibu-2,D-Sedan,Benzin (Turbo),Mahalliy (Asaka),Yuqori-o‘rta ($25k-$40k),36006,3,108018
2024,Q1,2024-Q1,Buxoro,BYD,Song Plus DM-i,C-SUV,Gibrid (PHEV),Gibrid/Yig‘uv (Jizzax),Yuqori-o‘rta ($25k-$40k),25629,80,2050320
2024,Q1,2024-Q1,Buxoro,BYD,Chazor (Destroyer 05),C-Sedan,Gibrid (PHEV),Gibrid/Yig‘uv (Jizzax),O‘rta ($15k-$25k),19677,69,1357713
2024,Q1,2024-Q1,Buxoro,BYD,Song Plus EV,C-SUV,Elektromobil (EV),Import (Xitoy),Yuqori-o‘rta ($25k-$40k),28209,11,310299
2024,Q1,2024-Q1,Buxoro,BYD,Han,E-Sedan,Elektromobil (EV),Import (Xitoy),Premium (>$40k),40229,6,241374
2024,Q1,2024-Q1,Buxoro,Chery,Tiggo 7 Pro,C-SUV,Benzin (Turbo),Mahalliy yig‘uv (ADM Jizzax),Yuqori-o‘rta ($25k-$40k),26961,15,404415
2024,Q1,2024-Q1,Buxoro,Chery,Arrizo 6 Pro,C-Sedan,Benzin (Turbo),Mahalliy yig‘uv (ADM Jizzax),O‘rta ($15k-$25k),21198,10,211980
2024,Q1,2024-Q1,Buxoro,Chery,Tiggo 8 Pro,Mid-SUV,Benzin (Turbo),Mahalliy yig‘uv (ADM Jizzax),Yuqori-o‘rta ($25k-$40k),33934,7,237538
2024,Q1,2024-Q1,Buxoro,Haval,Jolion,B-SUV,Benzin (Turbo),Mahalliy yig‘uv (ADM Jizzax),O‘rta ($15k-$25k),24016,12,288192
2024,Q1,2024-Q1,Buxoro,Haval,M6,C-SUV,Benzin,Mahalliy yig‘uv (ADM Jizzax),O‘rta ($15k-$25k),19895,13,258635
2024,Q1,2024-Q1,Buxoro,Haval,H6,C-SUV,Benzin (Turbo),Mahalliy yig‘uv (ADM Jizzax),Yuqori-o‘rta ($25k-$40k),30225,6,181350
2024,Q1,2024-Q1,Buxoro,Kia,Sonet,B-SUV,Benzin,Mahalliy yig‘uv (ADM Jizzax),O‘rta ($15k-$25k),18526,12,222312
2024,Q1,2024-Q1,Buxoro,Kia,K5,D-Sedan,Benzin,Mahalliy yig‘uv (ADM Jizzax),Yuqori-o‘rta ($25k-$40k),34616,7,242312
2024,Q1,2024-Q1,Buxoro,Kia,Sportage,C-SUV,Benzin,Mahalliy yig‘uv (ADM Jizzax),Yuqori-o‘rta ($25k-$40k),36238,6,217428
2024,Q1,2024-Q1,Buxoro,Zeekr,001,E-Shooting Brake,Elektromobil (EV),Import (Xitoy),Premium (>$40k),49814,3,149442
2024,Q1,2024-Q1,Buxoro,Geely,Monjaro,Mid-SUV,Benzin (Turbo),Import (Xitoy),Yuqori-o‘rta ($25k-$40k),37113,5,185565
2024,Q1,2024-Q1,Buxoro,Jetour,Dashing,C-SUV,Benzin (Turbo),Import (Xitoy),Yuqori-o‘rta ($25k-$40k),27601,7,193207
2024,Q1,2024-Q1,Buxoro,Li Auto,L7/L9,Full-SUV,Gibrid (EREV),Import (Xitoy),Premium (>$40k),59283,2,118566
2024,Q1,2024-Q1,Qashqadaryo,Chevrolet,Cobalt,B-Sedan,Benzin,Mahalliy (Asaka),Byudjet (<$15k),12301,104,1279304
2024,Q1,2024-Q1,Qashqadaryo,Chevrolet,Damas,Mini-Van,Benzin,Mahalliy (Pitnak),Byudjet (<$15k),9005,81,729405
2024,Q1,2024-Q1,Qashqadaryo,Chevrolet,Labo,Mini-Truck,Benzin,Mahalliy (Pitnak),Byudjet (<$15k),8622,45,387990
2024,Q1,2024-Q1,Qashqadaryo,Chevrolet,Lacetti/Gentra,C-Sedan,Benzin,Mahalliy (Asaka),Byudjet (<$15k),13825,56,774200
2024,Q1,2024-Q1,Qashqadaryo,Chevrolet,Tracker-2,B-SUV,Benzin (Turbo),Mahalliy (Asaka),O‘rta ($15k-$25k),17897,18,322146
2024,Q1,2024-Q1,Qashqadaryo,Chevrolet,Onix,B-Sedan,Benzin (Turbo),Mahalliy (Asaka),Byudjet (<$15k),14279,21,299859
2024,Q1,2024-Q1,Qashqadaryo,Chevrolet,Malibu-2,D-Sedan,Benzin (Turbo),Mahalliy (Asaka),Yuqori-o‘rta ($25k-$40k),35876,3,107628
2024,Q1,2024-Q1,Qashqadaryo,BYD,Song Plus DM-i,C-SUV,Gibrid (PHEV),Gibrid/Yig‘uv (Jizzax),Yuqori-o‘rta ($25k-$40k),25232,48,1211136
2024,Q1,2024-Q1,Qashqadaryo,BYD,Chazor (Destroyer 05),C-Sedan,Gibrid (PHEV),Gibrid/Yig‘uv (Jizzax),O‘rta ($15k-$25k),19125,48,918000
2024,Q1,2024-Q1,Qashqadaryo,BYD,Song Plus EV,C-SUV,Elektromobil (EV),Import (Xitoy),Yuqori-o‘rta ($25k-$40k),28181,10,281810
2024,Q1,2024-Q1,Qashqadaryo,BYD,Han,E-Sedan,Elektromobil (EV),Import (Xitoy),Premium (>$40k),40098,5,200490
2024,Q1,2024-Q1,Qashqadaryo,Chery,Tiggo 7 Pro,C-SUV,Benzin (Turbo),Mahalliy yig‘uv (ADM Jizzax),Yuqori-o‘rta ($25k-$40k),27194,12,326328
2024,Q1,2024-Q1,Qashqadaryo,Chery,Arrizo 6 Pro,C-Sedan,Benzin (Turbo),Mahalliy yig‘uv (ADM Jizzax),O‘rta ($15k-$25k),21193,9,190737
2024,Q1,2024-Q1,Qashqadaryo,Chery,Tiggo 8 Pro,Mid-SUV,Benzin (Turbo),Mahalliy yig‘uv (ADM Jizzax),Yuqori-o‘rta ($25k-$40k),34044,4,136176
2024,Q1,2024-Q1,Qashqadaryo,Haval,Jolion,B-SUV,Benzin (Turbo),Mahalliy yig‘uv (ADM Jizzax),O‘rta ($15k-$25k),23946,10,239460
2024,Q1,2024-Q1,Qashqadaryo,Haval,M6,C-SUV,Benzin,Mahalliy yig‘uv (ADM Jizzax),O‘rta ($15k-$25k),19958,10,199580
2024,Q1,2024-Q1,Qashqadaryo,Haval,H6,C-SUV,Benzin (Turbo),Mahalliy yig‘uv (ADM Jizzax),Yuqori-o‘rta ($25k-$40k),30367,5,151835
2024,Q1,2024-Q1,Qashqadaryo,Kia,Sonet,B-SUV,Benzin,Mahalliy yig‘uv (ADM Jizzax),O‘rta ($15k-$25k),18477,13,240201
2024,Q1,2024-Q1,Qashqadaryo,Kia,K5,D-Sedan,Benzin,Mahalliy yig‘uv (ADM Jizzax),Yuqori-o‘rta ($25k-$40k),34334,4,137336
2024,Q1,2024-Q1,Qashqadaryo,Kia,Sportage,C-SUV,Benzin,Mahalliy yig‘uv (ADM Jizzax),Yuqori-o‘rta ($25k-$40k),35869,5,179345
2024,Q1,2024-Q1,Qashqadaryo,Zeekr,001,E-Shooting Brake,Elektromobil (EV),Import (Xitoy),Premium (>$40k),49927,1,49927
2024,Q1,2024-Q1,Qashqadaryo,Geely,Monjaro,Mid-SUV,Benzin (Turbo),Import (Xitoy),Yuqori-o‘rta ($25k-$40k),37195,4,148780
2024,Q1,2024-Q1,Qashqadaryo,Jetour,Dashing,C-SUV,Benzin (Turbo),Import (Xitoy),Yuqori-o‘rta ($25k-$40k),27665,4,110660
2024,Q1,2024-Q1,Qashqadaryo,Li Auto,L7/L9,Full-SUV,Gibrid (EREV),Import (Xitoy),Premium (>$40k),59320,1,59320
2024,Q1,2024-Q1,Xorazm,Chevrolet,Cobalt,B-Sedan,Benzin,Mahalliy (Asaka),Byudjet (<$15k),12210,84,1025640
2024,Q1,2024-Q1,Xorazm,Chevrolet,Damas,Mini-Van,Benzin,Mahalliy (Pitnak),Byudjet (<$15k),8852,140,1239280
2024,Q1,2024-Q1,Xorazm,Chevrolet,Labo,Mini-Truck,Benzin,Mahalliy (Pitnak),Byudjet (<$15k),8545,69,589605
2024,Q1,2024-Q1,Xorazm,Chevrolet,Lacetti/Gentra,C-Sedan,Benzin,Mahalliy (Asaka),Byudjet (<$15k),13674,53,724722
2024,Q1,2024-Q1,Xorazm,Chevrolet,Tracker-2,B-SUV,Benzin (Turbo),Mahalliy (Asaka),O‘rta ($15k-$25k),17496,16,279936
2024,Q1,2024-Q1,Xorazm,Chevrolet,Onix,B-Sedan,Benzin (Turbo),Mahalliy (Asaka),Byudjet (<$15k),14194,14,198716
2024,Q1,2024-Q1,Xorazm,Chevrolet,Malibu-2,D-Sedan,Benzin (Turbo),Mahalliy (Asaka),Yuqori-o‘rta ($25k-$40k),36021,2,72042
2024,Q1,2024-Q1,Xorazm,BYD,Song Plus DM-i,C-SUV,Gibrid (PHEV),Gibrid/Yig‘uv (Jizzax),O‘rta ($15k-$25k),24924,50,1246200
2024,Q1,2024-Q1,Xorazm,BYD,Chazor (Destroyer 05),C-Sedan,Gibrid (PHEV),Gibrid/Yig‘uv (Jizzax),O‘rta ($15k-$25k),19524,30,585720
2024,Q1,2024-Q1,Xorazm,BYD,Song Plus EV,C-SUV,Elektromobil (EV),Import (Xitoy),Yuqori-o‘rta ($25k-$40k),28138,3,84414
2024,Q1,2024-Q1,Xorazm,BYD,Han,E-Sedan,Elektromobil (EV),Import (Xitoy),Premium (>$40k),40824,1,40824
2024,Q1,2024-Q1,Xorazm,Chery,Tiggo 7 Pro,C-SUV,Benzin (Turbo),Mahalliy yig‘uv (ADM Jizzax),Yuqori-o‘rta ($25k-$40k),26869,8,214952
2024,Q1,2024-Q1,Xorazm,Chery,Arrizo 6 Pro,C-Sedan,Benzin (Turbo),Mahalliy yig‘uv (ADM Jizzax),O‘rta ($15k-$25k),21054,7,147378
2024,Q1,2024-Q1,Xorazm,Chery,Tiggo 8 Pro,Mid-SUV,Benzin (Turbo),Mahalliy yig‘uv (ADM Jizzax),Yuqori-o‘rta ($25k-$40k),33891,2,67782
2024,Q1,2024-Q1,Xorazm,Haval,Jolion,B-SUV,Benzin (Turbo),Mahalliy yig‘uv (ADM Jizzax),O‘rta ($15k-$25k),24017,8,192136
2024,Q1,2024-Q1,Xorazm,Haval,M6,C-SUV,Benzin,Mahalliy yig‘uv (ADM Jizzax),O‘rta ($15k-$25k),19925,8,159400
2024,Q1,2024-Q1,Xorazm,Haval,H6,C-SUV,Benzin (Turbo),Mahalliy yig‘uv (ADM Jizzax),Yuqori-o‘rta ($25k-$40k),30096,5,150480
2024,Q1,2024-Q1,Xorazm,Kia,Sonet,B-SUV,Benzin,Mahalliy yig‘uv (ADM Jizzax),O‘rta ($15k-$25k),18550,8,148400
2024,Q1,2024-Q1,Xorazm,Kia,K5,D-Sedan,Benzin,Mahalliy yig‘uv (ADM Jizzax),Yuqori-o‘rta ($25k-$40k),34507,4,138028
2024,Q1,2024-Q1,Xorazm,Kia,Sportage,C-SUV,Benzin,Mahalliy yig‘uv (ADM Jizzax),Yuqori-o‘rta ($25k-$40k),35902,3,107706
2024,Q1,2024-Q1,Xorazm,Zeekr,001,E-Shooting Brake,Elektromobil (EV),Import (Xitoy),Premium (>$40k),49944,1,49944
2024,Q1,2024-Q1,Xorazm,Geely,Monjaro,Mid-SUV,Benzin (Turbo),Import (Xitoy),Yuqori-o‘rta ($25k-$40k),37272,4,149088
2024,Q1,2024-Q1,Xorazm,Jetour,Dashing,C-SUV,Benzin (Turbo),Import (Xitoy),Yuqori-o‘rta ($25k-$40k),27511,4,110044
2024,Q1,2024-Q1,Xorazm,Li Auto,L7/L9,Full-SUV,Gibrid (EREV),Import (Xitoy),Premium (>$40k),59173,1,59173
2024,Q1,2024-Q1,Surxondaryo,Chevrolet,Cobalt,B-Sedan,Benzin,Mahalliy (Asaka),Byudjet (<$15k),12200,79,963800
2024,Q1,2024-Q1,Surxondaryo,Chevrolet,Damas,Mini-Van,Benzin,Mahalliy (Pitnak),Byudjet (<$15k),9077,67,608159
2024,Q1,2024-Q1,Surxondaryo,Chevrolet,Labo,Mini-Truck,Benzin,Mahalliy (Pitnak),Byudjet (<$15k),8562,37,316794
2024,Q1,2024-Q1,Surxondaryo,Chevrolet,Lacetti/Gentra,C-Sedan,Benzin,Mahalliy (Asaka),Byudjet (<$15k),13790,36,496440
2024,Q1,2024-Q1,Surxondaryo,Chevrolet,Tracker-2,B-SUV,Benzin (Turbo),Mahalliy (Asaka),O‘rta ($15k-$25k),17802,16,284832
2024,Q1,2024-Q1,Surxondaryo,Chevrolet,Onix,B-Sedan,Benzin (Turbo),Mahalliy (Asaka),Byudjet (<$15k),14223,15,213345
2024,Q1,2024-Q1,Surxondaryo,Chevrolet,Malibu-2,D-Sedan,Benzin (Turbo),Mahalliy (Asaka),Yuqori-o‘rta ($25k-$40k),36154,1,36154
2024,Q1,2024-Q1,Surxondaryo,BYD,Song Plus DM-i,C-SUV,Gibrid (PHEV),Gibrid/Yig‘uv (Jizzax),O‘rta ($15k-$25k),24995,48,1199760
2024,Q1,2024-Q1,Surxondaryo,BYD,Chazor (Destroyer 05),C-Sedan,Gibrid (PHEV),Gibrid/Yig‘uv (Jizzax),O‘rta ($15k-$25k),19065,35,667275
2024,Q1,2024-Q1,Surxondaryo,BYD,Song Plus EV,C-SUV,Elektromobil (EV),Import (Xitoy),Yuqori-o‘rta ($25k-$40k),28146,9,253314
2024,Q1,2024-Q1,Surxondaryo,BYD,Han,E-Sedan,Elektromobil (EV),Import (Xitoy),Premium (>$40k),40161,4,160644
2024,Q1,2024-Q1,Surxondaryo,Chery,Tiggo 7 Pro,C-SUV,Benzin (Turbo),Mahalliy yig‘uv (ADM Jizzax),Yuqori-o‘rta ($25k-$40k),26901,10,269010
2024,Q1,2024-Q1,Surxondaryo,Chery,Arrizo 6 Pro,C-Sedan,Benzin (Turbo),Mahalliy yig‘uv (ADM Jizzax),O‘rta ($15k-$25k),21326,9,191934
2024,Q1,2024-Q1,Surxondaryo,Chery,Tiggo 8 Pro,Mid-SUV,Benzin (Turbo),Mahalliy yig‘uv (ADM Jizzax),Yuqori-o‘rta ($25k-$40k),33757,4,135028
2024,Q1,2024-Q1,Surxondaryo,Haval,Jolion,B-SUV,Benzin (Turbo),Mahalliy yig‘uv (ADM Jizzax),O‘rta ($15k-$25k),23850,8,190800
2024,Q1,2024-Q1,Surxondaryo,Haval,M6,C-SUV,Benzin,Mahalliy yig‘uv (ADM Jizzax),O‘rta ($15k-$25k),19927,7,139489
2024,Q1,2024-Q1,Surxondaryo,Haval,H6,C-SUV,Benzin (Turbo),Mahalliy yig‘uv (ADM Jizzax),Yuqori-o‘rta ($25k-$40k),30013,3,90039
2024,Q1,2024-Q1,Surxondaryo,Kia,Sonet,B-SUV,Benzin,Mahalliy yig‘uv (ADM Jizzax),O‘rta ($15k-$25k),18516,8,148128
2024,Q1,2024-Q1,Surxondaryo,Kia,K5,D-Sedan,Benzin,Mahalliy yig‘uv (ADM Jizzax),Yuqori-o‘rta ($25k-$40k),34453,4,137812
2024,Q1,2024-Q1,Surxondaryo,Kia,Sportage,C-SUV,Benzin,Mahalliy yig‘uv (ADM Jizzax),Yuqori-o‘rta ($25k-$40k),36033,3,108099
2024,Q1,2024-Q1,Surxondaryo,Zeekr,001,E-Shooting Brake,Elektromobil (EV),Import (Xitoy),Premium (>$40k),49898,3,149694
2024,Q1,2024-Q1,Surxondaryo,Geely,Monjaro,Mid-SUV,Benzin (Turbo),Import (Xitoy),Yuqori-o‘rta ($25k-$40k),37203,3,111609
2024,Q1,2024-Q1,Surxondaryo,Jetour,Dashing,C-SUV,Benzin (Turbo),Import (Xitoy),Yuqori-o‘rta ($25k-$40k),27360,4,109440
2024,Q1,2024-Q1,Surxondaryo,Li Auto,L7/L9,Full-SUV,Gibrid (EREV),Import (Xitoy),Premium (>$40k),59294,1,59294
2024,Q1,2024-Q1,Navoiy,Chevrolet,Cobalt,B-Sedan,Benzin,Mahalliy (Asaka),Byudjet (<$15k),12122,61,739442
2024,Q1,2024-Q1,Navoiy,Chevrolet,Damas,Mini-Van,Benzin,Mahalliy (Pitnak),Byudjet (<$15k),8917,43,383431
2024,Q1,2024-Q1,Navoiy,Chevrolet,Labo,Mini-Truck,Benzin,Mahalliy (Pitnak),Byudjet (<$15k),8675,26,225550
2024,Q1,2024-Q1,Navoiy,Chevrolet,Lacetti/Gentra,C-Sedan,Benzin,Mahalliy (Asaka),Byudjet (<$15k),13938,30,418140
2024,Q1,2024-Q1,Navoiy,Chevrolet,Tracker-2,B-SUV,Benzin (Turbo),Mahalliy (Asaka),O‘rta ($15k-$25k),17477,10,174770
2024,Q1,2024-Q1,Navoiy,Chevrolet,Onix,B-Sedan,Benzin (Turbo),Mahalliy (Asaka),Byudjet (<$15k),14236,10,142360
2024,Q1,2024-Q1,Navoiy,Chevrolet,Malibu-2,D-Sedan,Benzin (Turbo),Mahalliy (Asaka),Yuqori-o‘rta ($25k-$40k),36136,1,36136
2024,Q1,2024-Q1,Navoiy,BYD,Song Plus DM-i,C-SUV,Gibrid (PHEV),Gibrid/Yig‘uv (Jizzax),Yuqori-o‘rta ($25k-$40k),25378,40,1015120
2024,Q1,2024-Q1,Navoiy,BYD,Chazor (Destroyer 05),C-Sedan,Gibrid (PHEV),Gibrid/Yig‘uv (Jizzax),O‘rta ($15k-$25k),19038,25,475950
2024,Q1,2024-Q1,Navoiy,BYD,Song Plus EV,C-SUV,Elektromobil (EV),Import (Xitoy),Yuqori-o‘rta ($25k-$40k),28793,6,172758
2024,Q1,2024-Q1,Navoiy,BYD,Han,E-Sedan,Elektromobil (EV),Import (Xitoy),Premium (>$40k),40393,2,80786
2024,Q1,2024-Q1,Navoiy,Chery,Tiggo 7 Pro,C-SUV,Benzin (Turbo),Mahalliy yig‘uv (ADM Jizzax),Yuqori-o‘rta ($25k-$40k),27008,6,162048
2024,Q1,2024-Q1,Navoiy,Chery,Arrizo 6 Pro,C-Sedan,Benzin (Turbo),Mahalliy yig‘uv (ADM Jizzax),O‘rta ($15k-$25k),21077,6,126462
2024,Q1,2024-Q1,Navoiy,Chery,Tiggo 8 Pro,Mid-SUV,Benzin (Turbo),Mahalliy yig‘uv (ADM Jizzax),Yuqori-o‘rta ($25k-$40k),34045,2,68090
2024,Q1,2024-Q1,Navoiy,Haval,Jolion,B-SUV,Benzin (Turbo),Mahalliy yig‘uv (ADM Jizzax),O‘rta ($15k-$25k),23652,6,141912
2024,Q1,2024-Q1,Navoiy,Haval,M6,C-SUV,Benzin,Mahalliy yig‘uv (ADM Jizzax),O‘rta ($15k-$25k),19941,7,139587
2024,Q1,2024-Q1,Navoiy,Haval,H6,C-SUV,Benzin (Turbo),Mahalliy yig‘uv (ADM Jizzax),Yuqori-o‘rta ($25k-$40k),30341,2,60682
2024,Q1,2024-Q1,Navoiy,Kia,Sonet,B-SUV,Benzin,Mahalliy yig‘uv (ADM Jizzax),O‘rta ($15k-$25k),18442,7,129094
2024,Q1,2024-Q1,Navoiy,Kia,K5,D-Sedan,Benzin,Mahalliy yig‘uv (ADM Jizzax),Yuqori-o‘rta ($25k-$40k),34625,4,138500
2024,Q1,2024-Q1,Navoiy,Kia,Sportage,C-SUV,Benzin,Mahalliy yig‘uv (ADM Jizzax),Yuqori-o‘rta ($25k-$40k),36161,1,36161
2024,Q1,2024-Q1,Navoiy,Zeekr,001,E-Shooting Brake,Elektromobil (EV),Import (Xitoy),Premium (>$40k),49636,1,49636
2024,Q1,2024-Q1,Navoiy,Geely,Monjaro,Mid-SUV,Benzin (Turbo),Import (Xitoy),Yuqori-o‘rta ($25k-$40k),36951,1,36951
2024,Q1,2024-Q1,Navoiy,Jetour,Dashing,C-SUV,Benzin (Turbo),Import (Xitoy),Yuqori-o‘rta ($25k-$40k),27752,2,55504
2024,Q1,2024-Q1,Navoiy,Li Auto,L7/L9,Full-SUV,Gibrid (EREV),Import (Xitoy),Premium (>$40k),59378,1,59378
2024,Q1,2024-Q1,Jizzax,Chevrolet,Cobalt,B-Sedan,Benzin,Mahalliy (Asaka),Byudjet (<$15k),11993,37,443741
2024,Q1,2024-Q1,Jizzax,Chevrolet,Damas,Mini-Van,Benzin,Mahalliy (Pitnak),Byudjet (<$15k),8961,34,304674
2024,Q1,2024-Q1,Jizzax,Chevrolet,Labo,Mini-Truck,Benzin,Mahalliy (Pitnak),Byudjet (<$15k),8387,16,134192
2024,Q1,2024-Q1,Jizzax,Chevrolet,Lacetti/Gentra,C-Sedan,Benzin,Mahalliy (Asaka),Byudjet (<$15k),13875,20,277500
2024,Q1,2024-Q1,Jizzax,Chevrolet,Tracker-2,B-SUV,Benzin (Turbo),Mahalliy (Asaka),O‘rta ($15k-$25k),17510,7,122570
2024,Q1,2024-Q1,Jizzax,Chevrolet,Onix,B-Sedan,Benzin (Turbo),Mahalliy (Asaka),Byudjet (<$15k),14376,8,115008
2024,Q1,2024-Q1,Jizzax,Chevrolet,Malibu-2,D-Sedan,Benzin (Turbo),Mahalliy (Asaka),Yuqori-o‘rta ($25k-$40k),36194,1,36194
2024,Q1,2024-Q1,Jizzax,BYD,Song Plus DM-i,C-SUV,Gibrid (PHEV),Gibrid/Yig‘uv (Jizzax),Yuqori-o‘rta ($25k-$40k),25669,26,667394
2024,Q1,2024-Q1,Jizzax,BYD,Chazor (Destroyer 05),C-Sedan,Gibrid (PHEV),Gibrid/Yig‘uv (Jizzax),O‘rta ($15k-$25k),19267,17,327539
2024,Q1,2024-Q1,Jizzax,BYD,Song Plus EV,C-SUV,Elektromobil (EV),Import (Xitoy),Yuqori-o‘rta ($25k-$40k),28290,3,84870
2024,Q1,2024-Q1,Jizzax,BYD,Han,E-Sedan,Elektromobil (EV),Import (Xitoy),Premium (>$40k),40186,1,40186
2024,Q1,2024-Q1,Jizzax,Chery,Tiggo 7 Pro,C-SUV,Benzin (Turbo),Mahalliy yig‘uv (ADM Jizzax),Yuqori-o‘rta ($25k-$40k),27152,5,135760
2024,Q1,2024-Q1,Jizzax,Chery,Arrizo 6 Pro,C-Sedan,Benzin (Turbo),Mahalliy yig‘uv (ADM Jizzax),O‘rta ($15k-$25k),21215,3,63645
2024,Q1,2024-Q1,Jizzax,Chery,Tiggo 8 Pro,Mid-SUV,Benzin (Turbo),Mahalliy yig‘uv (ADM Jizzax),Yuqori-o‘rta ($25k-$40k),33788,1,33788
2024,Q1,2024-Q1,Jizzax,Haval,Jolion,B-SUV,Benzin (Turbo),Mahalliy yig‘uv (ADM Jizzax),O‘rta ($15k-$25k),23917,4,95668
2024,Q1,2024-Q1,Jizzax,Haval,M6,C-SUV,Benzin,Mahalliy yig‘uv (ADM Jizzax),O‘rta ($15k-$25k),19740,3,59220
2024,Q1,2024-Q1,Jizzax,Haval,H6,C-SUV,Benzin (Turbo),Mahalliy yig‘uv (ADM Jizzax),Yuqori-o‘rta ($25k-$40k),30182,2,60364
2024,Q1,2024-Q1,Jizzax,Kia,Sonet,B-SUV,Benzin,Mahalliy yig‘uv (ADM Jizzax),O‘rta ($15k-$25k),18384,6,110304
2024,Q1,2024-Q1,Jizzax,Kia,K5,D-Sedan,Benzin,Mahalliy yig‘uv (ADM Jizzax),Yuqori-o‘rta ($25k-$40k),34260,1,34260
2024,Q1,2024-Q1,Jizzax,Kia,Sportage,C-SUV,Benzin,Mahalliy yig‘uv (ADM Jizzax),Yuqori-o‘rta ($25k-$40k),36221,1,36221
2024,Q1,2024-Q1,Jizzax,Zeekr,001,E-Shooting Brake,Elektromobil (EV),Import (Xitoy),Premium (>$40k),49981,1,49981
2024,Q1,2024-Q1,Jizzax,Geely,Monjaro,Mid-SUV,Benzin (Turbo),Import (Xitoy),Yuqori-o‘rta ($25k-$40k),37015,2,74030
2024,Q1,2024-Q1,Jizzax,Jetour,Dashing,C-SUV,Benzin (Turbo),Import (Xitoy),Yuqori-o‘rta ($25k-$40k),27434,1,27434
2024,Q1,2024-Q1,Jizzax,Li Auto,L7/L9,Full-SUV,Gibrid (EREV),Import (Xitoy),Premium (>$40k),59396,1,59396
2024,Q1,2024-Q1,Sirdaryo,Chevrolet,Cobalt,B-Sedan,Benzin,Mahalliy (Asaka),Byudjet (<$15k),12286,26,319436
2024,Q1,2024-Q1,Sirdaryo,Chevrolet,Damas,Mini-Van,Benzin,Mahalliy (Pitnak),Byudjet (<$15k),8829,25,220725
2024,Q1,2024-Q1,Sirdaryo,Chevrolet,Labo,Mini-Truck,Benzin,Mahalliy (Pitnak),Byudjet (<$15k),8675,12,104100
2024,Q1,2024-Q1,Sirdaryo,Chevrolet,Lacetti/Gentra,C-Sedan,Benzin,Mahalliy (Asaka),Byudjet (<$15k),13778,15,206670
2024,Q1,2024-Q1,Sirdaryo,Chevrolet,Tracker-2,B-SUV,Benzin (Turbo),Mahalliy (Asaka),O‘rta ($15k-$25k),17695,5,88475
2024,Q1,2024-Q1,Sirdaryo,Chevrolet,Onix,B-Sedan,Benzin (Turbo),Mahalliy (Asaka),Byudjet (<$15k),14205,4,56820
2024,Q1,2024-Q1,Sirdaryo,Chevrolet,Malibu-2,D-Sedan,Benzin (Turbo),Mahalliy (Asaka),Yuqori-o‘rta ($25k-$40k),36053,1,36053
2024,Q1,2024-Q1,Sirdaryo,BYD,Song Plus DM-i,C-SUV,Gibrid (PHEV),Gibrid/Yig‘uv (Jizzax),Yuqori-o‘rta ($25k-$40k),25500,19,484500
2024,Q1,2024-Q1,Sirdaryo,BYD,Chazor (Destroyer 05),C-Sedan,Gibrid (PHEV),Gibrid/Yig‘uv (Jizzax),O‘rta ($15k-$25k),19503,12,234036
2024,Q1,2024-Q1,Sirdaryo,BYD,Song Plus EV,C-SUV,Elektromobil (EV),Import (Xitoy),Yuqori-o‘rta ($25k-$40k),28796,2,57592
2024,Q1,2024-Q1,Sirdaryo,BYD,Han,E-Sedan,Elektromobil (EV),Import (Xitoy),Premium (>$40k),40705,1,40705
2024,Q1,2024-Q1,Sirdaryo,Chery,Tiggo 7 Pro,C-SUV,Benzin (Turbo),Mahalliy yig‘uv (ADM Jizzax),Yuqori-o‘rta ($25k-$40k),27068,4,108272
2024,Q1,2024-Q1,Sirdaryo,Chery,Arrizo 6 Pro,C-Sedan,Benzin (Turbo),Mahalliy yig‘uv (ADM Jizzax),O‘rta ($15k-$25k),21373,3,64119
2024,Q1,2024-Q1,Sirdaryo,Chery,Tiggo 8 Pro,Mid-SUV,Benzin (Turbo),Mahalliy yig‘uv (ADM Jizzax),Yuqori-o‘rta ($25k-$40k),34092,1,34092
2024,Q1,2024-Q1,Sirdaryo,Haval,Jolion,B-SUV,Benzin (Turbo),Mahalliy yig‘uv (ADM Jizzax),O‘rta ($15k-$25k),23969,3,71907
2024,Q1,2024-Q1,Sirdaryo,Haval,M6,C-SUV,Benzin,Mahalliy yig‘uv (ADM Jizzax),O‘rta ($15k-$25k),19865,4,79460
2024,Q1,2024-Q1,Sirdaryo,Haval,H6,C-SUV,Benzin (Turbo),Mahalliy yig‘uv (ADM Jizzax),Yuqori-o‘rta ($25k-$40k),30309,1,30309
2024,Q1,2024-Q1,Sirdaryo,Kia,Sonet,B-SUV,Benzin,Mahalliy yig‘uv (ADM Jizzax),O‘rta ($15k-$25k),18431,2,36862
2024,Q1,2024-Q1,Sirdaryo,Kia,K5,D-Sedan,Benzin,Mahalliy yig‘uv (ADM Jizzax),Yuqori-o‘rta ($25k-$40k),34607,1,34607
2024,Q1,2024-Q1,Sirdaryo,Kia,Sportage,C-SUV,Benzin,Mahalliy yig‘uv (ADM Jizzax),Yuqori-o‘rta ($25k-$40k),36002,1,36002
2024,Q1,2024-Q1,Sirdaryo,Zeekr,001,E-Shooting Brake,Elektromobil (EV),Import (Xitoy),Premium (>$40k),50016,3,150048
2024,Q1,2024-Q1,Sirdaryo,Geely,Monjaro,Mid-SUV,Benzin (Turbo),Import (Xitoy),Yuqori-o‘rta ($25k-$40k),37068,1,37068
2024,Q1,2024-Q1,Sirdaryo,Jetour,Dashing,C-SUV,Benzin (Turbo),Import (Xitoy),Yuqori-o‘rta ($25k-$40k),27451,1,27451
2024,Q1,2024-Q1,Sirdaryo,Li Auto,L7/L9,Full-SUV,Gibrid (EREV),Import (Xitoy),Premium (>$40k),59340,1,59340
2024,Q1,2024-Q1,Qoraqalpog‘iston Res.,Chevrolet,Cobalt,B-Sedan,Benzin,Mahalliy (Asaka),Byudjet (<$15k),12178,31,377518
2024,Q1,2024-Q1,Qoraqalpog‘iston Res.,Chevrolet,Damas,Mini-Van,Benzin,Mahalliy (Pitnak),Byudjet (<$15k),9156,24,219744
2024,Q1,2024-Q1,Qoraqalpog‘iston Res.,Chevrolet,Labo,Mini-Truck,Benzin,Mahalliy (Pitnak),Byudjet (<$15k),8407,14,117698
2024,Q1,2024-Q1,Qoraqalpog‘iston Res.,Chevrolet,Lacetti/Gentra,C-Sedan,Benzin,Mahalliy (Asaka),Byudjet (<$15k),13586,14,190204
2024,Q1,2024-Q1,Qoraqalpog‘iston Res.,Chevrolet,Tracker-2,B-SUV,Benzin (Turbo),Mahalliy (Asaka),O‘rta ($15k-$25k),17919,5,89595
2024,Q1,2024-Q1,Qoraqalpog‘iston Res.,Chevrolet,Onix,B-Sedan,Benzin (Turbo),Mahalliy (Asaka),Byudjet (<$15k),14567,5,72835
2024,Q1,2024-Q1,Qoraqalpog‘iston Res.,Chevrolet,Malibu-2,D-Sedan,Benzin (Turbo),Mahalliy (Asaka),Yuqori-o‘rta ($25k-$40k),36238,1,36238
2024,Q1,2024-Q1,Qoraqalpog‘iston Res.,BYD,Song Plus DM-i,C-SUV,Gibrid (PHEV),Gibrid/Yig‘uv (Jizzax),Yuqori-o‘rta ($25k-$40k),25123,18,452214
2024,Q1,2024-Q1,Qoraqalpog‘iston Res.,BYD,Chazor (Destroyer 05),C-Sedan,Gibrid (PHEV),Gibrid/Yig‘uv (Jizzax),O‘rta ($15k-$25k),19495,12,233940
2024,Q1,2024-Q1,Qoraqalpog‘iston Res.,BYD,Song Plus EV,C-SUV,Elektromobil (EV),Import (Xitoy),Yuqori-o‘rta ($25k-$40k),28468,2,56936
2024,Q1,2024-Q1,Qoraqalpog‘iston Res.,BYD,Han,E-Sedan,Elektromobil (EV),Import (Xitoy),Premium (>$40k),40118,1,40118
2024,Q1,2024-Q1,Qoraqalpog‘iston Res.,Chery,Tiggo 7 Pro,C-SUV,Benzin (Turbo),Mahalliy yig‘uv (ADM Jizzax),Yuqori-o‘rta ($25k-$40k),27089,3,81267
2024,Q1,2024-Q1,Qoraqalpog‘iston Res.,Chery,Arrizo 6 Pro,C-Sedan,Benzin (Turbo),Mahalliy yig‘uv (ADM Jizzax),O‘rta ($15k-$25k),21028,4,84112
2024,Q1,2024-Q1,Qoraqalpog‘iston Res.,Chery,Tiggo 8 Pro,Mid-SUV,Benzin (Turbo),Mahalliy yig‘uv (ADM Jizzax),Yuqori-o‘rta ($25k-$40k),34091,1,34091
2024,Q1,2024-Q1,Qoraqalpog‘iston Res.,Haval,Jolion,B-SUV,Benzin (Turbo),Mahalliy yig‘uv (ADM Jizzax),O‘rta ($15k-$25k),23715,1,23715
2024,Q1,2024-Q1,Qoraqalpog‘iston Res.,Haval,M6,C-SUV,Benzin,Mahalliy yig‘uv (ADM Jizzax),O‘rta ($15k-$25k),19818,2,39636
2024,Q1,2024-Q1,Qoraqalpog‘iston Res.,Haval,H6,C-SUV,Benzin (Turbo),Mahalliy yig‘uv (ADM Jizzax),Yuqori-o‘rta ($25k-$40k),30132,1,30132
2024,Q1,2024-Q1,Qoraqalpog‘iston Res.,Kia,Sonet,B-SUV,Benzin,Mahalliy yig‘uv (ADM Jizzax),O‘rta ($15k-$25k),18542,3,55626
2024,Q1,2024-Q1,Qoraqalpog‘iston Res.,Kia,K5,D-Sedan,Benzin,Mahalliy yig‘uv (ADM Jizzax),Yuqori-o‘rta ($25k-$40k),34352,4,137408
2024,Q1,2024-Q1,Qoraqalpog‘iston Res.,Kia,Sportage,C-SUV,Benzin,Mahalliy yig‘uv (ADM Jizzax),Yuqori-o‘rta ($25k-$40k),36224,2,72448
2024,Q1,2024-Q1,Qoraqalpog‘iston Res.,Zeekr,001,E-Shooting Brake,Elektromobil (EV),Import (Xitoy),Premium (>$40k),49810,1,49810
2024,Q1,2024-Q1,Qoraqalpog‘iston Res.,Geely,Monjaro,Mid-SUV,Benzin (Turbo),Import (Xitoy),Yuqori-o‘rta ($25k-$40k),36950,2,73900
2024,Q1,2024-Q1,Qoraqalpog‘iston Res.,Jetour,Dashing,C-SUV,Benzin (Turbo),Import (Xitoy),Yuqori-o‘rta ($25k-$40k),27624,2,55248
2024,Q1,2024-Q1,Qoraqalpog‘iston Res.,Li Auto,L7/L9,Full-SUV,Gibrid (EREV),Import (Xitoy),Premium (>$40k),59417,1,59417
2024,Q2,2024-Q2,Toshkent shahri,Chevrolet,Cobalt,B-Sedan,Benzin,Mahalliy (Asaka),Byudjet (<$15k),11999,648,7775352
2024,Q2,2024-Q2,Toshkent shahri,Chevrolet,Damas,Mini-Van,Benzin,Mahalliy (Pitnak),Byudjet (<$15k),8923,95,847685
2024,Q2,2024-Q2,Toshkent shahri,Chevrolet,Labo,Mini-Truck,Benzin,Mahalliy (Pitnak),Byudjet (<$15k),8328,52,433056
2024,Q2,2024-Q2,Toshkent shahri,Chevrolet,Lacetti/Gentra,C-Sedan,Benzin,Mahalliy (Asaka),Byudjet (<$15k),13905,261,3629205
2024,Q2,2024-Q2,Toshkent shahri,Chevrolet,Tracker-2,B-SUV,Benzin (Turbo),Mahalliy (Asaka),O‘rta ($15k-$25k),17715,116,2054940
2024,Q2,2024-Q2,Toshkent shahri,Chevrolet,Onix,B-Sedan,Benzin (Turbo),Mahalliy (Asaka),Byudjet (<$15k),14344,124,1778656
2024,Q2,2024-Q2,Toshkent shahri,Chevrolet,Malibu-2,D-Sedan,Benzin (Turbo),Mahalliy (Asaka),Yuqori-o‘rta ($25k-$40k),36100,32,1155200
2024,Q2,2024-Q2,Toshkent shahri,BYD,Song Plus DM-i,C-SUV,Gibrid (PHEV),Gibrid/Yig‘uv (Jizzax),Yuqori-o‘rta ($25k-$40k),25665,803,20608995
2024,Q2,2024-Q2,Toshkent shahri,BYD,Chazor (Destroyer 05),C-Sedan,Gibrid (PHEV),Gibrid/Yig‘uv (Jizzax),O‘rta ($15k-$25k),19575,557,10903275
2024,Q2,2024-Q2,Toshkent shahri,BYD,Song Plus EV,C-SUV,Elektromobil (EV),Import (Xitoy),Yuqori-o‘rta ($25k-$40k),28540,121,3453340
2024,Q2,2024-Q2,Toshkent shahri,BYD,Han,E-Sedan,Elektromobil (EV),Import (Xitoy),Premium (>$40k),40604,53,2152012
2024,Q2,2024-Q2,Toshkent shahri,Chery,Tiggo 7 Pro,C-SUV,Benzin (Turbo),Mahalliy yig‘uv (ADM Jizzax),Yuqori-o‘rta ($25k-$40k),27205,63,1713915
2024,Q2,2024-Q2,Toshkent shahri,Chery,Arrizo 6 Pro,C-Sedan,Benzin (Turbo),Mahalliy yig‘uv (ADM Jizzax),O‘rta ($15k-$25k),21321,53,1130013
2024,Q2,2024-Q2,Toshkent shahri,Chery,Tiggo 8 Pro,Mid-SUV,Benzin (Turbo),Mahalliy yig‘uv (ADM Jizzax),Yuqori-o‘rta ($25k-$40k),33874,27,914598
2024,Q2,2024-Q2,Toshkent shahri,Haval,Jolion,B-SUV,Benzin (Turbo),Mahalliy yig‘uv (ADM Jizzax),O‘rta ($15k-$25k),24007,55,1320385
2024,Q2,2024-Q2,Toshkent shahri,Haval,M6,C-SUV,Benzin,Mahalliy yig‘uv (ADM Jizzax),O‘rta ($15k-$25k),19901,66,1313466
2024,Q2,2024-Q2,Toshkent shahri,Haval,H6,C-SUV,Benzin (Turbo),Mahalliy yig‘uv (ADM Jizzax),Yuqori-o‘rta ($25k-$40k),30106,30,903180
2024,Q2,2024-Q2,Toshkent shahri,Kia,Sonet,B-SUV,Benzin,Mahalliy yig‘uv (ADM Jizzax),O‘rta ($15k-$25k),18466,73,1348018
2024,Q2,2024-Q2,Toshkent shahri,Kia,K5,D-Sedan,Benzin,Mahalliy yig‘uv (ADM Jizzax),Yuqori-o‘rta ($25k-$40k),34449,28,964572
2024,Q2,2024-Q2,Toshkent shahri,Kia,Sportage,C-SUV,Benzin,Mahalliy yig‘uv (ADM Jizzax),Yuqori-o‘rta ($25k-$40k),36210,25,905250
2024,Q2,2024-Q2,Toshkent shahri,Zeekr,001,E-Shooting Brake,Elektromobil (EV),Import (Xitoy),Premium (>$40k),49867,29,1446143
2024,Q2,2024-Q2,Toshkent shahri,Geely,Monjaro,Mid-SUV,Benzin (Turbo),Import (Xitoy),Yuqori-o‘rta ($25k-$40k),37175,24,892200
2024,Q2,2024-Q2,Toshkent shahri,Jetour,Dashing,C-SUV,Benzin (Turbo),Import (Xitoy),Yuqori-o‘rta ($25k-$40k),27608,34,938672
2024,Q2,2024-Q2,Toshkent shahri,Li Auto,L7/L9,Full-SUV,Gibrid (EREV),Import (Xitoy),Premium (>$40k),59252,24,1422048
2024,Q2,2024-Q2,Toshkent viloyati,Chevrolet,Cobalt,B-Sedan,Benzin,Mahalliy (Asaka),Byudjet (<$15k),12143,211,2562173
2024,Q2,2024-Q2,Toshkent viloyati,Chevrolet,Damas,Mini-Van,Benzin,Mahalliy (Pitnak),Byudjet (<$15k),9203,191,1757773
2024,Q2,2024-Q2,Toshkent viloyati,Chevrolet,Labo,Mini-Truck,Benzin,Mahalliy (Pitnak),Byudjet (<$15k),8363,90,752670
2024,Q2,2024-Q2,Toshkent viloyati,Chevrolet,Lacetti/Gentra,C-Sedan,Benzin,Mahalliy (Asaka),Byudjet (<$15k),13944,124,1729056
2024,Q2,2024-Q2,Toshkent viloyati,Chevrolet,Tracker-2,B-SUV,Benzin (Turbo),Mahalliy (Asaka),O‘rta ($15k-$25k),17781,45,800145
2024,Q2,2024-Q2,Toshkent viloyati,Chevrolet,Onix,B-Sedan,Benzin (Turbo),Mahalliy (Asaka),Byudjet (<$15k),14546,47,683662
2024,Q2,2024-Q2,Toshkent viloyati,Chevrolet,Malibu-2,D-Sedan,Benzin (Turbo),Mahalliy (Asaka),Yuqori-o‘rta ($25k-$40k),36064,7,252448
2024,Q2,2024-Q2,Toshkent viloyati,BYD,Song Plus DM-i,C-SUV,Gibrid (PHEV),Gibrid/Yig‘uv (Jizzax),Yuqori-o‘rta ($25k-$40k),25404,136,3454944
2024,Q2,2024-Q2,Toshkent viloyati,BYD,Chazor (Destroyer 05),C-Sedan,Gibrid (PHEV),Gibrid/Yig‘uv (Jizzax),O‘rta ($15k-$25k),19135,105,2009175
2024,Q2,2024-Q2,Toshkent viloyati,BYD,Song Plus EV,C-SUV,Elektromobil (EV),Import (Xitoy),Yuqori-o‘rta ($25k-$40k),28721,16,459536
2024,Q2,2024-Q2,Toshkent viloyati,BYD,Han,E-Sedan,Elektromobil (EV),Import (Xitoy),Premium (>$40k),40299,6,241794
2024,Q2,2024-Q2,Toshkent viloyati,Chery,Tiggo 7 Pro,C-SUV,Benzin (Turbo),Mahalliy yig‘uv (ADM Jizzax),Yuqori-o‘rta ($25k-$40k),27157,25,678925
2024,Q2,2024-Q2,Toshkent viloyati,Chery,Arrizo 6 Pro,C-Sedan,Benzin (Turbo),Mahalliy yig‘uv (ADM Jizzax),O‘rta ($15k-$25k),21134,22,464948
2024,Q2,2024-Q2,Toshkent viloyati,Chery,Tiggo 8 Pro,Mid-SUV,Benzin (Turbo),Mahalliy yig‘uv (ADM Jizzax),Yuqori-o‘rta ($25k-$40k),33761,11,371371
2024,Q2,2024-Q2,Toshkent viloyati,Haval,Jolion,B-SUV,Benzin (Turbo),Mahalliy yig‘uv (ADM Jizzax),O‘rta ($15k-$25k),23951,21,502971
2024,Q2,2024-Q2,Toshkent viloyati,Haval,M6,C-SUV,Benzin,Mahalliy yig‘uv (ADM Jizzax),O‘rta ($15k-$25k),20049,23,461127
2024,Q2,2024-Q2,Toshkent viloyati,Haval,H6,C-SUV,Benzin (Turbo),Mahalliy yig‘uv (ADM Jizzax),Yuqori-o‘rta ($25k-$40k),30138,13,391794
2024,Q2,2024-Q2,Toshkent viloyati,Kia,Sonet,B-SUV,Benzin,Mahalliy yig‘uv (ADM Jizzax),O‘rta ($15k-$25k),18436,28,516208
2024,Q2,2024-Q2,Toshkent viloyati,Kia,K5,D-Sedan,Benzin,Mahalliy yig‘uv (ADM Jizzax),Yuqori-o‘rta ($25k-$40k),34431,11,378741
2024,Q2,2024-Q2,Toshkent viloyati,Kia,Sportage,C-SUV,Benzin,Mahalliy yig‘uv (ADM Jizzax),Yuqori-o‘rta ($25k-$40k),35964,9,323676
2024,Q2,2024-Q2,Toshkent viloyati,Zeekr,001,E-Shooting Brake,Elektromobil (EV),Import (Xitoy),Premium (>$40k),49945,5,249725
2024,Q2,2024-Q2,Toshkent viloyati,Geely,Monjaro,Mid-SUV,Benzin (Turbo),Import (Xitoy),Yuqori-o‘rta ($25k-$40k),36952,10,369520
2024,Q2,2024-Q2,Toshkent viloyati,Jetour,Dashing,C-SUV,Benzin (Turbo),Import (Xitoy),Yuqori-o‘rta ($25k-$40k),27446,12,329352
2024,Q2,2024-Q2,Toshkent viloyati,Li Auto,L7/L9,Full-SUV,Gibrid (EREV),Import (Xitoy),Premium (>$40k),59161,4,236644
2024,Q2,2024-Q2,Samarqand,Chevrolet,Cobalt,B-Sedan,Benzin,Mahalliy (Asaka),Byudjet (<$15k),12054,259,3121986
2024,Q2,2024-Q2,Samarqand,Chevrolet,Damas,Mini-Van,Benzin,Mahalliy (Pitnak),Byudjet (<$15k),9018,182,1641276
2024,Q2,2024-Q2,Samarqand,Chevrolet,Labo,Mini-Truck,Benzin,Mahalliy (Pitnak),Byudjet (<$15k),8516,88,749408
2024,Q2,2024-Q2,Samarqand,Chevrolet,Lacetti/Gentra,C-Sedan,Benzin,Mahalliy (Asaka),Byudjet (<$15k),13684,142,1943128
2024,Q2,2024-Q2,Samarqand,Chevrolet,Tracker-2,B-SUV,Benzin (Turbo),Mahalliy (Asaka),O‘rta ($15k-$25k),17700,39,690300
2024,Q2,2024-Q2,Samarqand,Chevrolet,Onix,B-Sedan,Benzin (Turbo),Mahalliy (Asaka),Byudjet (<$15k),14330,39,558870
2024,Q2,2024-Q2,Samarqand,Chevrolet,Malibu-2,D-Sedan,Benzin (Turbo),Mahalliy (Asaka),Yuqori-o‘rta ($25k-$40k),36172,5,180860
2024,Q2,2024-Q2,Samarqand,BYD,Song Plus DM-i,C-SUV,Gibrid (PHEV),Gibrid/Yig‘uv (Jizzax),Yuqori-o‘rta ($25k-$40k),25348,137,3472676
2024,Q2,2024-Q2,Samarqand,BYD,Chazor (Destroyer 05),C-Sedan,Gibrid (PHEV),Gibrid/Yig‘uv (Jizzax),O‘rta ($15k-$25k),19162,120,2299440
2024,Q2,2024-Q2,Samarqand,BYD,Song Plus EV,C-SUV,Elektromobil (EV),Import (Xitoy),Yuqori-o‘rta ($25k-$40k),28326,16,453216
2024,Q2,2024-Q2,Samarqand,BYD,Han,E-Sedan,Elektromobil (EV),Import (Xitoy),Premium (>$40k),40858,8,326864
2024,Q2,2024-Q2,Samarqand,Chery,Tiggo 7 Pro,C-SUV,Benzin (Turbo),Mahalliy yig‘uv (ADM Jizzax),Yuqori-o‘rta ($25k-$40k),27022,22,594484
2024,Q2,2024-Q2,Samarqand,Chery,Arrizo 6 Pro,C-Sedan,Benzin (Turbo),Mahalliy yig‘uv (ADM Jizzax),O‘rta ($15k-$25k),21298,17,362066
2024,Q2,2024-Q2,Samarqand,Chery,Tiggo 8 Pro,Mid-SUV,Benzin (Turbo),Mahalliy yig‘uv (ADM Jizzax),Yuqori-o‘rta ($25k-$40k),34044,10,340440
2024,Q2,2024-Q2,Samarqand,Haval,Jolion,B-SUV,Benzin (Turbo),Mahalliy yig‘uv (ADM Jizzax),O‘rta ($15k-$25k),23752,21,498792
2024,Q2,2024-Q2,Samarqand,Haval,M6,C-SUV,Benzin,Mahalliy yig‘uv (ADM Jizzax),O‘rta ($15k-$25k),20024,22,440528
2024,Q2,2024-Q2,Samarqand,Haval,H6,C-SUV,Benzin (Turbo),Mahalliy yig‘uv (ADM Jizzax),Yuqori-o‘rta ($25k-$40k),30324,12,363888
2024,Q2,2024-Q2,Samarqand,Kia,Sonet,B-SUV,Benzin,Mahalliy yig‘uv (ADM Jizzax),O‘rta ($15k-$25k),18388,21,386148
2024,Q2,2024-Q2,Samarqand,Kia,K5,D-Sedan,Benzin,Mahalliy yig‘uv (ADM Jizzax),Yuqori-o‘rta ($25k-$40k),34275,10,342750
2024,Q2,2024-Q2,Samarqand,Kia,Sportage,C-SUV,Benzin,Mahalliy yig‘uv (ADM Jizzax),Yuqori-o‘rta ($25k-$40k),36000,8,288000
2024,Q2,2024-Q2,Samarqand,Zeekr,001,E-Shooting Brake,Elektromobil (EV),Import (Xitoy),Premium (>$40k),50002,4,200008
2024,Q2,2024-Q2,Samarqand,Geely,Monjaro,Mid-SUV,Benzin (Turbo),Import (Xitoy),Yuqori-o‘rta ($25k-$40k),37031,8,296248
2024,Q2,2024-Q2,Samarqand,Jetour,Dashing,C-SUV,Benzin (Turbo),Import (Xitoy),Yuqori-o‘rta ($25k-$40k),27647,12,331764
2024,Q2,2024-Q2,Samarqand,Li Auto,L7/L9,Full-SUV,Gibrid (EREV),Import (Xitoy),Premium (>$40k),59187,3,177561
2024,Q2,2024-Q2,Farg‘ona,Chevrolet,Cobalt,B-Sedan,Benzin,Mahalliy (Asaka),Byudjet (<$15k),12024,146,1755504
2024,Q2,2024-Q2,Farg‘ona,Chevrolet,Damas,Mini-Van,Benzin,Mahalliy (Pitnak),Byudjet (<$15k),8921,390,3479190
2024,Q2,2024-Q2,Farg‘ona,Chevrolet,Labo,Mini-Truck,Benzin,Mahalliy (Pitnak),Byudjet (<$15k),8496,174,1478304
2024,Q2,2024-Q2,Farg‘ona,Chevrolet,Lacetti/Gentra,C-Sedan,Benzin,Mahalliy (Asaka),Byudjet (<$15k),13659,107,1461513
2024,Q2,2024-Q2,Farg‘ona,Chevrolet,Tracker-2,B-SUV,Benzin (Turbo),Mahalliy (Asaka),O‘rta ($15k-$25k),17676,38,671688
2024,Q2,2024-Q2,Farg‘ona,Chevrolet,Onix,B-Sedan,Benzin (Turbo),Mahalliy (Asaka),Byudjet (<$15k),14648,37,541976
2024,Q2,2024-Q2,Farg‘ona,Chevrolet,Malibu-2,D-Sedan,Benzin (Turbo),Mahalliy (Asaka),Yuqori-o‘rta ($25k-$40k),36196,7,253372
2024,Q2,2024-Q2,Farg‘ona,BYD,Song Plus DM-i,C-SUV,Gibrid (PHEV),Gibrid/Yig‘uv (Jizzax),Yuqori-o‘rta ($25k-$40k),25080,105,2633400
2024,Q2,2024-Q2,Farg‘ona,BYD,Chazor (Destroyer 05),C-Sedan,Gibrid (PHEV),Gibrid/Yig‘uv (Jizzax),O‘rta ($15k-$25k),19611,73,1431603
2024,Q2,2024-Q2,Farg‘ona,BYD,Song Plus EV,C-SUV,Elektromobil (EV),Import (Xitoy),Yuqori-o‘rta ($25k-$40k),28300,6,169800
2024,Q2,2024-Q2,Farg‘ona,BYD,Han,E-Sedan,Elektromobil (EV),Import (Xitoy),Premium (>$40k),40691,1,40691
2024,Q2,2024-Q2,Farg‘ona,Chery,Tiggo 7 Pro,C-SUV,Benzin (Turbo),Mahalliy yig‘uv (ADM Jizzax),Yuqori-o‘rta ($25k-$40k),27213,20,544260
2024,Q2,2024-Q2,Farg‘ona,Chery,Arrizo 6 Pro,C-Sedan,Benzin (Turbo),Mahalliy yig‘uv (ADM Jizzax),O‘rta ($15k-$25k),21242,17,361114
2024,Q2,2024-Q2,Farg‘ona,Chery,Tiggo 8 Pro,Mid-SUV,Benzin (Turbo),Mahalliy yig‘uv (ADM Jizzax),Yuqori-o‘rta ($25k-$40k),33792,5,168960
2024,Q2,2024-Q2,Farg‘ona,Haval,Jolion,B-SUV,Benzin (Turbo),Mahalliy yig‘uv (ADM Jizzax),O‘rta ($15k-$25k),23651,15,354765
2024,Q2,2024-Q2,Farg‘ona,Haval,M6,C-SUV,Benzin,Mahalliy yig‘uv (ADM Jizzax),O‘rta ($15k-$25k),19971,18,359478
2024,Q2,2024-Q2,Farg‘ona,Haval,H6,C-SUV,Benzin (Turbo),Mahalliy yig‘uv (ADM Jizzax),Yuqori-o‘rta ($25k-$40k),30362,10,303620
2024,Q2,2024-Q2,Farg‘ona,Kia,Sonet,B-SUV,Benzin,Mahalliy yig‘uv (ADM Jizzax),O‘rta ($15k-$25k),18448,22,405856
2024,Q2,2024-Q2,Farg‘ona,Kia,K5,D-Sedan,Benzin,Mahalliy yig‘uv (ADM Jizzax),Yuqori-o‘rta ($25k-$40k),34251,9,308259
2024,Q2,2024-Q2,Farg‘ona,Kia,Sportage,C-SUV,Benzin,Mahalliy yig‘uv (ADM Jizzax),Yuqori-o‘rta ($25k-$40k),36082,7,252574
2024,Q2,2024-Q2,Farg‘ona,Zeekr,001,E-Shooting Brake,Elektromobil (EV),Import (Xitoy),Premium (>$40k),49701,2,99402
2024,Q2,2024-Q2,Farg‘ona,Geely,Monjaro,Mid-SUV,Benzin (Turbo),Import (Xitoy),Yuqori-o‘rta ($25k-$40k),37043,7,259301
2024,Q2,2024-Q2,Farg‘ona,Jetour,Dashing,C-SUV,Benzin (Turbo),Import (Xitoy),Yuqori-o‘rta ($25k-$40k),27629,8,221032
2024,Q2,2024-Q2,Farg‘ona,Li Auto,L7/L9,Full-SUV,Gibrid (EREV),Import (Xitoy),Premium (>$40k),59406,1,59406
2024,Q2,2024-Q2,Andijon,Chevrolet,Cobalt,B-Sedan,Benzin,Mahalliy (Asaka),Byudjet (<$15k),12095,167,2019865
2024,Q2,2024-Q2,Andijon,Chevrolet,Damas,Mini-Van,Benzin,Mahalliy (Pitnak),Byudjet (<$15k),8841,284,2510844
2024,Q2,2024-Q2,Andijon,Chevrolet,Labo,Mini-Truck,Benzin,Mahalliy (Pitnak),Byudjet (<$15k),8379,166,1390914
2024,Q2,2024-Q2,Andijon,Chevrolet,Lacetti/Gentra,C-Sedan,Benzin,Mahalliy (Asaka),Byudjet (<$15k),13725,92,1262700
2024,Q2,2024-Q2,Andijon,Chevrolet,Tracker-2,B-SUV,Benzin (Turbo),Mahalliy (Asaka),O‘rta ($15k-$25k),17483,31,541973
2024,Q2,2024-Q2,Andijon,Chevrolet,Onix,B-Sedan,Benzin (Turbo),Mahalliy (Asaka),Byudjet (<$15k),14576,33,481008
2024,Q2,2024-Q2,Andijon,Chevrolet,Malibu-2,D-Sedan,Benzin (Turbo),Mahalliy (Asaka),Yuqori-o‘rta ($25k-$40k),36009,3,108027
2024,Q2,2024-Q2,Andijon,BYD,Song Plus DM-i,C-SUV,Gibrid (PHEV),Gibrid/Yig‘uv (Jizzax),Yuqori-o‘rta ($25k-$40k),25056,88,2204928
2024,Q2,2024-Q2,Andijon,BYD,Chazor (Destroyer 05),C-Sedan,Gibrid (PHEV),Gibrid/Yig‘uv (Jizzax),O‘rta ($15k-$25k),19673,63,1239399
2024,Q2,2024-Q2,Andijon,BYD,Song Plus EV,C-SUV,Elektromobil (EV),Import (Xitoy),Yuqori-o‘rta ($25k-$40k),28560,6,171360
2024,Q2,2024-Q2,Andijon,BYD,Han,E-Sedan,Elektromobil (EV),Import (Xitoy),Premium (>$40k),40181,2,80362
2024,Q2,2024-Q2,Andijon,Chery,Tiggo 7 Pro,C-SUV,Benzin (Turbo),Mahalliy yig‘uv (ADM Jizzax),Yuqori-o‘rta ($25k-$40k),27191,19,516629
2024,Q2,2024-Q2,Andijon,Chery,Arrizo 6 Pro,C-Sedan,Benzin (Turbo),Mahalliy yig‘uv (ADM Jizzax),O‘rta ($15k-$25k),21057,15,315855
2024,Q2,2024-Q2,Andijon,Chery,Tiggo 8 Pro,Mid-SUV,Benzin (Turbo),Mahalliy yig‘uv (ADM Jizzax),Yuqori-o‘rta ($25k-$40k),33831,8,270648
2024,Q2,2024-Q2,Andijon,Haval,Jolion,B-SUV,Benzin (Turbo),Mahalliy yig‘uv (ADM Jizzax),O‘rta ($15k-$25k),23741,17,403597
2024,Q2,2024-Q2,Andijon,Haval,M6,C-SUV,Benzin,Mahalliy yig‘uv (ADM Jizzax),O‘rta ($15k-$25k),19779,16,316464
2024,Q2,2024-Q2,Andijon,Haval,H6,C-SUV,Benzin (Turbo),Mahalliy yig‘uv (ADM Jizzax),Yuqori-o‘rta ($25k-$40k),30245,8,241960
2024,Q2,2024-Q2,Andijon,Kia,Sonet,B-SUV,Benzin,Mahalliy yig‘uv (ADM Jizzax),O‘rta ($15k-$25k),18738,21,393498
2024,Q2,2024-Q2,Andijon,Kia,K5,D-Sedan,Benzin,Mahalliy yig‘uv (ADM Jizzax),Yuqori-o‘rta ($25k-$40k),34453,8,275624
2024,Q2,2024-Q2,Andijon,Kia,Sportage,C-SUV,Benzin,Mahalliy yig‘uv (ADM Jizzax),Yuqori-o‘rta ($25k-$40k),35868,6,215208
2024,Q2,2024-Q2,Andijon,Zeekr,001,E-Shooting Brake,Elektromobil (EV),Import (Xitoy),Premium (>$40k),49905,1,49905
2024,Q2,2024-Q2,Andijon,Geely,Monjaro,Mid-SUV,Benzin (Turbo),Import (Xitoy),Yuqori-o‘rta ($25k-$40k),37292,8,298336
2024,Q2,2024-Q2,Andijon,Jetour,Dashing,C-SUV,Benzin (Turbo),Import (Xitoy),Yuqori-o‘rta ($25k-$40k),27500,7,192500
2024,Q2,2024-Q2,Andijon,Li Auto,L7/L9,Full-SUV,Gibrid (EREV),Import (Xitoy),Premium (>$40k),59390,2,118780
2024,Q2,2024-Q2,Namangan,Chevrolet,Cobalt,B-Sedan,Benzin,Mahalliy (Asaka),Byudjet (<$15k),12286,140,1720040
2024,Q2,2024-Q2,Namangan,Chevrolet,Damas,Mini-Van,Benzin,Mahalliy (Pitnak),Byudjet (<$15k),8981,261,2344041
2024,Q2,2024-Q2,Namangan,Chevrolet,Labo,Mini-Truck,Benzin,Mahalliy (Pitnak),Byudjet (<$15k),8409,144,1210896
2024,Q2,2024-Q2,Namangan,Chevrolet,Lacetti/Gentra,C-Sedan,Benzin,Mahalliy (Asaka),Byudjet (<$15k),13931,71,989101
2024,Q2,2024-Q2,Namangan,Chevrolet,Tracker-2,B-SUV,Benzin (Turbo),Mahalliy (Asaka),O‘rta ($15k-$25k),17427,29,505383
2024,Q2,2024-Q2,Namangan,Chevrolet,Onix,B-Sedan,Benzin (Turbo),Mahalliy (Asaka),Byudjet (<$15k),14220,29,412380
2024,Q2,2024-Q2,Namangan,Chevrolet,Malibu-2,D-Sedan,Benzin (Turbo),Mahalliy (Asaka),Yuqori-o‘rta ($25k-$40k),36010,5,180050
2024,Q2,2024-Q2,Namangan,BYD,Song Plus DM-i,C-SUV,Gibrid (PHEV),Gibrid/Yig‘uv (Jizzax),Yuqori-o‘rta ($25k-$40k),25282,90,2275380
2024,Q2,2024-Q2,Namangan,BYD,Chazor (Destroyer 05),C-Sedan,Gibrid (PHEV),Gibrid/Yig‘uv (Jizzax),O‘rta ($15k-$25k),18990,68,1291320
2024,Q2,2024-Q2,Namangan,BYD,Song Plus EV,C-SUV,Elektromobil (EV),Import (Xitoy),Yuqori-o‘rta ($25k-$40k),28886,3,86658
2024,Q2,2024-Q2,Namangan,BYD,Han,E-Sedan,Elektromobil (EV),Import (Xitoy),Premium (>$40k),40476,2,80952
2024,Q2,2024-Q2,Namangan,Chery,Tiggo 7 Pro,C-SUV,Benzin (Turbo),Mahalliy yig‘uv (ADM Jizzax),Yuqori-o‘rta ($25k-$40k),26832,13,348816
2024,Q2,2024-Q2,Namangan,Chery,Arrizo 6 Pro,C-Sedan,Benzin (Turbo),Mahalliy yig‘uv (ADM Jizzax),O‘rta ($15k-$25k),21052,14,294728
2024,Q2,2024-Q2,Namangan,Chery,Tiggo 8 Pro,Mid-SUV,Benzin (Turbo),Mahalliy yig‘uv (ADM Jizzax),Yuqori-o‘rta ($25k-$40k),33917,6,203502
2024,Q2,2024-Q2,Namangan,Haval,Jolion,B-SUV,Benzin (Turbo),Mahalliy yig‘uv (ADM Jizzax),O‘rta ($15k-$25k),23947,15,359205
2024,Q2,2024-Q2,Namangan,Haval,M6,C-SUV,Benzin,Mahalliy yig‘uv (ADM Jizzax),O‘rta ($15k-$25k),19931,17,338827
2024,Q2,2024-Q2,Namangan,Haval,H6,C-SUV,Benzin (Turbo),Mahalliy yig‘uv (ADM Jizzax),Yuqori-o‘rta ($25k-$40k),30368,9,273312
2024,Q2,2024-Q2,Namangan,Kia,Sonet,B-SUV,Benzin,Mahalliy yig‘uv (ADM Jizzax),O‘rta ($15k-$25k),18703,15,280545
2024,Q2,2024-Q2,Namangan,Kia,K5,D-Sedan,Benzin,Mahalliy yig‘uv (ADM Jizzax),Yuqori-o‘rta ($25k-$40k),34353,6,206118
2024,Q2,2024-Q2,Namangan,Kia,Sportage,C-SUV,Benzin,Mahalliy yig‘uv (ADM Jizzax),Yuqori-o‘rta ($25k-$40k),35885,5,179425
2024,Q2,2024-Q2,Namangan,Zeekr,001,E-Shooting Brake,Elektromobil (EV),Import (Xitoy),Premium (>$40k),49733,1,49733
2024,Q2,2024-Q2,Namangan,Geely,Monjaro,Mid-SUV,Benzin (Turbo),Import (Xitoy),Yuqori-o‘rta ($25k-$40k),37154,7,260078
2024,Q2,2024-Q2,Namangan,Jetour,Dashing,C-SUV,Benzin (Turbo),Import (Xitoy),Yuqori-o‘rta ($25k-$40k),27457,7,192199
2024,Q2,2024-Q2,Namangan,Li Auto,L7/L9,Full-SUV,Gibrid (EREV),Import (Xitoy),Premium (>$40k),59472,1,59472
2024,Q2,2024-Q2,Buxoro,Chevrolet,Cobalt,B-Sedan,Benzin,Mahalliy (Asaka),Byudjet (<$15k),12320,173,2131360
2024,Q2,2024-Q2,Buxoro,Chevrolet,Damas,Mini-Van,Benzin,Mahalliy (Pitnak),Byudjet (<$15k),9016,113,1018808
2024,Q2,2024-Q2,Buxoro,Chevrolet,Labo,Mini-Truck,Benzin,Mahalliy (Pitnak),Byudjet (<$15k),8306,55,456830
2024,Q2,2024-Q2,Buxoro,Chevrolet,Lacetti/Gentra,C-Sedan,Benzin,Mahalliy (Asaka),Byudjet (<$15k),13769,89,1225441
2024,Q2,2024-Q2,Buxoro,Chevrolet,Tracker-2,B-SUV,Benzin (Turbo),Mahalliy (Asaka),O‘rta ($15k-$25k),17782,20,355640
2024,Q2,2024-Q2,Buxoro,Chevrolet,Onix,B-Sedan,Benzin (Turbo),Mahalliy (Asaka),Byudjet (<$15k),14281,25,357025
2024,Q2,2024-Q2,Buxoro,Chevrolet,Malibu-2,D-Sedan,Benzin (Turbo),Mahalliy (Asaka),Yuqori-o‘rta ($25k-$40k),36068,2,72136
2024,Q2,2024-Q2,Buxoro,BYD,Song Plus DM-i,C-SUV,Gibrid (PHEV),Gibrid/Yig‘uv (Jizzax),Yuqori-o‘rta ($25k-$40k),25508,97,2474276
2024,Q2,2024-Q2,Buxoro,BYD,Chazor (Destroyer 05),C-Sedan,Gibrid (PHEV),Gibrid/Yig‘uv (Jizzax),O‘rta ($15k-$25k),19457,72,1400904
2024,Q2,2024-Q2,Buxoro,BYD,Song Plus EV,C-SUV,Elektromobil (EV),Import (Xitoy),Yuqori-o‘rta ($25k-$40k),28643,9,257787
2024,Q2,2024-Q2,Buxoro,BYD,Han,E-Sedan,Elektromobil (EV),Import (Xitoy),Premium (>$40k),40768,3,122304
2024,Q2,2024-Q2,Buxoro,Chery,Tiggo 7 Pro,C-SUV,Benzin (Turbo),Mahalliy yig‘uv (ADM Jizzax),Yuqori-o‘rta ($25k-$40k),27111,12,325332
2024,Q2,2024-Q2,Buxoro,Chery,Arrizo 6 Pro,C-Sedan,Benzin (Turbo),Mahalliy yig‘uv (ADM Jizzax),O‘rta ($15k-$25k),21160,13,275080
2024,Q2,2024-Q2,Buxoro,Chery,Tiggo 8 Pro,Mid-SUV,Benzin (Turbo),Mahalliy yig‘uv (ADM Jizzax),Yuqori-o‘rta ($25k-$40k),33826,6,202956
2024,Q2,2024-Q2,Buxoro,Haval,Jolion,B-SUV,Benzin (Turbo),Mahalliy yig‘uv (ADM Jizzax),O‘rta ($15k-$25k),23891,11,262801
2024,Q2,2024-Q2,Buxoro,Haval,M6,C-SUV,Benzin,Mahalliy yig‘uv (ADM Jizzax),O‘rta ($15k-$25k),19844,10,198440
2024,Q2,2024-Q2,Buxoro,Haval,H6,C-SUV,Benzin (Turbo),Mahalliy yig‘uv (ADM Jizzax),Yuqori-o‘rta ($25k-$40k),30048,5,150240
2024,Q2,2024-Q2,Buxoro,Kia,Sonet,B-SUV,Benzin,Mahalliy yig‘uv (ADM Jizzax),O‘rta ($15k-$25k),18503,16,296048
2024,Q2,2024-Q2,Buxoro,Kia,K5,D-Sedan,Benzin,Mahalliy yig‘uv (ADM Jizzax),Yuqori-o‘rta ($25k-$40k),34635,5,173175
2024,Q2,2024-Q2,Buxoro,Kia,Sportage,C-SUV,Benzin,Mahalliy yig‘uv (ADM Jizzax),Yuqori-o‘rta ($25k-$40k),36208,4,144832
2024,Q2,2024-Q2,Buxoro,Zeekr,001,E-Shooting Brake,Elektromobil (EV),Import (Xitoy),Premium (>$40k),49892,3,149676
2024,Q2,2024-Q2,Buxoro,Geely,Monjaro,Mid-SUV,Benzin (Turbo),Import (Xitoy),Yuqori-o‘rta ($25k-$40k),37146,6,222876
2024,Q2,2024-Q2,Buxoro,Jetour,Dashing,C-SUV,Benzin (Turbo),Import (Xitoy),Yuqori-o‘rta ($25k-$40k),27509,5,137545
2024,Q2,2024-Q2,Buxoro,Li Auto,L7/L9,Full-SUV,Gibrid (EREV),Import (Xitoy),Premium (>$40k),59405,1,59405
2024,Q2,2024-Q2,Qashqadaryo,Chevrolet,Cobalt,B-Sedan,Benzin,Mahalliy (Asaka),Byudjet (<$15k),12088,103,1245064
2024,Q2,2024-Q2,Qashqadaryo,Chevrolet,Damas,Mini-Van,Benzin,Mahalliy (Pitnak),Byudjet (<$15k),9207,90,828630
2024,Q2,2024-Q2,Qashqadaryo,Chevrolet,Labo,Mini-Truck,Benzin,Mahalliy (Pitnak),Byudjet (<$15k),8383,42,352086
2024,Q2,2024-Q2,Qashqadaryo,Chevrolet,Lacetti/Gentra,C-Sedan,Benzin,Mahalliy (Asaka),Byudjet (<$15k),13668,55,751740
2024,Q2,2024-Q2,Qashqadaryo,Chevrolet,Tracker-2,B-SUV,Benzin (Turbo),Mahalliy (Asaka),O‘rta ($15k-$25k),17870,17,303790
2024,Q2,2024-Q2,Qashqadaryo,Chevrolet,Onix,B-Sedan,Benzin (Turbo),Mahalliy (Asaka),Byudjet (<$15k),14365,24,344760
2024,Q2,2024-Q2,Qashqadaryo,Chevrolet,Malibu-2,D-Sedan,Benzin (Turbo),Mahalliy (Asaka),Yuqori-o‘rta ($25k-$40k),36108,2,72216
2024,Q2,2024-Q2,Qashqadaryo,BYD,Song Plus DM-i,C-SUV,Gibrid (PHEV),Gibrid/Yig‘uv (Jizzax),Yuqori-o‘rta ($25k-$40k),25125,57,1432125
2024,Q2,2024-Q2,Qashqadaryo,BYD,Chazor (Destroyer 05),C-Sedan,Gibrid (PHEV),Gibrid/Yig‘uv (Jizzax),O‘rta ($15k-$25k),19661,41,806101
2024,Q2,2024-Q2,Qashqadaryo,BYD,Song Plus EV,C-SUV,Elektromobil (EV),Import (Xitoy),Yuqori-o‘rta ($25k-$40k),28250,10,282500
2024,Q2,2024-Q2,Qashqadaryo,BYD,Han,E-Sedan,Elektromobil (EV),Import (Xitoy),Premium (>$40k),40576,2,81152
2024,Q2,2024-Q2,Qashqadaryo,Chery,Tiggo 7 Pro,C-SUV,Benzin (Turbo),Mahalliy yig‘uv (ADM Jizzax),Yuqori-o‘rta ($25k-$40k),27152,12,325824
2024,Q2,2024-Q2,Qashqadaryo,Chery,Arrizo 6 Pro,C-Sedan,Benzin (Turbo),Mahalliy yig‘uv (ADM Jizzax),O‘rta ($15k-$25k),21132,7,147924
2024,Q2,2024-Q2,Qashqadaryo,Chery,Tiggo 8 Pro,Mid-SUV,Benzin (Turbo),Mahalliy yig‘uv (ADM Jizzax),Yuqori-o‘rta ($25k-$40k),34042,4,136168
2024,Q2,2024-Q2,Qashqadaryo,Haval,Jolion,B-SUV,Benzin (Turbo),Mahalliy yig‘uv (ADM Jizzax),O‘rta ($15k-$25k),23778,11,261558
2024,Q2,2024-Q2,Qashqadaryo,Haval,M6,C-SUV,Benzin,Mahalliy yig‘uv (ADM Jizzax),O‘rta ($15k-$25k),19818,10,198180
2024,Q2,2024-Q2,Qashqadaryo,Haval,H6,C-SUV,Benzin (Turbo),Mahalliy yig‘uv (ADM Jizzax),Yuqori-o‘rta ($25k-$40k),30302,5,151510
2024,Q2,2024-Q2,Qashqadaryo,Kia,Sonet,B-SUV,Benzin,Mahalliy yig‘uv (ADM Jizzax),O‘rta ($15k-$25k),18522,11,203742
2024,Q2,2024-Q2,Qashqadaryo,Kia,K5,D-Sedan,Benzin,Mahalliy yig‘uv (ADM Jizzax),Yuqori-o‘rta ($25k-$40k),34605,4,138420
2024,Q2,2024-Q2,Qashqadaryo,Kia,Sportage,C-SUV,Benzin,Mahalliy yig‘uv (ADM Jizzax),Yuqori-o‘rta ($25k-$40k),35978,3,107934
2024,Q2,2024-Q2,Qashqadaryo,Zeekr,001,E-Shooting Brake,Elektromobil (EV),Import (Xitoy),Premium (>$40k),49762,1,49762
2024,Q2,2024-Q2,Qashqadaryo,Geely,Monjaro,Mid-SUV,Benzin (Turbo),Import (Xitoy),Yuqori-o‘rta ($25k-$40k),37215,5,186075
2024,Q2,2024-Q2,Qashqadaryo,Jetour,Dashing,C-SUV,Benzin (Turbo),Import (Xitoy),Yuqori-o‘rta ($25k-$40k),27519,4,110076
2024,Q2,2024-Q2,Qashqadaryo,Li Auto,L7/L9,Full-SUV,Gibrid (EREV),Import (Xitoy),Premium (>$40k),59223,1,59223
2024,Q2,2024-Q2,Xorazm,Chevrolet,Cobalt,B-Sedan,Benzin,Mahalliy (Asaka),Byudjet (<$15k),12311,75,923325
2024,Q2,2024-Q2,Xorazm,Chevrolet,Damas,Mini-Van,Benzin,Mahalliy (Pitnak),Byudjet (<$15k),8975,140,1256500
2024,Q2,2024-Q2,Xorazm,Chevrolet,Labo,Mini-Truck,Benzin,Mahalliy (Pitnak),Byudjet (<$15k),8308,79,656332
2024,Q2,2024-Q2,Xorazm,Chevrolet,Lacetti/Gentra,C-Sedan,Benzin,Mahalliy (Asaka),Byudjet (<$15k),13774,47,647378
2024,Q2,2024-Q2,Xorazm,Chevrolet,Tracker-2,B-SUV,Benzin (Turbo),Mahalliy (Asaka),O‘rta ($15k-$25k),17673,16,282768
2024,Q2,2024-Q2,Xorazm,Chevrolet,Onix,B-Sedan,Benzin (Turbo),Mahalliy (Asaka),Byudjet (<$15k),14551,18,261918
2024,Q2,2024-Q2,Xorazm,Chevrolet,Malibu-2,D-Sedan,Benzin (Turbo),Mahalliy (Asaka),Yuqori-o‘rta ($25k-$40k),36232,1,36232
2024,Q2,2024-Q2,Xorazm,BYD,Song Plus DM-i,C-SUV,Gibrid (PHEV),Gibrid/Yig‘uv (Jizzax),Yuqori-o‘rta ($25k-$40k),25498,52,1325896
2024,Q2,2024-Q2,Xorazm,BYD,Chazor (Destroyer 05),C-Sedan,Gibrid (PHEV),Gibrid/Yig‘uv (Jizzax),O‘rta ($15k-$25k),19475,34,662150
2024,Q2,2024-Q2,Xorazm,BYD,Song Plus EV,C-SUV,Elektromobil (EV),Import (Xitoy),Yuqori-o‘rta ($25k-$40k),28475,2,56950
2024,Q2,2024-Q2,Xorazm,BYD,Han,E-Sedan,Elektromobil (EV),Import (Xitoy),Premium (>$40k),40458,1,40458
2024,Q2,2024-Q2,Xorazm,Chery,Tiggo 7 Pro,C-SUV,Benzin (Turbo),Mahalliy yig‘uv (ADM Jizzax),Yuqori-o‘rta ($25k-$40k),26997,9,242973
2024,Q2,2024-Q2,Xorazm,Chery,Arrizo 6 Pro,C-Sedan,Benzin (Turbo),Mahalliy yig‘uv (ADM Jizzax),O‘rta ($15k-$25k),21230,6,127380
2024,Q2,2024-Q2,Xorazm,Chery,Tiggo 8 Pro,Mid-SUV,Benzin (Turbo),Mahalliy yig‘uv (ADM Jizzax),Yuqori-o‘rta ($25k-$40k),33923,3,101769
2024,Q2,2024-Q2,Xorazm,Haval,Jolion,B-SUV,Benzin (Turbo),Mahalliy yig‘uv (ADM Jizzax),O‘rta ($15k-$25k),23864,8,190912
2024,Q2,2024-Q2,Xorazm,Haval,M6,C-SUV,Benzin,Mahalliy yig‘uv (ADM Jizzax),O‘rta ($15k-$25k),19885,7,139195
2024,Q2,2024-Q2,Xorazm,Haval,H6,C-SUV,Benzin (Turbo),Mahalliy yig‘uv (ADM Jizzax),Yuqori-o‘rta ($25k-$40k),30225,4,120900
2024,Q2,2024-Q2,Xorazm,Kia,Sonet,B-SUV,Benzin,Mahalliy yig‘uv (ADM Jizzax),O‘rta ($15k-$25k),18510,8,148080
2024,Q2,2024-Q2,Xorazm,Kia,K5,D-Sedan,Benzin,Mahalliy yig‘uv (ADM Jizzax),Yuqori-o‘rta ($25k-$40k),34364,3,103092
2024,Q2,2024-Q2,Xorazm,Kia,Sportage,C-SUV,Benzin,Mahalliy yig‘uv (ADM Jizzax),Yuqori-o‘rta ($25k-$40k),36059,1,36059
2024,Q2,2024-Q2,Xorazm,Zeekr,001,E-Shooting Brake,Elektromobil (EV),Import (Xitoy),Premium (>$40k),49996,1,49996
2024,Q2,2024-Q2,Xorazm,Geely,Monjaro,Mid-SUV,Benzin (Turbo),Import (Xitoy),Yuqori-o‘rta ($25k-$40k),37029,6,222174
2024,Q2,2024-Q2,Xorazm,Jetour,Dashing,C-SUV,Benzin (Turbo),Import (Xitoy),Yuqori-o‘rta ($25k-$40k),27417,4,109668
2024,Q2,2024-Q2,Xorazm,Li Auto,L7/L9,Full-SUV,Gibrid (EREV),Import (Xitoy),Premium (>$40k),59548,1,59548
2024,Q2,2024-Q2,Surxondaryo,Chevrolet,Cobalt,B-Sedan,Benzin,Mahalliy (Asaka),Byudjet (<$15k),12137,88,1068056
2024,Q2,2024-Q2,Surxondaryo,Chevrolet,Damas,Mini-Van,Benzin,Mahalliy (Pitnak),Byudjet (<$15k),8834,72,636048
2024,Q2,2024-Q2,Surxondaryo,Chevrolet,Labo,Mini-Truck,Benzin,Mahalliy (Pitnak),Byudjet (<$15k),8448,41,346368
2024,Q2,2024-Q2,Surxondaryo,Chevrolet,Lacetti/Gentra,C-Sedan,Benzin,Mahalliy (Asaka),Byudjet (<$15k),13902,44,611688
2024,Q2,2024-Q2,Surxondaryo,Chevrolet,Tracker-2,B-SUV,Benzin (Turbo),Mahalliy (Asaka),O‘rta ($15k-$25k),17382,14,243348
2024,Q2,2024-Q2,Surxondaryo,Chevrolet,Onix,B-Sedan,Benzin (Turbo),Mahalliy (Asaka),Byudjet (<$15k),14674,17,249458
2024,Q2,2024-Q2,Surxondaryo,Chevrolet,Malibu-2,D-Sedan,Benzin (Turbo),Mahalliy (Asaka),Yuqori-o‘rta ($25k-$40k),36117,1,36117
2024,Q2,2024-Q2,Surxondaryo,BYD,Song Plus DM-i,C-SUV,Gibrid (PHEV),Gibrid/Yig‘uv (Jizzax),Yuqori-o‘rta ($25k-$40k),25104,48,1204992
2024,Q2,2024-Q2,Surxondaryo,BYD,Chazor (Destroyer 05),C-Sedan,Gibrid (PHEV),Gibrid/Yig‘uv (Jizzax),O‘rta ($15k-$25k),18988,36,683568
2024,Q2,2024-Q2,Surxondaryo,BYD,Song Plus EV,C-SUV,Elektromobil (EV),Import (Xitoy),Yuqori-o‘rta ($25k-$40k),28591,7,200137
2024,Q2,2024-Q2,Surxondaryo,BYD,Han,E-Sedan,Elektromobil (EV),Import (Xitoy),Premium (>$40k),40295,3,120885
2024,Q2,2024-Q2,Surxondaryo,Chery,Tiggo 7 Pro,C-SUV,Benzin (Turbo),Mahalliy yig‘uv (ADM Jizzax),Yuqori-o‘rta ($25k-$40k),27041,10,270410
2024,Q2,2024-Q2,Surxondaryo,Chery,Arrizo 6 Pro,C-Sedan,Benzin (Turbo),Mahalliy yig‘uv (ADM Jizzax),O‘rta ($15k-$25k),21331,6,127986
2024,Q2,2024-Q2,Surxondaryo,Chery,Tiggo 8 Pro,Mid-SUV,Benzin (Turbo),Mahalliy yig‘uv (ADM Jizzax),Yuqori-o‘rta ($25k-$40k),33924,3,101772
2024,Q2,2024-Q2,Surxondaryo,Haval,Jolion,B-SUV,Benzin (Turbo),Mahalliy yig‘uv (ADM Jizzax),O‘rta ($15k-$25k),23786,8,190288
2024,Q2,2024-Q2,Surxondaryo,Haval,M6,C-SUV,Benzin,Mahalliy yig‘uv (ADM Jizzax),O‘rta ($15k-$25k),20111,8,160888
2024,Q2,2024-Q2,Surxondaryo,Haval,H6,C-SUV,Benzin (Turbo),Mahalliy yig‘uv (ADM Jizzax),Yuqori-o‘rta ($25k-$40k),30024,4,120096
2024,Q2,2024-Q2,Surxondaryo,Kia,Sonet,B-SUV,Benzin,Mahalliy yig‘uv (ADM Jizzax),O‘rta ($15k-$25k),18641,10,186410
2024,Q2,2024-Q2,Surxondaryo,Kia,K5,D-Sedan,Benzin,Mahalliy yig‘uv (ADM Jizzax),Yuqori-o‘rta ($25k-$40k),34457,4,137828
2024,Q2,2024-Q2,Surxondaryo,Kia,Sportage,C-SUV,Benzin,Mahalliy yig‘uv (ADM Jizzax),Yuqori-o‘rta ($25k-$40k),36008,2,72016
2024,Q2,2024-Q2,Surxondaryo,Zeekr,001,E-Shooting Brake,Elektromobil (EV),Import (Xitoy),Premium (>$40k),49765,2,99530
2024,Q2,2024-Q2,Surxondaryo,Geely,Monjaro,Mid-SUV,Benzin (Turbo),Import (Xitoy),Yuqori-o‘rta ($25k-$40k),37162,4,148648
2024,Q2,2024-Q2,Surxondaryo,Jetour,Dashing,C-SUV,Benzin (Turbo),Import (Xitoy),Yuqori-o‘rta ($25k-$40k),27670,3,83010
2024,Q2,2024-Q2,Surxondaryo,Li Auto,L7/L9,Full-SUV,Gibrid (EREV),Import (Xitoy),Premium (>$40k),59175,1,59175
2024,Q2,2024-Q2,Navoiy,Chevrolet,Cobalt,B-Sedan,Benzin,Mahalliy (Asaka),Byudjet (<$15k),12018,57,685026
2024,Q2,2024-Q2,Navoiy,Chevrolet,Damas,Mini-Van,Benzin,Mahalliy (Pitnak),Byudjet (<$15k),8960,51,456960
2024,Q2,2024-Q2,Navoiy,Chevrolet,Labo,Mini-Truck,Benzin,Mahalliy (Pitnak),Byudjet (<$15k),8568,28,239904
2024,Q2,2024-Q2,Navoiy,Chevrolet,Lacetti/Gentra,C-Sedan,Benzin,Mahalliy (Asaka),Byudjet (<$15k),13732,36,494352
2024,Q2,2024-Q2,Navoiy,Chevrolet,Tracker-2,B-SUV,Benzin (Turbo),Mahalliy (Asaka),O‘rta ($15k-$25k),17555,11,193105
2024,Q2,2024-Q2,Navoiy,Chevrolet,Onix,B-Sedan,Benzin (Turbo),Mahalliy (Asaka),Byudjet (<$15k),14512,11,159632
2024,Q2,2024-Q2,Navoiy,Chevrolet,Malibu-2,D-Sedan,Benzin (Turbo),Mahalliy (Asaka),Yuqori-o‘rta ($25k-$40k),36020,4,144080
2024,Q2,2024-Q2,Navoiy,BYD,Song Plus DM-i,C-SUV,Gibrid (PHEV),Gibrid/Yig‘uv (Jizzax),Yuqori-o‘rta ($25k-$40k),25258,38,959804
2024,Q2,2024-Q2,Navoiy,BYD,Chazor (Destroyer 05),C-Sedan,Gibrid (PHEV),Gibrid/Yig‘uv (Jizzax),O‘rta ($15k-$25k),19365,28,542220
2024,Q2,2024-Q2,Navoiy,BYD,Song Plus EV,C-SUV,Elektromobil (EV),Import (Xitoy),Yuqori-o‘rta ($25k-$40k),28869,4,115476
2024,Q2,2024-Q2,Navoiy,BYD,Han,E-Sedan,Elektromobil (EV),Import (Xitoy),Premium (>$40k),40152,2,80304
2024,Q2,2024-Q2,Navoiy,Chery,Tiggo 7 Pro,C-SUV,Benzin (Turbo),Mahalliy yig‘uv (ADM Jizzax),Yuqori-o‘rta ($25k-$40k),27018,6,162108
2024,Q2,2024-Q2,Navoiy,Chery,Arrizo 6 Pro,C-Sedan,Benzin (Turbo),Mahalliy yig‘uv (ADM Jizzax),O‘rta ($15k-$25k),21325,6,127950
2024,Q2,2024-Q2,Navoiy,Chery,Tiggo 8 Pro,Mid-SUV,Benzin (Turbo),Mahalliy yig‘uv (ADM Jizzax),Yuqori-o‘rta ($25k-$40k),33839,3,101517
2024,Q2,2024-Q2,Navoiy,Haval,Jolion,B-SUV,Benzin (Turbo),Mahalliy yig‘uv (ADM Jizzax),O‘rta ($15k-$25k),23845,4,95380
2024,Q2,2024-Q2,Navoiy,Haval,M6,C-SUV,Benzin,Mahalliy yig‘uv (ADM Jizzax),O‘rta ($15k-$25k),20057,6,120342
2024,Q2,2024-Q2,Navoiy,Haval,H6,C-SUV,Benzin (Turbo),Mahalliy yig‘uv (ADM Jizzax),Yuqori-o‘rta ($25k-$40k),30262,2,60524
2024,Q2,2024-Q2,Navoiy,Kia,Sonet,B-SUV,Benzin,Mahalliy yig‘uv (ADM Jizzax),O‘rta ($15k-$25k),18571,7,129997
2024,Q2,2024-Q2,Navoiy,Kia,K5,D-Sedan,Benzin,Mahalliy yig‘uv (ADM Jizzax),Yuqori-o‘rta ($25k-$40k),34261,3,102783
2024,Q2,2024-Q2,Navoiy,Kia,Sportage,C-SUV,Benzin,Mahalliy yig‘uv (ADM Jizzax),Yuqori-o‘rta ($25k-$40k),36130,1,36130
2024,Q2,2024-Q2,Navoiy,Zeekr,001,E-Shooting Brake,Elektromobil (EV),Import (Xitoy),Premium (>$40k),49847,1,49847
2024,Q2,2024-Q2,Navoiy,Geely,Monjaro,Mid-SUV,Benzin (Turbo),Import (Xitoy),Yuqori-o‘rta ($25k-$40k),37172,2,74344
2024,Q2,2024-Q2,Navoiy,Jetour,Dashing,C-SUV,Benzin (Turbo),Import (Xitoy),Yuqori-o‘rta ($25k-$40k),27642,3,82926
2024,Q2,2024-Q2,Navoiy,Li Auto,L7/L9,Full-SUV,Gibrid (EREV),Import (Xitoy),Premium (>$40k),59312,1,59312
2024,Q2,2024-Q2,Jizzax,Chevrolet,Cobalt,B-Sedan,Benzin,Mahalliy (Asaka),Byudjet (<$15k),12306,43,529158
2024,Q2,2024-Q2,Jizzax,Chevrolet,Damas,Mini-Van,Benzin,Mahalliy (Pitnak),Byudjet (<$15k),9068,31,281108
2024,Q2,2024-Q2,Jizzax,Chevrolet,Labo,Mini-Truck,Benzin,Mahalliy (Pitnak),Byudjet (<$15k),8334,15,125010
2024,Q2,2024-Q2,Jizzax,Chevrolet,Lacetti/Gentra,C-Sedan,Benzin,Mahalliy (Asaka),Byudjet (<$15k),13836,21,290556
2024,Q2,2024-Q2,Jizzax,Chevrolet,Tracker-2,B-SUV,Benzin (Turbo),Mahalliy (Asaka),O‘rta ($15k-$25k),17490,6,104940
2024,Q2,2024-Q2,Jizzax,Chevrolet,Onix,B-Sedan,Benzin (Turbo),Mahalliy (Asaka),Byudjet (<$15k),14620,10,146200
2024,Q2,2024-Q2,Jizzax,Chevrolet,Malibu-2,D-Sedan,Benzin (Turbo),Mahalliy (Asaka),Yuqori-o‘rta ($25k-$40k),35961,1,35961
2024,Q2,2024-Q2,Jizzax,BYD,Song Plus DM-i,C-SUV,Gibrid (PHEV),Gibrid/Yig‘uv (Jizzax),Yuqori-o‘rta ($25k-$40k),25442,25,636050
2024,Q2,2024-Q2,Jizzax,BYD,Chazor (Destroyer 05),C-Sedan,Gibrid (PHEV),Gibrid/Yig‘uv (Jizzax),O‘rta ($15k-$25k),19537,18,351666
2024,Q2,2024-Q2,Jizzax,BYD,Song Plus EV,C-SUV,Elektromobil (EV),Import (Xitoy),Yuqori-o‘rta ($25k-$40k),28855,3,86565
2024,Q2,2024-Q2,Jizzax,BYD,Han,E-Sedan,Elektromobil (EV),Import (Xitoy),Premium (>$40k),40847,1,40847
2024,Q2,2024-Q2,Jizzax,Chery,Tiggo 7 Pro,C-SUV,Benzin (Turbo),Mahalliy yig‘uv (ADM Jizzax),Yuqori-o‘rta ($25k-$40k),26853,3,80559
2024,Q2,2024-Q2,Jizzax,Chery,Arrizo 6 Pro,C-Sedan,Benzin (Turbo),Mahalliy yig‘uv (ADM Jizzax),O‘rta ($15k-$25k),21337,4,85348
2024,Q2,2024-Q2,Jizzax,Chery,Tiggo 8 Pro,Mid-SUV,Benzin (Turbo),Mahalliy yig‘uv (ADM Jizzax),Yuqori-o‘rta ($25k-$40k),34085,1,34085
2024,Q2,2024-Q2,Jizzax,Haval,Jolion,B-SUV,Benzin (Turbo),Mahalliy yig‘uv (ADM Jizzax),O‘rta ($15k-$25k),23876,5,119380
2024,Q2,2024-Q2,Jizzax,Haval,M6,C-SUV,Benzin,Mahalliy yig‘uv (ADM Jizzax),O‘rta ($15k-$25k),20047,3,60141
2024,Q2,2024-Q2,Jizzax,Haval,H6,C-SUV,Benzin (Turbo),Mahalliy yig‘uv (ADM Jizzax),Yuqori-o‘rta ($25k-$40k),30357,1,30357
2024,Q2,2024-Q2,Jizzax,Kia,Sonet,B-SUV,Benzin,Mahalliy yig‘uv (ADM Jizzax),O‘rta ($15k-$25k),18704,5,93520
2024,Q2,2024-Q2,Jizzax,Kia,K5,D-Sedan,Benzin,Mahalliy yig‘uv (ADM Jizzax),Yuqori-o‘rta ($25k-$40k),34349,3,103047
2024,Q2,2024-Q2,Jizzax,Kia,Sportage,C-SUV,Benzin,Mahalliy yig‘uv (ADM Jizzax),Yuqori-o‘rta ($25k-$40k),35926,1,35926
2024,Q2,2024-Q2,Jizzax,Zeekr,001,E-Shooting Brake,Elektromobil (EV),Import (Xitoy),Premium (>$40k),49720,1,49720
2024,Q2,2024-Q2,Jizzax,Geely,Monjaro,Mid-SUV,Benzin (Turbo),Import (Xitoy),Yuqori-o‘rta ($25k-$40k),37064,1,37064
2024,Q2,2024-Q2,Jizzax,Jetour,Dashing,C-SUV,Benzin (Turbo),Import (Xitoy),Yuqori-o‘rta ($25k-$40k),27723,2,55446
2024,Q2,2024-Q2,Jizzax,Li Auto,L7/L9,Full-SUV,Gibrid (EREV),Import (Xitoy),Premium (>$40k),59289,2,118578
2024,Q2,2024-Q2,Sirdaryo,Chevrolet,Cobalt,B-Sedan,Benzin,Mahalliy (Asaka),Byudjet (<$15k),12203,34,414902
2024,Q2,2024-Q2,Sirdaryo,Chevrolet,Damas,Mini-Van,Benzin,Mahalliy (Pitnak),Byudjet (<$15k),9115,28,255220
2024,Q2,2024-Q2,Sirdaryo,Chevrolet,Labo,Mini-Truck,Benzin,Mahalliy (Pitnak),Byudjet (<$15k),8473,11,93203
2024,Q2,2024-Q2,Sirdaryo,Chevrolet,Lacetti/Gentra,C-Sedan,Benzin,Mahalliy (Asaka),Byudjet (<$15k),13702,19,260338
2024,Q2,2024-Q2,Sirdaryo,Chevrolet,Tracker-2,B-SUV,Benzin (Turbo),Mahalliy (Asaka),O‘rta ($15k-$25k),17643,5,88215
2024,Q2,2024-Q2,Sirdaryo,Chevrolet,Onix,B-Sedan,Benzin (Turbo),Mahalliy (Asaka),Byudjet (<$15k),14553,6,87318
2024,Q2,2024-Q2,Sirdaryo,Chevrolet,Malibu-2,D-Sedan,Benzin (Turbo),Mahalliy (Asaka),Yuqori-o‘rta ($25k-$40k),36162,1,36162
2024,Q2,2024-Q2,Sirdaryo,BYD,Song Plus DM-i,C-SUV,Gibrid (PHEV),Gibrid/Yig‘uv (Jizzax),Yuqori-o‘rta ($25k-$40k),25592,16,409472
2024,Q2,2024-Q2,Sirdaryo,BYD,Chazor (Destroyer 05),C-Sedan,Gibrid (PHEV),Gibrid/Yig‘uv (Jizzax),O‘rta ($15k-$25k),18994,13,246922
2024,Q2,2024-Q2,Sirdaryo,BYD,Song Plus EV,C-SUV,Elektromobil (EV),Import (Xitoy),Yuqori-o‘rta ($25k-$40k),28414,4,113656
2024,Q2,2024-Q2,Sirdaryo,BYD,Han,E-Sedan,Elektromobil (EV),Import (Xitoy),Premium (>$40k),40094,1,40094
2024,Q2,2024-Q2,Sirdaryo,Chery,Tiggo 7 Pro,C-SUV,Benzin (Turbo),Mahalliy yig‘uv (ADM Jizzax),Yuqori-o‘rta ($25k-$40k),27040,2,54080
2024,Q2,2024-Q2,Sirdaryo,Chery,Arrizo 6 Pro,C-Sedan,Benzin (Turbo),Mahalliy yig‘uv (ADM Jizzax),O‘rta ($15k-$25k),21371,2,42742
2024,Q2,2024-Q2,Sirdaryo,Chery,Tiggo 8 Pro,Mid-SUV,Benzin (Turbo),Mahalliy yig‘uv (ADM Jizzax),Yuqori-o‘rta ($25k-$40k),34025,3,102075
2024,Q2,2024-Q2,Sirdaryo,Haval,Jolion,B-SUV,Benzin (Turbo),Mahalliy yig‘uv (ADM Jizzax),O‘rta ($15k-$25k),23983,3,71949
2024,Q2,2024-Q2,Sirdaryo,Haval,M6,C-SUV,Benzin,Mahalliy yig‘uv (ADM Jizzax),O‘rta ($15k-$25k),19736,3,59208
2024,Q2,2024-Q2,Sirdaryo,Haval,H6,C-SUV,Benzin (Turbo),Mahalliy yig‘uv (ADM Jizzax),Yuqori-o‘rta ($25k-$40k),30158,1,30158
2024,Q2,2024-Q2,Sirdaryo,Kia,Sonet,B-SUV,Benzin,Mahalliy yig‘uv (ADM Jizzax),O‘rta ($15k-$25k),18495,2,36990
2024,Q2,2024-Q2,Sirdaryo,Kia,K5,D-Sedan,Benzin,Mahalliy yig‘uv (ADM Jizzax),Yuqori-o‘rta ($25k-$40k),34586,1,34586
2024,Q2,2024-Q2,Sirdaryo,Kia,Sportage,C-SUV,Benzin,Mahalliy yig‘uv (ADM Jizzax),Yuqori-o‘rta ($25k-$40k),35882,1,35882
2024,Q2,2024-Q2,Sirdaryo,Zeekr,001,E-Shooting Brake,Elektromobil (EV),Import (Xitoy),Premium (>$40k),50018,1,50018
2024,Q2,2024-Q2,Sirdaryo,Geely,Monjaro,Mid-SUV,Benzin (Turbo),Import (Xitoy),Yuqori-o‘rta ($25k-$40k),37236,2,74472
2024,Q2,2024-Q2,Sirdaryo,Jetour,Dashing,C-SUV,Benzin (Turbo),Import (Xitoy),Yuqori-o‘rta ($25k-$40k),27501,1,27501
2024,Q2,2024-Q2,Sirdaryo,Li Auto,L7/L9,Full-SUV,Gibrid (EREV),Import (Xitoy),Premium (>$40k),59317,1,59317
2024,Q2,2024-Q2,Qoraqalpog‘iston Res.,Chevrolet,Cobalt,B-Sedan,Benzin,Mahalliy (Asaka),Byudjet (<$15k),12360,32,395520
2024,Q2,2024-Q2,Qoraqalpog‘iston Res.,Chevrolet,Damas,Mini-Van,Benzin,Mahalliy (Pitnak),Byudjet (<$15k),9153,27,247131
2024,Q2,2024-Q2,Qoraqalpog‘iston Res.,Chevrolet,Labo,Mini-Truck,Benzin,Mahalliy (Pitnak),Byudjet (<$15k),8569,14,119966
2024,Q2,2024-Q2,Qoraqalpog‘iston Res.,Chevrolet,Lacetti/Gentra,C-Sedan,Benzin,Mahalliy (Asaka),Byudjet (<$15k),13747,18,247446
2024,Q2,2024-Q2,Qoraqalpog‘iston Res.,Chevrolet,Tracker-2,B-SUV,Benzin (Turbo),Mahalliy (Asaka),O‘rta ($15k-$25k),17393,5,86965
2024,Q2,2024-Q2,Qoraqalpog‘iston Res.,Chevrolet,Onix,B-Sedan,Benzin (Turbo),Mahalliy (Asaka),Byudjet (<$15k),14435,6,86610
2024,Q2,2024-Q2,Qoraqalpog‘iston Res.,Chevrolet,Malibu-2,D-Sedan,Benzin (Turbo),Mahalliy (Asaka),Yuqori-o‘rta ($25k-$40k),36038,1,36038
2024,Q2,2024-Q2,Qoraqalpog‘iston Res.,BYD,Song Plus DM-i,C-SUV,Gibrid (PHEV),Gibrid/Yig‘uv (Jizzax),Yuqori-o‘rta ($25k-$40k),25573,18,460314
2024,Q2,2024-Q2,Qoraqalpog‘iston Res.,BYD,Chazor (Destroyer 05),C-Sedan,Gibrid (PHEV),Gibrid/Yig‘uv (Jizzax),O‘rta ($15k-$25k),19035,11,209385
2024,Q2,2024-Q2,Qoraqalpog‘iston Res.,BYD,Song Plus EV,C-SUV,Elektromobil (EV),Import (Xitoy),Yuqori-o‘rta ($25k-$40k),28724,2,57448
2024,Q2,2024-Q2,Qoraqalpog‘iston Res.,BYD,Han,E-Sedan,Elektromobil (EV),Import (Xitoy),Premium (>$40k),40285,1,40285
2024,Q2,2024-Q2,Qoraqalpog‘iston Res.,Chery,Tiggo 7 Pro,C-SUV,Benzin (Turbo),Mahalliy yig‘uv (ADM Jizzax),Yuqori-o‘rta ($25k-$40k),27049,4,108196
2024,Q2,2024-Q2,Qoraqalpog‘iston Res.,Chery,Arrizo 6 Pro,C-Sedan,Benzin (Turbo),Mahalliy yig‘uv (ADM Jizzax),O‘rta ($15k-$25k),21236,2,42472
2024,Q2,2024-Q2,Qoraqalpog‘iston Res.,Chery,Tiggo 8 Pro,Mid-SUV,Benzin (Turbo),Mahalliy yig‘uv (ADM Jizzax),Yuqori-o‘rta ($25k-$40k),34028,1,34028
2024,Q2,2024-Q2,Qoraqalpog‘iston Res.,Haval,Jolion,B-SUV,Benzin (Turbo),Mahalliy yig‘uv (ADM Jizzax),O‘rta ($15k-$25k),23910,1,23910
2024,Q2,2024-Q2,Qoraqalpog‘iston Res.,Haval,M6,C-SUV,Benzin,Mahalliy yig‘uv (ADM Jizzax),O‘rta ($15k-$25k),20032,2,40064
2024,Q2,2024-Q2,Qoraqalpog‘iston Res.,Haval,H6,C-SUV,Benzin (Turbo),Mahalliy yig‘uv (ADM Jizzax),Yuqori-o‘rta ($25k-$40k),30072,1,30072
2024,Q2,2024-Q2,Qoraqalpog‘iston Res.,Kia,Sonet,B-SUV,Benzin,Mahalliy yig‘uv (ADM Jizzax),O‘rta ($15k-$25k),18524,2,37048
2024,Q2,2024-Q2,Qoraqalpog‘iston Res.,Kia,K5,D-Sedan,Benzin,Mahalliy yig‘uv (ADM Jizzax),Yuqori-o‘rta ($25k-$40k),34439,1,34439
2024,Q2,2024-Q2,Qoraqalpog‘iston Res.,Kia,Sportage,C-SUV,Benzin,Mahalliy yig‘uv (ADM Jizzax),Yuqori-o‘rta ($25k-$40k),36198,1,36198
2024,Q2,2024-Q2,Qoraqalpog‘iston Res.,Zeekr,001,E-Shooting Brake,Elektromobil (EV),Import (Xitoy),Premium (>$40k),49861,1,49861
2024,Q2,2024-Q2,Qoraqalpog‘iston Res.,Geely,Monjaro,Mid-SUV,Benzin (Turbo),Import (Xitoy),Yuqori-o‘rta ($25k-$40k),37031,1,37031
2024,Q2,2024-Q2,Qoraqalpog‘iston Res.,Jetour,Dashing,C-SUV,Benzin (Turbo),Import (Xitoy),Yuqori-o‘rta ($25k-$40k),27366,1,27366
2024,Q2,2024-Q2,Qoraqalpog‘iston Res.,Li Auto,L7/L9,Full-SUV,Gibrid (EREV),Import (Xitoy),Premium (>$40k),59389,1,59389
2024,Q3,2024-Q3,Toshkent shahri,Chevrolet,Cobalt,B-Sedan,Benzin,Mahalliy (Asaka),Byudjet (<$15k),12212,584,7131808
2024,Q3,2024-Q3,Toshkent shahri,Chevrolet,Damas,Mini-Van,Benzin,Mahalliy (Pitnak),Byudjet (<$15k),9176,103,945128
2024,Q3,2024-Q3,Toshkent shahri,Chevrolet,Labo,Mini-Truck,Benzin,Mahalliy (Pitnak),Byudjet (<$15k),8519,55,468545
2024,Q3,2024-Q3,Toshkent shahri,Chevrolet,Tracker-2,B-SUV,Benzin (Turbo),Mahalliy (Asaka),O‘rta ($15k-$25k),17749,103,1828147
2024,Q3,2024-Q3,Toshkent shahri,Chevrolet,Onix,B-Sedan,Benzin (Turbo),Mahalliy (Asaka),Byudjet (<$15k),14569,127,1850263
2024,Q3,2024-Q3,Toshkent shahri,Chevrolet,Malibu-2,D-Sedan,Benzin (Turbo),Mahalliy (Asaka),Yuqori-o‘rta ($25k-$40k),36205,34,1230970
2024,Q3,2024-Q3,Toshkent shahri,BYD,Song Plus DM-i,C-SUV,Gibrid (PHEV),Gibrid/Yig‘uv (Jizzax),Yuqori-o‘rta ($25k-$40k),25420,860,21861200
2024,Q3,2024-Q3,Toshkent shahri,BYD,Chazor (Destroyer 05),C-Sedan,Gibrid (PHEV),Gibrid/Yig‘uv (Jizzax),O‘rta ($15k-$25k),19223,549,10553427
2024,Q3,2024-Q3,Toshkent shahri,BYD,Song Plus EV,C-SUV,Elektromobil (EV),Import (Xitoy),Yuqori-o‘rta ($25k-$40k),28292,106,2998952
2024,Q3,2024-Q3,Toshkent shahri,BYD,Han,E-Sedan,Elektromobil (EV),Import (Xitoy),Premium (>$40k),40313,50,2015650
2024,Q3,2024-Q3,Toshkent shahri,BYD,Seagull,A-Hatchback,Elektromobil (EV),Import (Xitoy),Byudjet (<$15k),11894,397,4721918
2024,Q3,2024-Q3,Toshkent shahri,Chery,Tiggo 7 Pro,C-SUV,Benzin (Turbo),Mahalliy yig‘uv (ADM Jizzax),Yuqori-o‘rta ($25k-$40k),27165,67,1820055
2024,Q3,2024-Q3,Toshkent shahri,Chery,Arrizo 6 Pro,C-Sedan,Benzin (Turbo),Mahalliy yig‘uv (ADM Jizzax),O‘rta ($15k-$25k),21323,50,1066150
2024,Q3,2024-Q3,Toshkent shahri,Chery,Tiggo 8 Pro,Mid-SUV,Benzin (Turbo),Mahalliy yig‘uv (ADM Jizzax),Yuqori-o‘rta ($25k-$40k),33866,26,880516
2024,Q3,2024-Q3,Toshkent shahri,Haval,Jolion,B-SUV,Benzin (Turbo),Mahalliy yig‘uv (ADM Jizzax),O‘rta ($15k-$25k),23855,65,1550575
2024,Q3,2024-Q3,Toshkent shahri,Haval,M6,C-SUV,Benzin,Mahalliy yig‘uv (ADM Jizzax),O‘rta ($15k-$25k),19967,68,1357756
2024,Q3,2024-Q3,Toshkent shahri,Haval,H6,C-SUV,Benzin (Turbo),Mahalliy yig‘uv (ADM Jizzax),Yuqori-o‘rta ($25k-$40k),30319,31,939889
2024,Q3,2024-Q3,Toshkent shahri,Kia,Sonet,B-SUV,Benzin,Mahalliy yig‘uv (ADM Jizzax),O‘rta ($15k-$25k),18611,77,1433047
2024,Q3,2024-Q3,Toshkent shahri,Kia,K5,D-Sedan,Benzin,Mahalliy yig‘uv (ADM Jizzax),Yuqori-o‘rta ($25k-$40k),34470,30,1034100
2024,Q3,2024-Q3,Toshkent shahri,Kia,Sportage,C-SUV,Benzin,Mahalliy yig‘uv (ADM Jizzax),Yuqori-o‘rta ($25k-$40k),36218,22,796796
2024,Q3,2024-Q3,Toshkent shahri,Zeekr,001,E-Shooting Brake,Elektromobil (EV),Import (Xitoy),Premium (>$40k),49877,31,1546187
2024,Q3,2024-Q3,Toshkent shahri,Geely,Monjaro,Mid-SUV,Benzin (Turbo),Import (Xitoy),Yuqori-o‘rta ($25k-$40k),37248,24,893952
2024,Q3,2024-Q3,Toshkent shahri,Jetour,Dashing,C-SUV,Benzin (Turbo),Import (Xitoy),Yuqori-o‘rta ($25k-$40k),27542,34,936428
2024,Q3,2024-Q3,Toshkent shahri,Li Auto,L7/L9,Full-SUV,Gibrid (EREV),Import (Xitoy),Premium (>$40k),59359,25,1483975
2024,Q3,2024-Q3,Toshkent viloyati,Chevrolet,Cobalt,B-Sedan,Benzin,Mahalliy (Asaka),Byudjet (<$15k),12100,214,2589400
2024,Q3,2024-Q3,Toshkent viloyati,Chevrolet,Damas,Mini-Van,Benzin,Mahalliy (Pitnak),Byudjet (<$15k),8815,169,1489735
2024,Q3,2024-Q3,Toshkent viloyati,Chevrolet,Labo,Mini-Truck,Benzin,Mahalliy (Pitnak),Byudjet (<$15k),8434,105,885570
2024,Q3,2024-Q3,Toshkent viloyati,Chevrolet,Tracker-2,B-SUV,Benzin (Turbo),Mahalliy (Asaka),O‘rta ($15k-$25k),17626,40,705040
2024,Q3,2024-Q3,Toshkent viloyati,Chevrolet,Onix,B-Sedan,Benzin (Turbo),Mahalliy (Asaka),Byudjet (<$15k),14666,43,630638
2024,Q3,2024-Q3,Toshkent viloyati,Chevrolet,Malibu-2,D-Sedan,Benzin (Turbo),Mahalliy (Asaka),Yuqori-o‘rta ($25k-$40k),36127,7,252889
2024,Q3,2024-Q3,Toshkent viloyati,BYD,Song Plus DM-i,C-SUV,Gibrid (PHEV),Gibrid/Yig‘uv (Jizzax),Yuqori-o‘rta ($25k-$40k),25468,131,3336308
2024,Q3,2024-Q3,Toshkent viloyati,BYD,Chazor (Destroyer 05),C-Sedan,Gibrid (PHEV),Gibrid/Yig‘uv (Jizzax),O‘rta ($15k-$25k),19217,105,2017785
2024,Q3,2024-Q3,Toshkent viloyati,BYD,Song Plus EV,C-SUV,Elektromobil (EV),Import (Xitoy),Yuqori-o‘rta ($25k-$40k),28538,17,485146
2024,Q3,2024-Q3,Toshkent viloyati,BYD,Han,E-Sedan,Elektromobil (EV),Import (Xitoy),Premium (>$40k),40833,8,326664
2024,Q3,2024-Q3,Toshkent viloyati,BYD,Seagull,A-Hatchback,Elektromobil (EV),Import (Xitoy),Byudjet (<$15k),12155,59,717145
2024,Q3,2024-Q3,Toshkent viloyati,Chery,Tiggo 7 Pro,C-SUV,Benzin (Turbo),Mahalliy yig‘uv (ADM Jizzax),Yuqori-o‘rta ($25k-$40k),27071,27,730917
2024,Q3,2024-Q3,Toshkent viloyati,Chery,Arrizo 6 Pro,C-Sedan,Benzin (Turbo),Mahalliy yig‘uv (ADM Jizzax),O‘rta ($15k-$25k),21151,20,423020
2024,Q3,2024-Q3,Toshkent viloyati,Chery,Tiggo 8 Pro,Mid-SUV,Benzin (Turbo),Mahalliy yig‘uv (ADM Jizzax),Yuqori-o‘rta ($25k-$40k),34021,11,374231
2024,Q3,2024-Q3,Toshkent viloyati,Haval,Jolion,B-SUV,Benzin (Turbo),Mahalliy yig‘uv (ADM Jizzax),O‘rta ($15k-$25k),23951,22,526922
2024,Q3,2024-Q3,Toshkent viloyati,Haval,M6,C-SUV,Benzin,Mahalliy yig‘uv (ADM Jizzax),O‘rta ($15k-$25k),19765,24,474360
2024,Q3,2024-Q3,Toshkent viloyati,Haval,H6,C-SUV,Benzin (Turbo),Mahalliy yig‘uv (ADM Jizzax),Yuqori-o‘rta ($25k-$40k),30357,12,364284
2024,Q3,2024-Q3,Toshkent viloyati,Kia,Sonet,B-SUV,Benzin,Mahalliy yig‘uv (ADM Jizzax),O‘rta ($15k-$25k),18645,34,633930
2024,Q3,2024-Q3,Toshkent viloyati,Kia,K5,D-Sedan,Benzin,Mahalliy yig‘uv (ADM Jizzax),Yuqori-o‘rta ($25k-$40k),34632,13,450216
2024,Q3,2024-Q3,Toshkent viloyati,Kia,Sportage,C-SUV,Benzin,Mahalliy yig‘uv (ADM Jizzax),Yuqori-o‘rta ($25k-$40k),36112,7,252784
2024,Q3,2024-Q3,Toshkent viloyati,Zeekr,001,E-Shooting Brake,Elektromobil (EV),Import (Xitoy),Premium (>$40k),49993,4,199972
2024,Q3,2024-Q3,Toshkent viloyati,Geely,Monjaro,Mid-SUV,Benzin (Turbo),Import (Xitoy),Yuqori-o‘rta ($25k-$40k),37120,10,371200
2024,Q3,2024-Q3,Toshkent viloyati,Jetour,Dashing,C-SUV,Benzin (Turbo),Import (Xitoy),Yuqori-o‘rta ($25k-$40k),27564,11,303204
2024,Q3,2024-Q3,Toshkent viloyati,Li Auto,L7/L9,Full-SUV,Gibrid (EREV),Import (Xitoy),Premium (>$40k),59345,3,178035
2024,Q3,2024-Q3,Samarqand,Chevrolet,Cobalt,B-Sedan,Benzin,Mahalliy (Asaka),Byudjet (<$15k),12237,264,3230568
2024,Q3,2024-Q3,Samarqand,Chevrolet,Damas,Mini-Van,Benzin,Mahalliy (Pitnak),Byudjet (<$15k),8924,173,1543852
2024,Q3,2024-Q3,Samarqand,Chevrolet,Labo,Mini-Truck,Benzin,Mahalliy (Pitnak),Byudjet (<$15k),8592,114,979488
2024,Q3,2024-Q3,Samarqand,Chevrolet,Tracker-2,B-SUV,Benzin (Turbo),Mahalliy (Asaka),O‘rta ($15k-$25k),17608,40,704320
2024,Q3,2024-Q3,Samarqand,Chevrolet,Onix,B-Sedan,Benzin (Turbo),Mahalliy (Asaka),Byudjet (<$15k),14126,42,593292
2024,Q3,2024-Q3,Samarqand,Chevrolet,Malibu-2,D-Sedan,Benzin (Turbo),Mahalliy (Asaka),Yuqori-o‘rta ($25k-$40k),36233,6,217398
2024,Q3,2024-Q3,Samarqand,BYD,Song Plus DM-i,C-SUV,Gibrid (PHEV),Gibrid/Yig‘uv (Jizzax),Yuqori-o‘rta ($25k-$40k),25450,161,4097450
2024,Q3,2024-Q3,Samarqand,BYD,Chazor (Destroyer 05),C-Sedan,Gibrid (PHEV),Gibrid/Yig‘uv (Jizzax),O‘rta ($15k-$25k),18972,130,2466360
2024,Q3,2024-Q3,Samarqand,BYD,Song Plus EV,C-SUV,Elektromobil (EV),Import (Xitoy),Yuqori-o‘rta ($25k-$40k),28479,18,512622
2024,Q3,2024-Q3,Samarqand,BYD,Han,E-Sedan,Elektromobil (EV),Import (Xitoy),Premium (>$40k),40464,6,242784
2024,Q3,2024-Q3,Samarqand,BYD,Seagull,A-Hatchback,Elektromobil (EV),Import (Xitoy),Byudjet (<$15k),12357,54,667278
2024,Q3,2024-Q3,Samarqand,Chery,Tiggo 7 Pro,C-SUV,Benzin (Turbo),Mahalliy yig‘uv (ADM Jizzax),Yuqori-o‘rta ($25k-$40k),27097,21,569037
2024,Q3,2024-Q3,Samarqand,Chery,Arrizo 6 Pro,C-Sedan,Benzin (Turbo),Mahalliy yig‘uv (ADM Jizzax),O‘rta ($15k-$25k),21357,20,427140
2024,Q3,2024-Q3,Samarqand,Chery,Tiggo 8 Pro,Mid-SUV,Benzin (Turbo),Mahalliy yig‘uv (ADM Jizzax),Yuqori-o‘rta ($25k-$40k),33954,8,271632
2024,Q3,2024-Q3,Samarqand,Haval,Jolion,B-SUV,Benzin (Turbo),Mahalliy yig‘uv (ADM Jizzax),O‘rta ($15k-$25k),23784,21,499464
2024,Q3,2024-Q3,Samarqand,Haval,M6,C-SUV,Benzin,Mahalliy yig‘uv (ADM Jizzax),O‘rta ($15k-$25k),19749,23,454227
2024,Q3,2024-Q3,Samarqand,Haval,H6,C-SUV,Benzin (Turbo),Mahalliy yig‘uv (ADM Jizzax),Yuqori-o‘rta ($25k-$40k),30067,12,360804
2024,Q3,2024-Q3,Samarqand,Kia,Sonet,B-SUV,Benzin,Mahalliy yig‘uv (ADM Jizzax),O‘rta ($15k-$25k),18442,23,424166
2024,Q3,2024-Q3,Samarqand,Kia,K5,D-Sedan,Benzin,Mahalliy yig‘uv (ADM Jizzax),Yuqori-o‘rta ($25k-$40k),34339,10,343390
2024,Q3,2024-Q3,Samarqand,Kia,Sportage,C-SUV,Benzin,Mahalliy yig‘uv (ADM Jizzax),Yuqori-o‘rta ($25k-$40k),36071,9,324639
2024,Q3,2024-Q3,Samarqand,Zeekr,001,E-Shooting Brake,Elektromobil (EV),Import (Xitoy),Premium (>$40k),49964,3,149892
2024,Q3,2024-Q3,Samarqand,Geely,Monjaro,Mid-SUV,Benzin (Turbo),Import (Xitoy),Yuqori-o‘rta ($25k-$40k),37051,8,296408
2024,Q3,2024-Q3,Samarqand,Jetour,Dashing,C-SUV,Benzin (Turbo),Import (Xitoy),Yuqori-o‘rta ($25k-$40k),27452,10,274520
2024,Q3,2024-Q3,Samarqand,Li Auto,L7/L9,Full-SUV,Gibrid (EREV),Import (Xitoy),Premium (>$40k),59273,4,237092
2024,Q3,2024-Q3,Farg‘ona,Chevrolet,Cobalt,B-Sedan,Benzin,Mahalliy (Asaka),Byudjet (<$15k),12212,159,1941708
2024,Q3,2024-Q3,Farg‘ona,Chevrolet,Damas,Mini-Van,Benzin,Mahalliy (Pitnak),Byudjet (<$15k),9041,370,3345170
2024,Q3,2024-Q3,Farg‘ona,Chevrolet,Labo,Mini-Truck,Benzin,Mahalliy (Pitnak),Byudjet (<$15k),8419,200,1683800
2024,Q3,2024-Q3,Farg‘ona,Chevrolet,Tracker-2,B-SUV,Benzin (Turbo),Mahalliy (Asaka),O‘rta ($15k-$25k),17726,34,602684
2024,Q3,2024-Q3,Farg‘ona,Chevrolet,Onix,B-Sedan,Benzin (Turbo),Mahalliy (Asaka),Byudjet (<$15k),14384,39,560976
2024,Q3,2024-Q3,Farg‘ona,Chevrolet,Malibu-2,D-Sedan,Benzin (Turbo),Mahalliy (Asaka),Yuqori-o‘rta ($25k-$40k),36186,5,180930
2024,Q3,2024-Q3,Farg‘ona,BYD,Song Plus DM-i,C-SUV,Gibrid (PHEV),Gibrid/Yig‘uv (Jizzax),Yuqori-o‘rta ($25k-$40k),25520,124,3164480
2024,Q3,2024-Q3,Farg‘ona,BYD,Chazor (Destroyer 05),C-Sedan,Gibrid (PHEV),Gibrid/Yig‘uv (Jizzax),O‘rta ($15k-$25k),18950,80,1516000
2024,Q3,2024-Q3,Farg‘ona,BYD,Song Plus EV,C-SUV,Elektromobil (EV),Import (Xitoy),Yuqori-o‘rta ($25k-$40k),28166,7,197162
2024,Q3,2024-Q3,Farg‘ona,BYD,Han,E-Sedan,Elektromobil (EV),Import (Xitoy),Premium (>$40k),40501,4,162004
2024,Q3,2024-Q3,Farg‘ona,BYD,Seagull,A-Hatchback,Elektromobil (EV),Import (Xitoy),Byudjet (<$15k),12238,20,244760
2024,Q3,2024-Q3,Farg‘ona,Chery,Tiggo 7 Pro,C-SUV,Benzin (Turbo),Mahalliy yig‘uv (ADM Jizzax),Yuqori-o‘rta ($25k-$40k),26866,21,564186
2024,Q3,2024-Q3,Farg‘ona,Chery,Arrizo 6 Pro,C-Sedan,Benzin (Turbo),Mahalliy yig‘uv (ADM Jizzax),O‘rta ($15k-$25k),21391,16,342256
2024,Q3,2024-Q3,Farg‘ona,Chery,Tiggo 8 Pro,Mid-SUV,Benzin (Turbo),Mahalliy yig‘uv (ADM Jizzax),Yuqori-o‘rta ($25k-$40k),33771,9,303939
2024,Q3,2024-Q3,Farg‘ona,Haval,Jolion,B-SUV,Benzin (Turbo),Mahalliy yig‘uv (ADM Jizzax),O‘rta ($15k-$25k),23947,19,454993
2024,Q3,2024-Q3,Farg‘ona,Haval,M6,C-SUV,Benzin,Mahalliy yig‘uv (ADM Jizzax),O‘rta ($15k-$25k),19931,21,418551
2024,Q3,2024-Q3,Farg‘ona,Haval,H6,C-SUV,Benzin (Turbo),Mahalliy yig‘uv (ADM Jizzax),Yuqori-o‘rta ($25k-$40k),30249,10,302490
2024,Q3,2024-Q3,Farg‘ona,Kia,Sonet,B-SUV,Benzin,Mahalliy yig‘uv (ADM Jizzax),O‘rta ($15k-$25k),18485,19,351215
2024,Q3,2024-Q3,Farg‘ona,Kia,K5,D-Sedan,Benzin,Mahalliy yig‘uv (ADM Jizzax),Yuqori-o‘rta ($25k-$40k),34618,11,380798
2024,Q3,2024-Q3,Farg‘ona,Kia,Sportage,C-SUV,Benzin,Mahalliy yig‘uv (ADM Jizzax),Yuqori-o‘rta ($25k-$40k),35903,7,251321
2024,Q3,2024-Q3,Farg‘ona,Zeekr,001,E-Shooting Brake,Elektromobil (EV),Import (Xitoy),Premium (>$40k),49639,1,49639
2024,Q3,2024-Q3,Farg‘ona,Geely,Monjaro,Mid-SUV,Benzin (Turbo),Import (Xitoy),Yuqori-o‘rta ($25k-$40k),36915,8,295320
2024,Q3,2024-Q3,Farg‘ona,Jetour,Dashing,C-SUV,Benzin (Turbo),Import (Xitoy),Yuqori-o‘rta ($25k-$40k),27540,8,220320
2024,Q3,2024-Q3,Farg‘ona,Li Auto,L7/L9,Full-SUV,Gibrid (EREV),Import (Xitoy),Premium (>$40k),59508,1,59508
2024,Q3,2024-Q3,Andijon,Chevrolet,Cobalt,B-Sedan,Benzin,Mahalliy (Asaka),Byudjet (<$15k),12068,178,2148104
2024,Q3,2024-Q3,Andijon,Chevrolet,Damas,Mini-Van,Benzin,Mahalliy (Pitnak),Byudjet (<$15k),8882,294,2611308
2024,Q3,2024-Q3,Andijon,Chevrolet,Labo,Mini-Truck,Benzin,Mahalliy (Pitnak),Byudjet (<$15k),8375,170,1423750
2024,Q3,2024-Q3,Andijon,Chevrolet,Tracker-2,B-SUV,Benzin (Turbo),Mahalliy (Asaka),O‘rta ($15k-$25k),17472,29,506688
2024,Q3,2024-Q3,Andijon,Chevrolet,Onix,B-Sedan,Benzin (Turbo),Mahalliy (Asaka),Byudjet (<$15k),14350,34,487900
2024,Q3,2024-Q3,Andijon,Chevrolet,Malibu-2,D-Sedan,Benzin (Turbo),Mahalliy (Asaka),Yuqori-o‘rta ($25k-$40k),35955,6,215730
2024,Q3,2024-Q3,Andijon,BYD,Song Plus DM-i,C-SUV,Gibrid (PHEV),Gibrid/Yig‘uv (Jizzax),Yuqori-o‘rta ($25k-$40k),25109,87,2184483
2024,Q3,2024-Q3,Andijon,BYD,Chazor (Destroyer 05),C-Sedan,Gibrid (PHEV),Gibrid/Yig‘uv (Jizzax),O‘rta ($15k-$25k),19575,69,1350675
2024,Q3,2024-Q3,Andijon,BYD,Song Plus EV,C-SUV,Elektromobil (EV),Import (Xitoy),Yuqori-o‘rta ($25k-$40k),28875,4,115500
2024,Q3,2024-Q3,Andijon,BYD,Han,E-Sedan,Elektromobil (EV),Import (Xitoy),Premium (>$40k),40165,3,120495
2024,Q3,2024-Q3,Andijon,BYD,Seagull,A-Hatchback,Elektromobil (EV),Import (Xitoy),Byudjet (<$15k),12192,16,195072
2024,Q3,2024-Q3,Andijon,Chery,Tiggo 7 Pro,C-SUV,Benzin (Turbo),Mahalliy yig‘uv (ADM Jizzax),Yuqori-o‘rta ($25k-$40k),27161,20,543220
2024,Q3,2024-Q3,Andijon,Chery,Arrizo 6 Pro,C-Sedan,Benzin (Turbo),Mahalliy yig‘uv (ADM Jizzax),O‘rta ($15k-$25k),21132,15,316980
2024,Q3,2024-Q3,Andijon,Chery,Tiggo 8 Pro,Mid-SUV,Benzin (Turbo),Mahalliy yig‘uv (ADM Jizzax),Yuqori-o‘rta ($25k-$40k),33998,6,203988
2024,Q3,2024-Q3,Andijon,Haval,Jolion,B-SUV,Benzin (Turbo),Mahalliy yig‘uv (ADM Jizzax),O‘rta ($15k-$25k),23841,14,333774
2024,Q3,2024-Q3,Andijon,Haval,M6,C-SUV,Benzin,Mahalliy yig‘uv (ADM Jizzax),O‘rta ($15k-$25k),19735,18,355230
2024,Q3,2024-Q3,Andijon,Haval,H6,C-SUV,Benzin (Turbo),Mahalliy yig‘uv (ADM Jizzax),Yuqori-o‘rta ($25k-$40k),30340,9,273060
2024,Q3,2024-Q3,Andijon,Kia,Sonet,B-SUV,Benzin,Mahalliy yig‘uv (ADM Jizzax),O‘rta ($15k-$25k),18723,23,430629
2024,Q3,2024-Q3,Andijon,Kia,K5,D-Sedan,Benzin,Mahalliy yig‘uv (ADM Jizzax),Yuqori-o‘rta ($25k-$40k),34303,8,274424
2024,Q3,2024-Q3,Andijon,Kia,Sportage,C-SUV,Benzin,Mahalliy yig‘uv (ADM Jizzax),Yuqori-o‘rta ($25k-$40k),35873,6,215238
2024,Q3,2024-Q3,Andijon,Zeekr,001,E-Shooting Brake,Elektromobil (EV),Import (Xitoy),Premium (>$40k),49931,1,49931
2024,Q3,2024-Q3,Andijon,Geely,Monjaro,Mid-SUV,Benzin (Turbo),Import (Xitoy),Yuqori-o‘rta ($25k-$40k),37034,6,222204
2024,Q3,2024-Q3,Andijon,Jetour,Dashing,C-SUV,Benzin (Turbo),Import (Xitoy),Yuqori-o‘rta ($25k-$40k),27571,8,220568
2024,Q3,2024-Q3,Andijon,Li Auto,L7/L9,Full-SUV,Gibrid (EREV),Import (Xitoy),Premium (>$40k),59272,1,59272
2024,Q3,2024-Q3,Namangan,Chevrolet,Cobalt,B-Sedan,Benzin,Mahalliy (Asaka),Byudjet (<$15k),12262,155,1900610
2024,Q3,2024-Q3,Namangan,Chevrolet,Damas,Mini-Van,Benzin,Mahalliy (Pitnak),Byudjet (<$15k),9124,241,2198884
2024,Q3,2024-Q3,Namangan,Chevrolet,Labo,Mini-Truck,Benzin,Mahalliy (Pitnak),Byudjet (<$15k),8324,150,1248600
2024,Q3,2024-Q3,Namangan,Chevrolet,Tracker-2,B-SUV,Benzin (Turbo),Mahalliy (Asaka),O‘rta ($15k-$25k),17477,25,436925
2024,Q3,2024-Q3,Namangan,Chevrolet,Onix,B-Sedan,Benzin (Turbo),Mahalliy (Asaka),Byudjet (<$15k),14291,26,371566
2024,Q3,2024-Q3,Namangan,Chevrolet,Malibu-2,D-Sedan,Benzin (Turbo),Mahalliy (Asaka),Yuqori-o‘rta ($25k-$40k),36067,3,108201
2024,Q3,2024-Q3,Namangan,BYD,Song Plus DM-i,C-SUV,Gibrid (PHEV),Gibrid/Yig‘uv (Jizzax),Yuqori-o‘rta ($25k-$40k),25166,78,1962948
2024,Q3,2024-Q3,Namangan,BYD,Chazor (Destroyer 05),C-Sedan,Gibrid (PHEV),Gibrid/Yig‘uv (Jizzax),O‘rta ($15k-$25k),19298,65,1254370
2024,Q3,2024-Q3,Namangan,BYD,Song Plus EV,C-SUV,Elektromobil (EV),Import (Xitoy),Yuqori-o‘rta ($25k-$40k),28476,6,170856
2024,Q3,2024-Q3,Namangan,BYD,Han,E-Sedan,Elektromobil (EV),Import (Xitoy),Premium (>$40k),40736,2,81472
2024,Q3,2024-Q3,Namangan,BYD,Seagull,A-Hatchback,Elektromobil (EV),Import (Xitoy),Byudjet (<$15k),11772,15,176580
2024,Q3,2024-Q3,Namangan,Chery,Tiggo 7 Pro,C-SUV,Benzin (Turbo),Mahalliy yig‘uv (ADM Jizzax),Yuqori-o‘rta ($25k-$40k),26869,15,403035
2024,Q3,2024-Q3,Namangan,Chery,Arrizo 6 Pro,C-Sedan,Benzin (Turbo),Mahalliy yig‘uv (ADM Jizzax),O‘rta ($15k-$25k),21319,12,255828
2024,Q3,2024-Q3,Namangan,Chery,Tiggo 8 Pro,Mid-SUV,Benzin (Turbo),Mahalliy yig‘uv (ADM Jizzax),Yuqori-o‘rta ($25k-$40k),33802,9,304218
2024,Q3,2024-Q3,Namangan,Haval,Jolion,B-SUV,Benzin (Turbo),Mahalliy yig‘uv (ADM Jizzax),O‘rta ($15k-$25k),23820,14,333480
2024,Q3,2024-Q3,Namangan,Haval,M6,C-SUV,Benzin,Mahalliy yig‘uv (ADM Jizzax),O‘rta ($15k-$25k),20022,13,260286
2024,Q3,2024-Q3,Namangan,Haval,H6,C-SUV,Benzin (Turbo),Mahalliy yig‘uv (ADM Jizzax),Yuqori-o‘rta ($25k-$40k),30246,7,211722
2024,Q3,2024-Q3,Namangan,Kia,Sonet,B-SUV,Benzin,Mahalliy yig‘uv (ADM Jizzax),O‘rta ($15k-$25k),18487,16,295792
2024,Q3,2024-Q3,Namangan,Kia,K5,D-Sedan,Benzin,Mahalliy yig‘uv (ADM Jizzax),Yuqori-o‘rta ($25k-$40k),34298,6,205788
2024,Q3,2024-Q3,Namangan,Kia,Sportage,C-SUV,Benzin,Mahalliy yig‘uv (ADM Jizzax),Yuqori-o‘rta ($25k-$40k),36003,6,216018
2024,Q3,2024-Q3,Namangan,Zeekr,001,E-Shooting Brake,Elektromobil (EV),Import (Xitoy),Premium (>$40k),49930,2,99860
2024,Q3,2024-Q3,Namangan,Geely,Monjaro,Mid-SUV,Benzin (Turbo),Import (Xitoy),Yuqori-o‘rta ($25k-$40k),36924,6,221544
2024,Q3,2024-Q3,Namangan,Jetour,Dashing,C-SUV,Benzin (Turbo),Import (Xitoy),Yuqori-o‘rta ($25k-$40k),27452,7,192164
2024,Q3,2024-Q3,Namangan,Li Auto,L7/L9,Full-SUV,Gibrid (EREV),Import (Xitoy),Premium (>$40k),59253,1,59253
2024,Q3,2024-Q3,Buxoro,Chevrolet,Cobalt,B-Sedan,Benzin,Mahalliy (Asaka),Byudjet (<$15k),12269,163,1999847
2024,Q3,2024-Q3,Buxoro,Chevrolet,Damas,Mini-Van,Benzin,Mahalliy (Pitnak),Byudjet (<$15k),8820,103,908460
2024,Q3,2024-Q3,Buxoro,Chevrolet,Labo,Mini-Truck,Benzin,Mahalliy (Pitnak),Byudjet (<$15k),8507,55,467885
2024,Q3,2024-Q3,Buxoro,Chevrolet,Tracker-2,B-SUV,Benzin (Turbo),Mahalliy (Asaka),O‘rta ($15k-$25k),17589,22,386958
2024,Q3,2024-Q3,Buxoro,Chevrolet,Onix,B-Sedan,Benzin (Turbo),Mahalliy (Asaka),Byudjet (<$15k),14194,24,340656
2024,Q3,2024-Q3,Buxoro,Chevrolet,Malibu-2,D-Sedan,Benzin (Turbo),Mahalliy (Asaka),Yuqori-o‘rta ($25k-$40k),36192,3,108576
2024,Q3,2024-Q3,Buxoro,BYD,Song Plus DM-i,C-SUV,Gibrid (PHEV),Gibrid/Yig‘uv (Jizzax),Yuqori-o‘rta ($25k-$40k),25570,97,2480290
2024,Q3,2024-Q3,Buxoro,BYD,Chazor (Destroyer 05),C-Sedan,Gibrid (PHEV),Gibrid/Yig‘uv (Jizzax),O‘rta ($15k-$25k),19047,71,1352337
2024,Q3,2024-Q3,Buxoro,BYD,Song Plus EV,C-SUV,Elektromobil (EV),Import (Xitoy),Yuqori-o‘rta ($25k-$40k),28478,11,313258
2024,Q3,2024-Q3,Buxoro,BYD,Han,E-Sedan,Elektromobil (EV),Import (Xitoy),Premium (>$40k),40606,5,203030
2024,Q3,2024-Q3,Buxoro,BYD,Seagull,A-Hatchback,Elektromobil (EV),Import (Xitoy),Byudjet (<$15k),11755,37,434935
2024,Q3,2024-Q3,Buxoro,Chery,Tiggo 7 Pro,C-SUV,Benzin (Turbo),Mahalliy yig‘uv (ADM Jizzax),Yuqori-o‘rta ($25k-$40k),27160,14,380240
2024,Q3,2024-Q3,Buxoro,Chery,Arrizo 6 Pro,C-Sedan,Benzin (Turbo),Mahalliy yig‘uv (ADM Jizzax),O‘rta ($15k-$25k),21076,12,252912
2024,Q3,2024-Q3,Buxoro,Chery,Tiggo 8 Pro,Mid-SUV,Benzin (Turbo),Mahalliy yig‘uv (ADM Jizzax),Yuqori-o‘rta ($25k-$40k),34012,5,170060
2024,Q3,2024-Q3,Buxoro,Haval,Jolion,B-SUV,Benzin (Turbo),Mahalliy yig‘uv (ADM Jizzax),O‘rta ($15k-$25k),23726,12,284712
2024,Q3,2024-Q3,Buxoro,Haval,M6,C-SUV,Benzin,Mahalliy yig‘uv (ADM Jizzax),O‘rta ($15k-$25k),19956,14,279384
2024,Q3,2024-Q3,Buxoro,Haval,H6,C-SUV,Benzin (Turbo),Mahalliy yig‘uv (ADM Jizzax),Yuqori-o‘rta ($25k-$40k),30070,7,210490
2024,Q3,2024-Q3,Buxoro,Kia,Sonet,B-SUV,Benzin,Mahalliy yig‘uv (ADM Jizzax),O‘rta ($15k-$25k),18375,15,275625
2024,Q3,2024-Q3,Buxoro,Kia,K5,D-Sedan,Benzin,Mahalliy yig‘uv (ADM Jizzax),Yuqori-o‘rta ($25k-$40k),34575,6,207450
2024,Q3,2024-Q3,Buxoro,Kia,Sportage,C-SUV,Benzin,Mahalliy yig‘uv (ADM Jizzax),Yuqori-o‘rta ($25k-$40k),36202,4,144808
2024,Q3,2024-Q3,Buxoro,Zeekr,001,E-Shooting Brake,Elektromobil (EV),Import (Xitoy),Premium (>$40k),49894,2,99788
2024,Q3,2024-Q3,Buxoro,Geely,Monjaro,Mid-SUV,Benzin (Turbo),Import (Xitoy),Yuqori-o‘rta ($25k-$40k),37223,6,223338
2024,Q3,2024-Q3,Buxoro,Jetour,Dashing,C-SUV,Benzin (Turbo),Import (Xitoy),Yuqori-o‘rta ($25k-$40k),27524,6,165144
2024,Q3,2024-Q3,Buxoro,Li Auto,L7/L9,Full-SUV,Gibrid (EREV),Import (Xitoy),Premium (>$40k),59220,1,59220
2024,Q3,2024-Q3,Qashqadaryo,Chevrolet,Cobalt,B-Sedan,Benzin,Mahalliy (Asaka),Byudjet (<$15k),12142,103,1250626
2024,Q3,2024-Q3,Qashqadaryo,Chevrolet,Damas,Mini-Van,Benzin,Mahalliy (Pitnak),Byudjet (<$15k),9034,74,668516
2024,Q3,2024-Q3,Qashqadaryo,Chevrolet,Labo,Mini-Truck,Benzin,Mahalliy (Pitnak),Byudjet (<$15k),8297,46,381662
2024,Q3,2024-Q3,Qashqadaryo,Chevrolet,Tracker-2,B-SUV,Benzin (Turbo),Mahalliy (Asaka),O‘rta ($15k-$25k),17379,23,399717
2024,Q3,2024-Q3,Qashqadaryo,Chevrolet,Onix,B-Sedan,Benzin (Turbo),Mahalliy (Asaka),Byudjet (<$15k),14447,17,245599
2024,Q3,2024-Q3,Qashqadaryo,Chevrolet,Malibu-2,D-Sedan,Benzin (Turbo),Mahalliy (Asaka),Yuqori-o‘rta ($25k-$40k),36196,2,72392
2024,Q3,2024-Q3,Qashqadaryo,BYD,Song Plus DM-i,C-SUV,Gibrid (PHEV),Gibrid/Yig‘uv (Jizzax),Yuqori-o‘rta ($25k-$40k),25365,60,1521900
2024,Q3,2024-Q3,Qashqadaryo,BYD,Chazor (Destroyer 05),C-Sedan,Gibrid (PHEV),Gibrid/Yig‘uv (Jizzax),O‘rta ($15k-$25k),19637,44,864028
2024,Q3,2024-Q3,Qashqadaryo,BYD,Song Plus EV,C-SUV,Elektromobil (EV),Import (Xitoy),Yuqori-o‘rta ($25k-$40k),28724,9,258516
2024,Q3,2024-Q3,Qashqadaryo,BYD,Han,E-Sedan,Elektromobil (EV),Import (Xitoy),Premium (>$40k),40736,2,81472
2024,Q3,2024-Q3,Qashqadaryo,BYD,Seagull,A-Hatchback,Elektromobil (EV),Import (Xitoy),Byudjet (<$15k),12062,25,301550
2024,Q3,2024-Q3,Qashqadaryo,Chery,Tiggo 7 Pro,C-SUV,Benzin (Turbo),Mahalliy yig‘uv (ADM Jizzax),Yuqori-o‘rta ($25k-$40k),27171,11,298881
2024,Q3,2024-Q3,Qashqadaryo,Chery,Arrizo 6 Pro,C-Sedan,Benzin (Turbo),Mahalliy yig‘uv (ADM Jizzax),O‘rta ($15k-$25k),21148,9,190332
2024,Q3,2024-Q3,Qashqadaryo,Chery,Tiggo 8 Pro,Mid-SUV,Benzin (Turbo),Mahalliy yig‘uv (ADM Jizzax),Yuqori-o‘rta ($25k-$40k),33924,3,101772
2024,Q3,2024-Q3,Qashqadaryo,Haval,Jolion,B-SUV,Benzin (Turbo),Mahalliy yig‘uv (ADM Jizzax),O‘rta ($15k-$25k),23803,9,214227
2024,Q3,2024-Q3,Qashqadaryo,Haval,M6,C-SUV,Benzin,Mahalliy yig‘uv (ADM Jizzax),O‘rta ($15k-$25k),19894,12,238728
2024,Q3,2024-Q3,Qashqadaryo,Haval,H6,C-SUV,Benzin (Turbo),Mahalliy yig‘uv (ADM Jizzax),Yuqori-o‘rta ($25k-$40k),30349,6,182094
2024,Q3,2024-Q3,Qashqadaryo,Kia,Sonet,B-SUV,Benzin,Mahalliy yig‘uv (ADM Jizzax),O‘rta ($15k-$25k),18569,12,222828
2024,Q3,2024-Q3,Qashqadaryo,Kia,K5,D-Sedan,Benzin,Mahalliy yig‘uv (ADM Jizzax),Yuqori-o‘rta ($25k-$40k),34524,5,172620
2024,Q3,2024-Q3,Qashqadaryo,Kia,Sportage,C-SUV,Benzin,Mahalliy yig‘uv (ADM Jizzax),Yuqori-o‘rta ($25k-$40k),36192,5,180960
2024,Q3,2024-Q3,Qashqadaryo,Zeekr,001,E-Shooting Brake,Elektromobil (EV),Import (Xitoy),Premium (>$40k),49732,1,49732
2024,Q3,2024-Q3,Qashqadaryo,Geely,Monjaro,Mid-SUV,Benzin (Turbo),Import (Xitoy),Yuqori-o‘rta ($25k-$40k),36990,4,147960
2024,Q3,2024-Q3,Qashqadaryo,Jetour,Dashing,C-SUV,Benzin (Turbo),Import (Xitoy),Yuqori-o‘rta ($25k-$40k),27436,4,109744
2024,Q3,2024-Q3,Qashqadaryo,Li Auto,L7/L9,Full-SUV,Gibrid (EREV),Import (Xitoy),Premium (>$40k),59536,2,119072
2024,Q3,2024-Q3,Xorazm,Chevrolet,Cobalt,B-Sedan,Benzin,Mahalliy (Asaka),Byudjet (<$15k),12228,70,855960
2024,Q3,2024-Q3,Xorazm,Chevrolet,Damas,Mini-Van,Benzin,Mahalliy (Pitnak),Byudjet (<$15k),8924,146,1302904
2024,Q3,2024-Q3,Xorazm,Chevrolet,Labo,Mini-Truck,Benzin,Mahalliy (Pitnak),Byudjet (<$15k),8327,83,691141
2024,Q3,2024-Q3,Xorazm,Chevrolet,Tracker-2,B-SUV,Benzin (Turbo),Mahalliy (Asaka),O‘rta ($15k-$25k),17831,16,285296
2024,Q3,2024-Q3,Xorazm,Chevrolet,Onix,B-Sedan,Benzin (Turbo),Mahalliy (Asaka),Byudjet (<$15k),14455,16,231280
2024,Q3,2024-Q3,Xorazm,Chevrolet,Malibu-2,D-Sedan,Benzin (Turbo),Mahalliy (Asaka),Yuqori-o‘rta ($25k-$40k),35896,3,107688
2024,Q3,2024-Q3,Xorazm,BYD,Song Plus DM-i,C-SUV,Gibrid (PHEV),Gibrid/Yig‘uv (Jizzax),Yuqori-o‘rta ($25k-$40k),25229,38,958702
2024,Q3,2024-Q3,Xorazm,BYD,Chazor (Destroyer 05),C-Sedan,Gibrid (PHEV),Gibrid/Yig‘uv (Jizzax),O‘rta ($15k-$25k),19282,41,790562
2024,Q3,2024-Q3,Xorazm,BYD,Song Plus EV,C-SUV,Elektromobil (EV),Import (Xitoy),Yuqori-o‘rta ($25k-$40k),28274,2,56548
2024,Q3,2024-Q3,Xorazm,BYD,Han,E-Sedan,Elektromobil (EV),Import (Xitoy),Premium (>$40k),40265,1,40265
2024,Q3,2024-Q3,Xorazm,BYD,Seagull,A-Hatchback,Elektromobil (EV),Import (Xitoy),Byudjet (<$15k),11880,8,95040
2024,Q3,2024-Q3,Xorazm,Chery,Tiggo 7 Pro,C-SUV,Benzin (Turbo),Mahalliy yig‘uv (ADM Jizzax),Yuqori-o‘rta ($25k-$40k),27219,9,244971
2024,Q3,2024-Q3,Xorazm,Chery,Arrizo 6 Pro,C-Sedan,Benzin (Turbo),Mahalliy yig‘uv (ADM Jizzax),O‘rta ($15k-$25k),21152,9,190368
2024,Q3,2024-Q3,Xorazm,Chery,Tiggo 8 Pro,Mid-SUV,Benzin (Turbo),Mahalliy yig‘uv (ADM Jizzax),Yuqori-o‘rta ($25k-$40k),33844,4,135376
2024,Q3,2024-Q3,Xorazm,Haval,Jolion,B-SUV,Benzin (Turbo),Mahalliy yig‘uv (ADM Jizzax),O‘rta ($15k-$25k),23865,6,143190
2024,Q3,2024-Q3,Xorazm,Haval,M6,C-SUV,Benzin,Mahalliy yig‘uv (ADM Jizzax),O‘rta ($15k-$25k),19903,8,159224
2024,Q3,2024-Q3,Xorazm,Haval,H6,C-SUV,Benzin (Turbo),Mahalliy yig‘uv (ADM Jizzax),Yuqori-o‘rta ($25k-$40k),30236,6,181416
2024,Q3,2024-Q3,Xorazm,Kia,Sonet,B-SUV,Benzin,Mahalliy yig‘uv (ADM Jizzax),O‘rta ($15k-$25k),18455,10,184550
2024,Q3,2024-Q3,Xorazm,Kia,K5,D-Sedan,Benzin,Mahalliy yig‘uv (ADM Jizzax),Yuqori-o‘rta ($25k-$40k),34517,4,138068
2024,Q3,2024-Q3,Xorazm,Kia,Sportage,C-SUV,Benzin,Mahalliy yig‘uv (ADM Jizzax),Yuqori-o‘rta ($25k-$40k),36009,3,108027
2024,Q3,2024-Q3,Xorazm,Zeekr,001,E-Shooting Brake,Elektromobil (EV),Import (Xitoy),Premium (>$40k),49911,1,49911
2024,Q3,2024-Q3,Xorazm,Geely,Monjaro,Mid-SUV,Benzin (Turbo),Import (Xitoy),Yuqori-o‘rta ($25k-$40k),36951,5,184755
2024,Q3,2024-Q3,Xorazm,Jetour,Dashing,C-SUV,Benzin (Turbo),Import (Xitoy),Yuqori-o‘rta ($25k-$40k),27673,4,110692
2024,Q3,2024-Q3,Xorazm,Li Auto,L7/L9,Full-SUV,Gibrid (EREV),Import (Xitoy),Premium (>$40k),59343,1,59343
2024,Q3,2024-Q3,Surxondaryo,Chevrolet,Cobalt,B-Sedan,Benzin,Mahalliy (Asaka),Byudjet (<$15k),12300,87,1070100
2024,Q3,2024-Q3,Surxondaryo,Chevrolet,Damas,Mini-Van,Benzin,Mahalliy (Pitnak),Byudjet (<$15k),9062,67,607154
2024,Q3,2024-Q3,Surxondaryo,Chevrolet,Labo,Mini-Truck,Benzin,Mahalliy (Pitnak),Byudjet (<$15k),8509,36,306324
2024,Q3,2024-Q3,Surxondaryo,Chevrolet,Tracker-2,B-SUV,Benzin (Turbo),Mahalliy (Asaka),O‘rta ($15k-$25k),17640,14,246960
2024,Q3,2024-Q3,Surxondaryo,Chevrolet,Onix,B-Sedan,Benzin (Turbo),Mahalliy (Asaka),Byudjet (<$15k),14437,16,230992
2024,Q3,2024-Q3,Surxondaryo,Chevrolet,Malibu-2,D-Sedan,Benzin (Turbo),Mahalliy (Asaka),Yuqori-o‘rta ($25k-$40k),35895,3,107685
2024,Q3,2024-Q3,Surxondaryo,BYD,Song Plus DM-i,C-SUV,Gibrid (PHEV),Gibrid/Yig‘uv (Jizzax),Yuqori-o‘rta ($25k-$40k),25527,46,1174242
2024,Q3,2024-Q3,Surxondaryo,BYD,Chazor (Destroyer 05),C-Sedan,Gibrid (PHEV),Gibrid/Yig‘uv (Jizzax),O‘rta ($15k-$25k),19523,30,585690
2024,Q3,2024-Q3,Surxondaryo,BYD,Song Plus EV,C-SUV,Elektromobil (EV),Import (Xitoy),Yuqori-o‘rta ($25k-$40k),28681,7,200767
2024,Q3,2024-Q3,Surxondaryo,BYD,Han,E-Sedan,Elektromobil (EV),Import (Xitoy),Premium (>$40k),40150,3,120450
2024,Q3,2024-Q3,Surxondaryo,BYD,Seagull,A-Hatchback,Elektromobil (EV),Import (Xitoy),Byudjet (<$15k),12176,21,255696
2024,Q3,2024-Q3,Surxondaryo,Chery,Tiggo 7 Pro,C-SUV,Benzin (Turbo),Mahalliy yig‘uv (ADM Jizzax),Yuqori-o‘rta ($25k-$40k),26917,8,215336
2024,Q3,2024-Q3,Surxondaryo,Chery,Arrizo 6 Pro,C-Sedan,Benzin (Turbo),Mahalliy yig‘uv (ADM Jizzax),O‘rta ($15k-$25k),21042,9,189378
2024,Q3,2024-Q3,Surxondaryo,Chery,Tiggo 8 Pro,Mid-SUV,Benzin (Turbo),Mahalliy yig‘uv (ADM Jizzax),Yuqori-o‘rta ($25k-$40k),33873,2,67746
2024,Q3,2024-Q3,Surxondaryo,Haval,Jolion,B-SUV,Benzin (Turbo),Mahalliy yig‘uv (ADM Jizzax),O‘rta ($15k-$25k),24025,8,192200
2024,Q3,2024-Q3,Surxondaryo,Haval,M6,C-SUV,Benzin,Mahalliy yig‘uv (ADM Jizzax),O‘rta ($15k-$25k),19984,10,199840
2024,Q3,2024-Q3,Surxondaryo,Haval,H6,C-SUV,Benzin (Turbo),Mahalliy yig‘uv (ADM Jizzax),Yuqori-o‘rta ($25k-$40k),30070,4,120280
2024,Q3,2024-Q3,Surxondaryo,Kia,Sonet,B-SUV,Benzin,Mahalliy yig‘uv (ADM Jizzax),O‘rta ($15k-$25k),18498,11,203478
2024,Q3,2024-Q3,Surxondaryo,Kia,K5,D-Sedan,Benzin,Mahalliy yig‘uv (ADM Jizzax),Yuqori-o‘rta ($25k-$40k),34527,3,103581
2024,Q3,2024-Q3,Surxondaryo,Kia,Sportage,C-SUV,Benzin,Mahalliy yig‘uv (ADM Jizzax),Yuqori-o‘rta ($25k-$40k),35921,4,143684
2024,Q3,2024-Q3,Surxondaryo,Zeekr,001,E-Shooting Brake,Elektromobil (EV),Import (Xitoy),Premium (>$40k),49899,1,49899
2024,Q3,2024-Q3,Surxondaryo,Geely,Monjaro,Mid-SUV,Benzin (Turbo),Import (Xitoy),Yuqori-o‘rta ($25k-$40k),37169,4,148676
2024,Q3,2024-Q3,Surxondaryo,Jetour,Dashing,C-SUV,Benzin (Turbo),Import (Xitoy),Yuqori-o‘rta ($25k-$40k),27567,4,110268
2024,Q3,2024-Q3,Surxondaryo,Li Auto,L7/L9,Full-SUV,Gibrid (EREV),Import (Xitoy),Premium (>$40k),59439,2,118878
2024,Q3,2024-Q3,Navoiy,Chevrolet,Cobalt,B-Sedan,Benzin,Mahalliy (Asaka),Byudjet (<$15k),12183,67,816261
2024,Q3,2024-Q3,Navoiy,Chevrolet,Damas,Mini-Van,Benzin,Mahalliy (Pitnak),Byudjet (<$15k),9145,52,475540
2024,Q3,2024-Q3,Navoiy,Chevrolet,Labo,Mini-Truck,Benzin,Mahalliy (Pitnak),Byudjet (<$15k),8354,28,233912
2024,Q3,2024-Q3,Navoiy,Chevrolet,Tracker-2,B-SUV,Benzin (Turbo),Mahalliy (Asaka),O‘rta ($15k-$25k),17532,11,192852
2024,Q3,2024-Q3,Navoiy,Chevrolet,Onix,B-Sedan,Benzin (Turbo),Mahalliy (Asaka),Byudjet (<$15k),14680,13,190840
2024,Q3,2024-Q3,Navoiy,Chevrolet,Malibu-2,D-Sedan,Benzin (Turbo),Mahalliy (Asaka),Yuqori-o‘rta ($25k-$40k),36134,1,36134
2024,Q3,2024-Q3,Navoiy,BYD,Song Plus DM-i,C-SUV,Gibrid (PHEV),Gibrid/Yig‘uv (Jizzax),Yuqori-o‘rta ($25k-$40k),25286,39,986154
2024,Q3,2024-Q3,Navoiy,BYD,Chazor (Destroyer 05),C-Sedan,Gibrid (PHEV),Gibrid/Yig‘uv (Jizzax),O‘rta ($15k-$25k),19057,23,438311
2024,Q3,2024-Q3,Navoiy,BYD,Song Plus EV,C-SUV,Elektromobil (EV),Import (Xitoy),Yuqori-o‘rta ($25k-$40k),28550,4,114200
2024,Q3,2024-Q3,Navoiy,BYD,Han,E-Sedan,Elektromobil (EV),Import (Xitoy),Premium (>$40k),40633,2,81266
2024,Q3,2024-Q3,Navoiy,BYD,Seagull,A-Hatchback,Elektromobil (EV),Import (Xitoy),Byudjet (<$15k),11975,16,191600
2024,Q3,2024-Q3,Navoiy,Chery,Tiggo 7 Pro,C-SUV,Benzin (Turbo),Mahalliy yig‘uv (ADM Jizzax),Yuqori-o‘rta ($25k-$40k),26855,8,214840
2024,Q3,2024-Q3,Navoiy,Chery,Arrizo 6 Pro,C-Sedan,Benzin (Turbo),Mahalliy yig‘uv (ADM Jizzax),O‘rta ($15k-$25k),21121,4,84484
2024,Q3,2024-Q3,Navoiy,Chery,Tiggo 8 Pro,Mid-SUV,Benzin (Turbo),Mahalliy yig‘uv (ADM Jizzax),Yuqori-o‘rta ($25k-$40k),33825,4,135300
2024,Q3,2024-Q3,Navoiy,Haval,Jolion,B-SUV,Benzin (Turbo),Mahalliy yig‘uv (ADM Jizzax),O‘rta ($15k-$25k),23880,6,143280
2024,Q3,2024-Q3,Navoiy,Haval,M6,C-SUV,Benzin,Mahalliy yig‘uv (ADM Jizzax),O‘rta ($15k-$25k),20035,4,80140
2024,Q3,2024-Q3,Navoiy,Haval,H6,C-SUV,Benzin (Turbo),Mahalliy yig‘uv (ADM Jizzax),Yuqori-o‘rta ($25k-$40k),30119,2,60238
2024,Q3,2024-Q3,Navoiy,Kia,Sonet,B-SUV,Benzin,Mahalliy yig‘uv (ADM Jizzax),O‘rta ($15k-$25k),18398,6,110388
2024,Q3,2024-Q3,Navoiy,Kia,K5,D-Sedan,Benzin,Mahalliy yig‘uv (ADM Jizzax),Yuqori-o‘rta ($25k-$40k),34605,2,69210
2024,Q3,2024-Q3,Navoiy,Kia,Sportage,C-SUV,Benzin,Mahalliy yig‘uv (ADM Jizzax),Yuqori-o‘rta ($25k-$40k),36219,3,108657
2024,Q3,2024-Q3,Navoiy,Zeekr,001,E-Shooting Brake,Elektromobil (EV),Import (Xitoy),Premium (>$40k),49823,2,99646
2024,Q3,2024-Q3,Navoiy,Geely,Monjaro,Mid-SUV,Benzin (Turbo),Import (Xitoy),Yuqori-o‘rta ($25k-$40k),37261,1,37261
2024,Q3,2024-Q3,Navoiy,Jetour,Dashing,C-SUV,Benzin (Turbo),Import (Xitoy),Yuqori-o‘rta ($25k-$40k),27570,2,55140
2024,Q3,2024-Q3,Navoiy,Li Auto,L7/L9,Full-SUV,Gibrid (EREV),Import (Xitoy),Premium (>$40k),59207,2,118414
2024,Q3,2024-Q3,Jizzax,Chevrolet,Cobalt,B-Sedan,Benzin,Mahalliy (Asaka),Byudjet (<$15k),12261,36,441396
2024,Q3,2024-Q3,Jizzax,Chevrolet,Damas,Mini-Van,Benzin,Mahalliy (Pitnak),Byudjet (<$15k),9194,33,303402
2024,Q3,2024-Q3,Jizzax,Chevrolet,Labo,Mini-Truck,Benzin,Mahalliy (Pitnak),Byudjet (<$15k),8607,20,172140
2024,Q3,2024-Q3,Jizzax,Chevrolet,Tracker-2,B-SUV,Benzin (Turbo),Mahalliy (Asaka),O‘rta ($15k-$25k),17750,8,142000
2024,Q3,2024-Q3,Jizzax,Chevrolet,Onix,B-Sedan,Benzin (Turbo),Mahalliy (Asaka),Byudjet (<$15k),14619,6,87714
2024,Q3,2024-Q3,Jizzax,Chevrolet,Malibu-2,D-Sedan,Benzin (Turbo),Mahalliy (Asaka),Yuqori-o‘rta ($25k-$40k),36041,1,36041
2024,Q3,2024-Q3,Jizzax,BYD,Song Plus DM-i,C-SUV,Gibrid (PHEV),Gibrid/Yig‘uv (Jizzax),Yuqori-o‘rta ($25k-$40k),25543,22,561946
2024,Q3,2024-Q3,Jizzax,BYD,Chazor (Destroyer 05),C-Sedan,Gibrid (PHEV),Gibrid/Yig‘uv (Jizzax),O‘rta ($15k-$25k),19508,16,312128
2024,Q3,2024-Q3,Jizzax,BYD,Song Plus EV,C-SUV,Elektromobil (EV),Import (Xitoy),Yuqori-o‘rta ($25k-$40k),28756,4,115024
2024,Q3,2024-Q3,Jizzax,BYD,Han,E-Sedan,Elektromobil (EV),Import (Xitoy),Premium (>$40k),40473,1,40473
2024,Q3,2024-Q3,Jizzax,BYD,Seagull,A-Hatchback,Elektromobil (EV),Import (Xitoy),Byudjet (<$15k),11879,9,106911
2024,Q3,2024-Q3,Jizzax,Chery,Tiggo 7 Pro,C-SUV,Benzin (Turbo),Mahalliy yig‘uv (ADM Jizzax),Yuqori-o‘rta ($25k-$40k),26870,4,107480
2024,Q3,2024-Q3,Jizzax,Chery,Arrizo 6 Pro,C-Sedan,Benzin (Turbo),Mahalliy yig‘uv (ADM Jizzax),O‘rta ($15k-$25k),21235,2,42470
2024,Q3,2024-Q3,Jizzax,Chery,Tiggo 8 Pro,Mid-SUV,Benzin (Turbo),Mahalliy yig‘uv (ADM Jizzax),Yuqori-o‘rta ($25k-$40k),34000,2,68000
2024,Q3,2024-Q3,Jizzax,Haval,Jolion,B-SUV,Benzin (Turbo),Mahalliy yig‘uv (ADM Jizzax),O‘rta ($15k-$25k),23811,3,71433
2024,Q3,2024-Q3,Jizzax,Haval,M6,C-SUV,Benzin,Mahalliy yig‘uv (ADM Jizzax),O‘rta ($15k-$25k),19918,4,79672
2024,Q3,2024-Q3,Jizzax,Haval,H6,C-SUV,Benzin (Turbo),Mahalliy yig‘uv (ADM Jizzax),Yuqori-o‘rta ($25k-$40k),30234,1,30234
2024,Q3,2024-Q3,Jizzax,Kia,Sonet,B-SUV,Benzin,Mahalliy yig‘uv (ADM Jizzax),O‘rta ($15k-$25k),18656,4,74624
2024,Q3,2024-Q3,Jizzax,Kia,K5,D-Sedan,Benzin,Mahalliy yig‘uv (ADM Jizzax),Yuqori-o‘rta ($25k-$40k),34418,1,34418
2024,Q3,2024-Q3,Jizzax,Kia,Sportage,C-SUV,Benzin,Mahalliy yig‘uv (ADM Jizzax),Yuqori-o‘rta ($25k-$40k),35901,1,35901
2024,Q3,2024-Q3,Jizzax,Zeekr,001,E-Shooting Brake,Elektromobil (EV),Import (Xitoy),Premium (>$40k),49773,1,49773
2024,Q3,2024-Q3,Jizzax,Geely,Monjaro,Mid-SUV,Benzin (Turbo),Import (Xitoy),Yuqori-o‘rta ($25k-$40k),36935,1,36935
2024,Q3,2024-Q3,Jizzax,Jetour,Dashing,C-SUV,Benzin (Turbo),Import (Xitoy),Yuqori-o‘rta ($25k-$40k),27666,1,27666
2024,Q3,2024-Q3,Jizzax,Li Auto,L7/L9,Full-SUV,Gibrid (EREV),Import (Xitoy),Premium (>$40k),59263,1,59263
2024,Q3,2024-Q3,Sirdaryo,Chevrolet,Cobalt,B-Sedan,Benzin,Mahalliy (Asaka),Byudjet (<$15k),12156,33,401148
2024,Q3,2024-Q3,Sirdaryo,Chevrolet,Damas,Mini-Van,Benzin,Mahalliy (Pitnak),Byudjet (<$15k),9066,22,199452
2024,Q3,2024-Q3,Sirdaryo,Chevrolet,Labo,Mini-Truck,Benzin,Mahalliy (Pitnak),Byudjet (<$15k),8667,14,121338
2024,Q3,2024-Q3,Sirdaryo,Chevrolet,Tracker-2,B-SUV,Benzin (Turbo),Mahalliy (Asaka),O‘rta ($15k-$25k),17557,2,35114
2024,Q3,2024-Q3,Sirdaryo,Chevrolet,Onix,B-Sedan,Benzin (Turbo),Mahalliy (Asaka),Byudjet (<$15k),14219,6,85314
2024,Q3,2024-Q3,Sirdaryo,Chevrolet,Malibu-2,D-Sedan,Benzin (Turbo),Mahalliy (Asaka),Yuqori-o‘rta ($25k-$40k),35873,1,35873
2024,Q3,2024-Q3,Sirdaryo,BYD,Song Plus DM-i,C-SUV,Gibrid (PHEV),Gibrid/Yig‘uv (Jizzax),Yuqori-o‘rta ($25k-$40k),25253,18,454554
2024,Q3,2024-Q3,Sirdaryo,BYD,Chazor (Destroyer 05),C-Sedan,Gibrid (PHEV),Gibrid/Yig‘uv (Jizzax),O‘rta ($15k-$25k),19662,13,255606
2024,Q3,2024-Q3,Sirdaryo,BYD,Song Plus EV,C-SUV,Elektromobil (EV),Import (Xitoy),Yuqori-o‘rta ($25k-$40k),28184,2,56368
2024,Q3,2024-Q3,Sirdaryo,BYD,Han,E-Sedan,Elektromobil (EV),Import (Xitoy),Premium (>$40k),40412,2,80824
2024,Q3,2024-Q3,Sirdaryo,BYD,Seagull,A-Hatchback,Elektromobil (EV),Import (Xitoy),Byudjet (<$15k),12312,7,86184
2024,Q3,2024-Q3,Sirdaryo,Chery,Tiggo 7 Pro,C-SUV,Benzin (Turbo),Mahalliy yig‘uv (ADM Jizzax),Yuqori-o‘rta ($25k-$40k),26857,1,26857
2024,Q3,2024-Q3,Sirdaryo,Chery,Arrizo 6 Pro,C-Sedan,Benzin (Turbo),Mahalliy yig‘uv (ADM Jizzax),O‘rta ($15k-$25k),21106,2,42212
2024,Q3,2024-Q3,Sirdaryo,Chery,Tiggo 8 Pro,Mid-SUV,Benzin (Turbo),Mahalliy yig‘uv (ADM Jizzax),Yuqori-o‘rta ($25k-$40k),33864,1,33864
2024,Q3,2024-Q3,Sirdaryo,Haval,Jolion,B-SUV,Benzin (Turbo),Mahalliy yig‘uv (ADM Jizzax),O‘rta ($15k-$25k),23788,2,47576
2024,Q3,2024-Q3,Sirdaryo,Haval,M6,C-SUV,Benzin,Mahalliy yig‘uv (ADM Jizzax),O‘rta ($15k-$25k),20011,3,60033
2024,Q3,2024-Q3,Sirdaryo,Haval,H6,C-SUV,Benzin (Turbo),Mahalliy yig‘uv (ADM Jizzax),Yuqori-o‘rta ($25k-$40k),30132,1,30132
2024,Q3,2024-Q3,Sirdaryo,Kia,Sonet,B-SUV,Benzin,Mahalliy yig‘uv (ADM Jizzax),O‘rta ($15k-$25k),18669,2,37338
2024,Q3,2024-Q3,Sirdaryo,Kia,K5,D-Sedan,Benzin,Mahalliy yig‘uv (ADM Jizzax),Yuqori-o‘rta ($25k-$40k),34259,2,68518
2024,Q3,2024-Q3,Sirdaryo,Kia,Sportage,C-SUV,Benzin,Mahalliy yig‘uv (ADM Jizzax),Yuqori-o‘rta ($25k-$40k),35847,2,71694
2024,Q3,2024-Q3,Sirdaryo,Zeekr,001,E-Shooting Brake,Elektromobil (EV),Import (Xitoy),Premium (>$40k),49816,1,49816
2024,Q3,2024-Q3,Sirdaryo,Geely,Monjaro,Mid-SUV,Benzin (Turbo),Import (Xitoy),Yuqori-o‘rta ($25k-$40k),37097,1,37097
2024,Q3,2024-Q3,Sirdaryo,Jetour,Dashing,C-SUV,Benzin (Turbo),Import (Xitoy),Yuqori-o‘rta ($25k-$40k),27652,1,27652
2024,Q3,2024-Q3,Sirdaryo,Li Auto,L7/L9,Full-SUV,Gibrid (EREV),Import (Xitoy),Premium (>$40k),59544,1,59544
2024,Q3,2024-Q3,Qoraqalpog‘iston Res.,Chevrolet,Cobalt,B-Sedan,Benzin,Mahalliy (Asaka),Byudjet (<$15k),12204,32,390528
2024,Q3,2024-Q3,Qoraqalpog‘iston Res.,Chevrolet,Damas,Mini-Van,Benzin,Mahalliy (Pitnak),Byudjet (<$15k),9099,27,245673
2024,Q3,2024-Q3,Qoraqalpog‘iston Res.,Chevrolet,Labo,Mini-Truck,Benzin,Mahalliy (Pitnak),Byudjet (<$15k),8473,14,118622
2024,Q3,2024-Q3,Qoraqalpog‘iston Res.,Chevrolet,Tracker-2,B-SUV,Benzin (Turbo),Mahalliy (Asaka),O‘rta ($15k-$25k),17913,5,89565
2024,Q3,2024-Q3,Qoraqalpog‘iston Res.,Chevrolet,Onix,B-Sedan,Benzin (Turbo),Mahalliy (Asaka),Byudjet (<$15k),14698,7,102886
2024,Q3,2024-Q3,Qoraqalpog‘iston Res.,Chevrolet,Malibu-2,D-Sedan,Benzin (Turbo),Mahalliy (Asaka),Yuqori-o‘rta ($25k-$40k),36145,1,36145
2024,Q3,2024-Q3,Qoraqalpog‘iston Res.,BYD,Song Plus DM-i,C-SUV,Gibrid (PHEV),Gibrid/Yig‘uv (Jizzax),Yuqori-o‘rta ($25k-$40k),25419,18,457542
2024,Q3,2024-Q3,Qoraqalpog‘iston Res.,BYD,Chazor (Destroyer 05),C-Sedan,Gibrid (PHEV),Gibrid/Yig‘uv (Jizzax),O‘rta ($15k-$25k),19249,12,230988
2024,Q3,2024-Q3,Qoraqalpog‘iston Res.,BYD,Song Plus EV,C-SUV,Elektromobil (EV),Import (Xitoy),Yuqori-o‘rta ($25k-$40k),28748,3,86244
2024,Q3,2024-Q3,Qoraqalpog‘iston Res.,BYD,Han,E-Sedan,Elektromobil (EV),Import (Xitoy),Premium (>$40k),40378,1,40378
2024,Q3,2024-Q3,Qoraqalpog‘iston Res.,BYD,Seagull,A-Hatchback,Elektromobil (EV),Import (Xitoy),Byudjet (<$15k),11627,7,81389
2024,Q3,2024-Q3,Qoraqalpog‘iston Res.,Chery,Tiggo 7 Pro,C-SUV,Benzin (Turbo),Mahalliy yig‘uv (ADM Jizzax),Yuqori-o‘rta ($25k-$40k),27155,2,54310
2024,Q3,2024-Q3,Qoraqalpog‘iston Res.,Chery,Arrizo 6 Pro,C-Sedan,Benzin (Turbo),Mahalliy yig‘uv (ADM Jizzax),O‘rta ($15k-$25k),21152,3,63456
2024,Q3,2024-Q3,Qoraqalpog‘iston Res.,Chery,Tiggo 8 Pro,Mid-SUV,Benzin (Turbo),Mahalliy yig‘uv (ADM Jizzax),Yuqori-o‘rta ($25k-$40k),33823,1,33823
2024,Q3,2024-Q3,Qoraqalpog‘iston Res.,Haval,Jolion,B-SUV,Benzin (Turbo),Mahalliy yig‘uv (ADM Jizzax),O‘rta ($15k-$25k),23705,1,23705
2024,Q3,2024-Q3,Qoraqalpog‘iston Res.,Haval,M6,C-SUV,Benzin,Mahalliy yig‘uv (ADM Jizzax),O‘rta ($15k-$25k),20005,4,80020
2024,Q3,2024-Q3,Qoraqalpog‘iston Res.,Haval,H6,C-SUV,Benzin (Turbo),Mahalliy yig‘uv (ADM Jizzax),Yuqori-o‘rta ($25k-$40k),30178,1,30178
2024,Q3,2024-Q3,Qoraqalpog‘iston Res.,Kia,Sonet,B-SUV,Benzin,Mahalliy yig‘uv (ADM Jizzax),O‘rta ($15k-$25k),18372,4,73488
2024,Q3,2024-Q3,Qoraqalpog‘iston Res.,Kia,K5,D-Sedan,Benzin,Mahalliy yig‘uv (ADM Jizzax),Yuqori-o‘rta ($25k-$40k),34443,1,34443
2024,Q3,2024-Q3,Qoraqalpog‘iston Res.,Kia,Sportage,C-SUV,Benzin,Mahalliy yig‘uv (ADM Jizzax),Yuqori-o‘rta ($25k-$40k),35983,2,71966
2024,Q3,2024-Q3,Qoraqalpog‘iston Res.,Zeekr,001,E-Shooting Brake,Elektromobil (EV),Import (Xitoy),Premium (>$40k),49788,1,49788
2024,Q3,2024-Q3,Qoraqalpog‘iston Res.,Geely,Monjaro,Mid-SUV,Benzin (Turbo),Import (Xitoy),Yuqori-o‘rta ($25k-$40k),37186,1,37186
2024,Q3,2024-Q3,Qoraqalpog‘iston Res.,Jetour,Dashing,C-SUV,Benzin (Turbo),Import (Xitoy),Yuqori-o‘rta ($25k-$40k),27674,1,27674
2024,Q3,2024-Q3,Qoraqalpog‘iston Res.,Li Auto,L7/L9,Full-SUV,Gibrid (EREV),Import (Xitoy),Premium (>$40k),59456,1,59456
2024,Q4,2024-Q4,Toshkent shahri,Chevrolet,Cobalt,B-Sedan,Benzin,Mahalliy (Asaka),Byudjet (<$15k),12157,517,6285169
2024,Q4,2024-Q4,Toshkent shahri,Chevrolet,Damas,Mini-Van,Benzin,Mahalliy (Pitnak),Byudjet (<$15k),9187,95,872765
2024,Q4,2024-Q4,Toshkent shahri,Chevrolet,Labo,Mini-Truck,Benzin,Mahalliy (Pitnak),Byudjet (<$15k),8609,55,473495
2024,Q4,2024-Q4,Toshkent shahri,Chevrolet,Tracker-2,B-SUV,Benzin (Turbo),Mahalliy (Asaka),O‘rta ($15k-$25k),17808,100,1780800
2024,Q4,2024-Q4,Toshkent shahri,Chevrolet,Onix,B-Sedan,Benzin (Turbo),Mahalliy (Asaka),Byudjet (<$15k),14384,130,1869920
2024,Q4,2024-Q4,Toshkent shahri,Chevrolet,Malibu-2,D-Sedan,Benzin (Turbo),Mahalliy (Asaka),Yuqori-o‘rta ($25k-$40k),35877,33,1183941
2024,Q4,2024-Q4,Toshkent shahri,BYD,Song Plus DM-i,C-SUV,Gibrid (PHEV),Gibrid/Yig‘uv (Jizzax),Yuqori-o‘rta ($25k-$40k),25580,951,24326580
2024,Q4,2024-Q4,Toshkent shahri,BYD,Chazor (Destroyer 05),C-Sedan,Gibrid (PHEV),Gibrid/Yig‘uv (Jizzax),O‘rta ($15k-$25k),19204,580,11138320
2024,Q4,2024-Q4,Toshkent shahri,BYD,Song Plus EV,C-SUV,Elektromobil (EV),Import (Xitoy),Yuqori-o‘rta ($25k-$40k),28537,116,3310292
2024,Q4,2024-Q4,Toshkent shahri,BYD,Han,E-Sedan,Elektromobil (EV),Import (Xitoy),Premium (>$40k),40389,54,2181006
2024,Q4,2024-Q4,Toshkent shahri,BYD,Seagull,A-Hatchback,Elektromobil (EV),Import (Xitoy),Byudjet (<$15k),11840,373,4416320
2024,Q4,2024-Q4,Toshkent shahri,Chery,Tiggo 7 Pro,C-SUV,Benzin (Turbo),Mahalliy yig‘uv (ADM Jizzax),Yuqori-o‘rta ($25k-$40k),27082,74,2004068
2024,Q4,2024-Q4,Toshkent shahri,Chery,Arrizo 6 Pro,C-Sedan,Benzin (Turbo),Mahalliy yig‘uv (ADM Jizzax),O‘rta ($15k-$25k),21341,48,1024368
2024,Q4,2024-Q4,Toshkent shahri,Chery,Tiggo 8 Pro,Mid-SUV,Benzin (Turbo),Mahalliy yig‘uv (ADM Jizzax),Yuqori-o‘rta ($25k-$40k),33947,28,950516
2024,Q4,2024-Q4,Toshkent shahri,Haval,Jolion,B-SUV,Benzin (Turbo),Mahalliy yig‘uv (ADM Jizzax),O‘rta ($15k-$25k),23839,60,1430340
2024,Q4,2024-Q4,Toshkent shahri,Haval,M6,C-SUV,Benzin,Mahalliy yig‘uv (ADM Jizzax),O‘rta ($15k-$25k),20077,64,1284928
2024,Q4,2024-Q4,Toshkent shahri,Haval,H6,C-SUV,Benzin (Turbo),Mahalliy yig‘uv (ADM Jizzax),Yuqori-o‘rta ($25k-$40k),30148,32,964736
2024,Q4,2024-Q4,Toshkent shahri,Kia,Sonet,B-SUV,Benzin,Mahalliy yig‘uv (ADM Jizzax),O‘rta ($15k-$25k),18625,70,1303750
2024,Q4,2024-Q4,Toshkent shahri,Kia,K5,D-Sedan,Benzin,Mahalliy yig‘uv (ADM Jizzax),Yuqori-o‘rta ($25k-$40k),34452,29,999108
2024,Q4,2024-Q4,Toshkent shahri,Kia,Sportage,C-SUV,Benzin,Mahalliy yig‘uv (ADM Jizzax),Yuqori-o‘rta ($25k-$40k),35975,21,755475
2024,Q4,2024-Q4,Toshkent shahri,Zeekr,001,E-Shooting Brake,Elektromobil (EV),Import (Xitoy),Premium (>$40k),49977,31,1549287
2024,Q4,2024-Q4,Toshkent shahri,Geely,Monjaro,Mid-SUV,Benzin (Turbo),Import (Xitoy),Yuqori-o‘rta ($25k-$40k),36946,28,1034488
2024,Q4,2024-Q4,Toshkent shahri,Jetour,Dashing,C-SUV,Benzin (Turbo),Import (Xitoy),Yuqori-o‘rta ($25k-$40k),27706,29,803474
2024,Q4,2024-Q4,Toshkent shahri,Li Auto,L7/L9,Full-SUV,Gibrid (EREV),Import (Xitoy),Premium (>$40k),59372,23,1365556
2024,Q4,2024-Q4,Toshkent viloyati,Chevrolet,Cobalt,B-Sedan,Benzin,Mahalliy (Asaka),Byudjet (<$15k),11993,264,3166152
2024,Q4,2024-Q4,Toshkent viloyati,Chevrolet,Damas,Mini-Van,Benzin,Mahalliy (Pitnak),Byudjet (<$15k),8885,199,1768115
2024,Q4,2024-Q4,Toshkent viloyati,Chevrolet,Labo,Mini-Truck,Benzin,Mahalliy (Pitnak),Byudjet (<$15k),8381,109,913529
2024,Q4,2024-Q4,Toshkent viloyati,Chevrolet,Tracker-2,B-SUV,Benzin (Turbo),Mahalliy (Asaka),O‘rta ($15k-$25k),17475,38,664050
2024,Q4,2024-Q4,Toshkent viloyati,Chevrolet,Onix,B-Sedan,Benzin (Turbo),Mahalliy (Asaka),Byudjet (<$15k),14389,46,661894
2024,Q4,2024-Q4,Toshkent viloyati,Chevrolet,Malibu-2,D-Sedan,Benzin (Turbo),Mahalliy (Asaka),Yuqori-o‘rta ($25k-$40k),35927,5,179635
2024,Q4,2024-Q4,Toshkent viloyati,BYD,Song Plus DM-i,C-SUV,Gibrid (PHEV),Gibrid/Yig‘uv (Jizzax),Yuqori-o‘rta ($25k-$40k),25341,132,3345012
2024,Q4,2024-Q4,Toshkent viloyati,BYD,Chazor (Destroyer 05),C-Sedan,Gibrid (PHEV),Gibrid/Yig‘uv (Jizzax),O‘rta ($15k-$25k),19459,101,1965359
2024,Q4,2024-Q4,Toshkent viloyati,BYD,Song Plus EV,C-SUV,Elektromobil (EV),Import (Xitoy),Yuqori-o‘rta ($25k-$40k),28836,19,547884
2024,Q4,2024-Q4,Toshkent viloyati,BYD,Han,E-Sedan,Elektromobil (EV),Import (Xitoy),Premium (>$40k),40649,10,406490
2024,Q4,2024-Q4,Toshkent viloyati,BYD,Seagull,A-Hatchback,Elektromobil (EV),Import (Xitoy),Byudjet (<$15k),11927,65,775255
2024,Q4,2024-Q4,Toshkent viloyati,Chery,Tiggo 7 Pro,C-SUV,Benzin (Turbo),Mahalliy yig‘uv (ADM Jizzax),Yuqori-o‘rta ($25k-$40k),26913,31,834303
2024,Q4,2024-Q4,Toshkent viloyati,Chery,Arrizo 6 Pro,C-Sedan,Benzin (Turbo),Mahalliy yig‘uv (ADM Jizzax),O‘rta ($15k-$25k),21151,20,423020
2024,Q4,2024-Q4,Toshkent viloyati,Chery,Tiggo 8 Pro,Mid-SUV,Benzin (Turbo),Mahalliy yig‘uv (ADM Jizzax),Yuqori-o‘rta ($25k-$40k),33877,10,338770
2024,Q4,2024-Q4,Toshkent viloyati,Haval,Jolion,B-SUV,Benzin (Turbo),Mahalliy yig‘uv (ADM Jizzax),O‘rta ($15k-$25k),23952,23,550896
2024,Q4,2024-Q4,Toshkent viloyati,Haval,M6,C-SUV,Benzin,Mahalliy yig‘uv (ADM Jizzax),O‘rta ($15k-$25k),19839,23,456297
2024,Q4,2024-Q4,Toshkent viloyati,Haval,H6,C-SUV,Benzin (Turbo),Mahalliy yig‘uv (ADM Jizzax),Yuqori-o‘rta ($25k-$40k),30052,11,330572
2024,Q4,2024-Q4,Toshkent viloyati,Kia,Sonet,B-SUV,Benzin,Mahalliy yig‘uv (ADM Jizzax),O‘rta ($15k-$25k),18613,29,539777
2024,Q4,2024-Q4,Toshkent viloyati,Kia,K5,D-Sedan,Benzin,Mahalliy yig‘uv (ADM Jizzax),Yuqori-o‘rta ($25k-$40k),34333,12,411996
2024,Q4,2024-Q4,Toshkent viloyati,Kia,Sportage,C-SUV,Benzin,Mahalliy yig‘uv (ADM Jizzax),Yuqori-o‘rta ($25k-$40k),35855,8,286840
2024,Q4,2024-Q4,Toshkent viloyati,Zeekr,001,E-Shooting Brake,Elektromobil (EV),Import (Xitoy),Premium (>$40k),49796,3,149388
2024,Q4,2024-Q4,Toshkent viloyati,Geely,Monjaro,Mid-SUV,Benzin (Turbo),Import (Xitoy),Yuqori-o‘rta ($25k-$40k),36962,11,406582
2024,Q4,2024-Q4,Toshkent viloyati,Jetour,Dashing,C-SUV,Benzin (Turbo),Import (Xitoy),Yuqori-o‘rta ($25k-$40k),27605,11,303655
2024,Q4,2024-Q4,Toshkent viloyati,Li Auto,L7/L9,Full-SUV,Gibrid (EREV),Import (Xitoy),Premium (>$40k),59448,1,59448
2024,Q4,2024-Q4,Samarqand,Chevrolet,Cobalt,B-Sedan,Benzin,Mahalliy (Asaka),Byudjet (<$15k),12268,264,3238752
2024,Q4,2024-Q4,Samarqand,Chevrolet,Damas,Mini-Van,Benzin,Mahalliy (Pitnak),Byudjet (<$15k),9015,186,1676790
2024,Q4,2024-Q4,Samarqand,Chevrolet,Labo,Mini-Truck,Benzin,Mahalliy (Pitnak),Byudjet (<$15k),8513,85,723605
2024,Q4,2024-Q4,Samarqand,Chevrolet,Tracker-2,B-SUV,Benzin (Turbo),Mahalliy (Asaka),O‘rta ($15k-$25k),17927,37,663299
2024,Q4,2024-Q4,Samarqand,Chevrolet,Onix,B-Sedan,Benzin (Turbo),Mahalliy (Asaka),Byudjet (<$15k),14363,48,689424
2024,Q4,2024-Q4,Samarqand,Chevrolet,Malibu-2,D-Sedan,Benzin (Turbo),Mahalliy (Asaka),Yuqori-o‘rta ($25k-$40k),36085,6,216510
2024,Q4,2024-Q4,Samarqand,BYD,Song Plus DM-i,C-SUV,Gibrid (PHEV),Gibrid/Yig‘uv (Jizzax),Yuqori-o‘rta ($25k-$40k),25601,146,3737746
2024,Q4,2024-Q4,Samarqand,BYD,Chazor (Destroyer 05),C-Sedan,Gibrid (PHEV),Gibrid/Yig‘uv (Jizzax),O‘rta ($15k-$25k),19483,109,2123647
2024,Q4,2024-Q4,Samarqand,BYD,Song Plus EV,C-SUV,Elektromobil (EV),Import (Xitoy),Yuqori-o‘rta ($25k-$40k),28912,17,491504
2024,Q4,2024-Q4,Samarqand,BYD,Han,E-Sedan,Elektromobil (EV),Import (Xitoy),Premium (>$40k),40637,6,243822
2024,Q4,2024-Q4,Samarqand,BYD,Seagull,A-Hatchback,Elektromobil (EV),Import (Xitoy),Byudjet (<$15k),11692,53,619676
2024,Q4,2024-Q4,Samarqand,Chery,Tiggo 7 Pro,C-SUV,Benzin (Turbo),Mahalliy yig‘uv (ADM Jizzax),Yuqori-o‘rta ($25k-$40k),26884,20,537680
2024,Q4,2024-Q4,Samarqand,Chery,Arrizo 6 Pro,C-Sedan,Benzin (Turbo),Mahalliy yig‘uv (ADM Jizzax),O‘rta ($15k-$25k),21316,20,426320
2024,Q4,2024-Q4,Samarqand,Chery,Tiggo 8 Pro,Mid-SUV,Benzin (Turbo),Mahalliy yig‘uv (ADM Jizzax),Yuqori-o‘rta ($25k-$40k),33990,9,305910
2024,Q4,2024-Q4,Samarqand,Haval,Jolion,B-SUV,Benzin (Turbo),Mahalliy yig‘uv (ADM Jizzax),O‘rta ($15k-$25k),23959,23,551057
2024,Q4,2024-Q4,Samarqand,Haval,M6,C-SUV,Benzin,Mahalliy yig‘uv (ADM Jizzax),O‘rta ($15k-$25k),19997,20,399940
2024,Q4,2024-Q4,Samarqand,Haval,H6,C-SUV,Benzin (Turbo),Mahalliy yig‘uv (ADM Jizzax),Yuqori-o‘rta ($25k-$40k),30347,10,303470
2024,Q4,2024-Q4,Samarqand,Kia,Sonet,B-SUV,Benzin,Mahalliy yig‘uv (ADM Jizzax),O‘rta ($15k-$25k),18416,26,478816
2024,Q4,2024-Q4,Samarqand,Kia,K5,D-Sedan,Benzin,Mahalliy yig‘uv (ADM Jizzax),Yuqori-o‘rta ($25k-$40k),34570,12,414840
2024,Q4,2024-Q4,Samarqand,Kia,Sportage,C-SUV,Benzin,Mahalliy yig‘uv (ADM Jizzax),Yuqori-o‘rta ($25k-$40k),36058,8,288464
2024,Q4,2024-Q4,Samarqand,Zeekr,001,E-Shooting Brake,Elektromobil (EV),Import (Xitoy),Premium (>$40k),49752,3,149256
2024,Q4,2024-Q4,Samarqand,Geely,Monjaro,Mid-SUV,Benzin (Turbo),Import (Xitoy),Yuqori-o‘rta ($25k-$40k),36970,10,369700
2024,Q4,2024-Q4,Samarqand,Jetour,Dashing,C-SUV,Benzin (Turbo),Import (Xitoy),Yuqori-o‘rta ($25k-$40k),27630,9,248670
2024,Q4,2024-Q4,Samarqand,Li Auto,L7/L9,Full-SUV,Gibrid (EREV),Import (Xitoy),Premium (>$40k),59270,5,296350
2024,Q4,2024-Q4,Farg‘ona,Chevrolet,Cobalt,B-Sedan,Benzin,Mahalliy (Asaka),Byudjet (<$15k),12111,176,2131536
2024,Q4,2024-Q4,Farg‘ona,Chevrolet,Damas,Mini-Van,Benzin,Mahalliy (Pitnak),Byudjet (<$15k),8850,320,2832000
2024,Q4,2024-Q4,Farg‘ona,Chevrolet,Labo,Mini-Truck,Benzin,Mahalliy (Pitnak),Byudjet (<$15k),8558,169,1446302
2024,Q4,2024-Q4,Farg‘ona,Chevrolet,Tracker-2,B-SUV,Benzin (Turbo),Mahalliy (Asaka),O‘rta ($15k-$25k),17838,32,570816
2024,Q4,2024-Q4,Farg‘ona,Chevrolet,Onix,B-Sedan,Benzin (Turbo),Mahalliy (Asaka),Byudjet (<$15k),14516,40,580640
2024,Q4,2024-Q4,Farg‘ona,Chevrolet,Malibu-2,D-Sedan,Benzin (Turbo),Mahalliy (Asaka),Yuqori-o‘rta ($25k-$40k),36030,4,144120
2024,Q4,2024-Q4,Farg‘ona,BYD,Song Plus DM-i,C-SUV,Gibrid (PHEV),Gibrid/Yig‘uv (Jizzax),Yuqori-o‘rta ($25k-$40k),25520,112,2858240
2024,Q4,2024-Q4,Farg‘ona,BYD,Chazor (Destroyer 05),C-Sedan,Gibrid (PHEV),Gibrid/Yig‘uv (Jizzax),O‘rta ($15k-$25k),19638,84,1649592
2024,Q4,2024-Q4,Farg‘ona,BYD,Song Plus EV,C-SUV,Elektromobil (EV),Import (Xitoy),Yuqori-o‘rta ($25k-$40k),28759,5,143795
2024,Q4,2024-Q4,Farg‘ona,BYD,Han,E-Sedan,Elektromobil (EV),Import (Xitoy),Premium (>$40k),40696,2,81392
2024,Q4,2024-Q4,Farg‘ona,BYD,Seagull,A-Hatchback,Elektromobil (EV),Import (Xitoy),Byudjet (<$15k),11924,20,238480
2024,Q4,2024-Q4,Farg‘ona,Chery,Tiggo 7 Pro,C-SUV,Benzin (Turbo),Mahalliy yig‘uv (ADM Jizzax),Yuqori-o‘rta ($25k-$40k),27193,18,489474
2024,Q4,2024-Q4,Farg‘ona,Chery,Arrizo 6 Pro,C-Sedan,Benzin (Turbo),Mahalliy yig‘uv (ADM Jizzax),O‘rta ($15k-$25k),21280,16,340480
2024,Q4,2024-Q4,Farg‘ona,Chery,Tiggo 8 Pro,Mid-SUV,Benzin (Turbo),Mahalliy yig‘uv (ADM Jizzax),Yuqori-o‘rta ($25k-$40k),33730,9,303570
2024,Q4,2024-Q4,Farg‘ona,Haval,Jolion,B-SUV,Benzin (Turbo),Mahalliy yig‘uv (ADM Jizzax),O‘rta ($15k-$25k),23839,17,405263
2024,Q4,2024-Q4,Farg‘ona,Haval,M6,C-SUV,Benzin,Mahalliy yig‘uv (ADM Jizzax),O‘rta ($15k-$25k),19816,20,396320
2024,Q4,2024-Q4,Farg‘ona,Haval,H6,C-SUV,Benzin (Turbo),Mahalliy yig‘uv (ADM Jizzax),Yuqori-o‘rta ($25k-$40k),30023,11,330253
2024,Q4,2024-Q4,Farg‘ona,Kia,Sonet,B-SUV,Benzin,Mahalliy yig‘uv (ADM Jizzax),O‘rta ($15k-$25k),18606,23,427938
2024,Q4,2024-Q4,Farg‘ona,Kia,K5,D-Sedan,Benzin,Mahalliy yig‘uv (ADM Jizzax),Yuqori-o‘rta ($25k-$40k),34574,9,311166
2024,Q4,2024-Q4,Farg‘ona,Kia,Sportage,C-SUV,Benzin,Mahalliy yig‘uv (ADM Jizzax),Yuqori-o‘rta ($25k-$40k),36228,6,217368
2024,Q4,2024-Q4,Farg‘ona,Zeekr,001,E-Shooting Brake,Elektromobil (EV),Import (Xitoy),Premium (>$40k),49628,1,49628
2024,Q4,2024-Q4,Farg‘ona,Geely,Monjaro,Mid-SUV,Benzin (Turbo),Import (Xitoy),Yuqori-o‘rta ($25k-$40k),37017,6,222102
2024,Q4,2024-Q4,Farg‘ona,Jetour,Dashing,C-SUV,Benzin (Turbo),Import (Xitoy),Yuqori-o‘rta ($25k-$40k),27745,10,277450
2024,Q4,2024-Q4,Farg‘ona,Li Auto,L7/L9,Full-SUV,Gibrid (EREV),Import (Xitoy),Premium (>$40k),59173,1,59173
2024,Q4,2024-Q4,Andijon,Chevrolet,Cobalt,B-Sedan,Benzin,Mahalliy (Asaka),Byudjet (<$15k),12334,137,1689758
2024,Q4,2024-Q4,Andijon,Chevrolet,Damas,Mini-Van,Benzin,Mahalliy (Pitnak),Byudjet (<$15k),9209,333,3066597
2024,Q4,2024-Q4,Andijon,Chevrolet,Labo,Mini-Truck,Benzin,Mahalliy (Pitnak),Byudjet (<$15k),8390,187,1568930
2024,Q4,2024-Q4,Andijon,Chevrolet,Tracker-2,B-SUV,Benzin (Turbo),Mahalliy (Asaka),O‘rta ($15k-$25k),17552,28,491456
2024,Q4,2024-Q4,Andijon,Chevrolet,Onix,B-Sedan,Benzin (Turbo),Mahalliy (Asaka),Byudjet (<$15k),14397,31,446307
2024,Q4,2024-Q4,Andijon,Chevrolet,Malibu-2,D-Sedan,Benzin (Turbo),Mahalliy (Asaka),Yuqori-o‘rta ($25k-$40k),35913,3,107739
2024,Q4,2024-Q4,Andijon,BYD,Song Plus DM-i,C-SUV,Gibrid (PHEV),Gibrid/Yig‘uv (Jizzax),Yuqori-o‘rta ($25k-$40k),25434,93,2365362
2024,Q4,2024-Q4,Andijon,BYD,Chazor (Destroyer 05),C-Sedan,Gibrid (PHEV),Gibrid/Yig‘uv (Jizzax),O‘rta ($15k-$25k),19499,64,1247936
2024,Q4,2024-Q4,Andijon,BYD,Song Plus EV,C-SUV,Elektromobil (EV),Import (Xitoy),Yuqori-o‘rta ($25k-$40k),28311,5,141555
2024,Q4,2024-Q4,Andijon,BYD,Han,E-Sedan,Elektromobil (EV),Import (Xitoy),Premium (>$40k),40751,2,81502
2024,Q4,2024-Q4,Andijon,BYD,Seagull,A-Hatchback,Elektromobil (EV),Import (Xitoy),Byudjet (<$15k),11753,16,188048
2024,Q4,2024-Q4,Andijon,Chery,Tiggo 7 Pro,C-SUV,Benzin (Turbo),Mahalliy yig‘uv (ADM Jizzax),Yuqori-o‘rta ($25k-$40k),27209,15,408135
2024,Q4,2024-Q4,Andijon,Chery,Arrizo 6 Pro,C-Sedan,Benzin (Turbo),Mahalliy yig‘uv (ADM Jizzax),O‘rta ($15k-$25k),21010,15,315150
2024,Q4,2024-Q4,Andijon,Chery,Tiggo 8 Pro,Mid-SUV,Benzin (Turbo),Mahalliy yig‘uv (ADM Jizzax),Yuqori-o‘rta ($25k-$40k),33906,7,237342
2024,Q4,2024-Q4,Andijon,Haval,Jolion,B-SUV,Benzin (Turbo),Mahalliy yig‘uv (ADM Jizzax),O‘rta ($15k-$25k),23777,16,380432
2024,Q4,2024-Q4,Andijon,Haval,M6,C-SUV,Benzin,Mahalliy yig‘uv (ADM Jizzax),O‘rta ($15k-$25k),19755,18,355590
2024,Q4,2024-Q4,Andijon,Haval,H6,C-SUV,Benzin (Turbo),Mahalliy yig‘uv (ADM Jizzax),Yuqori-o‘rta ($25k-$40k),30147,8,241176
2024,Q4,2024-Q4,Andijon,Kia,Sonet,B-SUV,Benzin,Mahalliy yig‘uv (ADM Jizzax),O‘rta ($15k-$25k),18668,20,373360
2024,Q4,2024-Q4,Andijon,Kia,K5,D-Sedan,Benzin,Mahalliy yig‘uv (ADM Jizzax),Yuqori-o‘rta ($25k-$40k),34543,9,310887
2024,Q4,2024-Q4,Andijon,Kia,Sportage,C-SUV,Benzin,Mahalliy yig‘uv (ADM Jizzax),Yuqori-o‘rta ($25k-$40k),36070,6,216420
2024,Q4,2024-Q4,Andijon,Zeekr,001,E-Shooting Brake,Elektromobil (EV),Import (Xitoy),Premium (>$40k),49650,1,49650
2024,Q4,2024-Q4,Andijon,Geely,Monjaro,Mid-SUV,Benzin (Turbo),Import (Xitoy),Yuqori-o‘rta ($25k-$40k),37034,7,259238
2024,Q4,2024-Q4,Andijon,Jetour,Dashing,C-SUV,Benzin (Turbo),Import (Xitoy),Yuqori-o‘rta ($25k-$40k),27517,8,220136
2024,Q4,2024-Q4,Andijon,Li Auto,L7/L9,Full-SUV,Gibrid (EREV),Import (Xitoy),Premium (>$40k),59196,2,118392
2024,Q4,2024-Q4,Namangan,Chevrolet,Cobalt,B-Sedan,Benzin,Mahalliy (Asaka),Byudjet (<$15k),12202,142,1732684
2024,Q4,2024-Q4,Namangan,Chevrolet,Damas,Mini-Van,Benzin,Mahalliy (Pitnak),Byudjet (<$15k),9117,281,2561877
2024,Q4,2024-Q4,Namangan,Chevrolet,Labo,Mini-Truck,Benzin,Mahalliy (Pitnak),Byudjet (<$15k),8518,134,1141412
2024,Q4,2024-Q4,Namangan,Chevrolet,Tracker-2,B-SUV,Benzin (Turbo),Mahalliy (Asaka),O‘rta ($15k-$25k),17762,28,497336
2024,Q4,2024-Q4,Namangan,Chevrolet,Onix,B-Sedan,Benzin (Turbo),Mahalliy (Asaka),Byudjet (<$15k),14282,30,428460
2024,Q4,2024-Q4,Namangan,Chevrolet,Malibu-2,D-Sedan,Benzin (Turbo),Mahalliy (Asaka),Yuqori-o‘rta ($25k-$40k),36139,3,108417
2024,Q4,2024-Q4,Namangan,BYD,Song Plus DM-i,C-SUV,Gibrid (PHEV),Gibrid/Yig‘uv (Jizzax),Yuqori-o‘rta ($25k-$40k),25117,87,2185179
2024,Q4,2024-Q4,Namangan,BYD,Chazor (Destroyer 05),C-Sedan,Gibrid (PHEV),Gibrid/Yig‘uv (Jizzax),O‘rta ($15k-$25k),19141,68,1301588
2024,Q4,2024-Q4,Namangan,BYD,Song Plus EV,C-SUV,Elektromobil (EV),Import (Xitoy),Yuqori-o‘rta ($25k-$40k),28585,3,85755
2024,Q4,2024-Q4,Namangan,BYD,Han,E-Sedan,Elektromobil (EV),Import (Xitoy),Premium (>$40k),40833,2,81666
2024,Q4,2024-Q4,Namangan,BYD,Seagull,A-Hatchback,Elektromobil (EV),Import (Xitoy),Byudjet (<$15k),11918,17,202606
2024,Q4,2024-Q4,Namangan,Chery,Tiggo 7 Pro,C-SUV,Benzin (Turbo),Mahalliy yig‘uv (ADM Jizzax),Yuqori-o‘rta ($25k-$40k),27117,16,433872
2024,Q4,2024-Q4,Namangan,Chery,Arrizo 6 Pro,C-Sedan,Benzin (Turbo),Mahalliy yig‘uv (ADM Jizzax),O‘rta ($15k-$25k),21290,14,298060
2024,Q4,2024-Q4,Namangan,Chery,Tiggo 8 Pro,Mid-SUV,Benzin (Turbo),Mahalliy yig‘uv (ADM Jizzax),Yuqori-o‘rta ($25k-$40k),33996,7,237972
2024,Q4,2024-Q4,Namangan,Haval,Jolion,B-SUV,Benzin (Turbo),Mahalliy yig‘uv (ADM Jizzax),O‘rta ($15k-$25k),24026,13,312338
2024,Q4,2024-Q4,Namangan,Haval,M6,C-SUV,Benzin,Mahalliy yig‘uv (ADM Jizzax),O‘rta ($15k-$25k),19890,16,318240
2024,Q4,2024-Q4,Namangan,Haval,H6,C-SUV,Benzin (Turbo),Mahalliy yig‘uv (ADM Jizzax),Yuqori-o‘rta ($25k-$40k),30374,8,242992
2024,Q4,2024-Q4,Namangan,Kia,Sonet,B-SUV,Benzin,Mahalliy yig‘uv (ADM Jizzax),O‘rta ($15k-$25k),18702,18,336636
2024,Q4,2024-Q4,Namangan,Kia,K5,D-Sedan,Benzin,Mahalliy yig‘uv (ADM Jizzax),Yuqori-o‘rta ($25k-$40k),34472,8,275776
2024,Q4,2024-Q4,Namangan,Kia,Sportage,C-SUV,Benzin,Mahalliy yig‘uv (ADM Jizzax),Yuqori-o‘rta ($25k-$40k),35957,4,143828
2024,Q4,2024-Q4,Namangan,Zeekr,001,E-Shooting Brake,Elektromobil (EV),Import (Xitoy),Premium (>$40k),49766,1,49766
2024,Q4,2024-Q4,Namangan,Geely,Monjaro,Mid-SUV,Benzin (Turbo),Import (Xitoy),Yuqori-o‘rta ($25k-$40k),37006,7,259042
2024,Q4,2024-Q4,Namangan,Jetour,Dashing,C-SUV,Benzin (Turbo),Import (Xitoy),Yuqori-o‘rta ($25k-$40k),27432,8,219456
2024,Q4,2024-Q4,Namangan,Li Auto,L7/L9,Full-SUV,Gibrid (EREV),Import (Xitoy),Premium (>$40k),59516,1,59516
2024,Q4,2024-Q4,Buxoro,Chevrolet,Cobalt,B-Sedan,Benzin,Mahalliy (Asaka),Byudjet (<$15k),12199,158,1927442
2024,Q4,2024-Q4,Buxoro,Chevrolet,Damas,Mini-Van,Benzin,Mahalliy (Pitnak),Byudjet (<$15k),8901,104,925704
2024,Q4,2024-Q4,Buxoro,Chevrolet,Labo,Mini-Truck,Benzin,Mahalliy (Pitnak),Byudjet (<$15k),8402,42,352884
2024,Q4,2024-Q4,Buxoro,Chevrolet,Tracker-2,B-SUV,Benzin (Turbo),Mahalliy (Asaka),O‘rta ($15k-$25k),17678,22,388916
2024,Q4,2024-Q4,Buxoro,Chevrolet,Onix,B-Sedan,Benzin (Turbo),Mahalliy (Asaka),Byudjet (<$15k),14300,25,357500
2024,Q4,2024-Q4,Buxoro,Chevrolet,Malibu-2,D-Sedan,Benzin (Turbo),Mahalliy (Asaka),Yuqori-o‘rta ($25k-$40k),36183,4,144732
2024,Q4,2024-Q4,Buxoro,BYD,Song Plus DM-i,C-SUV,Gibrid (PHEV),Gibrid/Yig‘uv (Jizzax),Yuqori-o‘rta ($25k-$40k),25021,102,2552142
2024,Q4,2024-Q4,Buxoro,BYD,Chazor (Destroyer 05),C-Sedan,Gibrid (PHEV),Gibrid/Yig‘uv (Jizzax),O‘rta ($15k-$25k),19130,65,1243450
2024,Q4,2024-Q4,Buxoro,BYD,Song Plus EV,C-SUV,Elektromobil (EV),Import (Xitoy),Yuqori-o‘rta ($25k-$40k),28475,9,256275
2024,Q4,2024-Q4,Buxoro,BYD,Han,E-Sedan,Elektromobil (EV),Import (Xitoy),Premium (>$40k),40352,6,242112
2024,Q4,2024-Q4,Buxoro,BYD,Seagull,A-Hatchback,Elektromobil (EV),Import (Xitoy),Byudjet (<$15k),11968,32,382976
2024,Q4,2024-Q4,Buxoro,Chery,Tiggo 7 Pro,C-SUV,Benzin (Turbo),Mahalliy yig‘uv (ADM Jizzax),Yuqori-o‘rta ($25k-$40k),27152,12,325824
2024,Q4,2024-Q4,Buxoro,Chery,Arrizo 6 Pro,C-Sedan,Benzin (Turbo),Mahalliy yig‘uv (ADM Jizzax),O‘rta ($15k-$25k),21197,9,190773
2024,Q4,2024-Q4,Buxoro,Chery,Tiggo 8 Pro,Mid-SUV,Benzin (Turbo),Mahalliy yig‘uv (ADM Jizzax),Yuqori-o‘rta ($25k-$40k),34001,7,238007
2024,Q4,2024-Q4,Buxoro,Haval,Jolion,B-SUV,Benzin (Turbo),Mahalliy yig‘uv (ADM Jizzax),O‘rta ($15k-$25k),23889,13,310557
2024,Q4,2024-Q4,Buxoro,Haval,M6,C-SUV,Benzin,Mahalliy yig‘uv (ADM Jizzax),O‘rta ($15k-$25k),20086,14,281204
2024,Q4,2024-Q4,Buxoro,Haval,H6,C-SUV,Benzin (Turbo),Mahalliy yig‘uv (ADM Jizzax),Yuqori-o‘rta ($25k-$40k),30174,6,181044
2024,Q4,2024-Q4,Buxoro,Kia,Sonet,B-SUV,Benzin,Mahalliy yig‘uv (ADM Jizzax),O‘rta ($15k-$25k),18656,15,279840
2024,Q4,2024-Q4,Buxoro,Kia,K5,D-Sedan,Benzin,Mahalliy yig‘uv (ADM Jizzax),Yuqori-o‘rta ($25k-$40k),34588,5,172940
2024,Q4,2024-Q4,Buxoro,Kia,Sportage,C-SUV,Benzin,Mahalliy yig‘uv (ADM Jizzax),Yuqori-o‘rta ($25k-$40k),35895,4,143580
2024,Q4,2024-Q4,Buxoro,Zeekr,001,E-Shooting Brake,Elektromobil (EV),Import (Xitoy),Premium (>$40k),49721,3,149163
2024,Q4,2024-Q4,Buxoro,Geely,Monjaro,Mid-SUV,Benzin (Turbo),Import (Xitoy),Yuqori-o‘rta ($25k-$40k),37233,5,186165
2024,Q4,2024-Q4,Buxoro,Jetour,Dashing,C-SUV,Benzin (Turbo),Import (Xitoy),Yuqori-o‘rta ($25k-$40k),27620,5,138100
2024,Q4,2024-Q4,Buxoro,Li Auto,L7/L9,Full-SUV,Gibrid (EREV),Import (Xitoy),Premium (>$40k),59534,2,119068
2024,Q4,2024-Q4,Qashqadaryo,Chevrolet,Cobalt,B-Sedan,Benzin,Mahalliy (Asaka),Byudjet (<$15k),12169,116,1411604
2024,Q4,2024-Q4,Qashqadaryo,Chevrolet,Damas,Mini-Van,Benzin,Mahalliy (Pitnak),Byudjet (<$15k),9059,83,751897
2024,Q4,2024-Q4,Qashqadaryo,Chevrolet,Labo,Mini-Truck,Benzin,Mahalliy (Pitnak),Byudjet (<$15k),8562,47,402414
2024,Q4,2024-Q4,Qashqadaryo,Chevrolet,Tracker-2,B-SUV,Benzin (Turbo),Mahalliy (Asaka),O‘rta ($15k-$25k),17572,19,333868
2024,Q4,2024-Q4,Qashqadaryo,Chevrolet,Onix,B-Sedan,Benzin (Turbo),Mahalliy (Asaka),Byudjet (<$15k),14705,21,308805
2024,Q4,2024-Q4,Qashqadaryo,Chevrolet,Malibu-2,D-Sedan,Benzin (Turbo),Mahalliy (Asaka),Yuqori-o‘rta ($25k-$40k),35949,2,71898
2024,Q4,2024-Q4,Qashqadaryo,BYD,Song Plus DM-i,C-SUV,Gibrid (PHEV),Gibrid/Yig‘uv (Jizzax),Yuqori-o‘rta ($25k-$40k),25501,67,1708567
2024,Q4,2024-Q4,Qashqadaryo,BYD,Chazor (Destroyer 05),C-Sedan,Gibrid (PHEV),Gibrid/Yig‘uv (Jizzax),O‘rta ($15k-$25k),19261,35,674135
2024,Q4,2024-Q4,Qashqadaryo,BYD,Song Plus EV,C-SUV,Elektromobil (EV),Import (Xitoy),Yuqori-o‘rta ($25k-$40k),28865,9,259785
2024,Q4,2024-Q4,Qashqadaryo,BYD,Han,E-Sedan,Elektromobil (EV),Import (Xitoy),Premium (>$40k),40851,3,122553
2024,Q4,2024-Q4,Qashqadaryo,BYD,Seagull,A-Hatchback,Elektromobil (EV),Import (Xitoy),Byudjet (<$15k),12114,23,278622
2024,Q4,2024-Q4,Qashqadaryo,Chery,Tiggo 7 Pro,C-SUV,Benzin (Turbo),Mahalliy yig‘uv (ADM Jizzax),Yuqori-o‘rta ($25k-$40k),27037,12,324444
2024,Q4,2024-Q4,Qashqadaryo,Chery,Arrizo 6 Pro,C-Sedan,Benzin (Turbo),Mahalliy yig‘uv (ADM Jizzax),O‘rta ($15k-$25k),21155,10,211550
2024,Q4,2024-Q4,Qashqadaryo,Chery,Tiggo 8 Pro,Mid-SUV,Benzin (Turbo),Mahalliy yig‘uv (ADM Jizzax),Yuqori-o‘rta ($25k-$40k),33779,4,135116
2024,Q4,2024-Q4,Qashqadaryo,Haval,Jolion,B-SUV,Benzin (Turbo),Mahalliy yig‘uv (ADM Jizzax),O‘rta ($15k-$25k),23919,10,239190
2024,Q4,2024-Q4,Qashqadaryo,Haval,M6,C-SUV,Benzin,Mahalliy yig‘uv (ADM Jizzax),O‘rta ($15k-$25k),19944,10,199440
2024,Q4,2024-Q4,Qashqadaryo,Haval,H6,C-SUV,Benzin (Turbo),Mahalliy yig‘uv (ADM Jizzax),Yuqori-o‘rta ($25k-$40k),30329,6,181974
2024,Q4,2024-Q4,Qashqadaryo,Kia,Sonet,B-SUV,Benzin,Mahalliy yig‘uv (ADM Jizzax),O‘rta ($15k-$25k),18548,12,222576
2024,Q4,2024-Q4,Qashqadaryo,Kia,K5,D-Sedan,Benzin,Mahalliy yig‘uv (ADM Jizzax),Yuqori-o‘rta ($25k-$40k),34414,7,240898
2024,Q4,2024-Q4,Qashqadaryo,Kia,Sportage,C-SUV,Benzin,Mahalliy yig‘uv (ADM Jizzax),Yuqori-o‘rta ($25k-$40k),36061,5,180305
2024,Q4,2024-Q4,Qashqadaryo,Zeekr,001,E-Shooting Brake,Elektromobil (EV),Import (Xitoy),Premium (>$40k),49901,3,149703
2024,Q4,2024-Q4,Qashqadaryo,Geely,Monjaro,Mid-SUV,Benzin (Turbo),Import (Xitoy),Yuqori-o‘rta ($25k-$40k),36964,4,147856
2024,Q4,2024-Q4,Qashqadaryo,Jetour,Dashing,C-SUV,Benzin (Turbo),Import (Xitoy),Yuqori-o‘rta ($25k-$40k),27616,5,138080
2024,Q4,2024-Q4,Qashqadaryo,Li Auto,L7/L9,Full-SUV,Gibrid (EREV),Import (Xitoy),Premium (>$40k),59394,2,118788
2024,Q4,2024-Q4,Xorazm,Chevrolet,Cobalt,B-Sedan,Benzin,Mahalliy (Asaka),Byudjet (<$15k),12063,85,1025355
2024,Q4,2024-Q4,Xorazm,Chevrolet,Damas,Mini-Van,Benzin,Mahalliy (Pitnak),Byudjet (<$15k),8996,148,1331408
2024,Q4,2024-Q4,Xorazm,Chevrolet,Labo,Mini-Truck,Benzin,Mahalliy (Pitnak),Byudjet (<$15k),8390,76,637640
2024,Q4,2024-Q4,Xorazm,Chevrolet,Tracker-2,B-SUV,Benzin (Turbo),Mahalliy (Asaka),O‘rta ($15k-$25k),17609,15,264135
2024,Q4,2024-Q4,Xorazm,Chevrolet,Onix,B-Sedan,Benzin (Turbo),Mahalliy (Asaka),Byudjet (<$15k),14312,18,257616
2024,Q4,2024-Q4,Xorazm,Chevrolet,Malibu-2,D-Sedan,Benzin (Turbo),Mahalliy (Asaka),Yuqori-o‘rta ($25k-$40k),36044,1,36044
2024,Q4,2024-Q4,Xorazm,BYD,Song Plus DM-i,C-SUV,Gibrid (PHEV),Gibrid/Yig‘uv (Jizzax),Yuqori-o‘rta ($25k-$40k),25586,52,1330472
2024,Q4,2024-Q4,Xorazm,BYD,Chazor (Destroyer 05),C-Sedan,Gibrid (PHEV),Gibrid/Yig‘uv (Jizzax),O‘rta ($15k-$25k),19559,32,625888
2024,Q4,2024-Q4,Xorazm,BYD,Song Plus EV,C-SUV,Elektromobil (EV),Import (Xitoy),Yuqori-o‘rta ($25k-$40k),28407,1,28407
2024,Q4,2024-Q4,Xorazm,BYD,Han,E-Sedan,Elektromobil (EV),Import (Xitoy),Premium (>$40k),40305,1,40305
2024,Q4,2024-Q4,Xorazm,BYD,Seagull,A-Hatchback,Elektromobil (EV),Import (Xitoy),Byudjet (<$15k),11619,9,104571
2024,Q4,2024-Q4,Xorazm,Chery,Tiggo 7 Pro,C-SUV,Benzin (Turbo),Mahalliy yig‘uv (ADM Jizzax),Yuqori-o‘rta ($25k-$40k),27226,9,245034
2024,Q4,2024-Q4,Xorazm,Chery,Arrizo 6 Pro,C-Sedan,Benzin (Turbo),Mahalliy yig‘uv (ADM Jizzax),O‘rta ($15k-$25k),21037,8,168296
2024,Q4,2024-Q4,Xorazm,Chery,Tiggo 8 Pro,Mid-SUV,Benzin (Turbo),Mahalliy yig‘uv (ADM Jizzax),Yuqori-o‘rta ($25k-$40k),33744,5,168720
2024,Q4,2024-Q4,Xorazm,Haval,Jolion,B-SUV,Benzin (Turbo),Mahalliy yig‘uv (ADM Jizzax),O‘rta ($15k-$25k),23807,7,166649
2024,Q4,2024-Q4,Xorazm,Haval,M6,C-SUV,Benzin,Mahalliy yig‘uv (ADM Jizzax),O‘rta ($15k-$25k),19784,9,178056
2024,Q4,2024-Q4,Xorazm,Haval,H6,C-SUV,Benzin (Turbo),Mahalliy yig‘uv (ADM Jizzax),Yuqori-o‘rta ($25k-$40k),30065,2,60130
2024,Q4,2024-Q4,Xorazm,Kia,Sonet,B-SUV,Benzin,Mahalliy yig‘uv (ADM Jizzax),O‘rta ($15k-$25k),18414,10,184140
2024,Q4,2024-Q4,Xorazm,Kia,K5,D-Sedan,Benzin,Mahalliy yig‘uv (ADM Jizzax),Yuqori-o‘rta ($25k-$40k),34639,4,138556
2024,Q4,2024-Q4,Xorazm,Kia,Sportage,C-SUV,Benzin,Mahalliy yig‘uv (ADM Jizzax),Yuqori-o‘rta ($25k-$40k),35928,3,107784
2024,Q4,2024-Q4,Xorazm,Zeekr,001,E-Shooting Brake,Elektromobil (EV),Import (Xitoy),Premium (>$40k),49853,1,49853
2024,Q4,2024-Q4,Xorazm,Geely,Monjaro,Mid-SUV,Benzin (Turbo),Import (Xitoy),Yuqori-o‘rta ($25k-$40k),37030,2,74060
2024,Q4,2024-Q4,Xorazm,Jetour,Dashing,C-SUV,Benzin (Turbo),Import (Xitoy),Yuqori-o‘rta ($25k-$40k),27361,4,109444
2024,Q4,2024-Q4,Xorazm,Li Auto,L7/L9,Full-SUV,Gibrid (EREV),Import (Xitoy),Premium (>$40k),59488,1,59488
2024,Q4,2024-Q4,Surxondaryo,Chevrolet,Cobalt,B-Sedan,Benzin,Mahalliy (Asaka),Byudjet (<$15k),12050,81,976050
2024,Q4,2024-Q4,Surxondaryo,Chevrolet,Damas,Mini-Van,Benzin,Mahalliy (Pitnak),Byudjet (<$15k),9082,63,572166
2024,Q4,2024-Q4,Surxondaryo,Chevrolet,Labo,Mini-Truck,Benzin,Mahalliy (Pitnak),Byudjet (<$15k),8410,35,294350
2024,Q4,2024-Q4,Surxondaryo,Chevrolet,Tracker-2,B-SUV,Benzin (Turbo),Mahalliy (Asaka),O‘rta ($15k-$25k),17924,15,268860
2024,Q4,2024-Q4,Surxondaryo,Chevrolet,Onix,B-Sedan,Benzin (Turbo),Mahalliy (Asaka),Byudjet (<$15k),14292,18,257256
2024,Q4,2024-Q4,Surxondaryo,Chevrolet,Malibu-2,D-Sedan,Benzin (Turbo),Mahalliy (Asaka),Yuqori-o‘rta ($25k-$40k),36132,1,36132
2024,Q4,2024-Q4,Surxondaryo,BYD,Song Plus DM-i,C-SUV,Gibrid (PHEV),Gibrid/Yig‘uv (Jizzax),Yuqori-o‘rta ($25k-$40k),25038,48,1201824
2024,Q4,2024-Q4,Surxondaryo,BYD,Chazor (Destroyer 05),C-Sedan,Gibrid (PHEV),Gibrid/Yig‘uv (Jizzax),O‘rta ($15k-$25k),19166,36,689976
2024,Q4,2024-Q4,Surxondaryo,BYD,Song Plus EV,C-SUV,Elektromobil (EV),Import (Xitoy),Yuqori-o‘rta ($25k-$40k),28857,7,201999
2024,Q4,2024-Q4,Surxondaryo,BYD,Han,E-Sedan,Elektromobil (EV),Import (Xitoy),Premium (>$40k),40144,3,120432
2024,Q4,2024-Q4,Surxondaryo,BYD,Seagull,A-Hatchback,Elektromobil (EV),Import (Xitoy),Byudjet (<$15k),11763,23,270549
2024,Q4,2024-Q4,Surxondaryo,Chery,Tiggo 7 Pro,C-SUV,Benzin (Turbo),Mahalliy yig‘uv (ADM Jizzax),Yuqori-o‘rta ($25k-$40k),27211,9,244899
2024,Q4,2024-Q4,Surxondaryo,Chery,Arrizo 6 Pro,C-Sedan,Benzin (Turbo),Mahalliy yig‘uv (ADM Jizzax),O‘rta ($15k-$25k),21093,9,189837
2024,Q4,2024-Q4,Surxondaryo,Chery,Tiggo 8 Pro,Mid-SUV,Benzin (Turbo),Mahalliy yig‘uv (ADM Jizzax),Yuqori-o‘rta ($25k-$40k),34026,3,102078
2024,Q4,2024-Q4,Surxondaryo,Haval,Jolion,B-SUV,Benzin (Turbo),Mahalliy yig‘uv (ADM Jizzax),O‘rta ($15k-$25k),23835,7,166845
2024,Q4,2024-Q4,Surxondaryo,Haval,M6,C-SUV,Benzin,Mahalliy yig‘uv (ADM Jizzax),O‘rta ($15k-$25k),19758,8,158064
2024,Q4,2024-Q4,Surxondaryo,Haval,H6,C-SUV,Benzin (Turbo),Mahalliy yig‘uv (ADM Jizzax),Yuqori-o‘rta ($25k-$40k),30041,4,120164
2024,Q4,2024-Q4,Surxondaryo,Kia,Sonet,B-SUV,Benzin,Mahalliy yig‘uv (ADM Jizzax),O‘rta ($15k-$25k),18509,8,148072
2024,Q4,2024-Q4,Surxondaryo,Kia,K5,D-Sedan,Benzin,Mahalliy yig‘uv (ADM Jizzax),Yuqori-o‘rta ($25k-$40k),34329,2,68658
2024,Q4,2024-Q4,Surxondaryo,Kia,Sportage,C-SUV,Benzin,Mahalliy yig‘uv (ADM Jizzax),Yuqori-o‘rta ($25k-$40k),35974,3,107922
2024,Q4,2024-Q4,Surxondaryo,Zeekr,001,E-Shooting Brake,Elektromobil (EV),Import (Xitoy),Premium (>$40k),49738,3,149214
2024,Q4,2024-Q4,Surxondaryo,Geely,Monjaro,Mid-SUV,Benzin (Turbo),Import (Xitoy),Yuqori-o‘rta ($25k-$40k),37282,3,111846
2024,Q4,2024-Q4,Surxondaryo,Jetour,Dashing,C-SUV,Benzin (Turbo),Import (Xitoy),Yuqori-o‘rta ($25k-$40k),27586,3,82758
2024,Q4,2024-Q4,Surxondaryo,Li Auto,L7/L9,Full-SUV,Gibrid (EREV),Import (Xitoy),Premium (>$40k),59520,1,59520
2024,Q4,2024-Q4,Navoiy,Chevrolet,Cobalt,B-Sedan,Benzin,Mahalliy (Asaka),Byudjet (<$15k),12357,69,852633
2024,Q4,2024-Q4,Navoiy,Chevrolet,Damas,Mini-Van,Benzin,Mahalliy (Pitnak),Byudjet (<$15k),8924,56,499744
2024,Q4,2024-Q4,Navoiy,Chevrolet,Labo,Mini-Truck,Benzin,Mahalliy (Pitnak),Byudjet (<$15k),8314,32,266048
2024,Q4,2024-Q4,Navoiy,Chevrolet,Tracker-2,B-SUV,Benzin (Turbo),Mahalliy (Asaka),O‘rta ($15k-$25k),17705,12,212460
2024,Q4,2024-Q4,Navoiy,Chevrolet,Onix,B-Sedan,Benzin (Turbo),Mahalliy (Asaka),Byudjet (<$15k),14261,11,156871
2024,Q4,2024-Q4,Navoiy,Chevrolet,Malibu-2,D-Sedan,Benzin (Turbo),Mahalliy (Asaka),Yuqori-o‘rta ($25k-$40k),35961,1,35961
2024,Q4,2024-Q4,Navoiy,BYD,Song Plus DM-i,C-SUV,Gibrid (PHEV),Gibrid/Yig‘uv (Jizzax),Yuqori-o‘rta ($25k-$40k),25274,37,935138
2024,Q4,2024-Q4,Navoiy,BYD,Chazor (Destroyer 05),C-Sedan,Gibrid (PHEV),Gibrid/Yig‘uv (Jizzax),O‘rta ($15k-$25k),19489,24,467736
2024,Q4,2024-Q4,Navoiy,BYD,Song Plus EV,C-SUV,Elektromobil (EV),Import (Xitoy),Yuqori-o‘rta ($25k-$40k),28547,4,114188
2024,Q4,2024-Q4,Navoiy,BYD,Han,E-Sedan,Elektromobil (EV),Import (Xitoy),Premium (>$40k),40506,1,40506
2024,Q4,2024-Q4,Navoiy,BYD,Seagull,A-Hatchback,Elektromobil (EV),Import (Xitoy),Byudjet (<$15k),11725,16,187600
2024,Q4,2024-Q4,Navoiy,Chery,Tiggo 7 Pro,C-SUV,Benzin (Turbo),Mahalliy yig‘uv (ADM Jizzax),Yuqori-o‘rta ($25k-$40k),26914,8,215312
2024,Q4,2024-Q4,Navoiy,Chery,Arrizo 6 Pro,C-Sedan,Benzin (Turbo),Mahalliy yig‘uv (ADM Jizzax),O‘rta ($15k-$25k),21188,8,169504
2024,Q4,2024-Q4,Navoiy,Chery,Tiggo 8 Pro,Mid-SUV,Benzin (Turbo),Mahalliy yig‘uv (ADM Jizzax),Yuqori-o‘rta ($25k-$40k),34119,2,68238
2024,Q4,2024-Q4,Navoiy,Haval,Jolion,B-SUV,Benzin (Turbo),Mahalliy yig‘uv (ADM Jizzax),O‘rta ($15k-$25k),23721,6,142326
2024,Q4,2024-Q4,Navoiy,Haval,M6,C-SUV,Benzin,Mahalliy yig‘uv (ADM Jizzax),O‘rta ($15k-$25k),19853,8,158824
2024,Q4,2024-Q4,Navoiy,Haval,H6,C-SUV,Benzin (Turbo),Mahalliy yig‘uv (ADM Jizzax),Yuqori-o‘rta ($25k-$40k),30204,2,60408
2024,Q4,2024-Q4,Navoiy,Kia,Sonet,B-SUV,Benzin,Mahalliy yig‘uv (ADM Jizzax),O‘rta ($15k-$25k),18507,7,129549
2024,Q4,2024-Q4,Navoiy,Kia,K5,D-Sedan,Benzin,Mahalliy yig‘uv (ADM Jizzax),Yuqori-o‘rta ($25k-$40k),34642,4,138568
2024,Q4,2024-Q4,Navoiy,Kia,Sportage,C-SUV,Benzin,Mahalliy yig‘uv (ADM Jizzax),Yuqori-o‘rta ($25k-$40k),35893,1,35893
2024,Q4,2024-Q4,Navoiy,Zeekr,001,E-Shooting Brake,Elektromobil (EV),Import (Xitoy),Premium (>$40k),49822,3,149466
2024,Q4,2024-Q4,Navoiy,Geely,Monjaro,Mid-SUV,Benzin (Turbo),Import (Xitoy),Yuqori-o‘rta ($25k-$40k),36930,3,110790
2024,Q4,2024-Q4,Navoiy,Jetour,Dashing,C-SUV,Benzin (Turbo),Import (Xitoy),Yuqori-o‘rta ($25k-$40k),27743,2,55486
2024,Q4,2024-Q4,Navoiy,Li Auto,L7/L9,Full-SUV,Gibrid (EREV),Import (Xitoy),Premium (>$40k),59446,1,59446
2024,Q4,2024-Q4,Jizzax,Chevrolet,Cobalt,B-Sedan,Benzin,Mahalliy (Asaka),Byudjet (<$15k),12096,35,423360
2024,Q4,2024-Q4,Jizzax,Chevrolet,Damas,Mini-Van,Benzin,Mahalliy (Pitnak),Byudjet (<$15k),9084,35,317940
2024,Q4,2024-Q4,Jizzax,Chevrolet,Labo,Mini-Truck,Benzin,Mahalliy (Pitnak),Byudjet (<$15k),8616,16,137856
2024,Q4,2024-Q4,Jizzax,Chevrolet,Tracker-2,B-SUV,Benzin (Turbo),Mahalliy (Asaka),O‘rta ($15k-$25k),17392,8,139136
2024,Q4,2024-Q4,Jizzax,Chevrolet,Onix,B-Sedan,Benzin (Turbo),Mahalliy (Asaka),Byudjet (<$15k),14349,8,114792
2024,Q4,2024-Q4,Jizzax,Chevrolet,Malibu-2,D-Sedan,Benzin (Turbo),Mahalliy (Asaka),Yuqori-o‘rta ($25k-$40k),35898,1,35898
2024,Q4,2024-Q4,Jizzax,BYD,Song Plus DM-i,C-SUV,Gibrid (PHEV),Gibrid/Yig‘uv (Jizzax),O‘rta ($15k-$25k),24989,24,599736
2024,Q4,2024-Q4,Jizzax,BYD,Chazor (Destroyer 05),C-Sedan,Gibrid (PHEV),Gibrid/Yig‘uv (Jizzax),O‘rta ($15k-$25k),19230,15,288450
2024,Q4,2024-Q4,Jizzax,BYD,Song Plus EV,C-SUV,Elektromobil (EV),Import (Xitoy),Yuqori-o‘rta ($25k-$40k),28652,3,85956
2024,Q4,2024-Q4,Jizzax,BYD,Han,E-Sedan,Elektromobil (EV),Import (Xitoy),Premium (>$40k),40131,1,40131
2024,Q4,2024-Q4,Jizzax,BYD,Seagull,A-Hatchback,Elektromobil (EV),Import (Xitoy),Byudjet (<$15k),12184,9,109656
2024,Q4,2024-Q4,Jizzax,Chery,Tiggo 7 Pro,C-SUV,Benzin (Turbo),Mahalliy yig‘uv (ADM Jizzax),Yuqori-o‘rta ($25k-$40k),27129,5,135645
2024,Q4,2024-Q4,Jizzax,Chery,Arrizo 6 Pro,C-Sedan,Benzin (Turbo),Mahalliy yig‘uv (ADM Jizzax),O‘rta ($15k-$25k),21324,4,85296
2024,Q4,2024-Q4,Jizzax,Chery,Tiggo 8 Pro,Mid-SUV,Benzin (Turbo),Mahalliy yig‘uv (ADM Jizzax),Yuqori-o‘rta ($25k-$40k),33787,1,33787
2024,Q4,2024-Q4,Jizzax,Haval,Jolion,B-SUV,Benzin (Turbo),Mahalliy yig‘uv (ADM Jizzax),O‘rta ($15k-$25k),23700,2,47400
2024,Q4,2024-Q4,Jizzax,Haval,M6,C-SUV,Benzin,Mahalliy yig‘uv (ADM Jizzax),O‘rta ($15k-$25k),19908,2,39816
2024,Q4,2024-Q4,Jizzax,Haval,H6,C-SUV,Benzin (Turbo),Mahalliy yig‘uv (ADM Jizzax),Yuqori-o‘rta ($25k-$40k),30083,1,30083
2024,Q4,2024-Q4,Jizzax,Kia,Sonet,B-SUV,Benzin,Mahalliy yig‘uv (ADM Jizzax),O‘rta ($15k-$25k),18524,4,74096
2024,Q4,2024-Q4,Jizzax,Kia,K5,D-Sedan,Benzin,Mahalliy yig‘uv (ADM Jizzax),Yuqori-o‘rta ($25k-$40k),34378,2,68756
2024,Q4,2024-Q4,Jizzax,Kia,Sportage,C-SUV,Benzin,Mahalliy yig‘uv (ADM Jizzax),Yuqori-o‘rta ($25k-$40k),36130,2,72260
2024,Q4,2024-Q4,Jizzax,Zeekr,001,E-Shooting Brake,Elektromobil (EV),Import (Xitoy),Premium (>$40k),49678,1,49678
2024,Q4,2024-Q4,Jizzax,Geely,Monjaro,Mid-SUV,Benzin (Turbo),Import (Xitoy),Yuqori-o‘rta ($25k-$40k),36900,1,36900
2024,Q4,2024-Q4,Jizzax,Jetour,Dashing,C-SUV,Benzin (Turbo),Import (Xitoy),Yuqori-o‘rta ($25k-$40k),27644,1,27644
2024,Q4,2024-Q4,Jizzax,Li Auto,L7/L9,Full-SUV,Gibrid (EREV),Import (Xitoy),Premium (>$40k),59248,1,59248
2024,Q4,2024-Q4,Sirdaryo,Chevrolet,Cobalt,B-Sedan,Benzin,Mahalliy (Asaka),Byudjet (<$15k),12367,29,358643
2024,Q4,2024-Q4,Sirdaryo,Chevrolet,Damas,Mini-Van,Benzin,Mahalliy (Pitnak),Byudjet (<$15k),9155,25,228875
2024,Q4,2024-Q4,Sirdaryo,Chevrolet,Labo,Mini-Truck,Benzin,Mahalliy (Pitnak),Byudjet (<$15k),8666,12,103992
2024,Q4,2024-Q4,Sirdaryo,Chevrolet,Tracker-2,B-SUV,Benzin (Turbo),Mahalliy (Asaka),O‘rta ($15k-$25k),17840,6,107040
2024,Q4,2024-Q4,Sirdaryo,Chevrolet,Onix,B-Sedan,Benzin (Turbo),Mahalliy (Asaka),Byudjet (<$15k),14391,4,57564
2024,Q4,2024-Q4,Sirdaryo,Chevrolet,Malibu-2,D-Sedan,Benzin (Turbo),Mahalliy (Asaka),Yuqori-o‘rta ($25k-$40k),36068,1,36068
2024,Q4,2024-Q4,Sirdaryo,BYD,Song Plus DM-i,C-SUV,Gibrid (PHEV),Gibrid/Yig‘uv (Jizzax),O‘rta ($15k-$25k),24940,18,448920
2024,Q4,2024-Q4,Sirdaryo,BYD,Chazor (Destroyer 05),C-Sedan,Gibrid (PHEV),Gibrid/Yig‘uv (Jizzax),O‘rta ($15k-$25k),19041,12,228492
2024,Q4,2024-Q4,Sirdaryo,BYD,Song Plus EV,C-SUV,Elektromobil (EV),Import (Xitoy),Yuqori-o‘rta ($25k-$40k),28660,3,85980
2024,Q4,2024-Q4,Sirdaryo,BYD,Han,E-Sedan,Elektromobil (EV),Import (Xitoy),Premium (>$40k),40838,1,40838
2024,Q4,2024-Q4,Sirdaryo,BYD,Seagull,A-Hatchback,Elektromobil (EV),Import (Xitoy),Byudjet (<$15k),11620,6,69720
2024,Q4,2024-Q4,Sirdaryo,Chery,Tiggo 7 Pro,C-SUV,Benzin (Turbo),Mahalliy yig‘uv (ADM Jizzax),Yuqori-o‘rta ($25k-$40k),26976,5,134880
2024,Q4,2024-Q4,Sirdaryo,Chery,Arrizo 6 Pro,C-Sedan,Benzin (Turbo),Mahalliy yig‘uv (ADM Jizzax),O‘rta ($15k-$25k),21043,2,42086
2024,Q4,2024-Q4,Sirdaryo,Chery,Tiggo 8 Pro,Mid-SUV,Benzin (Turbo),Mahalliy yig‘uv (ADM Jizzax),Yuqori-o‘rta ($25k-$40k),33863,1,33863
2024,Q4,2024-Q4,Sirdaryo,Haval,Jolion,B-SUV,Benzin (Turbo),Mahalliy yig‘uv (ADM Jizzax),O‘rta ($15k-$25k),24045,4,96180
2024,Q4,2024-Q4,Sirdaryo,Haval,M6,C-SUV,Benzin,Mahalliy yig‘uv (ADM Jizzax),O‘rta ($15k-$25k),19782,3,59346
2024,Q4,2024-Q4,Sirdaryo,Haval,H6,C-SUV,Benzin (Turbo),Mahalliy yig‘uv (ADM Jizzax),Yuqori-o‘rta ($25k-$40k),30170,2,60340
2024,Q4,2024-Q4,Sirdaryo,Kia,Sonet,B-SUV,Benzin,Mahalliy yig‘uv (ADM Jizzax),O‘rta ($15k-$25k),18634,4,74536
2024,Q4,2024-Q4,Sirdaryo,Kia,K5,D-Sedan,Benzin,Mahalliy yig‘uv (ADM Jizzax),Yuqori-o‘rta ($25k-$40k),34280,1,34280
2024,Q4,2024-Q4,Sirdaryo,Kia,Sportage,C-SUV,Benzin,Mahalliy yig‘uv (ADM Jizzax),Yuqori-o‘rta ($25k-$40k),35951,1,35951
2024,Q4,2024-Q4,Sirdaryo,Zeekr,001,E-Shooting Brake,Elektromobil (EV),Import (Xitoy),Premium (>$40k),49757,1,49757
2024,Q4,2024-Q4,Sirdaryo,Geely,Monjaro,Mid-SUV,Benzin (Turbo),Import (Xitoy),Yuqori-o‘rta ($25k-$40k),36973,1,36973
2024,Q4,2024-Q4,Sirdaryo,Jetour,Dashing,C-SUV,Benzin (Turbo),Import (Xitoy),Yuqori-o‘rta ($25k-$40k),27546,1,27546
2024,Q4,2024-Q4,Sirdaryo,Li Auto,L7/L9,Full-SUV,Gibrid (EREV),Import (Xitoy),Premium (>$40k),59529,1,59529
2024,Q4,2024-Q4,Qoraqalpog‘iston Res.,Chevrolet,Cobalt,B-Sedan,Benzin,Mahalliy (Asaka),Byudjet (<$15k),12076,31,374356
2024,Q4,2024-Q4,Qoraqalpog‘iston Res.,Chevrolet,Damas,Mini-Van,Benzin,Mahalliy (Pitnak),Byudjet (<$15k),8918,25,222950
2024,Q4,2024-Q4,Qoraqalpog‘iston Res.,Chevrolet,Labo,Mini-Truck,Benzin,Mahalliy (Pitnak),Byudjet (<$15k),8527,15,127905
2024,Q4,2024-Q4,Qoraqalpog‘iston Res.,Chevrolet,Tracker-2,B-SUV,Benzin (Turbo),Mahalliy (Asaka),O‘rta ($15k-$25k),17950,4,71800
2024,Q4,2024-Q4,Qoraqalpog‘iston Res.,Chevrolet,Onix,B-Sedan,Benzin (Turbo),Mahalliy (Asaka),Byudjet (<$15k),14426,5,72130
2024,Q4,2024-Q4,Qoraqalpog‘iston Res.,Chevrolet,Malibu-2,D-Sedan,Benzin (Turbo),Mahalliy (Asaka),Yuqori-o‘rta ($25k-$40k),36148,1,36148
2024,Q4,2024-Q4,Qoraqalpog‘iston Res.,BYD,Song Plus DM-i,C-SUV,Gibrid (PHEV),Gibrid/Yig‘uv (Jizzax),Yuqori-o‘rta ($25k-$40k),25031,19,475589
2024,Q4,2024-Q4,Qoraqalpog‘iston Res.,BYD,Chazor (Destroyer 05),C-Sedan,Gibrid (PHEV),Gibrid/Yig‘uv (Jizzax),O‘rta ($15k-$25k),19040,12,228480
2024,Q4,2024-Q4,Qoraqalpog‘iston Res.,BYD,Song Plus EV,C-SUV,Elektromobil (EV),Import (Xitoy),Yuqori-o‘rta ($25k-$40k),28913,2,57826
2024,Q4,2024-Q4,Qoraqalpog‘iston Res.,BYD,Han,E-Sedan,Elektromobil (EV),Import (Xitoy),Premium (>$40k),40851,1,40851
2024,Q4,2024-Q4,Qoraqalpog‘iston Res.,BYD,Seagull,A-Hatchback,Elektromobil (EV),Import (Xitoy),Byudjet (<$15k),11720,8,93760
2024,Q4,2024-Q4,Qoraqalpog‘iston Res.,Chery,Tiggo 7 Pro,C-SUV,Benzin (Turbo),Mahalliy yig‘uv (ADM Jizzax),Yuqori-o‘rta ($25k-$40k),27118,3,81354
2024,Q4,2024-Q4,Qoraqalpog‘iston Res.,Chery,Arrizo 6 Pro,C-Sedan,Benzin (Turbo),Mahalliy yig‘uv (ADM Jizzax),O‘rta ($15k-$25k),21172,2,42344
2024,Q4,2024-Q4,Qoraqalpog‘iston Res.,Chery,Tiggo 8 Pro,Mid-SUV,Benzin (Turbo),Mahalliy yig‘uv (ADM Jizzax),Yuqori-o‘rta ($25k-$40k),33967,1,33967
2024,Q4,2024-Q4,Qoraqalpog‘iston Res.,Haval,Jolion,B-SUV,Benzin (Turbo),Mahalliy yig‘uv (ADM Jizzax),O‘rta ($15k-$25k),23711,3,71133
2024,Q4,2024-Q4,Qoraqalpog‘iston Res.,Haval,M6,C-SUV,Benzin,Mahalliy yig‘uv (ADM Jizzax),O‘rta ($15k-$25k),20014,2,40028
2024,Q4,2024-Q4,Qoraqalpog‘iston Res.,Haval,H6,C-SUV,Benzin (Turbo),Mahalliy yig‘uv (ADM Jizzax),Yuqori-o‘rta ($25k-$40k),30243,1,30243
2024,Q4,2024-Q4,Qoraqalpog‘iston Res.,Kia,Sonet,B-SUV,Benzin,Mahalliy yig‘uv (ADM Jizzax),O‘rta ($15k-$25k),18678,2,37356
2024,Q4,2024-Q4,Qoraqalpog‘iston Res.,Kia,K5,D-Sedan,Benzin,Mahalliy yig‘uv (ADM Jizzax),Yuqori-o‘rta ($25k-$40k),34386,1,34386
2024,Q4,2024-Q4,Qoraqalpog‘iston Res.,Kia,Sportage,C-SUV,Benzin,Mahalliy yig‘uv (ADM Jizzax),Yuqori-o‘rta ($25k-$40k),35945,1,35945
2024,Q4,2024-Q4,Qoraqalpog‘iston Res.,Zeekr,001,E-Shooting Brake,Elektromobil (EV),Import (Xitoy),Premium (>$40k),49953,2,99906
2024,Q4,2024-Q4,Qoraqalpog‘iston Res.,Geely,Monjaro,Mid-SUV,Benzin (Turbo),Import (Xitoy),Yuqori-o‘rta ($25k-$40k),37280,1,37280
2024,Q4,2024-Q4,Qoraqalpog‘iston Res.,Jetour,Dashing,C-SUV,Benzin (Turbo),Import (Xitoy),Yuqori-o‘rta ($25k-$40k),27500,2,55000
2024,Q4,2024-Q4,Qoraqalpog‘iston Res.,Li Auto,L7/L9,Full-SUV,Gibrid (EREV),Import (Xitoy),Premium (>$40k),59545,2,119090
2025,Q1,2025-Q1,Toshkent shahri,Chevrolet,Cobalt,B-Sedan,Benzin,Mahalliy (Asaka),Byudjet (<$15k),12481,587,7326347
2025,Q1,2025-Q1,Toshkent shahri,Chevrolet,Damas,Mini-Van,Benzin,Mahalliy (Pitnak),Byudjet (<$15k),9153,99,906147
2025,Q1,2025-Q1,Toshkent shahri,Chevrolet,Labo,Mini-Truck,Benzin,Mahalliy (Pitnak),Byudjet (<$15k),8604,53,456012
2025,Q1,2025-Q1,Toshkent shahri,Chevrolet,Tracker-2,B-SUV,Benzin (Turbo),Mahalliy (Asaka),O‘rta ($15k-$25k),16966,82,1391212
2025,Q1,2025-Q1,Toshkent shahri,Chevrolet,Onix,B-Sedan,Benzin (Turbo),Mahalliy (Asaka),Byudjet (<$15k),14170,109,1544530
2025,Q1,2025-Q1,Toshkent shahri,Chevrolet,Malibu-2,D-Sedan,Benzin (Turbo),Mahalliy (Asaka),Yuqori-o‘rta ($25k-$40k),37140,28,1039920
2025,Q1,2025-Q1,Toshkent shahri,BYD,Song Plus DM-i,C-SUV,Gibrid (PHEV),Gibrid/Yig‘uv (Jizzax),O‘rta ($15k-$25k),24289,1046,25406294
2025,Q1,2025-Q1,Toshkent shahri,BYD,Chazor (Destroyer 05),C-Sedan,Gibrid (PHEV),Gibrid/Yig‘uv (Jizzax),O‘rta ($15k-$25k),18812,754,14184248
2025,Q1,2025-Q1,Toshkent shahri,BYD,Song Plus EV,C-SUV,Elektromobil (EV),Import (Xitoy),Yuqori-o‘rta ($25k-$40k),27266,158,4308028
2025,Q1,2025-Q1,Toshkent shahri,BYD,Han,E-Sedan,Elektromobil (EV),Import (Xitoy),Yuqori-o‘rta ($25k-$40k),38406,63,2419578
2025,Q1,2025-Q1,Toshkent shahri,BYD,Seagull,A-Hatchback,Elektromobil (EV),Import (Xitoy),Byudjet (<$15k),11779,465,5477235
2025,Q1,2025-Q1,Toshkent shahri,Chery,Tiggo 7 Pro,C-SUV,Benzin (Turbo),Mahalliy yig‘uv (ADM Jizzax),Yuqori-o‘rta ($25k-$40k),27858,83,2312214
2025,Q1,2025-Q1,Toshkent shahri,Chery,Arrizo 6 Pro,C-Sedan,Benzin (Turbo),Mahalliy yig‘uv (ADM Jizzax),O‘rta ($15k-$25k),21720,55,1194600
2025,Q1,2025-Q1,Toshkent shahri,Chery,Tiggo 8 Pro,Mid-SUV,Benzin (Turbo),Mahalliy yig‘uv (ADM Jizzax),Yuqori-o‘rta ($25k-$40k),34852,32,1115264
2025,Q1,2025-Q1,Toshkent shahri,Haval,Jolion,B-SUV,Benzin (Turbo),Mahalliy yig‘uv (ADM Jizzax),O‘rta ($15k-$25k),24434,71,1734814
2025,Q1,2025-Q1,Toshkent shahri,Haval,M6,C-SUV,Benzin,Mahalliy yig‘uv (ADM Jizzax),O‘rta ($15k-$25k),20646,65,1341990
2025,Q1,2025-Q1,Toshkent shahri,Haval,H6,C-SUV,Benzin (Turbo),Mahalliy yig‘uv (ADM Jizzax),Yuqori-o‘rta ($25k-$40k),30895,32,988640
2025,Q1,2025-Q1,Toshkent shahri,Kia,Sonet,B-SUV,Benzin,Mahalliy yig‘uv (ADM Jizzax),O‘rta ($15k-$25k),19255,88,1694440
2025,Q1,2025-Q1,Toshkent shahri,Kia,K5,D-Sedan,Benzin,Mahalliy yig‘uv (ADM Jizzax),Yuqori-o‘rta ($25k-$40k),35408,35,1239280
2025,Q1,2025-Q1,Toshkent shahri,Kia,Sportage,C-SUV,Benzin,Mahalliy yig‘uv (ADM Jizzax),Yuqori-o‘rta ($25k-$40k),37129,26,965354
2025,Q1,2025-Q1,Toshkent shahri,Zeekr,001,E-Shooting Brake,Elektromobil (EV),Import (Xitoy),Premium (>$40k),51349,27,1386423
2025,Q1,2025-Q1,Toshkent shahri,Geely,Monjaro,Mid-SUV,Benzin (Turbo),Import (Xitoy),Yuqori-o‘rta ($25k-$40k),38139,31,1182309
2025,Q1,2025-Q1,Toshkent shahri,Jetour,Dashing,C-SUV,Benzin (Turbo),Import (Xitoy),Yuqori-o‘rta ($25k-$40k),28236,40,1129440
2025,Q1,2025-Q1,Toshkent shahri,Li Auto,L7/L9,Full-SUV,Gibrid (EREV),Import (Xitoy),Premium (>$40k),61114,23,1405622
2025,Q1,2025-Q1,Toshkent viloyati,Chevrolet,Cobalt,B-Sedan,Benzin,Mahalliy (Asaka),Byudjet (<$15k),12635,239,3019765
2025,Q1,2025-Q1,Toshkent viloyati,Chevrolet,Damas,Mini-Van,Benzin,Mahalliy (Pitnak),Byudjet (<$15k),9072,181,1642032
2025,Q1,2025-Q1,Toshkent viloyati,Chevrolet,Labo,Mini-Truck,Benzin,Mahalliy (Pitnak),Byudjet (<$15k),8552,110,940720
2025,Q1,2025-Q1,Toshkent viloyati,Chevrolet,Tracker-2,B-SUV,Benzin (Turbo),Mahalliy (Asaka),O‘rta ($15k-$25k),17312,35,605920
2025,Q1,2025-Q1,Toshkent viloyati,Chevrolet,Onix,B-Sedan,Benzin (Turbo),Mahalliy (Asaka),Byudjet (<$15k),14166,43,609138
2025,Q1,2025-Q1,Toshkent viloyati,Chevrolet,Malibu-2,D-Sedan,Benzin (Turbo),Mahalliy (Asaka),Yuqori-o‘rta ($25k-$40k),36939,5,184695
2025,Q1,2025-Q1,Toshkent viloyati,BYD,Song Plus DM-i,C-SUV,Gibrid (PHEV),Gibrid/Yig‘uv (Jizzax),O‘rta ($15k-$25k),24137,182,4392934
2025,Q1,2025-Q1,Toshkent viloyati,BYD,Chazor (Destroyer 05),C-Sedan,Gibrid (PHEV),Gibrid/Yig‘uv (Jizzax),O‘rta ($15k-$25k),18769,111,2083359
2025,Q1,2025-Q1,Toshkent viloyati,BYD,Song Plus EV,C-SUV,Elektromobil (EV),Import (Xitoy),Yuqori-o‘rta ($25k-$40k),27025,26,702650
2025,Q1,2025-Q1,Toshkent viloyati,BYD,Han,E-Sedan,Elektromobil (EV),Import (Xitoy),Yuqori-o‘rta ($25k-$40k),38550,10,385500
2025,Q1,2025-Q1,Toshkent viloyati,BYD,Seagull,A-Hatchback,Elektromobil (EV),Import (Xitoy),Byudjet (<$15k),11077,79,875083
2025,Q1,2025-Q1,Toshkent viloyati,Chery,Tiggo 7 Pro,C-SUV,Benzin (Turbo),Mahalliy yig‘uv (ADM Jizzax),Yuqori-o‘rta ($25k-$40k),27729,28,776412
2025,Q1,2025-Q1,Toshkent viloyati,Chery,Arrizo 6 Pro,C-Sedan,Benzin (Turbo),Mahalliy yig‘uv (ADM Jizzax),O‘rta ($15k-$25k),21967,21,461307
2025,Q1,2025-Q1,Toshkent viloyati,Chery,Tiggo 8 Pro,Mid-SUV,Benzin (Turbo),Mahalliy yig‘uv (ADM Jizzax),Yuqori-o‘rta ($25k-$40k),35024,13,455312
2025,Q1,2025-Q1,Toshkent viloyati,Haval,Jolion,B-SUV,Benzin (Turbo),Mahalliy yig‘uv (ADM Jizzax),O‘rta ($15k-$25k),24724,26,642824
2025,Q1,2025-Q1,Toshkent viloyati,Haval,M6,C-SUV,Benzin,Mahalliy yig‘uv (ADM Jizzax),O‘rta ($15k-$25k),20599,32,659168
2025,Q1,2025-Q1,Toshkent viloyati,Haval,H6,C-SUV,Benzin (Turbo),Mahalliy yig‘uv (ADM Jizzax),Yuqori-o‘rta ($25k-$40k),31093,14,435302
2025,Q1,2025-Q1,Toshkent viloyati,Kia,Sonet,B-SUV,Benzin,Mahalliy yig‘uv (ADM Jizzax),O‘rta ($15k-$25k),18938,32,606016
2025,Q1,2025-Q1,Toshkent viloyati,Kia,K5,D-Sedan,Benzin,Mahalliy yig‘uv (ADM Jizzax),Yuqori-o‘rta ($25k-$40k),35483,13,461279
2025,Q1,2025-Q1,Toshkent viloyati,Kia,Sportage,C-SUV,Benzin,Mahalliy yig‘uv (ADM Jizzax),Yuqori-o‘rta ($25k-$40k),37086,10,370860
2025,Q1,2025-Q1,Toshkent viloyati,Zeekr,001,E-Shooting Brake,Elektromobil (EV),Import (Xitoy),Premium (>$40k),51422,6,308532
2025,Q1,2025-Q1,Toshkent viloyati,Geely,Monjaro,Mid-SUV,Benzin (Turbo),Import (Xitoy),Yuqori-o‘rta ($25k-$40k),38159,10,381590
2025,Q1,2025-Q1,Toshkent viloyati,Jetour,Dashing,C-SUV,Benzin (Turbo),Import (Xitoy),Yuqori-o‘rta ($25k-$40k),28239,13,367107
2025,Q1,2025-Q1,Toshkent viloyati,Li Auto,L7/L9,Full-SUV,Gibrid (EREV),Import (Xitoy),Premium (>$40k),61012,4,244048
2025,Q1,2025-Q1,Samarqand,Chevrolet,Cobalt,B-Sedan,Benzin,Mahalliy (Asaka),Byudjet (<$15k),12401,244,3025844
2025,Q1,2025-Q1,Samarqand,Chevrolet,Damas,Mini-Van,Benzin,Mahalliy (Pitnak),Byudjet (<$15k),9261,193,1787373
2025,Q1,2025-Q1,Samarqand,Chevrolet,Labo,Mini-Truck,Benzin,Mahalliy (Pitnak),Byudjet (<$15k),8613,93,801009
2025,Q1,2025-Q1,Samarqand,Chevrolet,Tracker-2,B-SUV,Benzin (Turbo),Mahalliy (Asaka),O‘rta ($15k-$25k),17036,34,579224
2025,Q1,2025-Q1,Samarqand,Chevrolet,Onix,B-Sedan,Benzin (Turbo),Mahalliy (Asaka),Byudjet (<$15k),13787,37,510119
2025,Q1,2025-Q1,Samarqand,Chevrolet,Malibu-2,D-Sedan,Benzin (Turbo),Mahalliy (Asaka),Yuqori-o‘rta ($25k-$40k),37192,4,148768
2025,Q1,2025-Q1,Samarqand,BYD,Song Plus DM-i,C-SUV,Gibrid (PHEV),Gibrid/Yig‘uv (Jizzax),O‘rta ($15k-$25k),24439,188,4594532
2025,Q1,2025-Q1,Samarqand,BYD,Chazor (Destroyer 05),C-Sedan,Gibrid (PHEV),Gibrid/Yig‘uv (Jizzax),O‘rta ($15k-$25k),18308,123,2251884
2025,Q1,2025-Q1,Samarqand,BYD,Song Plus EV,C-SUV,Elektromobil (EV),Import (Xitoy),Yuqori-o‘rta ($25k-$40k),27606,23,634938
2025,Q1,2025-Q1,Samarqand,BYD,Han,E-Sedan,Elektromobil (EV),Import (Xitoy),Yuqori-o‘rta ($25k-$40k),38931,8,311448
2025,Q1,2025-Q1,Samarqand,BYD,Seagull,A-Hatchback,Elektromobil (EV),Import (Xitoy),Byudjet (<$15k),11519,81,933039
2025,Q1,2025-Q1,Samarqand,Chery,Tiggo 7 Pro,C-SUV,Benzin (Turbo),Mahalliy yig‘uv (ADM Jizzax),Yuqori-o‘rta ($25k-$40k),27970,28,783160
2025,Q1,2025-Q1,Samarqand,Chery,Arrizo 6 Pro,C-Sedan,Benzin (Turbo),Mahalliy yig‘uv (ADM Jizzax),O‘rta ($15k-$25k),21792,25,544800
2025,Q1,2025-Q1,Samarqand,Chery,Tiggo 8 Pro,Mid-SUV,Benzin (Turbo),Mahalliy yig‘uv (ADM Jizzax),Yuqori-o‘rta ($25k-$40k),34947,11,384417
2025,Q1,2025-Q1,Samarqand,Haval,Jolion,B-SUV,Benzin (Turbo),Mahalliy yig‘uv (ADM Jizzax),O‘rta ($15k-$25k),24449,26,635674
2025,Q1,2025-Q1,Samarqand,Haval,M6,C-SUV,Benzin,Mahalliy yig‘uv (ADM Jizzax),O‘rta ($15k-$25k),20332,29,589628
2025,Q1,2025-Q1,Samarqand,Haval,H6,C-SUV,Benzin (Turbo),Mahalliy yig‘uv (ADM Jizzax),Yuqori-o‘rta ($25k-$40k),31080,12,372960
2025,Q1,2025-Q1,Samarqand,Kia,Sonet,B-SUV,Benzin,Mahalliy yig‘uv (ADM Jizzax),O‘rta ($15k-$25k),18943,29,549347
2025,Q1,2025-Q1,Samarqand,Kia,K5,D-Sedan,Benzin,Mahalliy yig‘uv (ADM Jizzax),Yuqori-o‘rta ($25k-$40k),35486,11,390346
2025,Q1,2025-Q1,Samarqand,Kia,Sportage,C-SUV,Benzin,Mahalliy yig‘uv (ADM Jizzax),Yuqori-o‘rta ($25k-$40k),36948,8,295584
2025,Q1,2025-Q1,Samarqand,Zeekr,001,E-Shooting Brake,Elektromobil (EV),Import (Xitoy),Premium (>$40k),51362,4,205448
2025,Q1,2025-Q1,Samarqand,Geely,Monjaro,Mid-SUV,Benzin (Turbo),Import (Xitoy),Yuqori-o‘rta ($25k-$40k),38026,11,418286
2025,Q1,2025-Q1,Samarqand,Jetour,Dashing,C-SUV,Benzin (Turbo),Import (Xitoy),Yuqori-o‘rta ($25k-$40k),28339,11,311729
2025,Q1,2025-Q1,Samarqand,Li Auto,L7/L9,Full-SUV,Gibrid (EREV),Import (Xitoy),Premium (>$40k),61049,2,122098
2025,Q1,2025-Q1,Farg‘ona,Chevrolet,Cobalt,B-Sedan,Benzin,Mahalliy (Asaka),Byudjet (<$15k),12687,235,2981445
2025,Q1,2025-Q1,Farg‘ona,Chevrolet,Damas,Mini-Van,Benzin,Mahalliy (Pitnak),Byudjet (<$15k),9221,373,3439433
2025,Q1,2025-Q1,Farg‘ona,Chevrolet,Labo,Mini-Truck,Benzin,Mahalliy (Pitnak),Byudjet (<$15k),8650,174,1505100
2025,Q1,2025-Q1,Farg‘ona,Chevrolet,Tracker-2,B-SUV,Benzin (Turbo),Mahalliy (Asaka),O‘rta ($15k-$25k),17378,28,486584
2025,Q1,2025-Q1,Farg‘ona,Chevrolet,Onix,B-Sedan,Benzin (Turbo),Mahalliy (Asaka),Byudjet (<$15k),13881,40,555240
2025,Q1,2025-Q1,Farg‘ona,Chevrolet,Malibu-2,D-Sedan,Benzin (Turbo),Mahalliy (Asaka),Yuqori-o‘rta ($25k-$40k),37054,5,185270
2025,Q1,2025-Q1,Farg‘ona,BYD,Song Plus DM-i,C-SUV,Gibrid (PHEV),Gibrid/Yig‘uv (Jizzax),O‘rta ($15k-$25k),24130,140,3378200
2025,Q1,2025-Q1,Farg‘ona,BYD,Chazor (Destroyer 05),C-Sedan,Gibrid (PHEV),Gibrid/Yig‘uv (Jizzax),O‘rta ($15k-$25k),18506,98,1813588
2025,Q1,2025-Q1,Farg‘ona,BYD,Song Plus EV,C-SUV,Elektromobil (EV),Import (Xitoy),Yuqori-o‘rta ($25k-$40k),27328,6,163968
2025,Q1,2025-Q1,Farg‘ona,BYD,Han,E-Sedan,Elektromobil (EV),Import (Xitoy),Yuqori-o‘rta ($25k-$40k),38732,2,77464
2025,Q1,2025-Q1,Farg‘ona,BYD,Seagull,A-Hatchback,Elektromobil (EV),Import (Xitoy),Byudjet (<$15k),11182,26,290732
2025,Q1,2025-Q1,Farg‘ona,Chery,Tiggo 7 Pro,C-SUV,Benzin (Turbo),Mahalliy yig‘uv (ADM Jizzax),Yuqori-o‘rta ($25k-$40k),27829,22,612238
2025,Q1,2025-Q1,Farg‘ona,Chery,Arrizo 6 Pro,C-Sedan,Benzin (Turbo),Mahalliy yig‘uv (ADM Jizzax),O‘rta ($15k-$25k),21763,23,500549
2025,Q1,2025-Q1,Farg‘ona,Chery,Tiggo 8 Pro,Mid-SUV,Benzin (Turbo),Mahalliy yig‘uv (ADM Jizzax),Yuqori-o‘rta ($25k-$40k),34763,9,312867
2025,Q1,2025-Q1,Farg‘ona,Haval,Jolion,B-SUV,Benzin (Turbo),Mahalliy yig‘uv (ADM Jizzax),O‘rta ($15k-$25k),24402,21,512442
2025,Q1,2025-Q1,Farg‘ona,Haval,M6,C-SUV,Benzin,Mahalliy yig‘uv (ADM Jizzax),O‘rta ($15k-$25k),20382,24,489168
2025,Q1,2025-Q1,Farg‘ona,Haval,H6,C-SUV,Benzin (Turbo),Mahalliy yig‘uv (ADM Jizzax),Yuqori-o‘rta ($25k-$40k),31203,13,405639
2025,Q1,2025-Q1,Farg‘ona,Kia,Sonet,B-SUV,Benzin,Mahalliy yig‘uv (ADM Jizzax),O‘rta ($15k-$25k),19049,27,514323
2025,Q1,2025-Q1,Farg‘ona,Kia,K5,D-Sedan,Benzin,Mahalliy yig‘uv (ADM Jizzax),Yuqori-o‘rta ($25k-$40k),35319,11,388509
2025,Q1,2025-Q1,Farg‘ona,Kia,Sportage,C-SUV,Benzin,Mahalliy yig‘uv (ADM Jizzax),Yuqori-o‘rta ($25k-$40k),37082,8,296656
2025,Q1,2025-Q1,Farg‘ona,Zeekr,001,E-Shooting Brake,Elektromobil (EV),Import (Xitoy),Premium (>$40k),51345,1,51345
2025,Q1,2025-Q1,Farg‘ona,Geely,Monjaro,Mid-SUV,Benzin (Turbo),Import (Xitoy),Yuqori-o‘rta ($25k-$40k),38251,8,306008
2025,Q1,2025-Q1,Farg‘ona,Jetour,Dashing,C-SUV,Benzin (Turbo),Import (Xitoy),Yuqori-o‘rta ($25k-$40k),28304,10,283040
2025,Q1,2025-Q1,Farg‘ona,Li Auto,L7/L9,Full-SUV,Gibrid (EREV),Import (Xitoy),Premium (>$40k),61118,1,61118
2025,Q1,2025-Q1,Andijon,Chevrolet,Cobalt,B-Sedan,Benzin,Mahalliy (Asaka),Byudjet (<$15k),12640,176,2224640
2025,Q1,2025-Q1,Andijon,Chevrolet,Damas,Mini-Van,Benzin,Mahalliy (Pitnak),Byudjet (<$15k),9188,315,2894220
2025,Q1,2025-Q1,Andijon,Chevrolet,Labo,Mini-Truck,Benzin,Mahalliy (Pitnak),Byudjet (<$15k),8559,174,1489266
2025,Q1,2025-Q1,Andijon,Chevrolet,Tracker-2,B-SUV,Benzin (Turbo),Mahalliy (Asaka),O‘rta ($15k-$25k),17349,27,468423
2025,Q1,2025-Q1,Andijon,Chevrolet,Onix,B-Sedan,Benzin (Turbo),Mahalliy (Asaka),Byudjet (<$15k),13832,29,401128
2025,Q1,2025-Q1,Andijon,Chevrolet,Malibu-2,D-Sedan,Benzin (Turbo),Mahalliy (Asaka),Yuqori-o‘rta ($25k-$40k),36966,3,110898
2025,Q1,2025-Q1,Andijon,BYD,Song Plus DM-i,C-SUV,Gibrid (PHEV),Gibrid/Yig‘uv (Jizzax),O‘rta ($15k-$25k),24255,118,2862090
2025,Q1,2025-Q1,Andijon,BYD,Chazor (Destroyer 05),C-Sedan,Gibrid (PHEV),Gibrid/Yig‘uv (Jizzax),O‘rta ($15k-$25k),18216,93,1694088
2025,Q1,2025-Q1,Andijon,BYD,Song Plus EV,C-SUV,Elektromobil (EV),Import (Xitoy),Yuqori-o‘rta ($25k-$40k),27450,7,192150
2025,Q1,2025-Q1,Andijon,BYD,Han,E-Sedan,Elektromobil (EV),Import (Xitoy),Yuqori-o‘rta ($25k-$40k),38722,3,116166
2025,Q1,2025-Q1,Andijon,BYD,Seagull,A-Hatchback,Elektromobil (EV),Import (Xitoy),Byudjet (<$15k),11663,21,244923
2025,Q1,2025-Q1,Andijon,Chery,Tiggo 7 Pro,C-SUV,Benzin (Turbo),Mahalliy yig‘uv (ADM Jizzax),Yuqori-o‘rta ($25k-$40k),27894,23,641562
2025,Q1,2025-Q1,Andijon,Chery,Arrizo 6 Pro,C-Sedan,Benzin (Turbo),Mahalliy yig‘uv (ADM Jizzax),O‘rta ($15k-$25k),21719,18,390942
2025,Q1,2025-Q1,Andijon,Chery,Tiggo 8 Pro,Mid-SUV,Benzin (Turbo),Mahalliy yig‘uv (ADM Jizzax),Yuqori-o‘rta ($25k-$40k),34858,8,278864
2025,Q1,2025-Q1,Andijon,Haval,Jolion,B-SUV,Benzin (Turbo),Mahalliy yig‘uv (ADM Jizzax),O‘rta ($15k-$25k),24605,23,565915
2025,Q1,2025-Q1,Andijon,Haval,M6,C-SUV,Benzin,Mahalliy yig‘uv (ADM Jizzax),O‘rta ($15k-$25k),20663,19,392597
2025,Q1,2025-Q1,Andijon,Haval,H6,C-SUV,Benzin (Turbo),Mahalliy yig‘uv (ADM Jizzax),Yuqori-o‘rta ($25k-$40k),31113,9,280017
2025,Q1,2025-Q1,Andijon,Kia,Sonet,B-SUV,Benzin,Mahalliy yig‘uv (ADM Jizzax),O‘rta ($15k-$25k),18950,25,473750
2025,Q1,2025-Q1,Andijon,Kia,K5,D-Sedan,Benzin,Mahalliy yig‘uv (ADM Jizzax),Yuqori-o‘rta ($25k-$40k),35518,9,319662
2025,Q1,2025-Q1,Andijon,Kia,Sportage,C-SUV,Benzin,Mahalliy yig‘uv (ADM Jizzax),Yuqori-o‘rta ($25k-$40k),37029,8,296232
2025,Q1,2025-Q1,Andijon,Zeekr,001,E-Shooting Brake,Elektromobil (EV),Import (Xitoy),Premium (>$40k),51047,1,51047
2025,Q1,2025-Q1,Andijon,Geely,Monjaro,Mid-SUV,Benzin (Turbo),Import (Xitoy),Yuqori-o‘rta ($25k-$40k),38019,9,342171
2025,Q1,2025-Q1,Andijon,Jetour,Dashing,C-SUV,Benzin (Turbo),Import (Xitoy),Yuqori-o‘rta ($25k-$40k),28315,9,254835
2025,Q1,2025-Q1,Andijon,Li Auto,L7/L9,Full-SUV,Gibrid (EREV),Import (Xitoy),Premium (>$40k),61108,1,61108
2025,Q1,2025-Q1,Namangan,Chevrolet,Cobalt,B-Sedan,Benzin,Mahalliy (Asaka),Byudjet (<$15k),12391,169,2094079
2025,Q1,2025-Q1,Namangan,Chevrolet,Damas,Mini-Van,Benzin,Mahalliy (Pitnak),Byudjet (<$15k),9263,259,2399117
2025,Q1,2025-Q1,Namangan,Chevrolet,Labo,Mini-Truck,Benzin,Mahalliy (Pitnak),Byudjet (<$15k),8574,130,1114620
2025,Q1,2025-Q1,Namangan,Chevrolet,Tracker-2,B-SUV,Benzin (Turbo),Mahalliy (Asaka),O‘rta ($15k-$25k),17298,25,432450
2025,Q1,2025-Q1,Namangan,Chevrolet,Onix,B-Sedan,Benzin (Turbo),Mahalliy (Asaka),Byudjet (<$15k),14087,26,366262
2025,Q1,2025-Q1,Namangan,Chevrolet,Malibu-2,D-Sedan,Benzin (Turbo),Mahalliy (Asaka),Yuqori-o‘rta ($25k-$40k),36888,3,110664
2025,Q1,2025-Q1,Namangan,BYD,Song Plus DM-i,C-SUV,Gibrid (PHEV),Gibrid/Yig‘uv (Jizzax),O‘rta ($15k-$25k),24316,104,2528864
2025,Q1,2025-Q1,Namangan,BYD,Chazor (Destroyer 05),C-Sedan,Gibrid (PHEV),Gibrid/Yig‘uv (Jizzax),O‘rta ($15k-$25k),18841,83,1563803
2025,Q1,2025-Q1,Namangan,BYD,Song Plus EV,C-SUV,Elektromobil (EV),Import (Xitoy),Yuqori-o‘rta ($25k-$40k),26980,7,188860
2025,Q1,2025-Q1,Namangan,BYD,Han,E-Sedan,Elektromobil (EV),Import (Xitoy),Yuqori-o‘rta ($25k-$40k),38902,1,38902
2025,Q1,2025-Q1,Namangan,BYD,Seagull,A-Hatchback,Elektromobil (EV),Import (Xitoy),Byudjet (<$15k),11177,18,201186
2025,Q1,2025-Q1,Namangan,Chery,Tiggo 7 Pro,C-SUV,Benzin (Turbo),Mahalliy yig‘uv (ADM Jizzax),Yuqori-o‘rta ($25k-$40k),27660,22,608520
2025,Q1,2025-Q1,Namangan,Chery,Arrizo 6 Pro,C-Sedan,Benzin (Turbo),Mahalliy yig‘uv (ADM Jizzax),O‘rta ($15k-$25k),21771,14,304794
2025,Q1,2025-Q1,Namangan,Chery,Tiggo 8 Pro,Mid-SUV,Benzin (Turbo),Mahalliy yig‘uv (ADM Jizzax),Yuqori-o‘rta ($25k-$40k),34995,8,279960
2025,Q1,2025-Q1,Namangan,Haval,Jolion,B-SUV,Benzin (Turbo),Mahalliy yig‘uv (ADM Jizzax),O‘rta ($15k-$25k),24475,15,367125
2025,Q1,2025-Q1,Namangan,Haval,M6,C-SUV,Benzin,Mahalliy yig‘uv (ADM Jizzax),O‘rta ($15k-$25k),20502,17,348534
2025,Q1,2025-Q1,Namangan,Haval,H6,C-SUV,Benzin (Turbo),Mahalliy yig‘uv (ADM Jizzax),Yuqori-o‘rta ($25k-$40k),30885,9,277965
2025,Q1,2025-Q1,Namangan,Kia,Sonet,B-SUV,Benzin,Mahalliy yig‘uv (ADM Jizzax),O‘rta ($15k-$25k),19131,22,420882
2025,Q1,2025-Q1,Namangan,Kia,K5,D-Sedan,Benzin,Mahalliy yig‘uv (ADM Jizzax),Yuqori-o‘rta ($25k-$40k),35257,7,246799
2025,Q1,2025-Q1,Namangan,Kia,Sportage,C-SUV,Benzin,Mahalliy yig‘uv (ADM Jizzax),Yuqori-o‘rta ($25k-$40k),37119,6,222714
2025,Q1,2025-Q1,Namangan,Zeekr,001,E-Shooting Brake,Elektromobil (EV),Import (Xitoy),Premium (>$40k),51256,1,51256
2025,Q1,2025-Q1,Namangan,Geely,Monjaro,Mid-SUV,Benzin (Turbo),Import (Xitoy),Yuqori-o‘rta ($25k-$40k),38233,7,267631
2025,Q1,2025-Q1,Namangan,Jetour,Dashing,C-SUV,Benzin (Turbo),Import (Xitoy),Yuqori-o‘rta ($25k-$40k),28283,7,197981
2025,Q1,2025-Q1,Namangan,Li Auto,L7/L9,Full-SUV,Gibrid (EREV),Import (Xitoy),Premium (>$40k),60863,1,60863
2025,Q1,2025-Q1,Buxoro,Chevrolet,Cobalt,B-Sedan,Benzin,Mahalliy (Asaka),Byudjet (<$15k),12509,195,2439255
2025,Q1,2025-Q1,Buxoro,Chevrolet,Damas,Mini-Van,Benzin,Mahalliy (Pitnak),Byudjet (<$15k),9396,103,967788
2025,Q1,2025-Q1,Buxoro,Chevrolet,Labo,Mini-Truck,Benzin,Mahalliy (Pitnak),Byudjet (<$15k),8674,57,494418
2025,Q1,2025-Q1,Buxoro,Chevrolet,Tracker-2,B-SUV,Benzin (Turbo),Mahalliy (Asaka),O‘rta ($15k-$25k),17176,17,291992
2025,Q1,2025-Q1,Buxoro,Chevrolet,Onix,B-Sedan,Benzin (Turbo),Mahalliy (Asaka),Byudjet (<$15k),14051,25,351275
2025,Q1,2025-Q1,Buxoro,Chevrolet,Malibu-2,D-Sedan,Benzin (Turbo),Mahalliy (Asaka),Yuqori-o‘rta ($25k-$40k),37084,1,37084
2025,Q1,2025-Q1,Buxoro,BYD,Song Plus DM-i,C-SUV,Gibrid (PHEV),Gibrid/Yig‘uv (Jizzax),O‘rta ($15k-$25k),23858,99,2361942
2025,Q1,2025-Q1,Buxoro,BYD,Chazor (Destroyer 05),C-Sedan,Gibrid (PHEV),Gibrid/Yig‘uv (Jizzax),O‘rta ($15k-$25k),18432,82,1511424
2025,Q1,2025-Q1,Buxoro,BYD,Song Plus EV,C-SUV,Elektromobil (EV),Import (Xitoy),Yuqori-o‘rta ($25k-$40k),27070,12,324840
2025,Q1,2025-Q1,Buxoro,BYD,Han,E-Sedan,Elektromobil (EV),Import (Xitoy),Yuqori-o‘rta ($25k-$40k),38849,6,233094
2025,Q1,2025-Q1,Buxoro,BYD,Seagull,A-Hatchback,Elektromobil (EV),Import (Xitoy),Byudjet (<$15k),11605,37,429385
2025,Q1,2025-Q1,Buxoro,Chery,Tiggo 7 Pro,C-SUV,Benzin (Turbo),Mahalliy yig‘uv (ADM Jizzax),Yuqori-o‘rta ($25k-$40k),27839,14,389746
2025,Q1,2025-Q1,Buxoro,Chery,Arrizo 6 Pro,C-Sedan,Benzin (Turbo),Mahalliy yig‘uv (ADM Jizzax),O‘rta ($15k-$25k),21923,13,284999
2025,Q1,2025-Q1,Buxoro,Chery,Tiggo 8 Pro,Mid-SUV,Benzin (Turbo),Mahalliy yig‘uv (ADM Jizzax),Yuqori-o‘rta ($25k-$40k),34704,5,173520
2025,Q1,2025-Q1,Buxoro,Haval,Jolion,B-SUV,Benzin (Turbo),Mahalliy yig‘uv (ADM Jizzax),O‘rta ($15k-$25k),24547,13,319111
2025,Q1,2025-Q1,Buxoro,Haval,M6,C-SUV,Benzin,Mahalliy yig‘uv (ADM Jizzax),O‘rta ($15k-$25k),20679,15,310185
2025,Q1,2025-Q1,Buxoro,Haval,H6,C-SUV,Benzin (Turbo),Mahalliy yig‘uv (ADM Jizzax),Yuqori-o‘rta ($25k-$40k),31039,8,248312
2025,Q1,2025-Q1,Buxoro,Kia,Sonet,B-SUV,Benzin,Mahalliy yig‘uv (ADM Jizzax),O‘rta ($15k-$25k),18875,16,302000
2025,Q1,2025-Q1,Buxoro,Kia,K5,D-Sedan,Benzin,Mahalliy yig‘uv (ADM Jizzax),Yuqori-o‘rta ($25k-$40k),35329,7,247303
2025,Q1,2025-Q1,Buxoro,Kia,Sportage,C-SUV,Benzin,Mahalliy yig‘uv (ADM Jizzax),Yuqori-o‘rta ($25k-$40k),37177,6,223062
2025,Q1,2025-Q1,Buxoro,Zeekr,001,E-Shooting Brake,Elektromobil (EV),Import (Xitoy),Premium (>$40k),51072,3,153216
2025,Q1,2025-Q1,Buxoro,Geely,Monjaro,Mid-SUV,Benzin (Turbo),Import (Xitoy),Yuqori-o‘rta ($25k-$40k),38335,5,191675
2025,Q1,2025-Q1,Buxoro,Jetour,Dashing,C-SUV,Benzin (Turbo),Import (Xitoy),Yuqori-o‘rta ($25k-$40k),28395,8,227160
2025,Q1,2025-Q1,Buxoro,Li Auto,L7/L9,Full-SUV,Gibrid (EREV),Import (Xitoy),Premium (>$40k),61146,2,122292
2025,Q1,2025-Q1,Qashqadaryo,Chevrolet,Cobalt,B-Sedan,Benzin,Mahalliy (Asaka),Byudjet (<$15k),12394,96,1189824
2025,Q1,2025-Q1,Qashqadaryo,Chevrolet,Damas,Mini-Van,Benzin,Mahalliy (Pitnak),Byudjet (<$15k),9360,95,889200
2025,Q1,2025-Q1,Qashqadaryo,Chevrolet,Labo,Mini-Truck,Benzin,Mahalliy (Pitnak),Byudjet (<$15k),8753,43,376379
2025,Q1,2025-Q1,Qashqadaryo,Chevrolet,Tracker-2,B-SUV,Benzin (Turbo),Mahalliy (Asaka),O‘rta ($15k-$25k),17167,16,274672
2025,Q1,2025-Q1,Qashqadaryo,Chevrolet,Onix,B-Sedan,Benzin (Turbo),Mahalliy (Asaka),Byudjet (<$15k),14140,21,296940
2025,Q1,2025-Q1,Qashqadaryo,Chevrolet,Malibu-2,D-Sedan,Benzin (Turbo),Mahalliy (Asaka),Yuqori-o‘rta ($25k-$40k),36966,1,36966
2025,Q1,2025-Q1,Qashqadaryo,BYD,Song Plus DM-i,C-SUV,Gibrid (PHEV),Gibrid/Yig‘uv (Jizzax),O‘rta ($15k-$25k),24545,66,1619970
2025,Q1,2025-Q1,Qashqadaryo,BYD,Chazor (Destroyer 05),C-Sedan,Gibrid (PHEV),Gibrid/Yig‘uv (Jizzax),O‘rta ($15k-$25k),18460,52,959920
2025,Q1,2025-Q1,Qashqadaryo,BYD,Song Plus EV,C-SUV,Elektromobil (EV),Import (Xitoy),Yuqori-o‘rta ($25k-$40k),27611,9,248499
2025,Q1,2025-Q1,Qashqadaryo,BYD,Han,E-Sedan,Elektromobil (EV),Import (Xitoy),Yuqori-o‘rta ($25k-$40k),39119,6,234714
2025,Q1,2025-Q1,Qashqadaryo,BYD,Seagull,A-Hatchback,Elektromobil (EV),Import (Xitoy),Byudjet (<$15k),11678,34,397052
2025,Q1,2025-Q1,Qashqadaryo,Chery,Tiggo 7 Pro,C-SUV,Benzin (Turbo),Mahalliy yig‘uv (ADM Jizzax),Yuqori-o‘rta ($25k-$40k),27729,12,332748
2025,Q1,2025-Q1,Qashqadaryo,Chery,Arrizo 6 Pro,C-Sedan,Benzin (Turbo),Mahalliy yig‘uv (ADM Jizzax),O‘rta ($15k-$25k),21734,12,260808
2025,Q1,2025-Q1,Qashqadaryo,Chery,Tiggo 8 Pro,Mid-SUV,Benzin (Turbo),Mahalliy yig‘uv (ADM Jizzax),Yuqori-o‘rta ($25k-$40k),34720,6,208320
2025,Q1,2025-Q1,Qashqadaryo,Haval,Jolion,B-SUV,Benzin (Turbo),Mahalliy yig‘uv (ADM Jizzax),O‘rta ($15k-$25k),24434,13,317642
2025,Q1,2025-Q1,Qashqadaryo,Haval,M6,C-SUV,Benzin,Mahalliy yig‘uv (ADM Jizzax),O‘rta ($15k-$25k),20512,11,225632
2025,Q1,2025-Q1,Qashqadaryo,Haval,H6,C-SUV,Benzin (Turbo),Mahalliy yig‘uv (ADM Jizzax),Yuqori-o‘rta ($25k-$40k),30868,5,154340
2025,Q1,2025-Q1,Qashqadaryo,Kia,Sonet,B-SUV,Benzin,Mahalliy yig‘uv (ADM Jizzax),O‘rta ($15k-$25k),19118,16,305888
2025,Q1,2025-Q1,Qashqadaryo,Kia,K5,D-Sedan,Benzin,Mahalliy yig‘uv (ADM Jizzax),Yuqori-o‘rta ($25k-$40k),35241,7,246687
2025,Q1,2025-Q1,Qashqadaryo,Kia,Sportage,C-SUV,Benzin,Mahalliy yig‘uv (ADM Jizzax),Yuqori-o‘rta ($25k-$40k),37075,4,148300
2025,Q1,2025-Q1,Qashqadaryo,Zeekr,001,E-Shooting Brake,Elektromobil (EV),Import (Xitoy),Premium (>$40k),51136,1,51136
2025,Q1,2025-Q1,Qashqadaryo,Geely,Monjaro,Mid-SUV,Benzin (Turbo),Import (Xitoy),Yuqori-o‘rta ($25k-$40k),38095,5,190475
2025,Q1,2025-Q1,Qashqadaryo,Jetour,Dashing,C-SUV,Benzin (Turbo),Import (Xitoy),Yuqori-o‘rta ($25k-$40k),28507,5,142535
2025,Q1,2025-Q1,Qashqadaryo,Li Auto,L7/L9,Full-SUV,Gibrid (EREV),Import (Xitoy),Premium (>$40k),61080,1,61080
2025,Q1,2025-Q1,Xorazm,Chevrolet,Cobalt,B-Sedan,Benzin,Mahalliy (Asaka),Byudjet (<$15k),12706,96,1219776
2025,Q1,2025-Q1,Xorazm,Chevrolet,Damas,Mini-Van,Benzin,Mahalliy (Pitnak),Byudjet (<$15k),9237,158,1459446
2025,Q1,2025-Q1,Xorazm,Chevrolet,Labo,Mini-Truck,Benzin,Mahalliy (Pitnak),Byudjet (<$15k),8900,92,818800
2025,Q1,2025-Q1,Xorazm,Chevrolet,Tracker-2,B-SUV,Benzin (Turbo),Mahalliy (Asaka),O‘rta ($15k-$25k),17332,13,225316
2025,Q1,2025-Q1,Xorazm,Chevrolet,Onix,B-Sedan,Benzin (Turbo),Mahalliy (Asaka),Byudjet (<$15k),13956,15,209340
2025,Q1,2025-Q1,Xorazm,Chevrolet,Malibu-2,D-Sedan,Benzin (Turbo),Mahalliy (Asaka),Yuqori-o‘rta ($25k-$40k),37198,3,111594
2025,Q1,2025-Q1,Xorazm,BYD,Song Plus DM-i,C-SUV,Gibrid (PHEV),Gibrid/Yig‘uv (Jizzax),O‘rta ($15k-$25k),24504,65,1592760
2025,Q1,2025-Q1,Xorazm,BYD,Chazor (Destroyer 05),C-Sedan,Gibrid (PHEV),Gibrid/Yig‘uv (Jizzax),O‘rta ($15k-$25k),18322,42,769524
2025,Q1,2025-Q1,Xorazm,BYD,Song Plus EV,C-SUV,Elektromobil (EV),Import (Xitoy),Yuqori-o‘rta ($25k-$40k),27382,2,54764
2025,Q1,2025-Q1,Xorazm,BYD,Han,E-Sedan,Elektromobil (EV),Import (Xitoy),Yuqori-o‘rta ($25k-$40k),39046,1,39046
2025,Q1,2025-Q1,Xorazm,BYD,Seagull,A-Hatchback,Elektromobil (EV),Import (Xitoy),Byudjet (<$15k),11566,12,138792
2025,Q1,2025-Q1,Xorazm,Chery,Tiggo 7 Pro,C-SUV,Benzin (Turbo),Mahalliy yig‘uv (ADM Jizzax),Yuqori-o‘rta ($25k-$40k),27851,12,334212
2025,Q1,2025-Q1,Xorazm,Chery,Arrizo 6 Pro,C-Sedan,Benzin (Turbo),Mahalliy yig‘uv (ADM Jizzax),O‘rta ($15k-$25k),21800,10,218000
2025,Q1,2025-Q1,Xorazm,Chery,Tiggo 8 Pro,Mid-SUV,Benzin (Turbo),Mahalliy yig‘uv (ADM Jizzax),Yuqori-o‘rta ($25k-$40k),34705,6,208230
2025,Q1,2025-Q1,Xorazm,Haval,Jolion,B-SUV,Benzin (Turbo),Mahalliy yig‘uv (ADM Jizzax),O‘rta ($15k-$25k),24720,11,271920
2025,Q1,2025-Q1,Xorazm,Haval,M6,C-SUV,Benzin,Mahalliy yig‘uv (ADM Jizzax),O‘rta ($15k-$25k),20642,9,185778
2025,Q1,2025-Q1,Xorazm,Haval,H6,C-SUV,Benzin (Turbo),Mahalliy yig‘uv (ADM Jizzax),Yuqori-o‘rta ($25k-$40k),31006,4,124024
2025,Q1,2025-Q1,Xorazm,Kia,Sonet,B-SUV,Benzin,Mahalliy yig‘uv (ADM Jizzax),O‘rta ($15k-$25k),19230,12,230760
2025,Q1,2025-Q1,Xorazm,Kia,K5,D-Sedan,Benzin,Mahalliy yig‘uv (ADM Jizzax),Yuqori-o‘rta ($25k-$40k),35600,5,178000
2025,Q1,2025-Q1,Xorazm,Kia,Sportage,C-SUV,Benzin,Mahalliy yig‘uv (ADM Jizzax),Yuqori-o‘rta ($25k-$40k),36938,5,184690
2025,Q1,2025-Q1,Xorazm,Zeekr,001,E-Shooting Brake,Elektromobil (EV),Import (Xitoy),Premium (>$40k),51156,1,51156
2025,Q1,2025-Q1,Xorazm,Geely,Monjaro,Mid-SUV,Benzin (Turbo),Import (Xitoy),Yuqori-o‘rta ($25k-$40k),38154,3,114462
2025,Q1,2025-Q1,Xorazm,Jetour,Dashing,C-SUV,Benzin (Turbo),Import (Xitoy),Yuqori-o‘rta ($25k-$40k),28419,3,85257
2025,Q1,2025-Q1,Xorazm,Li Auto,L7/L9,Full-SUV,Gibrid (EREV),Import (Xitoy),Premium (>$40k),60990,1,60990
2025,Q1,2025-Q1,Surxondaryo,Chevrolet,Cobalt,B-Sedan,Benzin,Mahalliy (Asaka),Byudjet (<$15k),12570,99,1244430
2025,Q1,2025-Q1,Surxondaryo,Chevrolet,Damas,Mini-Van,Benzin,Mahalliy (Pitnak),Byudjet (<$15k),9237,76,702012
2025,Q1,2025-Q1,Surxondaryo,Chevrolet,Labo,Mini-Truck,Benzin,Mahalliy (Pitnak),Byudjet (<$15k),8830,42,370860
2025,Q1,2025-Q1,Surxondaryo,Chevrolet,Tracker-2,B-SUV,Benzin (Turbo),Mahalliy (Asaka),O‘rta ($15k-$25k),17202,14,240828
2025,Q1,2025-Q1,Surxondaryo,Chevrolet,Onix,B-Sedan,Benzin (Turbo),Mahalliy (Asaka),Byudjet (<$15k),14199,15,212985
2025,Q1,2025-Q1,Surxondaryo,Chevrolet,Malibu-2,D-Sedan,Benzin (Turbo),Mahalliy (Asaka),Yuqori-o‘rta ($25k-$40k),36990,1,36990
2025,Q1,2025-Q1,Surxondaryo,BYD,Song Plus DM-i,C-SUV,Gibrid (PHEV),Gibrid/Yig‘uv (Jizzax),O‘rta ($15k-$25k),24283,65,1578395
2025,Q1,2025-Q1,Surxondaryo,BYD,Chazor (Destroyer 05),C-Sedan,Gibrid (PHEV),Gibrid/Yig‘uv (Jizzax),O‘rta ($15k-$25k),18812,42,790104
2025,Q1,2025-Q1,Surxondaryo,BYD,Song Plus EV,C-SUV,Elektromobil (EV),Import (Xitoy),Yuqori-o‘rta ($25k-$40k),27172,9,244548
2025,Q1,2025-Q1,Surxondaryo,BYD,Han,E-Sedan,Elektromobil (EV),Import (Xitoy),Yuqori-o‘rta ($25k-$40k),39053,4,156212
2025,Q1,2025-Q1,Surxondaryo,BYD,Seagull,A-Hatchback,Elektromobil (EV),Import (Xitoy),Byudjet (<$15k),11802,25,295050
2025,Q1,2025-Q1,Surxondaryo,Chery,Tiggo 7 Pro,C-SUV,Benzin (Turbo),Mahalliy yig‘uv (ADM Jizzax),Yuqori-o‘rta ($25k-$40k),27716,11,304876
2025,Q1,2025-Q1,Surxondaryo,Chery,Arrizo 6 Pro,C-Sedan,Benzin (Turbo),Mahalliy yig‘uv (ADM Jizzax),O‘rta ($15k-$25k),21976,7,153832
2025,Q1,2025-Q1,Surxondaryo,Chery,Tiggo 8 Pro,Mid-SUV,Benzin (Turbo),Mahalliy yig‘uv (ADM Jizzax),Yuqori-o‘rta ($25k-$40k),35008,4,140032
2025,Q1,2025-Q1,Surxondaryo,Haval,Jolion,B-SUV,Benzin (Turbo),Mahalliy yig‘uv (ADM Jizzax),O‘rta ($15k-$25k),24451,10,244510
2025,Q1,2025-Q1,Surxondaryo,Haval,M6,C-SUV,Benzin,Mahalliy yig‘uv (ADM Jizzax),O‘rta ($15k-$25k),20488,11,225368
2025,Q1,2025-Q1,Surxondaryo,Haval,H6,C-SUV,Benzin (Turbo),Mahalliy yig‘uv (ADM Jizzax),Yuqori-o‘rta ($25k-$40k),30872,5,154360
2025,Q1,2025-Q1,Surxondaryo,Kia,Sonet,B-SUV,Benzin,Mahalliy yig‘uv (ADM Jizzax),O‘rta ($15k-$25k),18906,10,189060
2025,Q1,2025-Q1,Surxondaryo,Kia,K5,D-Sedan,Benzin,Mahalliy yig‘uv (ADM Jizzax),Yuqori-o‘rta ($25k-$40k),35415,6,212490
2025,Q1,2025-Q1,Surxondaryo,Kia,Sportage,C-SUV,Benzin,Mahalliy yig‘uv (ADM Jizzax),Yuqori-o‘rta ($25k-$40k),37208,3,111624
2025,Q1,2025-Q1,Surxondaryo,Zeekr,001,E-Shooting Brake,Elektromobil (EV),Import (Xitoy),Premium (>$40k),51314,3,153942
2025,Q1,2025-Q1,Surxondaryo,Geely,Monjaro,Mid-SUV,Benzin (Turbo),Import (Xitoy),Yuqori-o‘rta ($25k-$40k),38044,3,114132
2025,Q1,2025-Q1,Surxondaryo,Jetour,Dashing,C-SUV,Benzin (Turbo),Import (Xitoy),Yuqori-o‘rta ($25k-$40k),28343,3,85029
2025,Q1,2025-Q1,Surxondaryo,Li Auto,L7/L9,Full-SUV,Gibrid (EREV),Import (Xitoy),Premium (>$40k),61106,2,122212
2025,Q1,2025-Q1,Navoiy,Chevrolet,Cobalt,B-Sedan,Benzin,Mahalliy (Asaka),Byudjet (<$15k),12721,61,775981
2025,Q1,2025-Q1,Navoiy,Chevrolet,Damas,Mini-Van,Benzin,Mahalliy (Pitnak),Byudjet (<$15k),9400,52,488800
2025,Q1,2025-Q1,Navoiy,Chevrolet,Labo,Mini-Truck,Benzin,Mahalliy (Pitnak),Byudjet (<$15k),8731,26,227006
2025,Q1,2025-Q1,Navoiy,Chevrolet,Tracker-2,B-SUV,Benzin (Turbo),Mahalliy (Asaka),O‘rta ($15k-$25k),17265,9,155385
2025,Q1,2025-Q1,Navoiy,Chevrolet,Onix,B-Sedan,Benzin (Turbo),Mahalliy (Asaka),Byudjet (<$15k),13803,10,138030
2025,Q1,2025-Q1,Navoiy,Chevrolet,Malibu-2,D-Sedan,Benzin (Turbo),Mahalliy (Asaka),Yuqori-o‘rta ($25k-$40k),37108,1,37108
2025,Q1,2025-Q1,Navoiy,BYD,Song Plus DM-i,C-SUV,Gibrid (PHEV),Gibrid/Yig‘uv (Jizzax),O‘rta ($15k-$25k),24075,43,1035225
2025,Q1,2025-Q1,Navoiy,BYD,Chazor (Destroyer 05),C-Sedan,Gibrid (PHEV),Gibrid/Yig‘uv (Jizzax),O‘rta ($15k-$25k),18593,33,613569
2025,Q1,2025-Q1,Navoiy,BYD,Song Plus EV,C-SUV,Elektromobil (EV),Import (Xitoy),Yuqori-o‘rta ($25k-$40k),27384,6,164304
2025,Q1,2025-Q1,Navoiy,BYD,Han,E-Sedan,Elektromobil (EV),Import (Xitoy),Yuqori-o‘rta ($25k-$40k),38909,2,77818
2025,Q1,2025-Q1,Navoiy,BYD,Seagull,A-Hatchback,Elektromobil (EV),Import (Xitoy),Byudjet (<$15k),11714,24,281136
2025,Q1,2025-Q1,Navoiy,Chery,Tiggo 7 Pro,C-SUV,Benzin (Turbo),Mahalliy yig‘uv (ADM Jizzax),Yuqori-o‘rta ($25k-$40k),27830,7,194810
2025,Q1,2025-Q1,Navoiy,Chery,Arrizo 6 Pro,C-Sedan,Benzin (Turbo),Mahalliy yig‘uv (ADM Jizzax),O‘rta ($15k-$25k),21989,7,153923
2025,Q1,2025-Q1,Navoiy,Chery,Tiggo 8 Pro,Mid-SUV,Benzin (Turbo),Mahalliy yig‘uv (ADM Jizzax),Yuqori-o‘rta ($25k-$40k),34710,4,138840
2025,Q1,2025-Q1,Navoiy,Haval,Jolion,B-SUV,Benzin (Turbo),Mahalliy yig‘uv (ADM Jizzax),O‘rta ($15k-$25k),24558,8,196464
2025,Q1,2025-Q1,Navoiy,Haval,M6,C-SUV,Benzin,Mahalliy yig‘uv (ADM Jizzax),O‘rta ($15k-$25k),20493,7,143451
2025,Q1,2025-Q1,Navoiy,Haval,H6,C-SUV,Benzin (Turbo),Mahalliy yig‘uv (ADM Jizzax),Yuqori-o‘rta ($25k-$40k),30893,3,92679
2025,Q1,2025-Q1,Navoiy,Kia,Sonet,B-SUV,Benzin,Mahalliy yig‘uv (ADM Jizzax),O‘rta ($15k-$25k),19235,7,134645
2025,Q1,2025-Q1,Navoiy,Kia,K5,D-Sedan,Benzin,Mahalliy yig‘uv (ADM Jizzax),Yuqori-o‘rta ($25k-$40k),35581,3,106743
2025,Q1,2025-Q1,Navoiy,Kia,Sportage,C-SUV,Benzin,Mahalliy yig‘uv (ADM Jizzax),Yuqori-o‘rta ($25k-$40k),37199,1,37199
2025,Q1,2025-Q1,Navoiy,Zeekr,001,E-Shooting Brake,Elektromobil (EV),Import (Xitoy),Premium (>$40k),51355,1,51355
2025,Q1,2025-Q1,Navoiy,Geely,Monjaro,Mid-SUV,Benzin (Turbo),Import (Xitoy),Yuqori-o‘rta ($25k-$40k),38344,1,38344
2025,Q1,2025-Q1,Navoiy,Jetour,Dashing,C-SUV,Benzin (Turbo),Import (Xitoy),Yuqori-o‘rta ($25k-$40k),28388,5,141940
2025,Q1,2025-Q1,Navoiy,Li Auto,L7/L9,Full-SUV,Gibrid (EREV),Import (Xitoy),Premium (>$40k),61060,1,61060
2025,Q1,2025-Q1,Jizzax,Chevrolet,Cobalt,B-Sedan,Benzin,Mahalliy (Asaka),Byudjet (<$15k),12344,40,493760
2025,Q1,2025-Q1,Jizzax,Chevrolet,Damas,Mini-Van,Benzin,Mahalliy (Pitnak),Byudjet (<$15k),9076,38,344888
2025,Q1,2025-Q1,Jizzax,Chevrolet,Labo,Mini-Truck,Benzin,Mahalliy (Pitnak),Byudjet (<$15k),8769,19,166611
2025,Q1,2025-Q1,Jizzax,Chevrolet,Tracker-2,B-SUV,Benzin (Turbo),Mahalliy (Asaka),O‘rta ($15k-$25k),16913,6,101478
2025,Q1,2025-Q1,Jizzax,Chevrolet,Onix,B-Sedan,Benzin (Turbo),Mahalliy (Asaka),Byudjet (<$15k),13684,8,109472
2025,Q1,2025-Q1,Jizzax,Chevrolet,Malibu-2,D-Sedan,Benzin (Turbo),Mahalliy (Asaka),Yuqori-o‘rta ($25k-$40k),37052,1,37052
2025,Q1,2025-Q1,Jizzax,BYD,Song Plus DM-i,C-SUV,Gibrid (PHEV),Gibrid/Yig‘uv (Jizzax),O‘rta ($15k-$25k),23831,30,714930
2025,Q1,2025-Q1,Jizzax,BYD,Chazor (Destroyer 05),C-Sedan,Gibrid (PHEV),Gibrid/Yig‘uv (Jizzax),O‘rta ($15k-$25k),18091,22,398002
2025,Q1,2025-Q1,Jizzax,BYD,Song Plus EV,C-SUV,Elektromobil (EV),Import (Xitoy),Yuqori-o‘rta ($25k-$40k),27314,5,136570
2025,Q1,2025-Q1,Jizzax,BYD,Han,E-Sedan,Elektromobil (EV),Import (Xitoy),Yuqori-o‘rta ($25k-$40k),38455,2,76910
2025,Q1,2025-Q1,Jizzax,BYD,Seagull,A-Hatchback,Elektromobil (EV),Import (Xitoy),Byudjet (<$15k),11515,13,149695
2025,Q1,2025-Q1,Jizzax,Chery,Tiggo 7 Pro,C-SUV,Benzin (Turbo),Mahalliy yig‘uv (ADM Jizzax),Yuqori-o‘rta ($25k-$40k),27889,4,111556
2025,Q1,2025-Q1,Jizzax,Chery,Arrizo 6 Pro,C-Sedan,Benzin (Turbo),Mahalliy yig‘uv (ADM Jizzax),O‘rta ($15k-$25k),21725,3,65175
2025,Q1,2025-Q1,Jizzax,Chery,Tiggo 8 Pro,Mid-SUV,Benzin (Turbo),Mahalliy yig‘uv (ADM Jizzax),Yuqori-o‘rta ($25k-$40k),34854,3,104562
2025,Q1,2025-Q1,Jizzax,Haval,Jolion,B-SUV,Benzin (Turbo),Mahalliy yig‘uv (ADM Jizzax),O‘rta ($15k-$25k),24373,4,97492
2025,Q1,2025-Q1,Jizzax,Haval,M6,C-SUV,Benzin,Mahalliy yig‘uv (ADM Jizzax),O‘rta ($15k-$25k),20307,4,81228
2025,Q1,2025-Q1,Jizzax,Haval,H6,C-SUV,Benzin (Turbo),Mahalliy yig‘uv (ADM Jizzax),Yuqori-o‘rta ($25k-$40k),31218,4,124872
2025,Q1,2025-Q1,Jizzax,Kia,Sonet,B-SUV,Benzin,Mahalliy yig‘uv (ADM Jizzax),O‘rta ($15k-$25k),18949,4,75796
2025,Q1,2025-Q1,Jizzax,Kia,K5,D-Sedan,Benzin,Mahalliy yig‘uv (ADM Jizzax),Yuqori-o‘rta ($25k-$40k),35349,4,141396
2025,Q1,2025-Q1,Jizzax,Kia,Sportage,C-SUV,Benzin,Mahalliy yig‘uv (ADM Jizzax),Yuqori-o‘rta ($25k-$40k),37178,1,37178
2025,Q1,2025-Q1,Jizzax,Zeekr,001,E-Shooting Brake,Elektromobil (EV),Import (Xitoy),Premium (>$40k),51383,1,51383
2025,Q1,2025-Q1,Jizzax,Geely,Monjaro,Mid-SUV,Benzin (Turbo),Import (Xitoy),Yuqori-o‘rta ($25k-$40k),38329,2,76658
2025,Q1,2025-Q1,Jizzax,Jetour,Dashing,C-SUV,Benzin (Turbo),Import (Xitoy),Yuqori-o‘rta ($25k-$40k),28232,1,28232
2025,Q1,2025-Q1,Jizzax,Li Auto,L7/L9,Full-SUV,Gibrid (EREV),Import (Xitoy),Premium (>$40k),61024,1,61024
2025,Q1,2025-Q1,Sirdaryo,Chevrolet,Cobalt,B-Sedan,Benzin,Mahalliy (Asaka),Byudjet (<$15k),12599,30,377970
2025,Q1,2025-Q1,Sirdaryo,Chevrolet,Damas,Mini-Van,Benzin,Mahalliy (Pitnak),Byudjet (<$15k),9178,26,238628
2025,Q1,2025-Q1,Sirdaryo,Chevrolet,Labo,Mini-Truck,Benzin,Mahalliy (Pitnak),Byudjet (<$15k),8567,14,119938
2025,Q1,2025-Q1,Sirdaryo,Chevrolet,Tracker-2,B-SUV,Benzin (Turbo),Mahalliy (Asaka),O‘rta ($15k-$25k),16896,4,67584
2025,Q1,2025-Q1,Sirdaryo,Chevrolet,Onix,B-Sedan,Benzin (Turbo),Mahalliy (Asaka),Byudjet (<$15k),13985,6,83910
2025,Q1,2025-Q1,Sirdaryo,Chevrolet,Malibu-2,D-Sedan,Benzin (Turbo),Mahalliy (Asaka),Yuqori-o‘rta ($25k-$40k),36927,1,36927
2025,Q1,2025-Q1,Sirdaryo,BYD,Song Plus DM-i,C-SUV,Gibrid (PHEV),Gibrid/Yig‘uv (Jizzax),O‘rta ($15k-$25k),24565,21,515865
2025,Q1,2025-Q1,Sirdaryo,BYD,Chazor (Destroyer 05),C-Sedan,Gibrid (PHEV),Gibrid/Yig‘uv (Jizzax),O‘rta ($15k-$25k),18300,15,274500
2025,Q1,2025-Q1,Sirdaryo,BYD,Song Plus EV,C-SUV,Elektromobil (EV),Import (Xitoy),Yuqori-o‘rta ($25k-$40k),27650,3,82950
2025,Q1,2025-Q1,Sirdaryo,BYD,Han,E-Sedan,Elektromobil (EV),Import (Xitoy),Yuqori-o‘rta ($25k-$40k),38393,1,38393
2025,Q1,2025-Q1,Sirdaryo,BYD,Seagull,A-Hatchback,Elektromobil (EV),Import (Xitoy),Byudjet (<$15k),11786,10,117860
2025,Q1,2025-Q1,Sirdaryo,Chery,Tiggo 7 Pro,C-SUV,Benzin (Turbo),Mahalliy yig‘uv (ADM Jizzax),Yuqori-o‘rta ($25k-$40k),27844,2,55688
2025,Q1,2025-Q1,Sirdaryo,Chery,Arrizo 6 Pro,C-Sedan,Benzin (Turbo),Mahalliy yig‘uv (ADM Jizzax),O‘rta ($15k-$25k),21834,2,43668
2025,Q1,2025-Q1,Sirdaryo,Chery,Tiggo 8 Pro,Mid-SUV,Benzin (Turbo),Mahalliy yig‘uv (ADM Jizzax),Yuqori-o‘rta ($25k-$40k),35003,3,105009
2025,Q1,2025-Q1,Sirdaryo,Haval,Jolion,B-SUV,Benzin (Turbo),Mahalliy yig‘uv (ADM Jizzax),O‘rta ($15k-$25k),24670,2,49340
2025,Q1,2025-Q1,Sirdaryo,Haval,M6,C-SUV,Benzin,Mahalliy yig‘uv (ADM Jizzax),O‘rta ($15k-$25k),20536,3,61608
2025,Q1,2025-Q1,Sirdaryo,Haval,H6,C-SUV,Benzin (Turbo),Mahalliy yig‘uv (ADM Jizzax),Yuqori-o‘rta ($25k-$40k),30906,1,30906
2025,Q1,2025-Q1,Sirdaryo,Kia,Sonet,B-SUV,Benzin,Mahalliy yig‘uv (ADM Jizzax),O‘rta ($15k-$25k),18984,4,75936
2025,Q1,2025-Q1,Sirdaryo,Kia,K5,D-Sedan,Benzin,Mahalliy yig‘uv (ADM Jizzax),Yuqori-o‘rta ($25k-$40k),35391,1,35391
2025,Q1,2025-Q1,Sirdaryo,Kia,Sportage,C-SUV,Benzin,Mahalliy yig‘uv (ADM Jizzax),Yuqori-o‘rta ($25k-$40k),36932,1,36932
2025,Q1,2025-Q1,Sirdaryo,Zeekr,001,E-Shooting Brake,Elektromobil (EV),Import (Xitoy),Premium (>$40k),51141,1,51141
2025,Q1,2025-Q1,Sirdaryo,Geely,Monjaro,Mid-SUV,Benzin (Turbo),Import (Xitoy),Yuqori-o‘rta ($25k-$40k),38223,1,38223
2025,Q1,2025-Q1,Sirdaryo,Jetour,Dashing,C-SUV,Benzin (Turbo),Import (Xitoy),Yuqori-o‘rta ($25k-$40k),28262,1,28262
2025,Q1,2025-Q1,Sirdaryo,Li Auto,L7/L9,Full-SUV,Gibrid (EREV),Import (Xitoy),Premium (>$40k),61057,1,61057
2025,Q1,2025-Q1,Qoraqalpog‘iston Res.,Chevrolet,Cobalt,B-Sedan,Benzin,Mahalliy (Asaka),Byudjet (<$15k),12339,39,481221
2025,Q1,2025-Q1,Qoraqalpog‘iston Res.,Chevrolet,Damas,Mini-Van,Benzin,Mahalliy (Pitnak),Byudjet (<$15k),9261,28,259308
2025,Q1,2025-Q1,Qoraqalpog‘iston Res.,Chevrolet,Labo,Mini-Truck,Benzin,Mahalliy (Pitnak),Byudjet (<$15k),8843,13,114959
2025,Q1,2025-Q1,Qoraqalpog‘iston Res.,Chevrolet,Tracker-2,B-SUV,Benzin (Turbo),Mahalliy (Asaka),O‘rta ($15k-$25k),17052,5,85260
2025,Q1,2025-Q1,Qoraqalpog‘iston Res.,Chevrolet,Onix,B-Sedan,Benzin (Turbo),Mahalliy (Asaka),Byudjet (<$15k),13787,5,68935
2025,Q1,2025-Q1,Qoraqalpog‘iston Res.,Chevrolet,Malibu-2,D-Sedan,Benzin (Turbo),Mahalliy (Asaka),Yuqori-o‘rta ($25k-$40k),37067,1,37067
2025,Q1,2025-Q1,Qoraqalpog‘iston Res.,BYD,Song Plus DM-i,C-SUV,Gibrid (PHEV),Gibrid/Yig‘uv (Jizzax),O‘rta ($15k-$25k),24106,23,554438
2025,Q1,2025-Q1,Qoraqalpog‘iston Res.,BYD,Chazor (Destroyer 05),C-Sedan,Gibrid (PHEV),Gibrid/Yig‘uv (Jizzax),O‘rta ($15k-$25k),18345,15,275175
2025,Q1,2025-Q1,Qoraqalpog‘iston Res.,BYD,Song Plus EV,C-SUV,Elektromobil (EV),Import (Xitoy),Yuqori-o‘rta ($25k-$40k),27257,3,81771
2025,Q1,2025-Q1,Qoraqalpog‘iston Res.,BYD,Han,E-Sedan,Elektromobil (EV),Import (Xitoy),Yuqori-o‘rta ($25k-$40k),38773,1,38773
2025,Q1,2025-Q1,Qoraqalpog‘iston Res.,BYD,Seagull,A-Hatchback,Elektromobil (EV),Import (Xitoy),Byudjet (<$15k),11406,10,114060
2025,Q1,2025-Q1,Qoraqalpog‘iston Res.,Chery,Tiggo 7 Pro,C-SUV,Benzin (Turbo),Mahalliy yig‘uv (ADM Jizzax),Yuqori-o‘rta ($25k-$40k),27683,4,110732
2025,Q1,2025-Q1,Qoraqalpog‘iston Res.,Chery,Arrizo 6 Pro,C-Sedan,Benzin (Turbo),Mahalliy yig‘uv (ADM Jizzax),O‘rta ($15k-$25k),21731,4,86924
2025,Q1,2025-Q1,Qoraqalpog‘iston Res.,Chery,Tiggo 8 Pro,Mid-SUV,Benzin (Turbo),Mahalliy yig‘uv (ADM Jizzax),Yuqori-o‘rta ($25k-$40k),35039,1,35039
2025,Q1,2025-Q1,Qoraqalpog‘iston Res.,Haval,Jolion,B-SUV,Benzin (Turbo),Mahalliy yig‘uv (ADM Jizzax),O‘rta ($15k-$25k),24358,3,73074
2025,Q1,2025-Q1,Qoraqalpog‘iston Res.,Haval,M6,C-SUV,Benzin,Mahalliy yig‘uv (ADM Jizzax),O‘rta ($15k-$25k),20361,5,101805
2025,Q1,2025-Q1,Qoraqalpog‘iston Res.,Haval,H6,C-SUV,Benzin (Turbo),Mahalliy yig‘uv (ADM Jizzax),Yuqori-o‘rta ($25k-$40k),31045,3,93135
2025,Q1,2025-Q1,Qoraqalpog‘iston Res.,Kia,Sonet,B-SUV,Benzin,Mahalliy yig‘uv (ADM Jizzax),O‘rta ($15k-$25k),18893,3,56679
2025,Q1,2025-Q1,Qoraqalpog‘iston Res.,Kia,K5,D-Sedan,Benzin,Mahalliy yig‘uv (ADM Jizzax),Yuqori-o‘rta ($25k-$40k),35521,1,35521
2025,Q1,2025-Q1,Qoraqalpog‘iston Res.,Kia,Sportage,C-SUV,Benzin,Mahalliy yig‘uv (ADM Jizzax),Yuqori-o‘rta ($25k-$40k),36940,1,36940
2025,Q1,2025-Q1,Qoraqalpog‘iston Res.,Zeekr,001,E-Shooting Brake,Elektromobil (EV),Import (Xitoy),Premium (>$40k),51212,1,51212
2025,Q1,2025-Q1,Qoraqalpog‘iston Res.,Geely,Monjaro,Mid-SUV,Benzin (Turbo),Import (Xitoy),Yuqori-o‘rta ($25k-$40k),38300,1,38300
2025,Q1,2025-Q1,Qoraqalpog‘iston Res.,Jetour,Dashing,C-SUV,Benzin (Turbo),Import (Xitoy),Yuqori-o‘rta ($25k-$40k),28460,1,28460
2025,Q1,2025-Q1,Qoraqalpog‘iston Res.,Li Auto,L7/L9,Full-SUV,Gibrid (EREV),Import (Xitoy),Premium (>$40k),60907,2,121814
2025,Q2,2025-Q2,Toshkent shahri,Chevrolet,Cobalt,B-Sedan,Benzin,Mahalliy (Asaka),Byudjet (<$15k),12645,550,6954750
2025,Q2,2025-Q2,Toshkent shahri,Chevrolet,Damas,Mini-Van,Benzin,Mahalliy (Pitnak),Byudjet (<$15k),9183,105,964215
2025,Q2,2025-Q2,Toshkent shahri,Chevrolet,Labo,Mini-Truck,Benzin,Mahalliy (Pitnak),Byudjet (<$15k),8527,47,400769
2025,Q2,2025-Q2,Toshkent shahri,Chevrolet,Tracker-2,B-SUV,Benzin (Turbo),Mahalliy (Asaka),O‘rta ($15k-$25k),17362,101,1753562
2025,Q2,2025-Q2,Toshkent shahri,Chevrolet,Onix,B-Sedan,Benzin (Turbo),Mahalliy (Asaka),Byudjet (<$15k),13884,101,1402284
2025,Q2,2025-Q2,Toshkent shahri,Chevrolet,Malibu-2,D-Sedan,Benzin (Turbo),Mahalliy (Asaka),Yuqori-o‘rta ($25k-$40k),36942,31,1145202
2025,Q2,2025-Q2,Toshkent shahri,BYD,Song Plus DM-i,C-SUV,Gibrid (PHEV),Gibrid/Yig‘uv (Jizzax),O‘rta ($15k-$25k),24067,979,23561593
2025,Q2,2025-Q2,Toshkent shahri,BYD,Chazor (Destroyer 05),C-Sedan,Gibrid (PHEV),Gibrid/Yig‘uv (Jizzax),O‘rta ($15k-$25k),18496,682,12614272
2025,Q2,2025-Q2,Toshkent shahri,BYD,Song Plus EV,C-SUV,Elektromobil (EV),Import (Xitoy),Yuqori-o‘rta ($25k-$40k),27001,133,3591133
2025,Q2,2025-Q2,Toshkent shahri,BYD,Han,E-Sedan,Elektromobil (EV),Import (Xitoy),Yuqori-o‘rta ($25k-$40k),38329,66,2529714
2025,Q2,2025-Q2,Toshkent shahri,BYD,Seagull,A-Hatchback,Elektromobil (EV),Import (Xitoy),Byudjet (<$15k),11769,443,5213667
2025,Q2,2025-Q2,Toshkent shahri,Chery,Tiggo 7 Pro,C-SUV,Benzin (Turbo),Mahalliy yig‘uv (ADM Jizzax),Yuqori-o‘rta ($25k-$40k),27835,82,2282470
2025,Q2,2025-Q2,Toshkent shahri,Chery,Arrizo 6 Pro,C-Sedan,Benzin (Turbo),Mahalliy yig‘uv (ADM Jizzax),O‘rta ($15k-$25k),21804,70,1526280
2025,Q2,2025-Q2,Toshkent shahri,Chery,Tiggo 8 Pro,Mid-SUV,Benzin (Turbo),Mahalliy yig‘uv (ADM Jizzax),Yuqori-o‘rta ($25k-$40k),34895,30,1046850
2025,Q2,2025-Q2,Toshkent shahri,Haval,Jolion,B-SUV,Benzin (Turbo),Mahalliy yig‘uv (ADM Jizzax),O‘rta ($15k-$25k),24703,79,1951537
2025,Q2,2025-Q2,Toshkent shahri,Haval,M6,C-SUV,Benzin,Mahalliy yig‘uv (ADM Jizzax),O‘rta ($15k-$25k),20326,78,1585428
2025,Q2,2025-Q2,Toshkent shahri,Haval,H6,C-SUV,Benzin (Turbo),Mahalliy yig‘uv (ADM Jizzax),Yuqori-o‘rta ($25k-$40k),30865,41,1265465
2025,Q2,2025-Q2,Toshkent shahri,Kia,Sonet,B-SUV,Benzin,Mahalliy yig‘uv (ADM Jizzax),O‘rta ($15k-$25k),19193,77,1477861
2025,Q2,2025-Q2,Toshkent shahri,Kia,K5,D-Sedan,Benzin,Mahalliy yig‘uv (ADM Jizzax),Yuqori-o‘rta ($25k-$40k),35352,38,1343376
2025,Q2,2025-Q2,Toshkent shahri,Kia,Sportage,C-SUV,Benzin,Mahalliy yig‘uv (ADM Jizzax),Yuqori-o‘rta ($25k-$40k),37071,26,963846
2025,Q2,2025-Q2,Toshkent shahri,Zeekr,001,E-Shooting Brake,Elektromobil (EV),Import (Xitoy),Premium (>$40k),51333,30,1539990
2025,Q2,2025-Q2,Toshkent shahri,Geely,Monjaro,Mid-SUV,Benzin (Turbo),Import (Xitoy),Yuqori-o‘rta ($25k-$40k),38161,30,1144830
2025,Q2,2025-Q2,Toshkent shahri,Jetour,Dashing,C-SUV,Benzin (Turbo),Import (Xitoy),Yuqori-o‘rta ($25k-$40k),28378,35,993230
2025,Q2,2025-Q2,Toshkent shahri,Li Auto,L7/L9,Full-SUV,Gibrid (EREV),Import (Xitoy),Premium (>$40k),61107,22,1344354
2025,Q2,2025-Q2,Toshkent viloyati,Chevrolet,Cobalt,B-Sedan,Benzin,Mahalliy (Asaka),Byudjet (<$15k),12368,243,3005424
2025,Q2,2025-Q2,Toshkent viloyati,Chevrolet,Damas,Mini-Van,Benzin,Mahalliy (Pitnak),Byudjet (<$15k),9327,200,1865400
2025,Q2,2025-Q2,Toshkent viloyati,Chevrolet,Labo,Mini-Truck,Benzin,Mahalliy (Pitnak),Byudjet (<$15k),8746,99,865854
2025,Q2,2025-Q2,Toshkent viloyati,Chevrolet,Tracker-2,B-SUV,Benzin (Turbo),Mahalliy (Asaka),O‘rta ($15k-$25k),17336,33,572088
2025,Q2,2025-Q2,Toshkent viloyati,Chevrolet,Onix,B-Sedan,Benzin (Turbo),Mahalliy (Asaka),Byudjet (<$15k),13735,38,521930
2025,Q2,2025-Q2,Toshkent viloyati,Chevrolet,Malibu-2,D-Sedan,Benzin (Turbo),Mahalliy (Asaka),Yuqori-o‘rta ($25k-$40k),37110,5,185550
2025,Q2,2025-Q2,Toshkent viloyati,BYD,Song Plus DM-i,C-SUV,Gibrid (PHEV),Gibrid/Yig‘uv (Jizzax),O‘rta ($15k-$25k),23948,149,3568252
2025,Q2,2025-Q2,Toshkent viloyati,BYD,Chazor (Destroyer 05),C-Sedan,Gibrid (PHEV),Gibrid/Yig‘uv (Jizzax),O‘rta ($15k-$25k),18662,124,2314088
2025,Q2,2025-Q2,Toshkent viloyati,BYD,Song Plus EV,C-SUV,Elektromobil (EV),Import (Xitoy),Yuqori-o‘rta ($25k-$40k),27645,25,691125
2025,Q2,2025-Q2,Toshkent viloyati,BYD,Han,E-Sedan,Elektromobil (EV),Import (Xitoy),Yuqori-o‘rta ($25k-$40k),39119,12,469428
2025,Q2,2025-Q2,Toshkent viloyati,BYD,Seagull,A-Hatchback,Elektromobil (EV),Import (Xitoy),Byudjet (<$15k),11485,79,907315
2025,Q2,2025-Q2,Toshkent viloyati,Chery,Tiggo 7 Pro,C-SUV,Benzin (Turbo),Mahalliy yig‘uv (ADM Jizzax),Yuqori-o‘rta ($25k-$40k),27982,30,839460
2025,Q2,2025-Q2,Toshkent viloyati,Chery,Arrizo 6 Pro,C-Sedan,Benzin (Turbo),Mahalliy yig‘uv (ADM Jizzax),O‘rta ($15k-$25k),21921,27,591867
2025,Q2,2025-Q2,Toshkent viloyati,Chery,Tiggo 8 Pro,Mid-SUV,Benzin (Turbo),Mahalliy yig‘uv (ADM Jizzax),Yuqori-o‘rta ($25k-$40k),35076,11,385836
2025,Q2,2025-Q2,Toshkent viloyati,Haval,Jolion,B-SUV,Benzin (Turbo),Mahalliy yig‘uv (ADM Jizzax),O‘rta ($15k-$25k),24711,31,766041
2025,Q2,2025-Q2,Toshkent viloyati,Haval,M6,C-SUV,Benzin,Mahalliy yig‘uv (ADM Jizzax),O‘rta ($15k-$25k),20584,28,576352
2025,Q2,2025-Q2,Toshkent viloyati,Haval,H6,C-SUV,Benzin (Turbo),Mahalliy yig‘uv (ADM Jizzax),Yuqori-o‘rta ($25k-$40k),31155,14,436170
2025,Q2,2025-Q2,Toshkent viloyati,Kia,Sonet,B-SUV,Benzin,Mahalliy yig‘uv (ADM Jizzax),O‘rta ($15k-$25k),19054,31,590674
2025,Q2,2025-Q2,Toshkent viloyati,Kia,K5,D-Sedan,Benzin,Mahalliy yig‘uv (ADM Jizzax),Yuqori-o‘rta ($25k-$40k),35446,14,496244
2025,Q2,2025-Q2,Toshkent viloyati,Kia,Sportage,C-SUV,Benzin,Mahalliy yig‘uv (ADM Jizzax),Yuqori-o‘rta ($25k-$40k),37133,11,408463
2025,Q2,2025-Q2,Toshkent viloyati,Zeekr,001,E-Shooting Brake,Elektromobil (EV),Import (Xitoy),Premium (>$40k),51183,4,204732
2025,Q2,2025-Q2,Toshkent viloyati,Geely,Monjaro,Mid-SUV,Benzin (Turbo),Import (Xitoy),Yuqori-o‘rta ($25k-$40k),38253,10,382530
2025,Q2,2025-Q2,Toshkent viloyati,Jetour,Dashing,C-SUV,Benzin (Turbo),Import (Xitoy),Yuqori-o‘rta ($25k-$40k),28195,14,394730
2025,Q2,2025-Q2,Toshkent viloyati,Li Auto,L7/L9,Full-SUV,Gibrid (EREV),Import (Xitoy),Premium (>$40k),60965,4,243860
2025,Q2,2025-Q2,Samarqand,Chevrolet,Cobalt,B-Sedan,Benzin,Mahalliy (Asaka),Byudjet (<$15k),12510,293,3665430
2025,Q2,2025-Q2,Samarqand,Chevrolet,Damas,Mini-Van,Benzin,Mahalliy (Pitnak),Byudjet (<$15k),9172,169,1550068
2025,Q2,2025-Q2,Samarqand,Chevrolet,Labo,Mini-Truck,Benzin,Mahalliy (Pitnak),Byudjet (<$15k),8876,102,905352
2025,Q2,2025-Q2,Samarqand,Chevrolet,Tracker-2,B-SUV,Benzin (Turbo),Mahalliy (Asaka),O‘rta ($15k-$25k),17103,29,495987
2025,Q2,2025-Q2,Samarqand,Chevrolet,Onix,B-Sedan,Benzin (Turbo),Mahalliy (Asaka),Byudjet (<$15k),13678,37,506086
2025,Q2,2025-Q2,Samarqand,Chevrolet,Malibu-2,D-Sedan,Benzin (Turbo),Mahalliy (Asaka),Yuqori-o‘rta ($25k-$40k),37061,6,222366
2025,Q2,2025-Q2,Samarqand,BYD,Song Plus DM-i,C-SUV,Gibrid (PHEV),Gibrid/Yig‘uv (Jizzax),O‘rta ($15k-$25k),24129,205,4946445
2025,Q2,2025-Q2,Samarqand,BYD,Chazor (Destroyer 05),C-Sedan,Gibrid (PHEV),Gibrid/Yig‘uv (Jizzax),O‘rta ($15k-$25k),18802,155,2914310
2025,Q2,2025-Q2,Samarqand,BYD,Song Plus EV,C-SUV,Elektromobil (EV),Import (Xitoy),Yuqori-o‘rta ($25k-$40k),27144,20,542880
2025,Q2,2025-Q2,Samarqand,BYD,Han,E-Sedan,Elektromobil (EV),Import (Xitoy),Yuqori-o‘rta ($25k-$40k),38966,10,389660
2025,Q2,2025-Q2,Samarqand,BYD,Seagull,A-Hatchback,Elektromobil (EV),Import (Xitoy),Byudjet (<$15k),11665,67,781555
2025,Q2,2025-Q2,Samarqand,Chery,Tiggo 7 Pro,C-SUV,Benzin (Turbo),Mahalliy yig‘uv (ADM Jizzax),Yuqori-o‘rta ($25k-$40k),27733,30,831990
2025,Q2,2025-Q2,Samarqand,Chery,Arrizo 6 Pro,C-Sedan,Benzin (Turbo),Mahalliy yig‘uv (ADM Jizzax),O‘rta ($15k-$25k),21684,24,520416
2025,Q2,2025-Q2,Samarqand,Chery,Tiggo 8 Pro,Mid-SUV,Benzin (Turbo),Mahalliy yig‘uv (ADM Jizzax),Yuqori-o‘rta ($25k-$40k),34699,11,381689
2025,Q2,2025-Q2,Samarqand,Haval,Jolion,B-SUV,Benzin (Turbo),Mahalliy yig‘uv (ADM Jizzax),O‘rta ($15k-$25k),24393,23,561039
2025,Q2,2025-Q2,Samarqand,Haval,M6,C-SUV,Benzin,Mahalliy yig‘uv (ADM Jizzax),O‘rta ($15k-$25k),20328,27,548856
2025,Q2,2025-Q2,Samarqand,Haval,H6,C-SUV,Benzin (Turbo),Mahalliy yig‘uv (ADM Jizzax),Yuqori-o‘rta ($25k-$40k),31219,13,405847
2025,Q2,2025-Q2,Samarqand,Kia,Sonet,B-SUV,Benzin,Mahalliy yig‘uv (ADM Jizzax),O‘rta ($15k-$25k),19255,29,558395
2025,Q2,2025-Q2,Samarqand,Kia,K5,D-Sedan,Benzin,Mahalliy yig‘uv (ADM Jizzax),Yuqori-o‘rta ($25k-$40k),35521,12,426252
2025,Q2,2025-Q2,Samarqand,Kia,Sportage,C-SUV,Benzin,Mahalliy yig‘uv (ADM Jizzax),Yuqori-o‘rta ($25k-$40k),37160,9,334440
2025,Q2,2025-Q2,Samarqand,Zeekr,001,E-Shooting Brake,Elektromobil (EV),Import (Xitoy),Premium (>$40k),51157,3,153471
2025,Q2,2025-Q2,Samarqand,Geely,Monjaro,Mid-SUV,Benzin (Turbo),Import (Xitoy),Yuqori-o‘rta ($25k-$40k),38291,11,421201
2025,Q2,2025-Q2,Samarqand,Jetour,Dashing,C-SUV,Benzin (Turbo),Import (Xitoy),Yuqori-o‘rta ($25k-$40k),28414,11,312554
2025,Q2,2025-Q2,Samarqand,Li Auto,L7/L9,Full-SUV,Gibrid (EREV),Import (Xitoy),Premium (>$40k),61047,3,183141
2025,Q2,2025-Q2,Farg‘ona,Chevrolet,Cobalt,B-Sedan,Benzin,Mahalliy (Asaka),Byudjet (<$15k),12504,198,2475792
2025,Q2,2025-Q2,Farg‘ona,Chevrolet,Damas,Mini-Van,Benzin,Mahalliy (Pitnak),Byudjet (<$15k),9443,280,2644040
2025,Q2,2025-Q2,Farg‘ona,Chevrolet,Labo,Mini-Truck,Benzin,Mahalliy (Pitnak),Byudjet (<$15k),8862,166,1471092
2025,Q2,2025-Q2,Farg‘ona,Chevrolet,Tracker-2,B-SUV,Benzin (Turbo),Mahalliy (Asaka),O‘rta ($15k-$25k),17110,34,581740
2025,Q2,2025-Q2,Farg‘ona,Chevrolet,Onix,B-Sedan,Benzin (Turbo),Mahalliy (Asaka),Byudjet (<$15k),14170,32,453440
2025,Q2,2025-Q2,Farg‘ona,Chevrolet,Malibu-2,D-Sedan,Benzin (Turbo),Mahalliy (Asaka),Yuqori-o‘rta ($25k-$40k),37225,3,111675
2025,Q2,2025-Q2,Farg‘ona,BYD,Song Plus DM-i,C-SUV,Gibrid (PHEV),Gibrid/Yig‘uv (Jizzax),O‘rta ($15k-$25k),24236,128,3102208
2025,Q2,2025-Q2,Farg‘ona,BYD,Chazor (Destroyer 05),C-Sedan,Gibrid (PHEV),Gibrid/Yig‘uv (Jizzax),O‘rta ($15k-$25k),18415,106,1951990
2025,Q2,2025-Q2,Farg‘ona,BYD,Song Plus EV,C-SUV,Elektromobil (EV),Import (Xitoy),Yuqori-o‘rta ($25k-$40k),26919,8,215352
2025,Q2,2025-Q2,Farg‘ona,BYD,Han,E-Sedan,Elektromobil (EV),Import (Xitoy),Yuqori-o‘rta ($25k-$40k),38678,5,193390
2025,Q2,2025-Q2,Farg‘ona,BYD,Seagull,A-Hatchback,Elektromobil (EV),Import (Xitoy),Byudjet (<$15k),11209,23,257807
2025,Q2,2025-Q2,Farg‘ona,Chery,Tiggo 7 Pro,C-SUV,Benzin (Turbo),Mahalliy yig‘uv (ADM Jizzax),Yuqori-o‘rta ($25k-$40k),27772,25,694300
2025,Q2,2025-Q2,Farg‘ona,Chery,Arrizo 6 Pro,C-Sedan,Benzin (Turbo),Mahalliy yig‘uv (ADM Jizzax),O‘rta ($15k-$25k),21616,17,367472
2025,Q2,2025-Q2,Farg‘ona,Chery,Tiggo 8 Pro,Mid-SUV,Benzin (Turbo),Mahalliy yig‘uv (ADM Jizzax),Yuqori-o‘rta ($25k-$40k),35049,9,315441
2025,Q2,2025-Q2,Farg‘ona,Haval,Jolion,B-SUV,Benzin (Turbo),Mahalliy yig‘uv (ADM Jizzax),O‘rta ($15k-$25k),24628,24,591072
2025,Q2,2025-Q2,Farg‘ona,Haval,M6,C-SUV,Benzin,Mahalliy yig‘uv (ADM Jizzax),O‘rta ($15k-$25k),20464,27,552528
2025,Q2,2025-Q2,Farg‘ona,Haval,H6,C-SUV,Benzin (Turbo),Mahalliy yig‘uv (ADM Jizzax),Yuqori-o‘rta ($25k-$40k),31237,11,343607
2025,Q2,2025-Q2,Farg‘ona,Kia,Sonet,B-SUV,Benzin,Mahalliy yig‘uv (ADM Jizzax),O‘rta ($15k-$25k),18905,23,434815
2025,Q2,2025-Q2,Farg‘ona,Kia,K5,D-Sedan,Benzin,Mahalliy yig‘uv (ADM Jizzax),Yuqori-o‘rta ($25k-$40k),35340,12,424080
2025,Q2,2025-Q2,Farg‘ona,Kia,Sportage,C-SUV,Benzin,Mahalliy yig‘uv (ADM Jizzax),Yuqori-o‘rta ($25k-$40k),37188,8,297504
2025,Q2,2025-Q2,Farg‘ona,Zeekr,001,E-Shooting Brake,Elektromobil (EV),Import (Xitoy),Premium (>$40k),51157,3,153471
2025,Q2,2025-Q2,Farg‘ona,Geely,Monjaro,Mid-SUV,Benzin (Turbo),Import (Xitoy),Yuqori-o‘rta ($25k-$40k),38275,9,344475
2025,Q2,2025-Q2,Farg‘ona,Jetour,Dashing,C-SUV,Benzin (Turbo),Import (Xitoy),Yuqori-o‘rta ($25k-$40k),28296,11,311256
2025,Q2,2025-Q2,Farg‘ona,Li Auto,L7/L9,Full-SUV,Gibrid (EREV),Import (Xitoy),Premium (>$40k),60898,1,60898
2025,Q2,2025-Q2,Andijon,Chevrolet,Cobalt,B-Sedan,Benzin,Mahalliy (Asaka),Byudjet (<$15k),12734,177,2253918
2025,Q2,2025-Q2,Andijon,Chevrolet,Damas,Mini-Van,Benzin,Mahalliy (Pitnak),Byudjet (<$15k),9144,306,2798064
2025,Q2,2025-Q2,Andijon,Chevrolet,Labo,Mini-Truck,Benzin,Mahalliy (Pitnak),Byudjet (<$15k),8867,183,1622661
2025,Q2,2025-Q2,Andijon,Chevrolet,Tracker-2,B-SUV,Benzin (Turbo),Mahalliy (Asaka),O‘rta ($15k-$25k),16965,20,339300
2025,Q2,2025-Q2,Andijon,Chevrolet,Onix,B-Sedan,Benzin (Turbo),Mahalliy (Asaka),Byudjet (<$15k),13870,28,388360
2025,Q2,2025-Q2,Andijon,Chevrolet,Malibu-2,D-Sedan,Benzin (Turbo),Mahalliy (Asaka),Yuqori-o‘rta ($25k-$40k),37167,4,148668
2025,Q2,2025-Q2,Andijon,BYD,Song Plus DM-i,C-SUV,Gibrid (PHEV),Gibrid/Yig‘uv (Jizzax),O‘rta ($15k-$25k),24265,132,3202980
2025,Q2,2025-Q2,Andijon,BYD,Chazor (Destroyer 05),C-Sedan,Gibrid (PHEV),Gibrid/Yig‘uv (Jizzax),O‘rta ($15k-$25k),18178,100,1817800
2025,Q2,2025-Q2,Andijon,BYD,Song Plus EV,C-SUV,Elektromobil (EV),Import (Xitoy),Yuqori-o‘rta ($25k-$40k),27530,5,137650
2025,Q2,2025-Q2,Andijon,BYD,Han,E-Sedan,Elektromobil (EV),Import (Xitoy),Yuqori-o‘rta ($25k-$40k),39114,2,78228
2025,Q2,2025-Q2,Andijon,BYD,Seagull,A-Hatchback,Elektromobil (EV),Import (Xitoy),Byudjet (<$15k),11282,20,225640
2025,Q2,2025-Q2,Andijon,Chery,Tiggo 7 Pro,C-SUV,Benzin (Turbo),Mahalliy yig‘uv (ADM Jizzax),Yuqori-o‘rta ($25k-$40k),27612,22,607464
2025,Q2,2025-Q2,Andijon,Chery,Arrizo 6 Pro,C-Sedan,Benzin (Turbo),Mahalliy yig‘uv (ADM Jizzax),O‘rta ($15k-$25k),21942,19,416898
2025,Q2,2025-Q2,Andijon,Chery,Tiggo 8 Pro,Mid-SUV,Benzin (Turbo),Mahalliy yig‘uv (ADM Jizzax),Yuqori-o‘rta ($25k-$40k),34819,7,243733
2025,Q2,2025-Q2,Andijon,Haval,Jolion,B-SUV,Benzin (Turbo),Mahalliy yig‘uv (ADM Jizzax),O‘rta ($15k-$25k),24346,20,486920
2025,Q2,2025-Q2,Andijon,Haval,M6,C-SUV,Benzin,Mahalliy yig‘uv (ADM Jizzax),O‘rta ($15k-$25k),20463,23,470649
2025,Q2,2025-Q2,Andijon,Haval,H6,C-SUV,Benzin (Turbo),Mahalliy yig‘uv (ADM Jizzax),Yuqori-o‘rta ($25k-$40k),31228,9,281052
2025,Q2,2025-Q2,Andijon,Kia,Sonet,B-SUV,Benzin,Mahalliy yig‘uv (ADM Jizzax),O‘rta ($15k-$25k),19053,24,457272
2025,Q2,2025-Q2,Andijon,Kia,K5,D-Sedan,Benzin,Mahalliy yig‘uv (ADM Jizzax),Yuqori-o‘rta ($25k-$40k),35445,8,283560
2025,Q2,2025-Q2,Andijon,Kia,Sportage,C-SUV,Benzin,Mahalliy yig‘uv (ADM Jizzax),Yuqori-o‘rta ($25k-$40k),37163,8,297304
2025,Q2,2025-Q2,Andijon,Zeekr,001,E-Shooting Brake,Elektromobil (EV),Import (Xitoy),Premium (>$40k),51199,1,51199
2025,Q2,2025-Q2,Andijon,Geely,Monjaro,Mid-SUV,Benzin (Turbo),Import (Xitoy),Yuqori-o‘rta ($25k-$40k),38324,8,306592
2025,Q2,2025-Q2,Andijon,Jetour,Dashing,C-SUV,Benzin (Turbo),Import (Xitoy),Yuqori-o‘rta ($25k-$40k),28370,10,283700
2025,Q2,2025-Q2,Andijon,Li Auto,L7/L9,Full-SUV,Gibrid (EREV),Import (Xitoy),Premium (>$40k),60996,3,182988
2025,Q2,2025-Q2,Namangan,Chevrolet,Cobalt,B-Sedan,Benzin,Mahalliy (Asaka),Byudjet (<$15k),12372,151,1868172
2025,Q2,2025-Q2,Namangan,Chevrolet,Damas,Mini-Van,Benzin,Mahalliy (Pitnak),Byudjet (<$15k),9251,241,2229491
2025,Q2,2025-Q2,Namangan,Chevrolet,Labo,Mini-Truck,Benzin,Mahalliy (Pitnak),Byudjet (<$15k),8822,152,1340944
2025,Q2,2025-Q2,Namangan,Chevrolet,Tracker-2,B-SUV,Benzin (Turbo),Mahalliy (Asaka),O‘rta ($15k-$25k),17346,23,398958
2025,Q2,2025-Q2,Namangan,Chevrolet,Onix,B-Sedan,Benzin (Turbo),Mahalliy (Asaka),Byudjet (<$15k),13957,23,321011
2025,Q2,2025-Q2,Namangan,Chevrolet,Malibu-2,D-Sedan,Benzin (Turbo),Mahalliy (Asaka),Yuqori-o‘rta ($25k-$40k),37111,3,111333
2025,Q2,2025-Q2,Namangan,BYD,Song Plus DM-i,C-SUV,Gibrid (PHEV),Gibrid/Yig‘uv (Jizzax),O‘rta ($15k-$25k),23930,99,2369070
2025,Q2,2025-Q2,Namangan,BYD,Chazor (Destroyer 05),C-Sedan,Gibrid (PHEV),Gibrid/Yig‘uv (Jizzax),O‘rta ($15k-$25k),18815,75,1411125
2025,Q2,2025-Q2,Namangan,BYD,Song Plus EV,C-SUV,Elektromobil (EV),Import (Xitoy),Yuqori-o‘rta ($25k-$40k),27487,4,109948
2025,Q2,2025-Q2,Namangan,BYD,Han,E-Sedan,Elektromobil (EV),Import (Xitoy),Yuqori-o‘rta ($25k-$40k),38345,3,115035
2025,Q2,2025-Q2,Namangan,BYD,Seagull,A-Hatchback,Elektromobil (EV),Import (Xitoy),Byudjet (<$15k),11044,18,198792
2025,Q2,2025-Q2,Namangan,Chery,Tiggo 7 Pro,C-SUV,Benzin (Turbo),Mahalliy yig‘uv (ADM Jizzax),Yuqori-o‘rta ($25k-$40k),27671,19,525749
2025,Q2,2025-Q2,Namangan,Chery,Arrizo 6 Pro,C-Sedan,Benzin (Turbo),Mahalliy yig‘uv (ADM Jizzax),O‘rta ($15k-$25k),21854,14,305956
2025,Q2,2025-Q2,Namangan,Chery,Tiggo 8 Pro,Mid-SUV,Benzin (Turbo),Mahalliy yig‘uv (ADM Jizzax),Yuqori-o‘rta ($25k-$40k),34690,7,242830
2025,Q2,2025-Q2,Namangan,Haval,Jolion,B-SUV,Benzin (Turbo),Mahalliy yig‘uv (ADM Jizzax),O‘rta ($15k-$25k),24711,13,321243
2025,Q2,2025-Q2,Namangan,Haval,M6,C-SUV,Benzin,Mahalliy yig‘uv (ADM Jizzax),O‘rta ($15k-$25k),20519,18,369342
2025,Q2,2025-Q2,Namangan,Haval,H6,C-SUV,Benzin (Turbo),Mahalliy yig‘uv (ADM Jizzax),Yuqori-o‘rta ($25k-$40k),31103,9,279927
2025,Q2,2025-Q2,Namangan,Kia,Sonet,B-SUV,Benzin,Mahalliy yig‘uv (ADM Jizzax),O‘rta ($15k-$25k),19081,19,362539
2025,Q2,2025-Q2,Namangan,Kia,K5,D-Sedan,Benzin,Mahalliy yig‘uv (ADM Jizzax),Yuqori-o‘rta ($25k-$40k),35329,8,282632
2025,Q2,2025-Q2,Namangan,Kia,Sportage,C-SUV,Benzin,Mahalliy yig‘uv (ADM Jizzax),Yuqori-o‘rta ($25k-$40k),37207,6,223242
2025,Q2,2025-Q2,Namangan,Zeekr,001,E-Shooting Brake,Elektromobil (EV),Import (Xitoy),Premium (>$40k),51254,1,51254
2025,Q2,2025-Q2,Namangan,Geely,Monjaro,Mid-SUV,Benzin (Turbo),Import (Xitoy),Yuqori-o‘rta ($25k-$40k),38091,6,228546
2025,Q2,2025-Q2,Namangan,Jetour,Dashing,C-SUV,Benzin (Turbo),Import (Xitoy),Yuqori-o‘rta ($25k-$40k),28483,9,256347
2025,Q2,2025-Q2,Namangan,Li Auto,L7/L9,Full-SUV,Gibrid (EREV),Import (Xitoy),Premium (>$40k),61016,2,122032
2025,Q2,2025-Q2,Buxoro,Chevrolet,Cobalt,B-Sedan,Benzin,Mahalliy (Asaka),Byudjet (<$15k),12390,161,1994790
2025,Q2,2025-Q2,Buxoro,Chevrolet,Damas,Mini-Van,Benzin,Mahalliy (Pitnak),Byudjet (<$15k),9079,123,1116717
2025,Q2,2025-Q2,Buxoro,Chevrolet,Labo,Mini-Truck,Benzin,Mahalliy (Pitnak),Byudjet (<$15k),8616,51,439416
2025,Q2,2025-Q2,Buxoro,Chevrolet,Tracker-2,B-SUV,Benzin (Turbo),Mahalliy (Asaka),O‘rta ($15k-$25k),16807,22,369754
2025,Q2,2025-Q2,Buxoro,Chevrolet,Onix,B-Sedan,Benzin (Turbo),Mahalliy (Asaka),Byudjet (<$15k),14201,24,340824
2025,Q2,2025-Q2,Buxoro,Chevrolet,Malibu-2,D-Sedan,Benzin (Turbo),Mahalliy (Asaka),Yuqori-o‘rta ($25k-$40k),37041,4,148164
2025,Q2,2025-Q2,Buxoro,BYD,Song Plus DM-i,C-SUV,Gibrid (PHEV),Gibrid/Yig‘uv (Jizzax),O‘rta ($15k-$25k),23954,116,2778664
2025,Q2,2025-Q2,Buxoro,BYD,Chazor (Destroyer 05),C-Sedan,Gibrid (PHEV),Gibrid/Yig‘uv (Jizzax),O‘rta ($15k-$25k),18254,76,1387304
2025,Q2,2025-Q2,Buxoro,BYD,Song Plus EV,C-SUV,Elektromobil (EV),Import (Xitoy),Yuqori-o‘rta ($25k-$40k),26891,12,322692
2025,Q2,2025-Q2,Buxoro,BYD,Han,E-Sedan,Elektromobil (EV),Import (Xitoy),Yuqori-o‘rta ($25k-$40k),38723,4,154892
2025,Q2,2025-Q2,Buxoro,BYD,Seagull,A-Hatchback,Elektromobil (EV),Import (Xitoy),Byudjet (<$15k),11644,42,489048
2025,Q2,2025-Q2,Buxoro,Chery,Tiggo 7 Pro,C-SUV,Benzin (Turbo),Mahalliy yig‘uv (ADM Jizzax),Yuqori-o‘rta ($25k-$40k),27812,16,444992
2025,Q2,2025-Q2,Buxoro,Chery,Arrizo 6 Pro,C-Sedan,Benzin (Turbo),Mahalliy yig‘uv (ADM Jizzax),O‘rta ($15k-$25k),21902,15,328530
2025,Q2,2025-Q2,Buxoro,Chery,Tiggo 8 Pro,Mid-SUV,Benzin (Turbo),Mahalliy yig‘uv (ADM Jizzax),Yuqori-o‘rta ($25k-$40k),34708,6,208248
2025,Q2,2025-Q2,Buxoro,Haval,Jolion,B-SUV,Benzin (Turbo),Mahalliy yig‘uv (ADM Jizzax),O‘rta ($15k-$25k),24651,15,369765
2025,Q2,2025-Q2,Buxoro,Haval,M6,C-SUV,Benzin,Mahalliy yig‘uv (ADM Jizzax),O‘rta ($15k-$25k),20491,16,327856
2025,Q2,2025-Q2,Buxoro,Haval,H6,C-SUV,Benzin (Turbo),Mahalliy yig‘uv (ADM Jizzax),Yuqori-o‘rta ($25k-$40k),30940,6,185640
2025,Q2,2025-Q2,Buxoro,Kia,Sonet,B-SUV,Benzin,Mahalliy yig‘uv (ADM Jizzax),O‘rta ($15k-$25k),19038,17,323646
2025,Q2,2025-Q2,Buxoro,Kia,K5,D-Sedan,Benzin,Mahalliy yig‘uv (ADM Jizzax),Yuqori-o‘rta ($25k-$40k),35469,7,248283
2025,Q2,2025-Q2,Buxoro,Kia,Sportage,C-SUV,Benzin,Mahalliy yig‘uv (ADM Jizzax),Yuqori-o‘rta ($25k-$40k),37241,6,223446
2025,Q2,2025-Q2,Buxoro,Zeekr,001,E-Shooting Brake,Elektromobil (EV),Import (Xitoy),Premium (>$40k),51420,2,102840
2025,Q2,2025-Q2,Buxoro,Geely,Monjaro,Mid-SUV,Benzin (Turbo),Import (Xitoy),Yuqori-o‘rta ($25k-$40k),38208,6,229248
2025,Q2,2025-Q2,Buxoro,Jetour,Dashing,C-SUV,Benzin (Turbo),Import (Xitoy),Yuqori-o‘rta ($25k-$40k),28385,5,141925
2025,Q2,2025-Q2,Buxoro,Li Auto,L7/L9,Full-SUV,Gibrid (EREV),Import (Xitoy),Premium (>$40k),61060,1,61060
2025,Q2,2025-Q2,Qashqadaryo,Chevrolet,Cobalt,B-Sedan,Benzin,Mahalliy (Asaka),Byudjet (<$15k),12607,116,1462412
2025,Q2,2025-Q2,Qashqadaryo,Chevrolet,Damas,Mini-Van,Benzin,Mahalliy (Pitnak),Byudjet (<$15k),9437,94,887078
2025,Q2,2025-Q2,Qashqadaryo,Chevrolet,Labo,Mini-Truck,Benzin,Mahalliy (Pitnak),Byudjet (<$15k),8856,49,433944
2025,Q2,2025-Q2,Qashqadaryo,Chevrolet,Tracker-2,B-SUV,Benzin (Turbo),Mahalliy (Asaka),O‘rta ($15k-$25k),17140,16,274240
2025,Q2,2025-Q2,Qashqadaryo,Chevrolet,Onix,B-Sedan,Benzin (Turbo),Mahalliy (Asaka),Byudjet (<$15k),13819,18,248742
2025,Q2,2025-Q2,Qashqadaryo,Chevrolet,Malibu-2,D-Sedan,Benzin (Turbo),Mahalliy (Asaka),Yuqori-o‘rta ($25k-$40k),36898,3,110694
2025,Q2,2025-Q2,Qashqadaryo,BYD,Song Plus DM-i,C-SUV,Gibrid (PHEV),Gibrid/Yig‘uv (Jizzax),O‘rta ($15k-$25k),23856,70,1669920
2025,Q2,2025-Q2,Qashqadaryo,BYD,Chazor (Destroyer 05),C-Sedan,Gibrid (PHEV),Gibrid/Yig‘uv (Jizzax),O‘rta ($15k-$25k),18356,52,954512
2025,Q2,2025-Q2,Qashqadaryo,BYD,Song Plus EV,C-SUV,Elektromobil (EV),Import (Xitoy),Yuqori-o‘rta ($25k-$40k),27204,11,299244
2025,Q2,2025-Q2,Qashqadaryo,BYD,Han,E-Sedan,Elektromobil (EV),Import (Xitoy),Yuqori-o‘rta ($25k-$40k),38780,5,193900
2025,Q2,2025-Q2,Qashqadaryo,BYD,Seagull,A-Hatchback,Elektromobil (EV),Import (Xitoy),Byudjet (<$15k),11508,28,322224
2025,Q2,2025-Q2,Qashqadaryo,Chery,Tiggo 7 Pro,C-SUV,Benzin (Turbo),Mahalliy yig‘uv (ADM Jizzax),Yuqori-o‘rta ($25k-$40k),27631,12,331572
2025,Q2,2025-Q2,Qashqadaryo,Chery,Arrizo 6 Pro,C-Sedan,Benzin (Turbo),Mahalliy yig‘uv (ADM Jizzax),O‘rta ($15k-$25k),21607,12,259284
2025,Q2,2025-Q2,Qashqadaryo,Chery,Tiggo 8 Pro,Mid-SUV,Benzin (Turbo),Mahalliy yig‘uv (ADM Jizzax),Yuqori-o‘rta ($25k-$40k),34683,3,104049
2025,Q2,2025-Q2,Qashqadaryo,Haval,Jolion,B-SUV,Benzin (Turbo),Mahalliy yig‘uv (ADM Jizzax),O‘rta ($15k-$25k),24349,13,316537
2025,Q2,2025-Q2,Qashqadaryo,Haval,M6,C-SUV,Benzin,Mahalliy yig‘uv (ADM Jizzax),O‘rta ($15k-$25k),20434,11,224774
2025,Q2,2025-Q2,Qashqadaryo,Haval,H6,C-SUV,Benzin (Turbo),Mahalliy yig‘uv (ADM Jizzax),Yuqori-o‘rta ($25k-$40k),31157,6,186942
2025,Q2,2025-Q2,Qashqadaryo,Kia,Sonet,B-SUV,Benzin,Mahalliy yig‘uv (ADM Jizzax),O‘rta ($15k-$25k),19059,14,266826
2025,Q2,2025-Q2,Qashqadaryo,Kia,K5,D-Sedan,Benzin,Mahalliy yig‘uv (ADM Jizzax),Yuqori-o‘rta ($25k-$40k),35622,6,213732
2025,Q2,2025-Q2,Qashqadaryo,Kia,Sportage,C-SUV,Benzin,Mahalliy yig‘uv (ADM Jizzax),Yuqori-o‘rta ($25k-$40k),37183,4,148732
2025,Q2,2025-Q2,Qashqadaryo,Zeekr,001,E-Shooting Brake,Elektromobil (EV),Import (Xitoy),Premium (>$40k),51315,3,153945
2025,Q2,2025-Q2,Qashqadaryo,Geely,Monjaro,Mid-SUV,Benzin (Turbo),Import (Xitoy),Yuqori-o‘rta ($25k-$40k),38037,5,190185
2025,Q2,2025-Q2,Qashqadaryo,Jetour,Dashing,C-SUV,Benzin (Turbo),Import (Xitoy),Yuqori-o‘rta ($25k-$40k),28177,5,140885
2025,Q2,2025-Q2,Qashqadaryo,Li Auto,L7/L9,Full-SUV,Gibrid (EREV),Import (Xitoy),Premium (>$40k),60891,3,182673
2025,Q2,2025-Q2,Xorazm,Chevrolet,Cobalt,B-Sedan,Benzin,Mahalliy (Asaka),Byudjet (<$15k),12555,89,1117395
2025,Q2,2025-Q2,Xorazm,Chevrolet,Damas,Mini-Van,Benzin,Mahalliy (Pitnak),Byudjet (<$15k),9304,163,1516552
2025,Q2,2025-Q2,Xorazm,Chevrolet,Labo,Mini-Truck,Benzin,Mahalliy (Pitnak),Byudjet (<$15k),8533,77,657041
2025,Q2,2025-Q2,Xorazm,Chevrolet,Tracker-2,B-SUV,Benzin (Turbo),Mahalliy (Asaka),O‘rta ($15k-$25k),17097,15,256455
2025,Q2,2025-Q2,Xorazm,Chevrolet,Onix,B-Sedan,Benzin (Turbo),Mahalliy (Asaka),Byudjet (<$15k),14224,14,199136
2025,Q2,2025-Q2,Xorazm,Chevrolet,Malibu-2,D-Sedan,Benzin (Turbo),Mahalliy (Asaka),Yuqori-o‘rta ($25k-$40k),37055,2,74110
2025,Q2,2025-Q2,Xorazm,BYD,Song Plus DM-i,C-SUV,Gibrid (PHEV),Gibrid/Yig‘uv (Jizzax),O‘rta ($15k-$25k),24108,64,1542912
2025,Q2,2025-Q2,Xorazm,BYD,Chazor (Destroyer 05),C-Sedan,Gibrid (PHEV),Gibrid/Yig‘uv (Jizzax),O‘rta ($15k-$25k),18131,46,834026
2025,Q2,2025-Q2,Xorazm,BYD,Song Plus EV,C-SUV,Elektromobil (EV),Import (Xitoy),Yuqori-o‘rta ($25k-$40k),26999,3,80997
2025,Q2,2025-Q2,Xorazm,BYD,Han,E-Sedan,Elektromobil (EV),Import (Xitoy),Yuqori-o‘rta ($25k-$40k),38362,2,76724
2025,Q2,2025-Q2,Xorazm,BYD,Seagull,A-Hatchback,Elektromobil (EV),Import (Xitoy),Byudjet (<$15k),11236,12,134832
2025,Q2,2025-Q2,Xorazm,Chery,Tiggo 7 Pro,C-SUV,Benzin (Turbo),Mahalliy yig‘uv (ADM Jizzax),Yuqori-o‘rta ($25k-$40k),27727,11,304997
2025,Q2,2025-Q2,Xorazm,Chery,Arrizo 6 Pro,C-Sedan,Benzin (Turbo),Mahalliy yig‘uv (ADM Jizzax),O‘rta ($15k-$25k),21935,7,153545
2025,Q2,2025-Q2,Xorazm,Chery,Tiggo 8 Pro,Mid-SUV,Benzin (Turbo),Mahalliy yig‘uv (ADM Jizzax),Yuqori-o‘rta ($25k-$40k),34720,4,138880
2025,Q2,2025-Q2,Xorazm,Haval,Jolion,B-SUV,Benzin (Turbo),Mahalliy yig‘uv (ADM Jizzax),O‘rta ($15k-$25k),24326,8,194608
2025,Q2,2025-Q2,Xorazm,Haval,M6,C-SUV,Benzin,Mahalliy yig‘uv (ADM Jizzax),O‘rta ($15k-$25k),20486,9,184374
2025,Q2,2025-Q2,Xorazm,Haval,H6,C-SUV,Benzin (Turbo),Mahalliy yig‘uv (ADM Jizzax),Yuqori-o‘rta ($25k-$40k),31257,6,187542
2025,Q2,2025-Q2,Xorazm,Kia,Sonet,B-SUV,Benzin,Mahalliy yig‘uv (ADM Jizzax),O‘rta ($15k-$25k),19086,10,190860
2025,Q2,2025-Q2,Xorazm,Kia,K5,D-Sedan,Benzin,Mahalliy yig‘uv (ADM Jizzax),Yuqori-o‘rta ($25k-$40k),35355,4,141420
2025,Q2,2025-Q2,Xorazm,Kia,Sportage,C-SUV,Benzin,Mahalliy yig‘uv (ADM Jizzax),Yuqori-o‘rta ($25k-$40k),37188,3,111564
2025,Q2,2025-Q2,Xorazm,Zeekr,001,E-Shooting Brake,Elektromobil (EV),Import (Xitoy),Premium (>$40k),51319,1,51319
2025,Q2,2025-Q2,Xorazm,Geely,Monjaro,Mid-SUV,Benzin (Turbo),Import (Xitoy),Yuqori-o‘rta ($25k-$40k),38054,4,152216
2025,Q2,2025-Q2,Xorazm,Jetour,Dashing,C-SUV,Benzin (Turbo),Import (Xitoy),Yuqori-o‘rta ($25k-$40k),28398,5,141990
2025,Q2,2025-Q2,Xorazm,Li Auto,L7/L9,Full-SUV,Gibrid (EREV),Import (Xitoy),Premium (>$40k),61050,1,61050
2025,Q2,2025-Q2,Surxondaryo,Chevrolet,Cobalt,B-Sedan,Benzin,Mahalliy (Asaka),Byudjet (<$15k),12678,89,1128342
2025,Q2,2025-Q2,Surxondaryo,Chevrolet,Damas,Mini-Van,Benzin,Mahalliy (Pitnak),Byudjet (<$15k),9223,68,627164
2025,Q2,2025-Q2,Surxondaryo,Chevrolet,Labo,Mini-Truck,Benzin,Mahalliy (Pitnak),Byudjet (<$15k),8801,34,299234
2025,Q2,2025-Q2,Surxondaryo,Chevrolet,Tracker-2,B-SUV,Benzin (Turbo),Mahalliy (Asaka),O‘rta ($15k-$25k),17214,11,189354
2025,Q2,2025-Q2,Surxondaryo,Chevrolet,Onix,B-Sedan,Benzin (Turbo),Mahalliy (Asaka),Byudjet (<$15k),13977,15,209655
2025,Q2,2025-Q2,Surxondaryo,Chevrolet,Malibu-2,D-Sedan,Benzin (Turbo),Mahalliy (Asaka),Yuqori-o‘rta ($25k-$40k),37076,2,74152
2025,Q2,2025-Q2,Surxondaryo,BYD,Song Plus DM-i,C-SUV,Gibrid (PHEV),Gibrid/Yig‘uv (Jizzax),O‘rta ($15k-$25k),23904,69,1649376
2025,Q2,2025-Q2,Surxondaryo,BYD,Chazor (Destroyer 05),C-Sedan,Gibrid (PHEV),Gibrid/Yig‘uv (Jizzax),O‘rta ($15k-$25k),18775,41,769775
2025,Q2,2025-Q2,Surxondaryo,BYD,Song Plus EV,C-SUV,Elektromobil (EV),Import (Xitoy),Yuqori-o‘rta ($25k-$40k),26926,9,242334
2025,Q2,2025-Q2,Surxondaryo,BYD,Han,E-Sedan,Elektromobil (EV),Import (Xitoy),Yuqori-o‘rta ($25k-$40k),38918,4,155672
2025,Q2,2025-Q2,Surxondaryo,BYD,Seagull,A-Hatchback,Elektromobil (EV),Import (Xitoy),Byudjet (<$15k),11623,27,313821
2025,Q2,2025-Q2,Surxondaryo,Chery,Tiggo 7 Pro,C-SUV,Benzin (Turbo),Mahalliy yig‘uv (ADM Jizzax),Yuqori-o‘rta ($25k-$40k),27734,11,305074
2025,Q2,2025-Q2,Surxondaryo,Chery,Arrizo 6 Pro,C-Sedan,Benzin (Turbo),Mahalliy yig‘uv (ADM Jizzax),O‘rta ($15k-$25k),21773,9,195957
2025,Q2,2025-Q2,Surxondaryo,Chery,Tiggo 8 Pro,Mid-SUV,Benzin (Turbo),Mahalliy yig‘uv (ADM Jizzax),Yuqori-o‘rta ($25k-$40k),34932,6,209592
2025,Q2,2025-Q2,Surxondaryo,Haval,Jolion,B-SUV,Benzin (Turbo),Mahalliy yig‘uv (ADM Jizzax),O‘rta ($15k-$25k),24376,11,268136
2025,Q2,2025-Q2,Surxondaryo,Haval,M6,C-SUV,Benzin,Mahalliy yig‘uv (ADM Jizzax),O‘rta ($15k-$25k),20351,10,203510
2025,Q2,2025-Q2,Surxondaryo,Haval,H6,C-SUV,Benzin (Turbo),Mahalliy yig‘uv (ADM Jizzax),Yuqori-o‘rta ($25k-$40k),31180,3,93540
2025,Q2,2025-Q2,Surxondaryo,Kia,Sonet,B-SUV,Benzin,Mahalliy yig‘uv (ADM Jizzax),O‘rta ($15k-$25k),19105,12,229260
2025,Q2,2025-Q2,Surxondaryo,Kia,K5,D-Sedan,Benzin,Mahalliy yig‘uv (ADM Jizzax),Yuqori-o‘rta ($25k-$40k),35458,3,106374
2025,Q2,2025-Q2,Surxondaryo,Kia,Sportage,C-SUV,Benzin,Mahalliy yig‘uv (ADM Jizzax),Yuqori-o‘rta ($25k-$40k),37137,1,37137
2025,Q2,2025-Q2,Surxondaryo,Zeekr,001,E-Shooting Brake,Elektromobil (EV),Import (Xitoy),Premium (>$40k),51266,1,51266
2025,Q2,2025-Q2,Surxondaryo,Geely,Monjaro,Mid-SUV,Benzin (Turbo),Import (Xitoy),Yuqori-o‘rta ($25k-$40k),38240,5,191200
2025,Q2,2025-Q2,Surxondaryo,Jetour,Dashing,C-SUV,Benzin (Turbo),Import (Xitoy),Yuqori-o‘rta ($25k-$40k),28533,5,142665
2025,Q2,2025-Q2,Surxondaryo,Li Auto,L7/L9,Full-SUV,Gibrid (EREV),Import (Xitoy),Premium (>$40k),60982,1,60982
2025,Q2,2025-Q2,Navoiy,Chevrolet,Cobalt,B-Sedan,Benzin,Mahalliy (Asaka),Byudjet (<$15k),12614,63,794682
2025,Q2,2025-Q2,Navoiy,Chevrolet,Damas,Mini-Van,Benzin,Mahalliy (Pitnak),Byudjet (<$15k),9397,57,535629
2025,Q2,2025-Q2,Navoiy,Chevrolet,Labo,Mini-Truck,Benzin,Mahalliy (Pitnak),Byudjet (<$15k),8617,31,267127
2025,Q2,2025-Q2,Navoiy,Chevrolet,Tracker-2,B-SUV,Benzin (Turbo),Mahalliy (Asaka),O‘rta ($15k-$25k),16919,7,118433
2025,Q2,2025-Q2,Navoiy,Chevrolet,Onix,B-Sedan,Benzin (Turbo),Mahalliy (Asaka),Byudjet (<$15k),14221,10,142210
2025,Q2,2025-Q2,Navoiy,Chevrolet,Malibu-2,D-Sedan,Benzin (Turbo),Mahalliy (Asaka),Yuqori-o‘rta ($25k-$40k),37109,1,37109
2025,Q2,2025-Q2,Navoiy,BYD,Song Plus DM-i,C-SUV,Gibrid (PHEV),Gibrid/Yig‘uv (Jizzax),O‘rta ($15k-$25k),24497,43,1053371
2025,Q2,2025-Q2,Navoiy,BYD,Chazor (Destroyer 05),C-Sedan,Gibrid (PHEV),Gibrid/Yig‘uv (Jizzax),O‘rta ($15k-$25k),18699,32,598368
2025,Q2,2025-Q2,Navoiy,BYD,Song Plus EV,C-SUV,Elektromobil (EV),Import (Xitoy),Yuqori-o‘rta ($25k-$40k),27672,5,138360
2025,Q2,2025-Q2,Navoiy,BYD,Han,E-Sedan,Elektromobil (EV),Import (Xitoy),Yuqori-o‘rta ($25k-$40k),38572,2,77144
2025,Q2,2025-Q2,Navoiy,BYD,Seagull,A-Hatchback,Elektromobil (EV),Import (Xitoy),Byudjet (<$15k),11513,22,253286
2025,Q2,2025-Q2,Navoiy,Chery,Tiggo 7 Pro,C-SUV,Benzin (Turbo),Mahalliy yig‘uv (ADM Jizzax),Yuqori-o‘rta ($25k-$40k),27738,8,221904
2025,Q2,2025-Q2,Navoiy,Chery,Arrizo 6 Pro,C-Sedan,Benzin (Turbo),Mahalliy yig‘uv (ADM Jizzax),O‘rta ($15k-$25k),21989,6,131934
2025,Q2,2025-Q2,Navoiy,Chery,Tiggo 8 Pro,Mid-SUV,Benzin (Turbo),Mahalliy yig‘uv (ADM Jizzax),Yuqori-o‘rta ($25k-$40k),34954,4,139816
2025,Q2,2025-Q2,Navoiy,Haval,Jolion,B-SUV,Benzin (Turbo),Mahalliy yig‘uv (ADM Jizzax),O‘rta ($15k-$25k),24588,7,172116
2025,Q2,2025-Q2,Navoiy,Haval,M6,C-SUV,Benzin,Mahalliy yig‘uv (ADM Jizzax),O‘rta ($15k-$25k),20301,7,142107
2025,Q2,2025-Q2,Navoiy,Haval,H6,C-SUV,Benzin (Turbo),Mahalliy yig‘uv (ADM Jizzax),Yuqori-o‘rta ($25k-$40k),30892,3,92676
2025,Q2,2025-Q2,Navoiy,Kia,Sonet,B-SUV,Benzin,Mahalliy yig‘uv (ADM Jizzax),O‘rta ($15k-$25k),18900,8,151200
2025,Q2,2025-Q2,Navoiy,Kia,K5,D-Sedan,Benzin,Mahalliy yig‘uv (ADM Jizzax),Yuqori-o‘rta ($25k-$40k),35546,3,106638
2025,Q2,2025-Q2,Navoiy,Kia,Sportage,C-SUV,Benzin,Mahalliy yig‘uv (ADM Jizzax),Yuqori-o‘rta ($25k-$40k),36926,1,36926
2025,Q2,2025-Q2,Navoiy,Zeekr,001,E-Shooting Brake,Elektromobil (EV),Import (Xitoy),Premium (>$40k),51103,1,51103
2025,Q2,2025-Q2,Navoiy,Geely,Monjaro,Mid-SUV,Benzin (Turbo),Import (Xitoy),Yuqori-o‘rta ($25k-$40k),37968,2,75936
2025,Q2,2025-Q2,Navoiy,Jetour,Dashing,C-SUV,Benzin (Turbo),Import (Xitoy),Yuqori-o‘rta ($25k-$40k),28226,3,84678
2025,Q2,2025-Q2,Navoiy,Li Auto,L7/L9,Full-SUV,Gibrid (EREV),Import (Xitoy),Premium (>$40k),60859,2,121718
2025,Q2,2025-Q2,Jizzax,Chevrolet,Cobalt,B-Sedan,Benzin,Mahalliy (Asaka),Byudjet (<$15k),12640,42,530880
2025,Q2,2025-Q2,Jizzax,Chevrolet,Damas,Mini-Van,Benzin,Mahalliy (Pitnak),Byudjet (<$15k),9092,38,345496
2025,Q2,2025-Q2,Jizzax,Chevrolet,Labo,Mini-Truck,Benzin,Mahalliy (Pitnak),Byudjet (<$15k),8894,21,186774
2025,Q2,2025-Q2,Jizzax,Chevrolet,Tracker-2,B-SUV,Benzin (Turbo),Mahalliy (Asaka),O‘rta ($15k-$25k),16900,5,84500
2025,Q2,2025-Q2,Jizzax,Chevrolet,Onix,B-Sedan,Benzin (Turbo),Mahalliy (Asaka),Byudjet (<$15k),13945,8,111560
2025,Q2,2025-Q2,Jizzax,Chevrolet,Malibu-2,D-Sedan,Benzin (Turbo),Mahalliy (Asaka),Yuqori-o‘rta ($25k-$40k),37212,3,111636
2025,Q2,2025-Q2,Jizzax,BYD,Song Plus DM-i,C-SUV,Gibrid (PHEV),Gibrid/Yig‘uv (Jizzax),O‘rta ($15k-$25k),24378,36,877608
2025,Q2,2025-Q2,Jizzax,BYD,Chazor (Destroyer 05),C-Sedan,Gibrid (PHEV),Gibrid/Yig‘uv (Jizzax),O‘rta ($15k-$25k),18534,23,426282
2025,Q2,2025-Q2,Jizzax,BYD,Song Plus EV,C-SUV,Elektromobil (EV),Import (Xitoy),Yuqori-o‘rta ($25k-$40k),27618,3,82854
2025,Q2,2025-Q2,Jizzax,BYD,Han,E-Sedan,Elektromobil (EV),Import (Xitoy),Yuqori-o‘rta ($25k-$40k),38667,4,154668
2025,Q2,2025-Q2,Jizzax,BYD,Seagull,A-Hatchback,Elektromobil (EV),Import (Xitoy),Byudjet (<$15k),11141,15,167115
2025,Q2,2025-Q2,Jizzax,Chery,Tiggo 7 Pro,C-SUV,Benzin (Turbo),Mahalliy yig‘uv (ADM Jizzax),Yuqori-o‘rta ($25k-$40k),27808,4,111232
2025,Q2,2025-Q2,Jizzax,Chery,Arrizo 6 Pro,C-Sedan,Benzin (Turbo),Mahalliy yig‘uv (ADM Jizzax),O‘rta ($15k-$25k),21791,4,87164
2025,Q2,2025-Q2,Jizzax,Chery,Tiggo 8 Pro,Mid-SUV,Benzin (Turbo),Mahalliy yig‘uv (ADM Jizzax),Yuqori-o‘rta ($25k-$40k),35014,2,70028
2025,Q2,2025-Q2,Jizzax,Haval,Jolion,B-SUV,Benzin (Turbo),Mahalliy yig‘uv (ADM Jizzax),O‘rta ($15k-$25k),24425,3,73275
2025,Q2,2025-Q2,Jizzax,Haval,M6,C-SUV,Benzin,Mahalliy yig‘uv (ADM Jizzax),O‘rta ($15k-$25k),20517,5,102585
2025,Q2,2025-Q2,Jizzax,Haval,H6,C-SUV,Benzin (Turbo),Mahalliy yig‘uv (ADM Jizzax),Yuqori-o‘rta ($25k-$40k),30912,4,123648
2025,Q2,2025-Q2,Jizzax,Kia,Sonet,B-SUV,Benzin,Mahalliy yig‘uv (ADM Jizzax),O‘rta ($15k-$25k),18991,5,94955
2025,Q2,2025-Q2,Jizzax,Kia,K5,D-Sedan,Benzin,Mahalliy yig‘uv (ADM Jizzax),Yuqori-o‘rta ($25k-$40k),35257,3,105771
2025,Q2,2025-Q2,Jizzax,Kia,Sportage,C-SUV,Benzin,Mahalliy yig‘uv (ADM Jizzax),Yuqori-o‘rta ($25k-$40k),36903,2,73806
2025,Q2,2025-Q2,Jizzax,Zeekr,001,E-Shooting Brake,Elektromobil (EV),Import (Xitoy),Premium (>$40k),51374,1,51374
2025,Q2,2025-Q2,Jizzax,Geely,Monjaro,Mid-SUV,Benzin (Turbo),Import (Xitoy),Yuqori-o‘rta ($25k-$40k),38241,2,76482
2025,Q2,2025-Q2,Jizzax,Jetour,Dashing,C-SUV,Benzin (Turbo),Import (Xitoy),Yuqori-o‘rta ($25k-$40k),28426,3,85278
2025,Q2,2025-Q2,Jizzax,Li Auto,L7/L9,Full-SUV,Gibrid (EREV),Import (Xitoy),Premium (>$40k),61203,1,61203
2025,Q2,2025-Q2,Sirdaryo,Chevrolet,Cobalt,B-Sedan,Benzin,Mahalliy (Asaka),Byudjet (<$15k),12346,34,419764
2025,Q2,2025-Q2,Sirdaryo,Chevrolet,Damas,Mini-Van,Benzin,Mahalliy (Pitnak),Byudjet (<$15k),9371,26,243646
2025,Q2,2025-Q2,Sirdaryo,Chevrolet,Labo,Mini-Truck,Benzin,Mahalliy (Pitnak),Byudjet (<$15k),8671,12,104052
2025,Q2,2025-Q2,Sirdaryo,Chevrolet,Tracker-2,B-SUV,Benzin (Turbo),Mahalliy (Asaka),O‘rta ($15k-$25k),16987,4,67948
2025,Q2,2025-Q2,Sirdaryo,Chevrolet,Onix,B-Sedan,Benzin (Turbo),Mahalliy (Asaka),Byudjet (<$15k),14235,4,56940
2025,Q2,2025-Q2,Sirdaryo,Chevrolet,Malibu-2,D-Sedan,Benzin (Turbo),Mahalliy (Asaka),Yuqori-o‘rta ($25k-$40k),37115,1,37115
2025,Q2,2025-Q2,Sirdaryo,BYD,Song Plus DM-i,C-SUV,Gibrid (PHEV),Gibrid/Yig‘uv (Jizzax),O‘rta ($15k-$25k),23870,23,549010
2025,Q2,2025-Q2,Sirdaryo,BYD,Chazor (Destroyer 05),C-Sedan,Gibrid (PHEV),Gibrid/Yig‘uv (Jizzax),O‘rta ($15k-$25k),18669,16,298704
2025,Q2,2025-Q2,Sirdaryo,BYD,Song Plus EV,C-SUV,Elektromobil (EV),Import (Xitoy),Yuqori-o‘rta ($25k-$40k),27399,2,54798
2025,Q2,2025-Q2,Sirdaryo,BYD,Han,E-Sedan,Elektromobil (EV),Import (Xitoy),Yuqori-o‘rta ($25k-$40k),38332,1,38332
2025,Q2,2025-Q2,Sirdaryo,BYD,Seagull,A-Hatchback,Elektromobil (EV),Import (Xitoy),Byudjet (<$15k),11574,12,138888
2025,Q2,2025-Q2,Sirdaryo,Chery,Tiggo 7 Pro,C-SUV,Benzin (Turbo),Mahalliy yig‘uv (ADM Jizzax),Yuqori-o‘rta ($25k-$40k),27896,5,139480
2025,Q2,2025-Q2,Sirdaryo,Chery,Arrizo 6 Pro,C-Sedan,Benzin (Turbo),Mahalliy yig‘uv (ADM Jizzax),O‘rta ($15k-$25k),21714,2,43428
2025,Q2,2025-Q2,Sirdaryo,Chery,Tiggo 8 Pro,Mid-SUV,Benzin (Turbo),Mahalliy yig‘uv (ADM Jizzax),Yuqori-o‘rta ($25k-$40k),34999,1,34999
2025,Q2,2025-Q2,Sirdaryo,Haval,Jolion,B-SUV,Benzin (Turbo),Mahalliy yig‘uv (ADM Jizzax),O‘rta ($15k-$25k),24649,5,123245
2025,Q2,2025-Q2,Sirdaryo,Haval,M6,C-SUV,Benzin,Mahalliy yig‘uv (ADM Jizzax),O‘rta ($15k-$25k),20358,4,81432
2025,Q2,2025-Q2,Sirdaryo,Haval,H6,C-SUV,Benzin (Turbo),Mahalliy yig‘uv (ADM Jizzax),Yuqori-o‘rta ($25k-$40k),31036,2,62072
2025,Q2,2025-Q2,Sirdaryo,Kia,Sonet,B-SUV,Benzin,Mahalliy yig‘uv (ADM Jizzax),O‘rta ($15k-$25k),19208,4,76832
2025,Q2,2025-Q2,Sirdaryo,Kia,K5,D-Sedan,Benzin,Mahalliy yig‘uv (ADM Jizzax),Yuqori-o‘rta ($25k-$40k),35291,1,35291
2025,Q2,2025-Q2,Sirdaryo,Kia,Sportage,C-SUV,Benzin,Mahalliy yig‘uv (ADM Jizzax),Yuqori-o‘rta ($25k-$40k),36961,2,73922
2025,Q2,2025-Q2,Sirdaryo,Zeekr,001,E-Shooting Brake,Elektromobil (EV),Import (Xitoy),Premium (>$40k),51333,1,51333
2025,Q2,2025-Q2,Sirdaryo,Geely,Monjaro,Mid-SUV,Benzin (Turbo),Import (Xitoy),Yuqori-o‘rta ($25k-$40k),37996,1,37996
2025,Q2,2025-Q2,Sirdaryo,Jetour,Dashing,C-SUV,Benzin (Turbo),Import (Xitoy),Yuqori-o‘rta ($25k-$40k),28298,2,56596
2025,Q2,2025-Q2,Sirdaryo,Li Auto,L7/L9,Full-SUV,Gibrid (EREV),Import (Xitoy),Premium (>$40k),61216,1,61216
2025,Q2,2025-Q2,Qoraqalpog‘iston Res.,Chevrolet,Cobalt,B-Sedan,Benzin,Mahalliy (Asaka),Byudjet (<$15k),12591,33,415503
2025,Q2,2025-Q2,Qoraqalpog‘iston Res.,Chevrolet,Damas,Mini-Van,Benzin,Mahalliy (Pitnak),Byudjet (<$15k),9229,23,212267
2025,Q2,2025-Q2,Qoraqalpog‘iston Res.,Chevrolet,Labo,Mini-Truck,Benzin,Mahalliy (Pitnak),Byudjet (<$15k),8566,14,119924
2025,Q2,2025-Q2,Qoraqalpog‘iston Res.,Chevrolet,Tracker-2,B-SUV,Benzin (Turbo),Mahalliy (Asaka),O‘rta ($15k-$25k),17012,4,68048
2025,Q2,2025-Q2,Qoraqalpog‘iston Res.,Chevrolet,Onix,B-Sedan,Benzin (Turbo),Mahalliy (Asaka),Byudjet (<$15k),13991,5,69955
2025,Q2,2025-Q2,Qoraqalpog‘iston Res.,Chevrolet,Malibu-2,D-Sedan,Benzin (Turbo),Mahalliy (Asaka),Yuqori-o‘rta ($25k-$40k),36871,1,36871
2025,Q2,2025-Q2,Qoraqalpog‘iston Res.,BYD,Song Plus DM-i,C-SUV,Gibrid (PHEV),Gibrid/Yig‘uv (Jizzax),O‘rta ($15k-$25k),23943,26,622518
2025,Q2,2025-Q2,Qoraqalpog‘iston Res.,BYD,Chazor (Destroyer 05),C-Sedan,Gibrid (PHEV),Gibrid/Yig‘uv (Jizzax),O‘rta ($15k-$25k),18340,17,311780
2025,Q2,2025-Q2,Qoraqalpog‘iston Res.,BYD,Song Plus EV,C-SUV,Elektromobil (EV),Import (Xitoy),Yuqori-o‘rta ($25k-$40k),27326,4,109304
2025,Q2,2025-Q2,Qoraqalpog‘iston Res.,BYD,Han,E-Sedan,Elektromobil (EV),Import (Xitoy),Yuqori-o‘rta ($25k-$40k),38541,1,38541
2025,Q2,2025-Q2,Qoraqalpog‘iston Res.,BYD,Seagull,A-Hatchback,Elektromobil (EV),Import (Xitoy),Byudjet (<$15k),11580,10,115800
2025,Q2,2025-Q2,Qoraqalpog‘iston Res.,Chery,Tiggo 7 Pro,C-SUV,Benzin (Turbo),Mahalliy yig‘uv (ADM Jizzax),Yuqori-o‘rta ($25k-$40k),27613,5,138065
2025,Q2,2025-Q2,Qoraqalpog‘iston Res.,Chery,Arrizo 6 Pro,C-Sedan,Benzin (Turbo),Mahalliy yig‘uv (ADM Jizzax),O‘rta ($15k-$25k),21705,3,65115
2025,Q2,2025-Q2,Qoraqalpog‘iston Res.,Chery,Tiggo 8 Pro,Mid-SUV,Benzin (Turbo),Mahalliy yig‘uv (ADM Jizzax),Yuqori-o‘rta ($25k-$40k),34988,1,34988
2025,Q2,2025-Q2,Qoraqalpog‘iston Res.,Haval,Jolion,B-SUV,Benzin (Turbo),Mahalliy yig‘uv (ADM Jizzax),O‘rta ($15k-$25k),24340,3,73020
2025,Q2,2025-Q2,Qoraqalpog‘iston Res.,Haval,M6,C-SUV,Benzin,Mahalliy yig‘uv (ADM Jizzax),O‘rta ($15k-$25k),20564,3,61692
2025,Q2,2025-Q2,Qoraqalpog‘iston Res.,Haval,H6,C-SUV,Benzin (Turbo),Mahalliy yig‘uv (ADM Jizzax),Yuqori-o‘rta ($25k-$40k),31120,4,124480
2025,Q2,2025-Q2,Qoraqalpog‘iston Res.,Kia,Sonet,B-SUV,Benzin,Mahalliy yig‘uv (ADM Jizzax),O‘rta ($15k-$25k),19054,4,76216
2025,Q2,2025-Q2,Qoraqalpog‘iston Res.,Kia,K5,D-Sedan,Benzin,Mahalliy yig‘uv (ADM Jizzax),Yuqori-o‘rta ($25k-$40k),35282,1,35282
2025,Q2,2025-Q2,Qoraqalpog‘iston Res.,Kia,Sportage,C-SUV,Benzin,Mahalliy yig‘uv (ADM Jizzax),Yuqori-o‘rta ($25k-$40k),36952,1,36952
2025,Q2,2025-Q2,Qoraqalpog‘iston Res.,Zeekr,001,E-Shooting Brake,Elektromobil (EV),Import (Xitoy),Premium (>$40k),51291,1,51291
2025,Q2,2025-Q2,Qoraqalpog‘iston Res.,Geely,Monjaro,Mid-SUV,Benzin (Turbo),Import (Xitoy),Yuqori-o‘rta ($25k-$40k),38313,3,114939
2025,Q2,2025-Q2,Qoraqalpog‘iston Res.,Jetour,Dashing,C-SUV,Benzin (Turbo),Import (Xitoy),Yuqori-o‘rta ($25k-$40k),28227,2,56454
2025,Q2,2025-Q2,Qoraqalpog‘iston Res.,Li Auto,L7/L9,Full-SUV,Gibrid (EREV),Import (Xitoy),Premium (>$40k),60859,1,60859
2025,Q3,2025-Q3,Toshkent shahri,Chevrolet,Cobalt,B-Sedan,Benzin,Mahalliy (Asaka),Byudjet (<$15k),12630,674,8512620
2025,Q3,2025-Q3,Toshkent shahri,Chevrolet,Damas,Mini-Van,Benzin,Mahalliy (Pitnak),Byudjet (<$15k),9098,97,882506
2025,Q3,2025-Q3,Toshkent shahri,Chevrolet,Labo,Mini-Truck,Benzin,Mahalliy (Pitnak),Byudjet (<$15k),8599,52,447148
2025,Q3,2025-Q3,Toshkent shahri,Chevrolet,Tracker-2,B-SUV,Benzin (Turbo),Mahalliy (Asaka),O‘rta ($15k-$25k),17382,92,1599144
2025,Q3,2025-Q3,Toshkent shahri,Chevrolet,Onix,B-Sedan,Benzin (Turbo),Mahalliy (Asaka),Byudjet (<$15k),13938,101,1407738
2025,Q3,2025-Q3,Toshkent shahri,Chevrolet,Malibu-2,D-Sedan,Benzin (Turbo),Mahalliy (Asaka),Yuqori-o‘rta ($25k-$40k),36892,31,1143652
2025,Q3,2025-Q3,Toshkent shahri,BYD,Song Plus DM-i,C-SUV,Gibrid (PHEV),Gibrid/Yig‘uv (Jizzax),O‘rta ($15k-$25k),24219,1090,26398710
2025,Q3,2025-Q3,Toshkent shahri,BYD,Chazor (Destroyer 05),C-Sedan,Gibrid (PHEV),Gibrid/Yig‘uv (Jizzax),O‘rta ($15k-$25k),18086,851,15391186
2025,Q3,2025-Q3,Toshkent shahri,BYD,Song Plus EV,C-SUV,Elektromobil (EV),Import (Xitoy),Yuqori-o‘rta ($25k-$40k),27415,128,3509120
2025,Q3,2025-Q3,Toshkent shahri,BYD,Han,E-Sedan,Elektromobil (EV),Import (Xitoy),Yuqori-o‘rta ($25k-$40k),39045,70,2733150
2025,Q3,2025-Q3,Toshkent shahri,BYD,Seagull,A-Hatchback,Elektromobil (EV),Import (Xitoy),Byudjet (<$15k),11242,442,4968964
2025,Q3,2025-Q3,Toshkent shahri,Chery,Tiggo 7 Pro,C-SUV,Benzin (Turbo),Mahalliy yig‘uv (ADM Jizzax),Yuqori-o‘rta ($25k-$40k),27882,82,2286324
2025,Q3,2025-Q3,Toshkent shahri,Chery,Arrizo 6 Pro,C-Sedan,Benzin (Turbo),Mahalliy yig‘uv (ADM Jizzax),O‘rta ($15k-$25k),21908,58,1270664
2025,Q3,2025-Q3,Toshkent shahri,Chery,Tiggo 8 Pro,Mid-SUV,Benzin (Turbo),Mahalliy yig‘uv (ADM Jizzax),Yuqori-o‘rta ($25k-$40k),35063,27,946701
2025,Q3,2025-Q3,Toshkent shahri,Haval,Jolion,B-SUV,Benzin (Turbo),Mahalliy yig‘uv (ADM Jizzax),O‘rta ($15k-$25k),24490,70,1714300
2025,Q3,2025-Q3,Toshkent shahri,Haval,M6,C-SUV,Benzin,Mahalliy yig‘uv (ADM Jizzax),O‘rta ($15k-$25k),20609,71,1463239
2025,Q3,2025-Q3,Toshkent shahri,Haval,H6,C-SUV,Benzin (Turbo),Mahalliy yig‘uv (ADM Jizzax),Yuqori-o‘rta ($25k-$40k),31197,39,1216683
2025,Q3,2025-Q3,Toshkent shahri,Kia,Sonet,B-SUV,Benzin,Mahalliy yig‘uv (ADM Jizzax),O‘rta ($15k-$25k),19247,87,1674489
2025,Q3,2025-Q3,Toshkent shahri,Kia,K5,D-Sedan,Benzin,Mahalliy yig‘uv (ADM Jizzax),Yuqori-o‘rta ($25k-$40k),35393,37,1309541
2025,Q3,2025-Q3,Toshkent shahri,Kia,Sportage,C-SUV,Benzin,Mahalliy yig‘uv (ADM Jizzax),Yuqori-o‘rta ($25k-$40k),36975,28,1035300
2025,Q3,2025-Q3,Toshkent shahri,Zeekr,001,E-Shooting Brake,Elektromobil (EV),Import (Xitoy),Premium (>$40k),51154,31,1585774
2025,Q3,2025-Q3,Toshkent shahri,Geely,Monjaro,Mid-SUV,Benzin (Turbo),Import (Xitoy),Yuqori-o‘rta ($25k-$40k),37974,25,949350
2025,Q3,2025-Q3,Toshkent shahri,Jetour,Dashing,C-SUV,Benzin (Turbo),Import (Xitoy),Yuqori-o‘rta ($25k-$40k),28393,34,965362
2025,Q3,2025-Q3,Toshkent shahri,Li Auto,L7/L9,Full-SUV,Gibrid (EREV),Import (Xitoy),Premium (>$40k),60960,20,1219200
2025,Q3,2025-Q3,Toshkent viloyati,Chevrolet,Cobalt,B-Sedan,Benzin,Mahalliy (Asaka),Byudjet (<$15k),12511,227,2839997
2025,Q3,2025-Q3,Toshkent viloyati,Chevrolet,Damas,Mini-Van,Benzin,Mahalliy (Pitnak),Byudjet (<$15k),9406,200,1881200
2025,Q3,2025-Q3,Toshkent viloyati,Chevrolet,Labo,Mini-Truck,Benzin,Mahalliy (Pitnak),Byudjet (<$15k),8607,95,817665
2025,Q3,2025-Q3,Toshkent viloyati,Chevrolet,Tracker-2,B-SUV,Benzin (Turbo),Mahalliy (Asaka),O‘rta ($15k-$25k),17261,37,638657
2025,Q3,2025-Q3,Toshkent viloyati,Chevrolet,Onix,B-Sedan,Benzin (Turbo),Mahalliy (Asaka),Byudjet (<$15k),14180,40,567200
2025,Q3,2025-Q3,Toshkent viloyati,Chevrolet,Malibu-2,D-Sedan,Benzin (Turbo),Mahalliy (Asaka),Yuqori-o‘rta ($25k-$40k),37079,5,185395
2025,Q3,2025-Q3,Toshkent viloyati,BYD,Song Plus DM-i,C-SUV,Gibrid (PHEV),Gibrid/Yig‘uv (Jizzax),O‘rta ($15k-$25k),24562,167,4101854
2025,Q3,2025-Q3,Toshkent viloyati,BYD,Chazor (Destroyer 05),C-Sedan,Gibrid (PHEV),Gibrid/Yig‘uv (Jizzax),O‘rta ($15k-$25k),18841,113,2129033
2025,Q3,2025-Q3,Toshkent viloyati,BYD,Song Plus EV,C-SUV,Elektromobil (EV),Import (Xitoy),Yuqori-o‘rta ($25k-$40k),27387,25,684675
2025,Q3,2025-Q3,Toshkent viloyati,BYD,Han,E-Sedan,Elektromobil (EV),Import (Xitoy),Yuqori-o‘rta ($25k-$40k),38877,11,427647
2025,Q3,2025-Q3,Toshkent viloyati,BYD,Seagull,A-Hatchback,Elektromobil (EV),Import (Xitoy),Byudjet (<$15k),11042,81,894402
2025,Q3,2025-Q3,Toshkent viloyati,Chery,Tiggo 7 Pro,C-SUV,Benzin (Turbo),Mahalliy yig‘uv (ADM Jizzax),Yuqori-o‘rta ($25k-$40k),27622,32,883904
2025,Q3,2025-Q3,Toshkent viloyati,Chery,Arrizo 6 Pro,C-Sedan,Benzin (Turbo),Mahalliy yig‘uv (ADM Jizzax),O‘rta ($15k-$25k),21932,22,482504
2025,Q3,2025-Q3,Toshkent viloyati,Chery,Tiggo 8 Pro,Mid-SUV,Benzin (Turbo),Mahalliy yig‘uv (ADM Jizzax),Yuqori-o‘rta ($25k-$40k),35011,13,455143
2025,Q3,2025-Q3,Toshkent viloyati,Haval,Jolion,B-SUV,Benzin (Turbo),Mahalliy yig‘uv (ADM Jizzax),O‘rta ($15k-$25k),24419,26,634894
2025,Q3,2025-Q3,Toshkent viloyati,Haval,M6,C-SUV,Benzin,Mahalliy yig‘uv (ADM Jizzax),O‘rta ($15k-$25k),20432,27,551664
2025,Q3,2025-Q3,Toshkent viloyati,Haval,H6,C-SUV,Benzin (Turbo),Mahalliy yig‘uv (ADM Jizzax),Yuqori-o‘rta ($25k-$40k),31240,12,374880
2025,Q3,2025-Q3,Toshkent viloyati,Kia,Sonet,B-SUV,Benzin,Mahalliy yig‘uv (ADM Jizzax),O‘rta ($15k-$25k),19104,33,630432
2025,Q3,2025-Q3,Toshkent viloyati,Kia,K5,D-Sedan,Benzin,Mahalliy yig‘uv (ADM Jizzax),Yuqori-o‘rta ($25k-$40k),35484,13,461292
2025,Q3,2025-Q3,Toshkent viloyati,Kia,Sportage,C-SUV,Benzin,Mahalliy yig‘uv (ADM Jizzax),Yuqori-o‘rta ($25k-$40k),37171,9,334539
2025,Q3,2025-Q3,Toshkent viloyati,Zeekr,001,E-Shooting Brake,Elektromobil (EV),Import (Xitoy),Premium (>$40k),51124,4,204496
2025,Q3,2025-Q3,Toshkent viloyati,Geely,Monjaro,Mid-SUV,Benzin (Turbo),Import (Xitoy),Yuqori-o‘rta ($25k-$40k),38005,10,380050
2025,Q3,2025-Q3,Toshkent viloyati,Jetour,Dashing,C-SUV,Benzin (Turbo),Import (Xitoy),Yuqori-o‘rta ($25k-$40k),28148,13,365924
2025,Q3,2025-Q3,Toshkent viloyati,Li Auto,L7/L9,Full-SUV,Gibrid (EREV),Import (Xitoy),Premium (>$40k),61030,3,183090
2025,Q3,2025-Q3,Samarqand,Chevrolet,Cobalt,B-Sedan,Benzin,Mahalliy (Asaka),Byudjet (<$15k),12421,298,3701458
2025,Q3,2025-Q3,Samarqand,Chevrolet,Damas,Mini-Van,Benzin,Mahalliy (Pitnak),Byudjet (<$15k),9085,154,1399090
2025,Q3,2025-Q3,Samarqand,Chevrolet,Labo,Mini-Truck,Benzin,Mahalliy (Pitnak),Byudjet (<$15k),8660,94,814040
2025,Q3,2025-Q3,Samarqand,Chevrolet,Tracker-2,B-SUV,Benzin (Turbo),Mahalliy (Asaka),O‘rta ($15k-$25k),17395,35,608825
2025,Q3,2025-Q3,Samarqand,Chevrolet,Onix,B-Sedan,Benzin (Turbo),Mahalliy (Asaka),Byudjet (<$15k),13727,39,535353
2025,Q3,2025-Q3,Samarqand,Chevrolet,Malibu-2,D-Sedan,Benzin (Turbo),Mahalliy (Asaka),Yuqori-o‘rta ($25k-$40k),36889,3,110667
2025,Q3,2025-Q3,Samarqand,BYD,Song Plus DM-i,C-SUV,Gibrid (PHEV),Gibrid/Yig‘uv (Jizzax),O‘rta ($15k-$25k),24081,189,4551309
2025,Q3,2025-Q3,Samarqand,BYD,Chazor (Destroyer 05),C-Sedan,Gibrid (PHEV),Gibrid/Yig‘uv (Jizzax),O‘rta ($15k-$25k),18641,149,2777509
2025,Q3,2025-Q3,Samarqand,BYD,Song Plus EV,C-SUV,Elektromobil (EV),Import (Xitoy),Yuqori-o‘rta ($25k-$40k),27149,23,624427
2025,Q3,2025-Q3,Samarqand,BYD,Han,E-Sedan,Elektromobil (EV),Import (Xitoy),Yuqori-o‘rta ($25k-$40k),38453,10,384530
2025,Q3,2025-Q3,Samarqand,BYD,Seagull,A-Hatchback,Elektromobil (EV),Import (Xitoy),Byudjet (<$15k),11519,82,944558
2025,Q3,2025-Q3,Samarqand,Chery,Tiggo 7 Pro,C-SUV,Benzin (Turbo),Mahalliy yig‘uv (ADM Jizzax),Yuqori-o‘rta ($25k-$40k),27862,22,612964
2025,Q3,2025-Q3,Samarqand,Chery,Arrizo 6 Pro,C-Sedan,Benzin (Turbo),Mahalliy yig‘uv (ADM Jizzax),O‘rta ($15k-$25k),21839,26,567814
2025,Q3,2025-Q3,Samarqand,Chery,Tiggo 8 Pro,Mid-SUV,Benzin (Turbo),Mahalliy yig‘uv (ADM Jizzax),Yuqori-o‘rta ($25k-$40k),34768,9,312912
2025,Q3,2025-Q3,Samarqand,Haval,Jolion,B-SUV,Benzin (Turbo),Mahalliy yig‘uv (ADM Jizzax),O‘rta ($15k-$25k),24596,24,590304
2025,Q3,2025-Q3,Samarqand,Haval,M6,C-SUV,Benzin,Mahalliy yig‘uv (ADM Jizzax),O‘rta ($15k-$25k),20457,25,511425
2025,Q3,2025-Q3,Samarqand,Haval,H6,C-SUV,Benzin (Turbo),Mahalliy yig‘uv (ADM Jizzax),Yuqori-o‘rta ($25k-$40k),30990,14,433860
2025,Q3,2025-Q3,Samarqand,Kia,Sonet,B-SUV,Benzin,Mahalliy yig‘uv (ADM Jizzax),O‘rta ($15k-$25k),19190,29,556510
2025,Q3,2025-Q3,Samarqand,Kia,K5,D-Sedan,Benzin,Mahalliy yig‘uv (ADM Jizzax),Yuqori-o‘rta ($25k-$40k),35327,12,423924
2025,Q3,2025-Q3,Samarqand,Kia,Sportage,C-SUV,Benzin,Mahalliy yig‘uv (ADM Jizzax),Yuqori-o‘rta ($25k-$40k),37085,8,296680
2025,Q3,2025-Q3,Samarqand,Zeekr,001,E-Shooting Brake,Elektromobil (EV),Import (Xitoy),Premium (>$40k),51335,4,205340
2025,Q3,2025-Q3,Samarqand,Geely,Monjaro,Mid-SUV,Benzin (Turbo),Import (Xitoy),Yuqori-o‘rta ($25k-$40k),38203,10,382030
2025,Q3,2025-Q3,Samarqand,Jetour,Dashing,C-SUV,Benzin (Turbo),Import (Xitoy),Yuqori-o‘rta ($25k-$40k),28375,11,312125
2025,Q3,2025-Q3,Samarqand,Li Auto,L7/L9,Full-SUV,Gibrid (EREV),Import (Xitoy),Premium (>$40k),61067,4,244268
2025,Q3,2025-Q3,Farg‘ona,Chevrolet,Cobalt,B-Sedan,Benzin,Mahalliy (Asaka),Byudjet (<$15k),12356,210,2594760
2025,Q3,2025-Q3,Farg‘ona,Chevrolet,Damas,Mini-Van,Benzin,Mahalliy (Pitnak),Byudjet (<$15k),9407,347,3264229
2025,Q3,2025-Q3,Farg‘ona,Chevrolet,Labo,Mini-Truck,Benzin,Mahalliy (Pitnak),Byudjet (<$15k),8605,201,1729605
2025,Q3,2025-Q3,Farg‘ona,Chevrolet,Tracker-2,B-SUV,Benzin (Turbo),Mahalliy (Asaka),O‘rta ($15k-$25k),16932,29,491028
2025,Q3,2025-Q3,Farg‘ona,Chevrolet,Onix,B-Sedan,Benzin (Turbo),Mahalliy (Asaka),Byudjet (<$15k),13992,29,405768
2025,Q3,2025-Q3,Farg‘ona,Chevrolet,Malibu-2,D-Sedan,Benzin (Turbo),Mahalliy (Asaka),Yuqori-o‘rta ($25k-$40k),37139,5,185695
2025,Q3,2025-Q3,Farg‘ona,BYD,Song Plus DM-i,C-SUV,Gibrid (PHEV),Gibrid/Yig‘uv (Jizzax),O‘rta ($15k-$25k),24308,147,3573276
2025,Q3,2025-Q3,Farg‘ona,BYD,Chazor (Destroyer 05),C-Sedan,Gibrid (PHEV),Gibrid/Yig‘uv (Jizzax),O‘rta ($15k-$25k),18659,106,1977854
2025,Q3,2025-Q3,Farg‘ona,BYD,Song Plus EV,C-SUV,Elektromobil (EV),Import (Xitoy),Yuqori-o‘rta ($25k-$40k),27327,8,218616
2025,Q3,2025-Q3,Farg‘ona,BYD,Han,E-Sedan,Elektromobil (EV),Import (Xitoy),Yuqori-o‘rta ($25k-$40k),39009,3,117027
2025,Q3,2025-Q3,Farg‘ona,BYD,Seagull,A-Hatchback,Elektromobil (EV),Import (Xitoy),Byudjet (<$15k),11566,27,312282
2025,Q3,2025-Q3,Farg‘ona,Chery,Tiggo 7 Pro,C-SUV,Benzin (Turbo),Mahalliy yig‘uv (ADM Jizzax),Yuqori-o‘rta ($25k-$40k),27817,24,667608
2025,Q3,2025-Q3,Farg‘ona,Chery,Arrizo 6 Pro,C-Sedan,Benzin (Turbo),Mahalliy yig‘uv (ADM Jizzax),O‘rta ($15k-$25k),21688,22,477136
2025,Q3,2025-Q3,Farg‘ona,Chery,Tiggo 8 Pro,Mid-SUV,Benzin (Turbo),Mahalliy yig‘uv (ADM Jizzax),Yuqori-o‘rta ($25k-$40k),34804,11,382844
2025,Q3,2025-Q3,Farg‘ona,Haval,Jolion,B-SUV,Benzin (Turbo),Mahalliy yig‘uv (ADM Jizzax),O‘rta ($15k-$25k),24490,22,538780
2025,Q3,2025-Q3,Farg‘ona,Haval,M6,C-SUV,Benzin,Mahalliy yig‘uv (ADM Jizzax),O‘rta ($15k-$25k),20441,26,531466
2025,Q3,2025-Q3,Farg‘ona,Haval,H6,C-SUV,Benzin (Turbo),Mahalliy yig‘uv (ADM Jizzax),Yuqori-o‘rta ($25k-$40k),31213,10,312130
2025,Q3,2025-Q3,Farg‘ona,Kia,Sonet,B-SUV,Benzin,Mahalliy yig‘uv (ADM Jizzax),O‘rta ($15k-$25k),18894,27,510138
2025,Q3,2025-Q3,Farg‘ona,Kia,K5,D-Sedan,Benzin,Mahalliy yig‘uv (ADM Jizzax),Yuqori-o‘rta ($25k-$40k),35476,12,425712
2025,Q3,2025-Q3,Farg‘ona,Kia,Sportage,C-SUV,Benzin,Mahalliy yig‘uv (ADM Jizzax),Yuqori-o‘rta ($25k-$40k),36936,7,258552
2025,Q3,2025-Q3,Farg‘ona,Zeekr,001,E-Shooting Brake,Elektromobil (EV),Import (Xitoy),Premium (>$40k),51392,1,51392
2025,Q3,2025-Q3,Farg‘ona,Geely,Monjaro,Mid-SUV,Benzin (Turbo),Import (Xitoy),Yuqori-o‘rta ($25k-$40k),38150,10,381500
2025,Q3,2025-Q3,Farg‘ona,Jetour,Dashing,C-SUV,Benzin (Turbo),Import (Xitoy),Yuqori-o‘rta ($25k-$40k),28150,12,337800
2025,Q3,2025-Q3,Farg‘ona,Li Auto,L7/L9,Full-SUV,Gibrid (EREV),Import (Xitoy),Premium (>$40k),61126,2,122252
2025,Q3,2025-Q3,Andijon,Chevrolet,Cobalt,B-Sedan,Benzin,Mahalliy (Asaka),Byudjet (<$15k),12640,180,2275200
2025,Q3,2025-Q3,Andijon,Chevrolet,Damas,Mini-Van,Benzin,Mahalliy (Pitnak),Byudjet (<$15k),9437,312,2944344
2025,Q3,2025-Q3,Andijon,Chevrolet,Labo,Mini-Truck,Benzin,Mahalliy (Pitnak),Byudjet (<$15k),8698,148,1287304
2025,Q3,2025-Q3,Andijon,Chevrolet,Tracker-2,B-SUV,Benzin (Turbo),Mahalliy (Asaka),O‘rta ($15k-$25k),17375,28,486500
2025,Q3,2025-Q3,Andijon,Chevrolet,Onix,B-Sedan,Benzin (Turbo),Mahalliy (Asaka),Byudjet (<$15k),13968,29,405072
2025,Q3,2025-Q3,Andijon,Chevrolet,Malibu-2,D-Sedan,Benzin (Turbo),Mahalliy (Asaka),Yuqori-o‘rta ($25k-$40k),37191,2,74382
2025,Q3,2025-Q3,Andijon,BYD,Song Plus DM-i,C-SUV,Gibrid (PHEV),Gibrid/Yig‘uv (Jizzax),O‘rta ($15k-$25k),24279,133,3229107
2025,Q3,2025-Q3,Andijon,BYD,Chazor (Destroyer 05),C-Sedan,Gibrid (PHEV),Gibrid/Yig‘uv (Jizzax),O‘rta ($15k-$25k),18670,75,1400250
2025,Q3,2025-Q3,Andijon,BYD,Song Plus EV,C-SUV,Elektromobil (EV),Import (Xitoy),Yuqori-o‘rta ($25k-$40k),27598,7,193186
2025,Q3,2025-Q3,Andijon,BYD,Han,E-Sedan,Elektromobil (EV),Import (Xitoy),Yuqori-o‘rta ($25k-$40k),38865,2,77730
2025,Q3,2025-Q3,Andijon,BYD,Seagull,A-Hatchback,Elektromobil (EV),Import (Xitoy),Byudjet (<$15k),11544,24,277056
2025,Q3,2025-Q3,Andijon,Chery,Tiggo 7 Pro,C-SUV,Benzin (Turbo),Mahalliy yig‘uv (ADM Jizzax),Yuqori-o‘rta ($25k-$40k),27614,27,745578
2025,Q3,2025-Q3,Andijon,Chery,Arrizo 6 Pro,C-Sedan,Benzin (Turbo),Mahalliy yig‘uv (ADM Jizzax),O‘rta ($15k-$25k),21984,21,461664
2025,Q3,2025-Q3,Andijon,Chery,Tiggo 8 Pro,Mid-SUV,Benzin (Turbo),Mahalliy yig‘uv (ADM Jizzax),Yuqori-o‘rta ($25k-$40k),34948,8,279584
2025,Q3,2025-Q3,Andijon,Haval,Jolion,B-SUV,Benzin (Turbo),Mahalliy yig‘uv (ADM Jizzax),O‘rta ($15k-$25k),24330,19,462270
2025,Q3,2025-Q3,Andijon,Haval,M6,C-SUV,Benzin,Mahalliy yig‘uv (ADM Jizzax),O‘rta ($15k-$25k),20644,20,412880
2025,Q3,2025-Q3,Andijon,Haval,H6,C-SUV,Benzin (Turbo),Mahalliy yig‘uv (ADM Jizzax),Yuqori-o‘rta ($25k-$40k),31002,9,279018
2025,Q3,2025-Q3,Andijon,Kia,Sonet,B-SUV,Benzin,Mahalliy yig‘uv (ADM Jizzax),O‘rta ($15k-$25k),18925,24,454200
2025,Q3,2025-Q3,Andijon,Kia,K5,D-Sedan,Benzin,Mahalliy yig‘uv (ADM Jizzax),Yuqori-o‘rta ($25k-$40k),35292,9,317628
2025,Q3,2025-Q3,Andijon,Kia,Sportage,C-SUV,Benzin,Mahalliy yig‘uv (ADM Jizzax),Yuqori-o‘rta ($25k-$40k),36943,7,258601
2025,Q3,2025-Q3,Andijon,Zeekr,001,E-Shooting Brake,Elektromobil (EV),Import (Xitoy),Premium (>$40k),51091,2,102182
2025,Q3,2025-Q3,Andijon,Geely,Monjaro,Mid-SUV,Benzin (Turbo),Import (Xitoy),Yuqori-o‘rta ($25k-$40k),38212,8,305696
2025,Q3,2025-Q3,Andijon,Jetour,Dashing,C-SUV,Benzin (Turbo),Import (Xitoy),Yuqori-o‘rta ($25k-$40k),28158,8,225264
2025,Q3,2025-Q3,Andijon,Li Auto,L7/L9,Full-SUV,Gibrid (EREV),Import (Xitoy),Premium (>$40k),61104,1,61104
2025,Q3,2025-Q3,Namangan,Chevrolet,Cobalt,B-Sedan,Benzin,Mahalliy (Asaka),Byudjet (<$15k),12640,151,1908640
2025,Q3,2025-Q3,Namangan,Chevrolet,Damas,Mini-Van,Benzin,Mahalliy (Pitnak),Byudjet (<$15k),9310,267,2485770
2025,Q3,2025-Q3,Namangan,Chevrolet,Labo,Mini-Truck,Benzin,Mahalliy (Pitnak),Byudjet (<$15k),8529,153,1304937
2025,Q3,2025-Q3,Namangan,Chevrolet,Tracker-2,B-SUV,Benzin (Turbo),Mahalliy (Asaka),O‘rta ($15k-$25k),17063,24,409512
2025,Q3,2025-Q3,Namangan,Chevrolet,Onix,B-Sedan,Benzin (Turbo),Mahalliy (Asaka),Byudjet (<$15k),13821,22,304062
2025,Q3,2025-Q3,Namangan,Chevrolet,Malibu-2,D-Sedan,Benzin (Turbo),Mahalliy (Asaka),Yuqori-o‘rta ($25k-$40k),37124,1,37124
2025,Q3,2025-Q3,Namangan,BYD,Song Plus DM-i,C-SUV,Gibrid (PHEV),Gibrid/Yig‘uv (Jizzax),O‘rta ($15k-$25k),24275,107,2597425
2025,Q3,2025-Q3,Namangan,BYD,Chazor (Destroyer 05),C-Sedan,Gibrid (PHEV),Gibrid/Yig‘uv (Jizzax),O‘rta ($15k-$25k),18435,75,1382625
2025,Q3,2025-Q3,Namangan,BYD,Song Plus EV,C-SUV,Elektromobil (EV),Import (Xitoy),Yuqori-o‘rta ($25k-$40k),27445,5,137225
2025,Q3,2025-Q3,Namangan,BYD,Han,E-Sedan,Elektromobil (EV),Import (Xitoy),Yuqori-o‘rta ($25k-$40k),38781,2,77562
2025,Q3,2025-Q3,Namangan,BYD,Seagull,A-Hatchback,Elektromobil (EV),Import (Xitoy),Byudjet (<$15k),11446,20,228920
2025,Q3,2025-Q3,Namangan,Chery,Tiggo 7 Pro,C-SUV,Benzin (Turbo),Mahalliy yig‘uv (ADM Jizzax),Yuqori-o‘rta ($25k-$40k),27656,19,525464
2025,Q3,2025-Q3,Namangan,Chery,Arrizo 6 Pro,C-Sedan,Benzin (Turbo),Mahalliy yig‘uv (ADM Jizzax),O‘rta ($15k-$25k),21998,16,351968
2025,Q3,2025-Q3,Namangan,Chery,Tiggo 8 Pro,Mid-SUV,Benzin (Turbo),Mahalliy yig‘uv (ADM Jizzax),Yuqori-o‘rta ($25k-$40k),34732,6,208392
2025,Q3,2025-Q3,Namangan,Haval,Jolion,B-SUV,Benzin (Turbo),Mahalliy yig‘uv (ADM Jizzax),O‘rta ($15k-$25k),24404,18,439272
2025,Q3,2025-Q3,Namangan,Haval,M6,C-SUV,Benzin,Mahalliy yig‘uv (ADM Jizzax),O‘rta ($15k-$25k),20307,19,385833
2025,Q3,2025-Q3,Namangan,Haval,H6,C-SUV,Benzin (Turbo),Mahalliy yig‘uv (ADM Jizzax),Yuqori-o‘rta ($25k-$40k),31005,9,279045
2025,Q3,2025-Q3,Namangan,Kia,Sonet,B-SUV,Benzin,Mahalliy yig‘uv (ADM Jizzax),O‘rta ($15k-$25k),18982,19,360658
2025,Q3,2025-Q3,Namangan,Kia,K5,D-Sedan,Benzin,Mahalliy yig‘uv (ADM Jizzax),Yuqori-o‘rta ($25k-$40k),35389,9,318501
2025,Q3,2025-Q3,Namangan,Kia,Sportage,C-SUV,Benzin,Mahalliy yig‘uv (ADM Jizzax),Yuqori-o‘rta ($25k-$40k),37201,7,260407
2025,Q3,2025-Q3,Namangan,Zeekr,001,E-Shooting Brake,Elektromobil (EV),Import (Xitoy),Premium (>$40k),51319,2,102638
2025,Q3,2025-Q3,Namangan,Geely,Monjaro,Mid-SUV,Benzin (Turbo),Import (Xitoy),Yuqori-o‘rta ($25k-$40k),38217,7,267519
2025,Q3,2025-Q3,Namangan,Jetour,Dashing,C-SUV,Benzin (Turbo),Import (Xitoy),Yuqori-o‘rta ($25k-$40k),28516,9,256644
2025,Q3,2025-Q3,Namangan,Li Auto,L7/L9,Full-SUV,Gibrid (EREV),Import (Xitoy),Premium (>$40k),60980,1,60980
2025,Q3,2025-Q3,Buxoro,Chevrolet,Cobalt,B-Sedan,Benzin,Mahalliy (Asaka),Byudjet (<$15k),12704,163,2070752
2025,Q3,2025-Q3,Buxoro,Chevrolet,Damas,Mini-Van,Benzin,Mahalliy (Pitnak),Byudjet (<$15k),9291,90,836190
2025,Q3,2025-Q3,Buxoro,Chevrolet,Labo,Mini-Truck,Benzin,Mahalliy (Pitnak),Byudjet (<$15k),8908,54,481032
2025,Q3,2025-Q3,Buxoro,Chevrolet,Tracker-2,B-SUV,Benzin (Turbo),Mahalliy (Asaka),O‘rta ($15k-$25k),17176,22,377872
2025,Q3,2025-Q3,Buxoro,Chevrolet,Onix,B-Sedan,Benzin (Turbo),Mahalliy (Asaka),Byudjet (<$15k),14001,22,308022
2025,Q3,2025-Q3,Buxoro,Chevrolet,Malibu-2,D-Sedan,Benzin (Turbo),Mahalliy (Asaka),Yuqori-o‘rta ($25k-$40k),37102,3,111306
2025,Q3,2025-Q3,Buxoro,BYD,Song Plus DM-i,C-SUV,Gibrid (PHEV),Gibrid/Yig‘uv (Jizzax),O‘rta ($15k-$25k),24457,108,2641356
2025,Q3,2025-Q3,Buxoro,BYD,Chazor (Destroyer 05),C-Sedan,Gibrid (PHEV),Gibrid/Yig‘uv (Jizzax),O‘rta ($15k-$25k),18356,101,1853956
2025,Q3,2025-Q3,Buxoro,BYD,Song Plus EV,C-SUV,Elektromobil (EV),Import (Xitoy),Yuqori-o‘rta ($25k-$40k),27502,15,412530
2025,Q3,2025-Q3,Buxoro,BYD,Han,E-Sedan,Elektromobil (EV),Import (Xitoy),Yuqori-o‘rta ($25k-$40k),38788,5,193940
2025,Q3,2025-Q3,Buxoro,BYD,Seagull,A-Hatchback,Elektromobil (EV),Import (Xitoy),Byudjet (<$15k),11290,40,451600
2025,Q3,2025-Q3,Buxoro,Chery,Tiggo 7 Pro,C-SUV,Benzin (Turbo),Mahalliy yig‘uv (ADM Jizzax),Yuqori-o‘rta ($25k-$40k),27978,18,503604
2025,Q3,2025-Q3,Buxoro,Chery,Arrizo 6 Pro,C-Sedan,Benzin (Turbo),Mahalliy yig‘uv (ADM Jizzax),O‘rta ($15k-$25k),21719,13,282347
2025,Q3,2025-Q3,Buxoro,Chery,Tiggo 8 Pro,Mid-SUV,Benzin (Turbo),Mahalliy yig‘uv (ADM Jizzax),Yuqori-o‘rta ($25k-$40k),34749,7,243243
2025,Q3,2025-Q3,Buxoro,Haval,Jolion,B-SUV,Benzin (Turbo),Mahalliy yig‘uv (ADM Jizzax),O‘rta ($15k-$25k),24622,14,344708
2025,Q3,2025-Q3,Buxoro,Haval,M6,C-SUV,Benzin,Mahalliy yig‘uv (ADM Jizzax),O‘rta ($15k-$25k),20442,17,347514
2025,Q3,2025-Q3,Buxoro,Haval,H6,C-SUV,Benzin (Turbo),Mahalliy yig‘uv (ADM Jizzax),Yuqori-o‘rta ($25k-$40k),31229,7,218603
2025,Q3,2025-Q3,Buxoro,Kia,Sonet,B-SUV,Benzin,Mahalliy yig‘uv (ADM Jizzax),O‘rta ($15k-$25k),18939,16,303024
2025,Q3,2025-Q3,Buxoro,Kia,K5,D-Sedan,Benzin,Mahalliy yig‘uv (ADM Jizzax),Yuqori-o‘rta ($25k-$40k),35540,7,248780
2025,Q3,2025-Q3,Buxoro,Kia,Sportage,C-SUV,Benzin,Mahalliy yig‘uv (ADM Jizzax),Yuqori-o‘rta ($25k-$40k),37106,2,74212
2025,Q3,2025-Q3,Buxoro,Zeekr,001,E-Shooting Brake,Elektromobil (EV),Import (Xitoy),Premium (>$40k),51141,3,153423
2025,Q3,2025-Q3,Buxoro,Geely,Monjaro,Mid-SUV,Benzin (Turbo),Import (Xitoy),Yuqori-o‘rta ($25k-$40k),38270,6,229620
2025,Q3,2025-Q3,Buxoro,Jetour,Dashing,C-SUV,Benzin (Turbo),Import (Xitoy),Yuqori-o‘rta ($25k-$40k),28439,8,227512
2025,Q3,2025-Q3,Buxoro,Li Auto,L7/L9,Full-SUV,Gibrid (EREV),Import (Xitoy),Premium (>$40k),60975,4,243900
2025,Q3,2025-Q3,Qashqadaryo,Chevrolet,Cobalt,B-Sedan,Benzin,Mahalliy (Asaka),Byudjet (<$15k),12587,94,1183178
2025,Q3,2025-Q3,Qashqadaryo,Chevrolet,Damas,Mini-Van,Benzin,Mahalliy (Pitnak),Byudjet (<$15k),9286,92,854312
2025,Q3,2025-Q3,Qashqadaryo,Chevrolet,Labo,Mini-Truck,Benzin,Mahalliy (Pitnak),Byudjet (<$15k),8679,51,442629
2025,Q3,2025-Q3,Qashqadaryo,Chevrolet,Tracker-2,B-SUV,Benzin (Turbo),Mahalliy (Asaka),O‘rta ($15k-$25k),16965,16,271440
2025,Q3,2025-Q3,Qashqadaryo,Chevrolet,Onix,B-Sedan,Benzin (Turbo),Mahalliy (Asaka),Byudjet (<$15k),14092,18,253656
2025,Q3,2025-Q3,Qashqadaryo,Chevrolet,Malibu-2,D-Sedan,Benzin (Turbo),Mahalliy (Asaka),Yuqori-o‘rta ($25k-$40k),37205,3,111615
2025,Q3,2025-Q3,Qashqadaryo,BYD,Song Plus DM-i,C-SUV,Gibrid (PHEV),Gibrid/Yig‘uv (Jizzax),O‘rta ($15k-$25k),23816,77,1833832
2025,Q3,2025-Q3,Qashqadaryo,BYD,Chazor (Destroyer 05),C-Sedan,Gibrid (PHEV),Gibrid/Yig‘uv (Jizzax),O‘rta ($15k-$25k),18147,56,1016232
2025,Q3,2025-Q3,Qashqadaryo,BYD,Song Plus EV,C-SUV,Elektromobil (EV),Import (Xitoy),Yuqori-o‘rta ($25k-$40k),27187,11,299057
2025,Q3,2025-Q3,Qashqadaryo,BYD,Han,E-Sedan,Elektromobil (EV),Import (Xitoy),Yuqori-o‘rta ($25k-$40k),38969,6,233814
2025,Q3,2025-Q3,Qashqadaryo,BYD,Seagull,A-Hatchback,Elektromobil (EV),Import (Xitoy),Byudjet (<$15k),11193,35,391755
2025,Q3,2025-Q3,Qashqadaryo,Chery,Tiggo 7 Pro,C-SUV,Benzin (Turbo),Mahalliy yig‘uv (ADM Jizzax),Yuqori-o‘rta ($25k-$40k),27777,15,416655
2025,Q3,2025-Q3,Qashqadaryo,Chery,Arrizo 6 Pro,C-Sedan,Benzin (Turbo),Mahalliy yig‘uv (ADM Jizzax),O‘rta ($15k-$25k),21959,11,241549
2025,Q3,2025-Q3,Qashqadaryo,Chery,Tiggo 8 Pro,Mid-SUV,Benzin (Turbo),Mahalliy yig‘uv (ADM Jizzax),Yuqori-o‘rta ($25k-$40k),34739,3,104217
2025,Q3,2025-Q3,Qashqadaryo,Haval,Jolion,B-SUV,Benzin (Turbo),Mahalliy yig‘uv (ADM Jizzax),O‘rta ($15k-$25k),24694,14,345716
2025,Q3,2025-Q3,Qashqadaryo,Haval,M6,C-SUV,Benzin,Mahalliy yig‘uv (ADM Jizzax),O‘rta ($15k-$25k),20312,14,284368
2025,Q3,2025-Q3,Qashqadaryo,Haval,H6,C-SUV,Benzin (Turbo),Mahalliy yig‘uv (ADM Jizzax),Yuqori-o‘rta ($25k-$40k),30959,6,185754
2025,Q3,2025-Q3,Qashqadaryo,Kia,Sonet,B-SUV,Benzin,Mahalliy yig‘uv (ADM Jizzax),O‘rta ($15k-$25k),19235,16,307760
2025,Q3,2025-Q3,Qashqadaryo,Kia,K5,D-Sedan,Benzin,Mahalliy yig‘uv (ADM Jizzax),Yuqori-o‘rta ($25k-$40k),35386,5,176930
2025,Q3,2025-Q3,Qashqadaryo,Kia,Sportage,C-SUV,Benzin,Mahalliy yig‘uv (ADM Jizzax),Yuqori-o‘rta ($25k-$40k),36901,5,184505
2025,Q3,2025-Q3,Qashqadaryo,Zeekr,001,E-Shooting Brake,Elektromobil (EV),Import (Xitoy),Premium (>$40k),51360,2,102720
2025,Q3,2025-Q3,Qashqadaryo,Geely,Monjaro,Mid-SUV,Benzin (Turbo),Import (Xitoy),Yuqori-o‘rta ($25k-$40k),38074,6,228444
2025,Q3,2025-Q3,Qashqadaryo,Jetour,Dashing,C-SUV,Benzin (Turbo),Import (Xitoy),Yuqori-o‘rta ($25k-$40k),28444,6,170664
2025,Q3,2025-Q3,Qashqadaryo,Li Auto,L7/L9,Full-SUV,Gibrid (EREV),Import (Xitoy),Premium (>$40k),60963,2,121926
2025,Q3,2025-Q3,Xorazm,Chevrolet,Cobalt,B-Sedan,Benzin,Mahalliy (Asaka),Byudjet (<$15k),12609,91,1147419
2025,Q3,2025-Q3,Xorazm,Chevrolet,Damas,Mini-Van,Benzin,Mahalliy (Pitnak),Byudjet (<$15k),9270,155,1436850
2025,Q3,2025-Q3,Xorazm,Chevrolet,Labo,Mini-Truck,Benzin,Mahalliy (Pitnak),Byudjet (<$15k),8612,87,749244
2025,Q3,2025-Q3,Xorazm,Chevrolet,Tracker-2,B-SUV,Benzin (Turbo),Mahalliy (Asaka),O‘rta ($15k-$25k),16841,13,218933
2025,Q3,2025-Q3,Xorazm,Chevrolet,Onix,B-Sedan,Benzin (Turbo),Mahalliy (Asaka),Byudjet (<$15k),13714,14,191996
2025,Q3,2025-Q3,Xorazm,Chevrolet,Malibu-2,D-Sedan,Benzin (Turbo),Mahalliy (Asaka),Yuqori-o‘rta ($25k-$40k),37224,2,74448
2025,Q3,2025-Q3,Xorazm,BYD,Song Plus DM-i,C-SUV,Gibrid (PHEV),Gibrid/Yig‘uv (Jizzax),O‘rta ($15k-$25k),23823,56,1334088
2025,Q3,2025-Q3,Xorazm,BYD,Chazor (Destroyer 05),C-Sedan,Gibrid (PHEV),Gibrid/Yig‘uv (Jizzax),O‘rta ($15k-$25k),18619,41,763379
2025,Q3,2025-Q3,Xorazm,BYD,Song Plus EV,C-SUV,Elektromobil (EV),Import (Xitoy),Yuqori-o‘rta ($25k-$40k),26899,4,107596
2025,Q3,2025-Q3,Xorazm,BYD,Han,E-Sedan,Elektromobil (EV),Import (Xitoy),Yuqori-o‘rta ($25k-$40k),38322,2,76644
2025,Q3,2025-Q3,Xorazm,BYD,Seagull,A-Hatchback,Elektromobil (EV),Import (Xitoy),Byudjet (<$15k),11471,13,149123
2025,Q3,2025-Q3,Xorazm,Chery,Tiggo 7 Pro,C-SUV,Benzin (Turbo),Mahalliy yig‘uv (ADM Jizzax),Yuqori-o‘rta ($25k-$40k),27730,12,332760
2025,Q3,2025-Q3,Xorazm,Chery,Arrizo 6 Pro,C-Sedan,Benzin (Turbo),Mahalliy yig‘uv (ADM Jizzax),O‘rta ($15k-$25k),21753,8,174024
2025,Q3,2025-Q3,Xorazm,Chery,Tiggo 8 Pro,Mid-SUV,Benzin (Turbo),Mahalliy yig‘uv (ADM Jizzax),Yuqori-o‘rta ($25k-$40k),34888,4,139552
2025,Q3,2025-Q3,Xorazm,Haval,Jolion,B-SUV,Benzin (Turbo),Mahalliy yig‘uv (ADM Jizzax),O‘rta ($15k-$25k),24444,9,219996
2025,Q3,2025-Q3,Xorazm,Haval,M6,C-SUV,Benzin,Mahalliy yig‘uv (ADM Jizzax),O‘rta ($15k-$25k),20406,12,244872
2025,Q3,2025-Q3,Xorazm,Haval,H6,C-SUV,Benzin (Turbo),Mahalliy yig‘uv (ADM Jizzax),Yuqori-o‘rta ($25k-$40k),31121,4,124484
2025,Q3,2025-Q3,Xorazm,Kia,Sonet,B-SUV,Benzin,Mahalliy yig‘uv (ADM Jizzax),O‘rta ($15k-$25k),18963,10,189630
2025,Q3,2025-Q3,Xorazm,Kia,K5,D-Sedan,Benzin,Mahalliy yig‘uv (ADM Jizzax),Yuqori-o‘rta ($25k-$40k),35404,5,177020
2025,Q3,2025-Q3,Xorazm,Kia,Sportage,C-SUV,Benzin,Mahalliy yig‘uv (ADM Jizzax),Yuqori-o‘rta ($25k-$40k),36869,5,184345
2025,Q3,2025-Q3,Xorazm,Zeekr,001,E-Shooting Brake,Elektromobil (EV),Import (Xitoy),Premium (>$40k),51184,1,51184
2025,Q3,2025-Q3,Xorazm,Geely,Monjaro,Mid-SUV,Benzin (Turbo),Import (Xitoy),Yuqori-o‘rta ($25k-$40k),38197,4,152788
2025,Q3,2025-Q3,Xorazm,Jetour,Dashing,C-SUV,Benzin (Turbo),Import (Xitoy),Yuqori-o‘rta ($25k-$40k),28490,5,142450
2025,Q3,2025-Q3,Xorazm,Li Auto,L7/L9,Full-SUV,Gibrid (EREV),Import (Xitoy),Premium (>$40k),60982,2,121964
2025,Q3,2025-Q3,Surxondaryo,Chevrolet,Cobalt,B-Sedan,Benzin,Mahalliy (Asaka),Byudjet (<$15k),12446,100,1244600
2025,Q3,2025-Q3,Surxondaryo,Chevrolet,Damas,Mini-Van,Benzin,Mahalliy (Pitnak),Byudjet (<$15k),9270,65,602550
2025,Q3,2025-Q3,Surxondaryo,Chevrolet,Labo,Mini-Truck,Benzin,Mahalliy (Pitnak),Byudjet (<$15k),8794,44,386936
2025,Q3,2025-Q3,Surxondaryo,Chevrolet,Tracker-2,B-SUV,Benzin (Turbo),Mahalliy (Asaka),O‘rta ($15k-$25k),17259,13,224367
2025,Q3,2025-Q3,Surxondaryo,Chevrolet,Onix,B-Sedan,Benzin (Turbo),Mahalliy (Asaka),Byudjet (<$15k),14046,15,210690
2025,Q3,2025-Q3,Surxondaryo,Chevrolet,Malibu-2,D-Sedan,Benzin (Turbo),Mahalliy (Asaka),Yuqori-o‘rta ($25k-$40k),37243,1,37243
2025,Q3,2025-Q3,Surxondaryo,BYD,Song Plus DM-i,C-SUV,Gibrid (PHEV),Gibrid/Yig‘uv (Jizzax),O‘rta ($15k-$25k),24423,59,1440957
2025,Q3,2025-Q3,Surxondaryo,BYD,Chazor (Destroyer 05),C-Sedan,Gibrid (PHEV),Gibrid/Yig‘uv (Jizzax),O‘rta ($15k-$25k),18615,44,819060
2025,Q3,2025-Q3,Surxondaryo,BYD,Song Plus EV,C-SUV,Elektromobil (EV),Import (Xitoy),Yuqori-o‘rta ($25k-$40k),27500,7,192500
2025,Q3,2025-Q3,Surxondaryo,BYD,Han,E-Sedan,Elektromobil (EV),Import (Xitoy),Yuqori-o‘rta ($25k-$40k),38747,3,116241
2025,Q3,2025-Q3,Surxondaryo,BYD,Seagull,A-Hatchback,Elektromobil (EV),Import (Xitoy),Byudjet (<$15k),11584,28,324352
2025,Q3,2025-Q3,Surxondaryo,Chery,Tiggo 7 Pro,C-SUV,Benzin (Turbo),Mahalliy yig‘uv (ADM Jizzax),Yuqori-o‘rta ($25k-$40k),27799,10,277990
2025,Q3,2025-Q3,Surxondaryo,Chery,Arrizo 6 Pro,C-Sedan,Benzin (Turbo),Mahalliy yig‘uv (ADM Jizzax),O‘rta ($15k-$25k),21746,9,195714
2025,Q3,2025-Q3,Surxondaryo,Chery,Tiggo 8 Pro,Mid-SUV,Benzin (Turbo),Mahalliy yig‘uv (ADM Jizzax),Yuqori-o‘rta ($25k-$40k),34947,4,139788
2025,Q3,2025-Q3,Surxondaryo,Haval,Jolion,B-SUV,Benzin (Turbo),Mahalliy yig‘uv (ADM Jizzax),O‘rta ($15k-$25k),24543,7,171801
2025,Q3,2025-Q3,Surxondaryo,Haval,M6,C-SUV,Benzin,Mahalliy yig‘uv (ADM Jizzax),O‘rta ($15k-$25k),20588,11,226468
2025,Q3,2025-Q3,Surxondaryo,Haval,H6,C-SUV,Benzin (Turbo),Mahalliy yig‘uv (ADM Jizzax),Yuqori-o‘rta ($25k-$40k),31059,4,124236
2025,Q3,2025-Q3,Surxondaryo,Kia,Sonet,B-SUV,Benzin,Mahalliy yig‘uv (ADM Jizzax),O‘rta ($15k-$25k),18981,12,227772
2025,Q3,2025-Q3,Surxondaryo,Kia,K5,D-Sedan,Benzin,Mahalliy yig‘uv (ADM Jizzax),Yuqori-o‘rta ($25k-$40k),35576,5,177880
2025,Q3,2025-Q3,Surxondaryo,Kia,Sportage,C-SUV,Benzin,Mahalliy yig‘uv (ADM Jizzax),Yuqori-o‘rta ($25k-$40k),37239,2,74478
2025,Q3,2025-Q3,Surxondaryo,Zeekr,001,E-Shooting Brake,Elektromobil (EV),Import (Xitoy),Premium (>$40k),51399,1,51399
2025,Q3,2025-Q3,Surxondaryo,Geely,Monjaro,Mid-SUV,Benzin (Turbo),Import (Xitoy),Yuqori-o‘rta ($25k-$40k),37962,3,113886
2025,Q3,2025-Q3,Surxondaryo,Jetour,Dashing,C-SUV,Benzin (Turbo),Import (Xitoy),Yuqori-o‘rta ($25k-$40k),28285,4,113140
2025,Q3,2025-Q3,Surxondaryo,Li Auto,L7/L9,Full-SUV,Gibrid (EREV),Import (Xitoy),Premium (>$40k),60998,2,121996
2025,Q3,2025-Q3,Navoiy,Chevrolet,Cobalt,B-Sedan,Benzin,Mahalliy (Asaka),Byudjet (<$15k),12611,49,617939
2025,Q3,2025-Q3,Navoiy,Chevrolet,Damas,Mini-Van,Benzin,Mahalliy (Pitnak),Byudjet (<$15k),9078,51,462978
2025,Q3,2025-Q3,Navoiy,Chevrolet,Labo,Mini-Truck,Benzin,Mahalliy (Pitnak),Byudjet (<$15k),8643,28,242004
2025,Q3,2025-Q3,Navoiy,Chevrolet,Tracker-2,B-SUV,Benzin (Turbo),Mahalliy (Asaka),O‘rta ($15k-$25k),17078,10,170780
2025,Q3,2025-Q3,Navoiy,Chevrolet,Onix,B-Sedan,Benzin (Turbo),Mahalliy (Asaka),Byudjet (<$15k),14080,10,140800
2025,Q3,2025-Q3,Navoiy,Chevrolet,Malibu-2,D-Sedan,Benzin (Turbo),Mahalliy (Asaka),Yuqori-o‘rta ($25k-$40k),36889,1,36889
2025,Q3,2025-Q3,Navoiy,BYD,Song Plus DM-i,C-SUV,Gibrid (PHEV),Gibrid/Yig‘uv (Jizzax),O‘rta ($15k-$25k),24394,41,1000154
2025,Q3,2025-Q3,Navoiy,BYD,Chazor (Destroyer 05),C-Sedan,Gibrid (PHEV),Gibrid/Yig‘uv (Jizzax),O‘rta ($15k-$25k),18618,31,577158
2025,Q3,2025-Q3,Navoiy,BYD,Song Plus EV,C-SUV,Elektromobil (EV),Import (Xitoy),Yuqori-o‘rta ($25k-$40k),27094,6,162564
2025,Q3,2025-Q3,Navoiy,BYD,Han,E-Sedan,Elektromobil (EV),Import (Xitoy),Yuqori-o‘rta ($25k-$40k),39052,3,117156
2025,Q3,2025-Q3,Navoiy,BYD,Seagull,A-Hatchback,Elektromobil (EV),Import (Xitoy),Byudjet (<$15k),11502,24,276048
2025,Q3,2025-Q3,Navoiy,Chery,Tiggo 7 Pro,C-SUV,Benzin (Turbo),Mahalliy yig‘uv (ADM Jizzax),Yuqori-o‘rta ($25k-$40k),27714,8,221712
2025,Q3,2025-Q3,Navoiy,Chery,Arrizo 6 Pro,C-Sedan,Benzin (Turbo),Mahalliy yig‘uv (ADM Jizzax),O‘rta ($15k-$25k),21919,5,109595
2025,Q3,2025-Q3,Navoiy,Chery,Tiggo 8 Pro,Mid-SUV,Benzin (Turbo),Mahalliy yig‘uv (ADM Jizzax),Yuqori-o‘rta ($25k-$40k),34693,2,69386
2025,Q3,2025-Q3,Navoiy,Haval,Jolion,B-SUV,Benzin (Turbo),Mahalliy yig‘uv (ADM Jizzax),O‘rta ($15k-$25k),24715,8,197720
2025,Q3,2025-Q3,Navoiy,Haval,M6,C-SUV,Benzin,Mahalliy yig‘uv (ADM Jizzax),O‘rta ($15k-$25k),20674,6,124044
2025,Q3,2025-Q3,Navoiy,Haval,H6,C-SUV,Benzin (Turbo),Mahalliy yig‘uv (ADM Jizzax),Yuqori-o‘rta ($25k-$40k),31190,2,62380
2025,Q3,2025-Q3,Navoiy,Kia,Sonet,B-SUV,Benzin,Mahalliy yig‘uv (ADM Jizzax),O‘rta ($15k-$25k),19210,9,172890
2025,Q3,2025-Q3,Navoiy,Kia,K5,D-Sedan,Benzin,Mahalliy yig‘uv (ADM Jizzax),Yuqori-o‘rta ($25k-$40k),35464,4,141856
2025,Q3,2025-Q3,Navoiy,Kia,Sportage,C-SUV,Benzin,Mahalliy yig‘uv (ADM Jizzax),Yuqori-o‘rta ($25k-$40k),37177,2,74354
2025,Q3,2025-Q3,Navoiy,Zeekr,001,E-Shooting Brake,Elektromobil (EV),Import (Xitoy),Premium (>$40k),51073,2,102146
2025,Q3,2025-Q3,Navoiy,Geely,Monjaro,Mid-SUV,Benzin (Turbo),Import (Xitoy),Yuqori-o‘rta ($25k-$40k),38005,4,152020
2025,Q3,2025-Q3,Navoiy,Jetour,Dashing,C-SUV,Benzin (Turbo),Import (Xitoy),Yuqori-o‘rta ($25k-$40k),28376,2,56752
2025,Q3,2025-Q3,Navoiy,Li Auto,L7/L9,Full-SUV,Gibrid (EREV),Import (Xitoy),Premium (>$40k),61236,1,61236
2025,Q3,2025-Q3,Jizzax,Chevrolet,Cobalt,B-Sedan,Benzin,Mahalliy (Asaka),Byudjet (<$15k),12611,49,617939
2025,Q3,2025-Q3,Jizzax,Chevrolet,Damas,Mini-Van,Benzin,Mahalliy (Pitnak),Byudjet (<$15k),9399,42,394758
2025,Q3,2025-Q3,Jizzax,Chevrolet,Labo,Mini-Truck,Benzin,Mahalliy (Pitnak),Byudjet (<$15k),8845,20,176900
2025,Q3,2025-Q3,Jizzax,Chevrolet,Tracker-2,B-SUV,Benzin (Turbo),Mahalliy (Asaka),O‘rta ($15k-$25k),16866,8,134928
2025,Q3,2025-Q3,Jizzax,Chevrolet,Onix,B-Sedan,Benzin (Turbo),Mahalliy (Asaka),Byudjet (<$15k),13676,7,95732
2025,Q3,2025-Q3,Jizzax,Chevrolet,Malibu-2,D-Sedan,Benzin (Turbo),Mahalliy (Asaka),Yuqori-o‘rta ($25k-$40k),36931,1,36931
2025,Q3,2025-Q3,Jizzax,BYD,Song Plus DM-i,C-SUV,Gibrid (PHEV),Gibrid/Yig‘uv (Jizzax),O‘rta ($15k-$25k),24077,30,722310
2025,Q3,2025-Q3,Jizzax,BYD,Chazor (Destroyer 05),C-Sedan,Gibrid (PHEV),Gibrid/Yig‘uv (Jizzax),O‘rta ($15k-$25k),18608,25,465200
2025,Q3,2025-Q3,Jizzax,BYD,Song Plus EV,C-SUV,Elektromobil (EV),Import (Xitoy),Yuqori-o‘rta ($25k-$40k),27172,2,54344
2025,Q3,2025-Q3,Jizzax,BYD,Han,E-Sedan,Elektromobil (EV),Import (Xitoy),Yuqori-o‘rta ($25k-$40k),38613,1,38613
2025,Q3,2025-Q3,Jizzax,BYD,Seagull,A-Hatchback,Elektromobil (EV),Import (Xitoy),Byudjet (<$15k),11219,14,157066
2025,Q3,2025-Q3,Jizzax,Chery,Tiggo 7 Pro,C-SUV,Benzin (Turbo),Mahalliy yig‘uv (ADM Jizzax),Yuqori-o‘rta ($25k-$40k),27775,7,194425
2025,Q3,2025-Q3,Jizzax,Chery,Arrizo 6 Pro,C-Sedan,Benzin (Turbo),Mahalliy yig‘uv (ADM Jizzax),O‘rta ($15k-$25k),21607,6,129642
2025,Q3,2025-Q3,Jizzax,Chery,Tiggo 8 Pro,Mid-SUV,Benzin (Turbo),Mahalliy yig‘uv (ADM Jizzax),Yuqori-o‘rta ($25k-$40k),34706,2,69412
2025,Q3,2025-Q3,Jizzax,Haval,Jolion,B-SUV,Benzin (Turbo),Mahalliy yig‘uv (ADM Jizzax),O‘rta ($15k-$25k),24596,5,122980
2025,Q3,2025-Q3,Jizzax,Haval,M6,C-SUV,Benzin,Mahalliy yig‘uv (ADM Jizzax),O‘rta ($15k-$25k),20613,3,61839
2025,Q3,2025-Q3,Jizzax,Haval,H6,C-SUV,Benzin (Turbo),Mahalliy yig‘uv (ADM Jizzax),Yuqori-o‘rta ($25k-$40k),30982,2,61964
2025,Q3,2025-Q3,Jizzax,Kia,Sonet,B-SUV,Benzin,Mahalliy yig‘uv (ADM Jizzax),O‘rta ($15k-$25k),18955,6,113730
2025,Q3,2025-Q3,Jizzax,Kia,K5,D-Sedan,Benzin,Mahalliy yig‘uv (ADM Jizzax),Yuqori-o‘rta ($25k-$40k),35267,1,35267
2025,Q3,2025-Q3,Jizzax,Kia,Sportage,C-SUV,Benzin,Mahalliy yig‘uv (ADM Jizzax),Yuqori-o‘rta ($25k-$40k),37206,1,37206
2025,Q3,2025-Q3,Jizzax,Zeekr,001,E-Shooting Brake,Elektromobil (EV),Import (Xitoy),Premium (>$40k),51418,1,51418
2025,Q3,2025-Q3,Jizzax,Geely,Monjaro,Mid-SUV,Benzin (Turbo),Import (Xitoy),Yuqori-o‘rta ($25k-$40k),38170,3,114510
2025,Q3,2025-Q3,Jizzax,Jetour,Dashing,C-SUV,Benzin (Turbo),Import (Xitoy),Yuqori-o‘rta ($25k-$40k),28525,2,57050
2025,Q3,2025-Q3,Jizzax,Li Auto,L7/L9,Full-SUV,Gibrid (EREV),Import (Xitoy),Premium (>$40k),60909,1,60909
2025,Q3,2025-Q3,Sirdaryo,Chevrolet,Cobalt,B-Sedan,Benzin,Mahalliy (Asaka),Byudjet (<$15k),12423,37,459651
2025,Q3,2025-Q3,Sirdaryo,Chevrolet,Damas,Mini-Van,Benzin,Mahalliy (Pitnak),Byudjet (<$15k),9201,26,239226
2025,Q3,2025-Q3,Sirdaryo,Chevrolet,Labo,Mini-Truck,Benzin,Mahalliy (Pitnak),Byudjet (<$15k),8663,14,121282
2025,Q3,2025-Q3,Sirdaryo,Chevrolet,Tracker-2,B-SUV,Benzin (Turbo),Mahalliy (Asaka),O‘rta ($15k-$25k),16850,5,84250
2025,Q3,2025-Q3,Sirdaryo,Chevrolet,Onix,B-Sedan,Benzin (Turbo),Mahalliy (Asaka),Byudjet (<$15k),14216,5,71080
2025,Q3,2025-Q3,Sirdaryo,Chevrolet,Malibu-2,D-Sedan,Benzin (Turbo),Mahalliy (Asaka),Yuqori-o‘rta ($25k-$40k),37116,1,37116
2025,Q3,2025-Q3,Sirdaryo,BYD,Song Plus DM-i,C-SUV,Gibrid (PHEV),Gibrid/Yig‘uv (Jizzax),O‘rta ($15k-$25k),24498,25,612450
2025,Q3,2025-Q3,Sirdaryo,BYD,Chazor (Destroyer 05),C-Sedan,Gibrid (PHEV),Gibrid/Yig‘uv (Jizzax),O‘rta ($15k-$25k),18741,15,281115
2025,Q3,2025-Q3,Sirdaryo,BYD,Song Plus EV,C-SUV,Elektromobil (EV),Import (Xitoy),Yuqori-o‘rta ($25k-$40k),27602,3,82806
2025,Q3,2025-Q3,Sirdaryo,BYD,Han,E-Sedan,Elektromobil (EV),Import (Xitoy),Yuqori-o‘rta ($25k-$40k),38344,2,76688
2025,Q3,2025-Q3,Sirdaryo,BYD,Seagull,A-Hatchback,Elektromobil (EV),Import (Xitoy),Byudjet (<$15k),11803,9,106227
2025,Q3,2025-Q3,Sirdaryo,Chery,Tiggo 7 Pro,C-SUV,Benzin (Turbo),Mahalliy yig‘uv (ADM Jizzax),Yuqori-o‘rta ($25k-$40k),27654,3,82962
2025,Q3,2025-Q3,Sirdaryo,Chery,Arrizo 6 Pro,C-Sedan,Benzin (Turbo),Mahalliy yig‘uv (ADM Jizzax),O‘rta ($15k-$25k),21997,6,131982
2025,Q3,2025-Q3,Sirdaryo,Chery,Tiggo 8 Pro,Mid-SUV,Benzin (Turbo),Mahalliy yig‘uv (ADM Jizzax),Yuqori-o‘rta ($25k-$40k),34732,2,69464
2025,Q3,2025-Q3,Sirdaryo,Haval,Jolion,B-SUV,Benzin (Turbo),Mahalliy yig‘uv (ADM Jizzax),O‘rta ($15k-$25k),24500,4,98000
2025,Q3,2025-Q3,Sirdaryo,Haval,M6,C-SUV,Benzin,Mahalliy yig‘uv (ADM Jizzax),O‘rta ($15k-$25k),20330,5,101650
2025,Q3,2025-Q3,Sirdaryo,Haval,H6,C-SUV,Benzin (Turbo),Mahalliy yig‘uv (ADM Jizzax),Yuqori-o‘rta ($25k-$40k),30974,2,61948
2025,Q3,2025-Q3,Sirdaryo,Kia,Sonet,B-SUV,Benzin,Mahalliy yig‘uv (ADM Jizzax),O‘rta ($15k-$25k),19084,3,57252
2025,Q3,2025-Q3,Sirdaryo,Kia,K5,D-Sedan,Benzin,Mahalliy yig‘uv (ADM Jizzax),Yuqori-o‘rta ($25k-$40k),35295,2,70590
2025,Q3,2025-Q3,Sirdaryo,Kia,Sportage,C-SUV,Benzin,Mahalliy yig‘uv (ADM Jizzax),Yuqori-o‘rta ($25k-$40k),36866,2,73732
2025,Q3,2025-Q3,Sirdaryo,Zeekr,001,E-Shooting Brake,Elektromobil (EV),Import (Xitoy),Premium (>$40k),51167,1,51167
2025,Q3,2025-Q3,Sirdaryo,Geely,Monjaro,Mid-SUV,Benzin (Turbo),Import (Xitoy),Yuqori-o‘rta ($25k-$40k),38191,1,38191
2025,Q3,2025-Q3,Sirdaryo,Jetour,Dashing,C-SUV,Benzin (Turbo),Import (Xitoy),Yuqori-o‘rta ($25k-$40k),28240,2,56480
2025,Q3,2025-Q3,Sirdaryo,Li Auto,L7/L9,Full-SUV,Gibrid (EREV),Import (Xitoy),Premium (>$40k),61190,1,61190
2025,Q3,2025-Q3,Qoraqalpog‘iston Res.,Chevrolet,Cobalt,B-Sedan,Benzin,Mahalliy (Asaka),Byudjet (<$15k),12548,34,426632
2025,Q3,2025-Q3,Qoraqalpog‘iston Res.,Chevrolet,Damas,Mini-Van,Benzin,Mahalliy (Pitnak),Byudjet (<$15k),9423,25,235575
2025,Q3,2025-Q3,Qoraqalpog‘iston Res.,Chevrolet,Labo,Mini-Truck,Benzin,Mahalliy (Pitnak),Byudjet (<$15k),8695,13,113035
2025,Q3,2025-Q3,Qoraqalpog‘iston Res.,Chevrolet,Tracker-2,B-SUV,Benzin (Turbo),Mahalliy (Asaka),O‘rta ($15k-$25k),17225,2,34450
2025,Q3,2025-Q3,Qoraqalpog‘iston Res.,Chevrolet,Onix,B-Sedan,Benzin (Turbo),Mahalliy (Asaka),Byudjet (<$15k),13730,6,82380
2025,Q3,2025-Q3,Qoraqalpog‘iston Res.,Chevrolet,Malibu-2,D-Sedan,Benzin (Turbo),Mahalliy (Asaka),Yuqori-o‘rta ($25k-$40k),36997,1,36997
2025,Q3,2025-Q3,Qoraqalpog‘iston Res.,BYD,Song Plus DM-i,C-SUV,Gibrid (PHEV),Gibrid/Yig‘uv (Jizzax),O‘rta ($15k-$25k),24029,22,528638
2025,Q3,2025-Q3,Qoraqalpog‘iston Res.,BYD,Chazor (Destroyer 05),C-Sedan,Gibrid (PHEV),Gibrid/Yig‘uv (Jizzax),O‘rta ($15k-$25k),18539,16,296624
2025,Q3,2025-Q3,Qoraqalpog‘iston Res.,BYD,Song Plus EV,C-SUV,Elektromobil (EV),Import (Xitoy),Yuqori-o‘rta ($25k-$40k),27440,3,82320
2025,Q3,2025-Q3,Qoraqalpog‘iston Res.,BYD,Han,E-Sedan,Elektromobil (EV),Import (Xitoy),Yuqori-o‘rta ($25k-$40k),38966,1,38966
2025,Q3,2025-Q3,Qoraqalpog‘iston Res.,BYD,Seagull,A-Hatchback,Elektromobil (EV),Import (Xitoy),Byudjet (<$15k),11042,9,99378
2025,Q3,2025-Q3,Qoraqalpog‘iston Res.,Chery,Tiggo 7 Pro,C-SUV,Benzin (Turbo),Mahalliy yig‘uv (ADM Jizzax),Yuqori-o‘rta ($25k-$40k),27852,4,111408
2025,Q3,2025-Q3,Qoraqalpog‘iston Res.,Chery,Arrizo 6 Pro,C-Sedan,Benzin (Turbo),Mahalliy yig‘uv (ADM Jizzax),O‘rta ($15k-$25k),21900,3,65700
2025,Q3,2025-Q3,Qoraqalpog‘iston Res.,Chery,Tiggo 8 Pro,Mid-SUV,Benzin (Turbo),Mahalliy yig‘uv (ADM Jizzax),Yuqori-o‘rta ($25k-$40k),35006,1,35006
2025,Q3,2025-Q3,Qoraqalpog‘iston Res.,Haval,Jolion,B-SUV,Benzin (Turbo),Mahalliy yig‘uv (ADM Jizzax),O‘rta ($15k-$25k),24707,3,74121
2025,Q3,2025-Q3,Qoraqalpog‘iston Res.,Haval,M6,C-SUV,Benzin,Mahalliy yig‘uv (ADM Jizzax),O‘rta ($15k-$25k),20323,4,81292
2025,Q3,2025-Q3,Qoraqalpog‘iston Res.,Haval,H6,C-SUV,Benzin (Turbo),Mahalliy yig‘uv (ADM Jizzax),Yuqori-o‘rta ($25k-$40k),31180,2,62360
2025,Q3,2025-Q3,Qoraqalpog‘iston Res.,Kia,Sonet,B-SUV,Benzin,Mahalliy yig‘uv (ADM Jizzax),O‘rta ($15k-$25k),18933,4,75732
2025,Q3,2025-Q3,Qoraqalpog‘iston Res.,Kia,K5,D-Sedan,Benzin,Mahalliy yig‘uv (ADM Jizzax),Yuqori-o‘rta ($25k-$40k),35500,2,71000
2025,Q3,2025-Q3,Qoraqalpog‘iston Res.,Kia,Sportage,C-SUV,Benzin,Mahalliy yig‘uv (ADM Jizzax),Yuqori-o‘rta ($25k-$40k),37248,3,111744
2025,Q3,2025-Q3,Qoraqalpog‘iston Res.,Zeekr,001,E-Shooting Brake,Elektromobil (EV),Import (Xitoy),Premium (>$40k),51086,1,51086
2025,Q3,2025-Q3,Qoraqalpog‘iston Res.,Geely,Monjaro,Mid-SUV,Benzin (Turbo),Import (Xitoy),Yuqori-o‘rta ($25k-$40k),38134,2,76268
2025,Q3,2025-Q3,Qoraqalpog‘iston Res.,Jetour,Dashing,C-SUV,Benzin (Turbo),Import (Xitoy),Yuqori-o‘rta ($25k-$40k),28481,1,28481
2025,Q3,2025-Q3,Qoraqalpog‘iston Res.,Li Auto,L7/L9,Full-SUV,Gibrid (EREV),Import (Xitoy),Premium (>$40k),61132,1,61132
2025,Q4,2025-Q4,Toshkent shahri,Chevrolet,Cobalt,B-Sedan,Benzin,Mahalliy (Asaka),Byudjet (<$15k),12638,562,7102556
2025,Q4,2025-Q4,Toshkent shahri,Chevrolet,Damas,Mini-Van,Benzin,Mahalliy (Pitnak),Byudjet (<$15k),9176,104,954304
2025,Q4,2025-Q4,Toshkent shahri,Chevrolet,Labo,Mini-Truck,Benzin,Mahalliy (Pitnak),Byudjet (<$15k),8859,51,451809
2025,Q4,2025-Q4,Toshkent shahri,Chevrolet,Tracker-2,B-SUV,Benzin (Turbo),Mahalliy (Asaka),O‘rta ($15k-$25k),16812,84,1412208
2025,Q4,2025-Q4,Toshkent shahri,Chevrolet,Onix,B-Sedan,Benzin (Turbo),Mahalliy (Asaka),Byudjet (<$15k),13829,96,1327584
2025,Q4,2025-Q4,Toshkent shahri,Chevrolet,Malibu-2,D-Sedan,Benzin (Turbo),Mahalliy (Asaka),Yuqori-o‘rta ($25k-$40k),37236,32,1191552
2025,Q4,2025-Q4,Toshkent shahri,BYD,Song Plus DM-i,C-SUV,Gibrid (PHEV),Gibrid/Yig‘uv (Jizzax),O‘rta ($15k-$25k),23949,1209,28954341
2025,Q4,2025-Q4,Toshkent shahri,BYD,Chazor (Destroyer 05),C-Sedan,Gibrid (PHEV),Gibrid/Yig‘uv (Jizzax),O‘rta ($15k-$25k),18095,700,12666500
2025,Q4,2025-Q4,Toshkent shahri,BYD,Song Plus EV,C-SUV,Elektromobil (EV),Import (Xitoy),Yuqori-o‘rta ($25k-$40k),26939,154,4148606
2025,Q4,2025-Q4,Toshkent shahri,BYD,Han,E-Sedan,Elektromobil (EV),Import (Xitoy),Yuqori-o‘rta ($25k-$40k),38585,64,2469440
2025,Q4,2025-Q4,Toshkent shahri,BYD,Seagull,A-Hatchback,Elektromobil (EV),Import (Xitoy),Byudjet (<$15k),11632,506,5885792
2025,Q4,2025-Q4,Toshkent shahri,Chery,Tiggo 7 Pro,C-SUV,Benzin (Turbo),Mahalliy yig‘uv (ADM Jizzax),Yuqori-o‘rta ($25k-$40k),27883,77,2146991
2025,Q4,2025-Q4,Toshkent shahri,Chery,Arrizo 6 Pro,C-Sedan,Benzin (Turbo),Mahalliy yig‘uv (ADM Jizzax),O‘rta ($15k-$25k),21635,70,1514450
2025,Q4,2025-Q4,Toshkent shahri,Chery,Tiggo 8 Pro,Mid-SUV,Benzin (Turbo),Mahalliy yig‘uv (ADM Jizzax),Yuqori-o‘rta ($25k-$40k),34811,29,1009519
2025,Q4,2025-Q4,Toshkent shahri,Haval,Jolion,B-SUV,Benzin (Turbo),Mahalliy yig‘uv (ADM Jizzax),O‘rta ($15k-$25k),24333,76,1849308
2025,Q4,2025-Q4,Toshkent shahri,Haval,M6,C-SUV,Benzin,Mahalliy yig‘uv (ADM Jizzax),O‘rta ($15k-$25k),20321,74,1503754
2025,Q4,2025-Q4,Toshkent shahri,Haval,H6,C-SUV,Benzin (Turbo),Mahalliy yig‘uv (ADM Jizzax),Yuqori-o‘rta ($25k-$40k),30886,30,926580
2025,Q4,2025-Q4,Toshkent shahri,Kia,Sonet,B-SUV,Benzin,Mahalliy yig‘uv (ADM Jizzax),O‘rta ($15k-$25k),18946,81,1534626
2025,Q4,2025-Q4,Toshkent shahri,Kia,K5,D-Sedan,Benzin,Mahalliy yig‘uv (ADM Jizzax),Yuqori-o‘rta ($25k-$40k),35613,38,1353294
2025,Q4,2025-Q4,Toshkent shahri,Kia,Sportage,C-SUV,Benzin,Mahalliy yig‘uv (ADM Jizzax),Yuqori-o‘rta ($25k-$40k),37067,23,852541
2025,Q4,2025-Q4,Toshkent shahri,Zeekr,001,E-Shooting Brake,Elektromobil (EV),Import (Xitoy),Premium (>$40k),51367,28,1438276
2025,Q4,2025-Q4,Toshkent shahri,Geely,Monjaro,Mid-SUV,Benzin (Turbo),Import (Xitoy),Yuqori-o‘rta ($25k-$40k),38250,28,1071000
2025,Q4,2025-Q4,Toshkent shahri,Jetour,Dashing,C-SUV,Benzin (Turbo),Import (Xitoy),Yuqori-o‘rta ($25k-$40k),28405,37,1050985
2025,Q4,2025-Q4,Toshkent shahri,Li Auto,L7/L9,Full-SUV,Gibrid (EREV),Import (Xitoy),Premium (>$40k),61168,25,1529200
2025,Q4,2025-Q4,Toshkent viloyati,Chevrolet,Cobalt,B-Sedan,Benzin,Mahalliy (Asaka),Byudjet (<$15k),12573,238,2992374
2025,Q4,2025-Q4,Toshkent viloyati,Chevrolet,Damas,Mini-Van,Benzin,Mahalliy (Pitnak),Byudjet (<$15k),9133,161,1470413
2025,Q4,2025-Q4,Toshkent viloyati,Chevrolet,Labo,Mini-Truck,Benzin,Mahalliy (Pitnak),Byudjet (<$15k),8773,108,947484
2025,Q4,2025-Q4,Toshkent viloyati,Chevrolet,Tracker-2,B-SUV,Benzin (Turbo),Mahalliy (Asaka),O‘rta ($15k-$25k),17252,36,621072
2025,Q4,2025-Q4,Toshkent viloyati,Chevrolet,Onix,B-Sedan,Benzin (Turbo),Mahalliy (Asaka),Byudjet (<$15k),13944,36,501984
2025,Q4,2025-Q4,Toshkent viloyati,Chevrolet,Malibu-2,D-Sedan,Benzin (Turbo),Mahalliy (Asaka),Yuqori-o‘rta ($25k-$40k),36977,6,221862
2025,Q4,2025-Q4,Toshkent viloyati,BYD,Song Plus DM-i,C-SUV,Gibrid (PHEV),Gibrid/Yig‘uv (Jizzax),O‘rta ($15k-$25k),24393,170,4146810
2025,Q4,2025-Q4,Toshkent viloyati,BYD,Chazor (Destroyer 05),C-Sedan,Gibrid (PHEV),Gibrid/Yig‘uv (Jizzax),O‘rta ($15k-$25k),18645,108,2013660
2025,Q4,2025-Q4,Toshkent viloyati,BYD,Song Plus EV,C-SUV,Elektromobil (EV),Import (Xitoy),Yuqori-o‘rta ($25k-$40k),27044,26,703144
2025,Q4,2025-Q4,Toshkent viloyati,BYD,Han,E-Sedan,Elektromobil (EV),Import (Xitoy),Yuqori-o‘rta ($25k-$40k),38613,10,386130
2025,Q4,2025-Q4,Toshkent viloyati,BYD,Seagull,A-Hatchback,Elektromobil (EV),Import (Xitoy),Byudjet (<$15k),11838,77,911526
2025,Q4,2025-Q4,Toshkent viloyati,Chery,Tiggo 7 Pro,C-SUV,Benzin (Turbo),Mahalliy yig‘uv (ADM Jizzax),Yuqori-o‘rta ($25k-$40k),27765,30,832950
2025,Q4,2025-Q4,Toshkent viloyati,Chery,Arrizo 6 Pro,C-Sedan,Benzin (Turbo),Mahalliy yig‘uv (ADM Jizzax),O‘rta ($15k-$25k),21982,23,505586
2025,Q4,2025-Q4,Toshkent viloyati,Chery,Tiggo 8 Pro,Mid-SUV,Benzin (Turbo),Mahalliy yig‘uv (ADM Jizzax),Yuqori-o‘rta ($25k-$40k),34888,12,418656
2025,Q4,2025-Q4,Toshkent viloyati,Haval,Jolion,B-SUV,Benzin (Turbo),Mahalliy yig‘uv (ADM Jizzax),O‘rta ($15k-$25k),24334,24,584016
2025,Q4,2025-Q4,Toshkent viloyati,Haval,M6,C-SUV,Benzin,Mahalliy yig‘uv (ADM Jizzax),O‘rta ($15k-$25k),20320,30,609600
2025,Q4,2025-Q4,Toshkent viloyati,Haval,H6,C-SUV,Benzin (Turbo),Mahalliy yig‘uv (ADM Jizzax),Yuqori-o‘rta ($25k-$40k),30980,14,433720
2025,Q4,2025-Q4,Toshkent viloyati,Kia,Sonet,B-SUV,Benzin,Mahalliy yig‘uv (ADM Jizzax),O‘rta ($15k-$25k),19143,36,689148
2025,Q4,2025-Q4,Toshkent viloyati,Kia,K5,D-Sedan,Benzin,Mahalliy yig‘uv (ADM Jizzax),Yuqori-o‘rta ($25k-$40k),35315,14,494410
2025,Q4,2025-Q4,Toshkent viloyati,Kia,Sportage,C-SUV,Benzin,Mahalliy yig‘uv (ADM Jizzax),Yuqori-o‘rta ($25k-$40k),36912,10,369120
2025,Q4,2025-Q4,Toshkent viloyati,Zeekr,001,E-Shooting Brake,Elektromobil (EV),Import (Xitoy),Premium (>$40k),51073,4,204292
2025,Q4,2025-Q4,Toshkent viloyati,Geely,Monjaro,Mid-SUV,Benzin (Turbo),Import (Xitoy),Yuqori-o‘rta ($25k-$40k),38105,9,342945
2025,Q4,2025-Q4,Toshkent viloyati,Jetour,Dashing,C-SUV,Benzin (Turbo),Import (Xitoy),Yuqori-o‘rta ($25k-$40k),28429,13,369577
2025,Q4,2025-Q4,Toshkent viloyati,Li Auto,L7/L9,Full-SUV,Gibrid (EREV),Import (Xitoy),Premium (>$40k),60897,2,121794
2025,Q4,2025-Q4,Samarqand,Chevrolet,Cobalt,B-Sedan,Benzin,Mahalliy (Asaka),Byudjet (<$15k),12369,276,3413844
2025,Q4,2025-Q4,Samarqand,Chevrolet,Damas,Mini-Van,Benzin,Mahalliy (Pitnak),Byudjet (<$15k),9139,188,1718132
2025,Q4,2025-Q4,Samarqand,Chevrolet,Labo,Mini-Truck,Benzin,Mahalliy (Pitnak),Byudjet (<$15k),8848,84,743232
2025,Q4,2025-Q4,Samarqand,Chevrolet,Tracker-2,B-SUV,Benzin (Turbo),Mahalliy (Asaka),O‘rta ($15k-$25k),17389,28,486892
2025,Q4,2025-Q4,Samarqand,Chevrolet,Onix,B-Sedan,Benzin (Turbo),Mahalliy (Asaka),Byudjet (<$15k),14129,33,466257
2025,Q4,2025-Q4,Samarqand,Chevrolet,Malibu-2,D-Sedan,Benzin (Turbo),Mahalliy (Asaka),Yuqori-o‘rta ($25k-$40k),37234,5,186170
2025,Q4,2025-Q4,Samarqand,BYD,Song Plus DM-i,C-SUV,Gibrid (PHEV),Gibrid/Yig‘uv (Jizzax),O‘rta ($15k-$25k),23987,191,4581517
2025,Q4,2025-Q4,Samarqand,BYD,Chazor (Destroyer 05),C-Sedan,Gibrid (PHEV),Gibrid/Yig‘uv (Jizzax),O‘rta ($15k-$25k),18270,150,2740500
2025,Q4,2025-Q4,Samarqand,BYD,Song Plus EV,C-SUV,Elektromobil (EV),Import (Xitoy),Yuqori-o‘rta ($25k-$40k),27353,19,519707
2025,Q4,2025-Q4,Samarqand,BYD,Han,E-Sedan,Elektromobil (EV),Import (Xitoy),Yuqori-o‘rta ($25k-$40k),38937,8,311496
2025,Q4,2025-Q4,Samarqand,BYD,Seagull,A-Hatchback,Elektromobil (EV),Import (Xitoy),Byudjet (<$15k),11837,64,757568
2025,Q4,2025-Q4,Samarqand,Chery,Tiggo 7 Pro,C-SUV,Benzin (Turbo),Mahalliy yig‘uv (ADM Jizzax),Yuqori-o‘rta ($25k-$40k),27976,31,867256
2025,Q4,2025-Q4,Samarqand,Chery,Arrizo 6 Pro,C-Sedan,Benzin (Turbo),Mahalliy yig‘uv (ADM Jizzax),O‘rta ($15k-$25k),21693,24,520632
2025,Q4,2025-Q4,Samarqand,Chery,Tiggo 8 Pro,Mid-SUV,Benzin (Turbo),Mahalliy yig‘uv (ADM Jizzax),Yuqori-o‘rta ($25k-$40k),34785,11,382635
2025,Q4,2025-Q4,Samarqand,Haval,Jolion,B-SUV,Benzin (Turbo),Mahalliy yig‘uv (ADM Jizzax),O‘rta ($15k-$25k),24403,26,634478
2025,Q4,2025-Q4,Samarqand,Haval,M6,C-SUV,Benzin,Mahalliy yig‘uv (ADM Jizzax),O‘rta ($15k-$25k),20503,30,615090
2025,Q4,2025-Q4,Samarqand,Haval,H6,C-SUV,Benzin (Turbo),Mahalliy yig‘uv (ADM Jizzax),Yuqori-o‘rta ($25k-$40k),31013,13,403169
2025,Q4,2025-Q4,Samarqand,Kia,Sonet,B-SUV,Benzin,Mahalliy yig‘uv (ADM Jizzax),O‘rta ($15k-$25k),19224,27,519048
2025,Q4,2025-Q4,Samarqand,Kia,K5,D-Sedan,Benzin,Mahalliy yig‘uv (ADM Jizzax),Yuqori-o‘rta ($25k-$40k),35513,11,390643
2025,Q4,2025-Q4,Samarqand,Kia,Sportage,C-SUV,Benzin,Mahalliy yig‘uv (ADM Jizzax),Yuqori-o‘rta ($25k-$40k),37215,8,297720
2025,Q4,2025-Q4,Samarqand,Zeekr,001,E-Shooting Brake,Elektromobil (EV),Import (Xitoy),Premium (>$40k),51143,5,255715
2025,Q4,2025-Q4,Samarqand,Geely,Monjaro,Mid-SUV,Benzin (Turbo),Import (Xitoy),Yuqori-o‘rta ($25k-$40k),38334,10,383340
2025,Q4,2025-Q4,Samarqand,Jetour,Dashing,C-SUV,Benzin (Turbo),Import (Xitoy),Yuqori-o‘rta ($25k-$40k),28289,12,339468
2025,Q4,2025-Q4,Samarqand,Li Auto,L7/L9,Full-SUV,Gibrid (EREV),Import (Xitoy),Premium (>$40k),61201,2,122402
2025,Q4,2025-Q4,Farg‘ona,Chevrolet,Cobalt,B-Sedan,Benzin,Mahalliy (Asaka),Byudjet (<$15k),12344,209,2579896
2025,Q4,2025-Q4,Farg‘ona,Chevrolet,Damas,Mini-Van,Benzin,Mahalliy (Pitnak),Byudjet (<$15k),9291,381,3539871
2025,Q4,2025-Q4,Farg‘ona,Chevrolet,Labo,Mini-Truck,Benzin,Mahalliy (Pitnak),Byudjet (<$15k),8653,179,1548887
2025,Q4,2025-Q4,Farg‘ona,Chevrolet,Tracker-2,B-SUV,Benzin (Turbo),Mahalliy (Asaka),O‘rta ($15k-$25k),16970,28,475160
2025,Q4,2025-Q4,Farg‘ona,Chevrolet,Onix,B-Sedan,Benzin (Turbo),Mahalliy (Asaka),Byudjet (<$15k),13717,32,438944
2025,Q4,2025-Q4,Farg‘ona,Chevrolet,Malibu-2,D-Sedan,Benzin (Turbo),Mahalliy (Asaka),Yuqori-o‘rta ($25k-$40k),37137,5,185685
2025,Q4,2025-Q4,Farg‘ona,BYD,Song Plus DM-i,C-SUV,Gibrid (PHEV),Gibrid/Yig‘uv (Jizzax),O‘rta ($15k-$25k),24377,146,3559042
2025,Q4,2025-Q4,Farg‘ona,BYD,Chazor (Destroyer 05),C-Sedan,Gibrid (PHEV),Gibrid/Yig‘uv (Jizzax),O‘rta ($15k-$25k),18759,110,2063490
2025,Q4,2025-Q4,Farg‘ona,BYD,Song Plus EV,C-SUV,Elektromobil (EV),Import (Xitoy),Yuqori-o‘rta ($25k-$40k),27116,8,216928
2025,Q4,2025-Q4,Farg‘ona,BYD,Han,E-Sedan,Elektromobil (EV),Import (Xitoy),Yuqori-o‘rta ($25k-$40k),39046,2,78092
2025,Q4,2025-Q4,Farg‘ona,BYD,Seagull,A-Hatchback,Elektromobil (EV),Import (Xitoy),Byudjet (<$15k),11415,25,285375
2025,Q4,2025-Q4,Farg‘ona,Chery,Tiggo 7 Pro,C-SUV,Benzin (Turbo),Mahalliy yig‘uv (ADM Jizzax),Yuqori-o‘rta ($25k-$40k),27701,20,554020
2025,Q4,2025-Q4,Farg‘ona,Chery,Arrizo 6 Pro,C-Sedan,Benzin (Turbo),Mahalliy yig‘uv (ADM Jizzax),O‘rta ($15k-$25k),21894,20,437880
2025,Q4,2025-Q4,Farg‘ona,Chery,Tiggo 8 Pro,Mid-SUV,Benzin (Turbo),Mahalliy yig‘uv (ADM Jizzax),Yuqori-o‘rta ($25k-$40k),34959,10,349590
2025,Q4,2025-Q4,Farg‘ona,Haval,Jolion,B-SUV,Benzin (Turbo),Mahalliy yig‘uv (ADM Jizzax),O‘rta ($15k-$25k),24630,24,591120
2025,Q4,2025-Q4,Farg‘ona,Haval,M6,C-SUV,Benzin,Mahalliy yig‘uv (ADM Jizzax),O‘rta ($15k-$25k),20679,25,516975
2025,Q4,2025-Q4,Farg‘ona,Haval,H6,C-SUV,Benzin (Turbo),Mahalliy yig‘uv (ADM Jizzax),Yuqori-o‘rta ($25k-$40k),30872,10,308720
2025,Q4,2025-Q4,Farg‘ona,Kia,Sonet,B-SUV,Benzin,Mahalliy yig‘uv (ADM Jizzax),O‘rta ($15k-$25k),19243,25,481075
2025,Q4,2025-Q4,Farg‘ona,Kia,K5,D-Sedan,Benzin,Mahalliy yig‘uv (ADM Jizzax),Yuqori-o‘rta ($25k-$40k),35599,9,320391
2025,Q4,2025-Q4,Farg‘ona,Kia,Sportage,C-SUV,Benzin,Mahalliy yig‘uv (ADM Jizzax),Yuqori-o‘rta ($25k-$40k),36966,7,258762
2025,Q4,2025-Q4,Farg‘ona,Zeekr,001,E-Shooting Brake,Elektromobil (EV),Import (Xitoy),Premium (>$40k),51311,1,51311
2025,Q4,2025-Q4,Farg‘ona,Geely,Monjaro,Mid-SUV,Benzin (Turbo),Import (Xitoy),Yuqori-o‘rta ($25k-$40k),38070,10,380700
2025,Q4,2025-Q4,Farg‘ona,Jetour,Dashing,C-SUV,Benzin (Turbo),Import (Xitoy),Yuqori-o‘rta ($25k-$40k),28233,10,282330
2025,Q4,2025-Q4,Farg‘ona,Li Auto,L7/L9,Full-SUV,Gibrid (EREV),Import (Xitoy),Premium (>$40k),60954,2,121908
2025,Q4,2025-Q4,Andijon,Chevrolet,Cobalt,B-Sedan,Benzin,Mahalliy (Asaka),Byudjet (<$15k),12721,192,2442432
2025,Q4,2025-Q4,Andijon,Chevrolet,Damas,Mini-Van,Benzin,Mahalliy (Pitnak),Byudjet (<$15k),9227,300,2768100
2025,Q4,2025-Q4,Andijon,Chevrolet,Labo,Mini-Truck,Benzin,Mahalliy (Pitnak),Byudjet (<$15k),8856,164,1452384
2025,Q4,2025-Q4,Andijon,Chevrolet,Tracker-2,B-SUV,Benzin (Turbo),Mahalliy (Asaka),O‘rta ($15k-$25k),17178,29,498162
2025,Q4,2025-Q4,Andijon,Chevrolet,Onix,B-Sedan,Benzin (Turbo),Mahalliy (Asaka),Byudjet (<$15k),13715,31,425165
2025,Q4,2025-Q4,Andijon,Chevrolet,Malibu-2,D-Sedan,Benzin (Turbo),Mahalliy (Asaka),Yuqori-o‘rta ($25k-$40k),37190,5,185950
2025,Q4,2025-Q4,Andijon,BYD,Song Plus DM-i,C-SUV,Gibrid (PHEV),Gibrid/Yig‘uv (Jizzax),O‘rta ($15k-$25k),24252,120,2910240
2025,Q4,2025-Q4,Andijon,BYD,Chazor (Destroyer 05),C-Sedan,Gibrid (PHEV),Gibrid/Yig‘uv (Jizzax),O‘rta ($15k-$25k),18338,92,1687096
2025,Q4,2025-Q4,Andijon,BYD,Song Plus EV,C-SUV,Elektromobil (EV),Import (Xitoy),Yuqori-o‘rta ($25k-$40k),27057,7,189399
2025,Q4,2025-Q4,Andijon,BYD,Han,E-Sedan,Elektromobil (EV),Import (Xitoy),Yuqori-o‘rta ($25k-$40k),38599,3,115797
2025,Q4,2025-Q4,Andijon,BYD,Seagull,A-Hatchback,Elektromobil (EV),Import (Xitoy),Byudjet (<$15k),11723,23,269629
2025,Q4,2025-Q4,Andijon,Chery,Tiggo 7 Pro,C-SUV,Benzin (Turbo),Mahalliy yig‘uv (ADM Jizzax),Yuqori-o‘rta ($25k-$40k),27856,20,557120
2025,Q4,2025-Q4,Andijon,Chery,Arrizo 6 Pro,C-Sedan,Benzin (Turbo),Mahalliy yig‘uv (ADM Jizzax),O‘rta ($15k-$25k),21634,17,367778
2025,Q4,2025-Q4,Andijon,Chery,Tiggo 8 Pro,Mid-SUV,Benzin (Turbo),Mahalliy yig‘uv (ADM Jizzax),Yuqori-o‘rta ($25k-$40k),35048,7,245336
2025,Q4,2025-Q4,Andijon,Haval,Jolion,B-SUV,Benzin (Turbo),Mahalliy yig‘uv (ADM Jizzax),O‘rta ($15k-$25k),24400,21,512400
2025,Q4,2025-Q4,Andijon,Haval,M6,C-SUV,Benzin,Mahalliy yig‘uv (ADM Jizzax),O‘rta ($15k-$25k),20467,26,532142
2025,Q4,2025-Q4,Andijon,Haval,H6,C-SUV,Benzin (Turbo),Mahalliy yig‘uv (ADM Jizzax),Yuqori-o‘rta ($25k-$40k),31082,10,310820
2025,Q4,2025-Q4,Andijon,Kia,Sonet,B-SUV,Benzin,Mahalliy yig‘uv (ADM Jizzax),O‘rta ($15k-$25k),19049,20,380980
2025,Q4,2025-Q4,Andijon,Kia,K5,D-Sedan,Benzin,Mahalliy yig‘uv (ADM Jizzax),Yuqori-o‘rta ($25k-$40k),35245,11,387695
2025,Q4,2025-Q4,Andijon,Kia,Sportage,C-SUV,Benzin,Mahalliy yig‘uv (ADM Jizzax),Yuqori-o‘rta ($25k-$40k),36932,8,295456
2025,Q4,2025-Q4,Andijon,Zeekr,001,E-Shooting Brake,Elektromobil (EV),Import (Xitoy),Premium (>$40k),51262,1,51262
2025,Q4,2025-Q4,Andijon,Geely,Monjaro,Mid-SUV,Benzin (Turbo),Import (Xitoy),Yuqori-o‘rta ($25k-$40k),38165,7,267155
2025,Q4,2025-Q4,Andijon,Jetour,Dashing,C-SUV,Benzin (Turbo),Import (Xitoy),Yuqori-o‘rta ($25k-$40k),28183,10,281830
2025,Q4,2025-Q4,Andijon,Li Auto,L7/L9,Full-SUV,Gibrid (EREV),Import (Xitoy),Premium (>$40k),60930,1,60930
2025,Q4,2025-Q4,Namangan,Chevrolet,Cobalt,B-Sedan,Benzin,Mahalliy (Asaka),Byudjet (<$15k),12673,128,1622144
2025,Q4,2025-Q4,Namangan,Chevrolet,Damas,Mini-Van,Benzin,Mahalliy (Pitnak),Byudjet (<$15k),9147,307,2808129
2025,Q4,2025-Q4,Namangan,Chevrolet,Labo,Mini-Truck,Benzin,Mahalliy (Pitnak),Byudjet (<$15k),8540,134,1144360
2025,Q4,2025-Q4,Namangan,Chevrolet,Tracker-2,B-SUV,Benzin (Turbo),Mahalliy (Asaka),O‘rta ($15k-$25k),17027,22,374594
2025,Q4,2025-Q4,Namangan,Chevrolet,Onix,B-Sedan,Benzin (Turbo),Mahalliy (Asaka),Byudjet (<$15k),14063,27,379701
2025,Q4,2025-Q4,Namangan,Chevrolet,Malibu-2,D-Sedan,Benzin (Turbo),Mahalliy (Asaka),Yuqori-o‘rta ($25k-$40k),37142,3,111426
2025,Q4,2025-Q4,Namangan,BYD,Song Plus DM-i,C-SUV,Gibrid (PHEV),Gibrid/Yig‘uv (Jizzax),O‘rta ($15k-$25k),24590,89,2188510
2025,Q4,2025-Q4,Namangan,BYD,Chazor (Destroyer 05),C-Sedan,Gibrid (PHEV),Gibrid/Yig‘uv (Jizzax),O‘rta ($15k-$25k),18476,78,1441128
2025,Q4,2025-Q4,Namangan,BYD,Song Plus EV,C-SUV,Elektromobil (EV),Import (Xitoy),Yuqori-o‘rta ($25k-$40k),27103,6,162618
2025,Q4,2025-Q4,Namangan,BYD,Han,E-Sedan,Elektromobil (EV),Import (Xitoy),Yuqori-o‘rta ($25k-$40k),38494,4,153976
2025,Q4,2025-Q4,Namangan,BYD,Seagull,A-Hatchback,Elektromobil (EV),Import (Xitoy),Byudjet (<$15k),11280,21,236880
2025,Q4,2025-Q4,Namangan,Chery,Tiggo 7 Pro,C-SUV,Benzin (Turbo),Mahalliy yig‘uv (ADM Jizzax),Yuqori-o‘rta ($25k-$40k),27629,19,524951
2025,Q4,2025-Q4,Namangan,Chery,Arrizo 6 Pro,C-Sedan,Benzin (Turbo),Mahalliy yig‘uv (ADM Jizzax),O‘rta ($15k-$25k),21905,13,284765
2025,Q4,2025-Q4,Namangan,Chery,Tiggo 8 Pro,Mid-SUV,Benzin (Turbo),Mahalliy yig‘uv (ADM Jizzax),Yuqori-o‘rta ($25k-$40k),35013,6,210078
2025,Q4,2025-Q4,Namangan,Haval,Jolion,B-SUV,Benzin (Turbo),Mahalliy yig‘uv (ADM Jizzax),O‘rta ($15k-$25k),24364,19,462916
2025,Q4,2025-Q4,Namangan,Haval,M6,C-SUV,Benzin,Mahalliy yig‘uv (ADM Jizzax),O‘rta ($15k-$25k),20455,15,306825
2025,Q4,2025-Q4,Namangan,Haval,H6,C-SUV,Benzin (Turbo),Mahalliy yig‘uv (ADM Jizzax),Yuqori-o‘rta ($25k-$40k),31255,9,281295
2025,Q4,2025-Q4,Namangan,Kia,Sonet,B-SUV,Benzin,Mahalliy yig‘uv (ADM Jizzax),O‘rta ($15k-$25k),19247,18,346446
2025,Q4,2025-Q4,Namangan,Kia,K5,D-Sedan,Benzin,Mahalliy yig‘uv (ADM Jizzax),Yuqori-o‘rta ($25k-$40k),35366,11,389026
2025,Q4,2025-Q4,Namangan,Kia,Sportage,C-SUV,Benzin,Mahalliy yig‘uv (ADM Jizzax),Yuqori-o‘rta ($25k-$40k),36945,6,221670
2025,Q4,2025-Q4,Namangan,Zeekr,001,E-Shooting Brake,Elektromobil (EV),Import (Xitoy),Premium (>$40k),51047,1,51047
2025,Q4,2025-Q4,Namangan,Geely,Monjaro,Mid-SUV,Benzin (Turbo),Import (Xitoy),Yuqori-o‘rta ($25k-$40k),38035,8,304280
2025,Q4,2025-Q4,Namangan,Jetour,Dashing,C-SUV,Benzin (Turbo),Import (Xitoy),Yuqori-o‘rta ($25k-$40k),28243,8,225944
2025,Q4,2025-Q4,Namangan,Li Auto,L7/L9,Full-SUV,Gibrid (EREV),Import (Xitoy),Premium (>$40k),61025,1,61025
2025,Q4,2025-Q4,Buxoro,Chevrolet,Cobalt,B-Sedan,Benzin,Mahalliy (Asaka),Byudjet (<$15k),12675,165,2091375
2025,Q4,2025-Q4,Buxoro,Chevrolet,Damas,Mini-Van,Benzin,Mahalliy (Pitnak),Byudjet (<$15k),9371,76,712196
2025,Q4,2025-Q4,Buxoro,Chevrolet,Labo,Mini-Truck,Benzin,Mahalliy (Pitnak),Byudjet (<$15k),8914,54,481356
2025,Q4,2025-Q4,Buxoro,Chevrolet,Tracker-2,B-SUV,Benzin (Turbo),Mahalliy (Asaka),O‘rta ($15k-$25k),17099,19,324881
2025,Q4,2025-Q4,Buxoro,Chevrolet,Onix,B-Sedan,Benzin (Turbo),Mahalliy (Asaka),Byudjet (<$15k),13699,22,301378
2025,Q4,2025-Q4,Buxoro,Chevrolet,Malibu-2,D-Sedan,Benzin (Turbo),Mahalliy (Asaka),Yuqori-o‘rta ($25k-$40k),37120,4,148480
2025,Q4,2025-Q4,Buxoro,BYD,Song Plus DM-i,C-SUV,Gibrid (PHEV),Gibrid/Yig‘uv (Jizzax),O‘rta ($15k-$25k),24563,113,2775619
2025,Q4,2025-Q4,Buxoro,BYD,Chazor (Destroyer 05),C-Sedan,Gibrid (PHEV),Gibrid/Yig‘uv (Jizzax),O‘rta ($15k-$25k),18679,83,1550357
2025,Q4,2025-Q4,Buxoro,BYD,Song Plus EV,C-SUV,Elektromobil (EV),Import (Xitoy),Yuqori-o‘rta ($25k-$40k),27023,15,405345
2025,Q4,2025-Q4,Buxoro,BYD,Han,E-Sedan,Elektromobil (EV),Import (Xitoy),Yuqori-o‘rta ($25k-$40k),38379,7,268653
2025,Q4,2025-Q4,Buxoro,BYD,Seagull,A-Hatchback,Elektromobil (EV),Import (Xitoy),Byudjet (<$15k),11614,36,418104
2025,Q4,2025-Q4,Buxoro,Chery,Tiggo 7 Pro,C-SUV,Benzin (Turbo),Mahalliy yig‘uv (ADM Jizzax),Yuqori-o‘rta ($25k-$40k),27830,16,445280
2025,Q4,2025-Q4,Buxoro,Chery,Arrizo 6 Pro,C-Sedan,Benzin (Turbo),Mahalliy yig‘uv (ADM Jizzax),O‘rta ($15k-$25k),21874,14,306236
2025,Q4,2025-Q4,Buxoro,Chery,Tiggo 8 Pro,Mid-SUV,Benzin (Turbo),Mahalliy yig‘uv (ADM Jizzax),Yuqori-o‘rta ($25k-$40k),34697,6,208182
2025,Q4,2025-Q4,Buxoro,Haval,Jolion,B-SUV,Benzin (Turbo),Mahalliy yig‘uv (ADM Jizzax),O‘rta ($15k-$25k),24653,14,345142
2025,Q4,2025-Q4,Buxoro,Haval,M6,C-SUV,Benzin,Mahalliy yig‘uv (ADM Jizzax),O‘rta ($15k-$25k),20546,18,369828
2025,Q4,2025-Q4,Buxoro,Haval,H6,C-SUV,Benzin (Turbo),Mahalliy yig‘uv (ADM Jizzax),Yuqori-o‘rta ($25k-$40k),30902,9,278118
2025,Q4,2025-Q4,Buxoro,Kia,Sonet,B-SUV,Benzin,Mahalliy yig‘uv (ADM Jizzax),O‘rta ($15k-$25k),19198,16,307168
2025,Q4,2025-Q4,Buxoro,Kia,K5,D-Sedan,Benzin,Mahalliy yig‘uv (ADM Jizzax),Yuqori-o‘rta ($25k-$40k),35469,8,283752
2025,Q4,2025-Q4,Buxoro,Kia,Sportage,C-SUV,Benzin,Mahalliy yig‘uv (ADM Jizzax),Yuqori-o‘rta ($25k-$40k),37195,2,74390
2025,Q4,2025-Q4,Buxoro,Zeekr,001,E-Shooting Brake,Elektromobil (EV),Import (Xitoy),Premium (>$40k),51363,1,51363
2025,Q4,2025-Q4,Buxoro,Geely,Monjaro,Mid-SUV,Benzin (Turbo),Import (Xitoy),Yuqori-o‘rta ($25k-$40k),38332,7,268324
2025,Q4,2025-Q4,Buxoro,Jetour,Dashing,C-SUV,Benzin (Turbo),Import (Xitoy),Yuqori-o‘rta ($25k-$40k),28366,6,170196
2025,Q4,2025-Q4,Buxoro,Li Auto,L7/L9,Full-SUV,Gibrid (EREV),Import (Xitoy),Premium (>$40k),60961,1,60961
2025,Q4,2025-Q4,Qashqadaryo,Chevrolet,Cobalt,B-Sedan,Benzin,Mahalliy (Asaka),Byudjet (<$15k),12538,101,1266338
2025,Q4,2025-Q4,Qashqadaryo,Chevrolet,Damas,Mini-Van,Benzin,Mahalliy (Pitnak),Byudjet (<$15k),9382,95,891290
2025,Q4,2025-Q4,Qashqadaryo,Chevrolet,Labo,Mini-Truck,Benzin,Mahalliy (Pitnak),Byudjet (<$15k),8894,50,444700
2025,Q4,2025-Q4,Qashqadaryo,Chevrolet,Tracker-2,B-SUV,Benzin (Turbo),Mahalliy (Asaka),O‘rta ($15k-$25k),17192,17,292264
2025,Q4,2025-Q4,Qashqadaryo,Chevrolet,Onix,B-Sedan,Benzin (Turbo),Mahalliy (Asaka),Byudjet (<$15k),14129,18,254322
2025,Q4,2025-Q4,Qashqadaryo,Chevrolet,Malibu-2,D-Sedan,Benzin (Turbo),Mahalliy (Asaka),Yuqori-o‘rta ($25k-$40k),36993,2,73986
2025,Q4,2025-Q4,Qashqadaryo,BYD,Song Plus DM-i,C-SUV,Gibrid (PHEV),Gibrid/Yig‘uv (Jizzax),O‘rta ($15k-$25k),24383,71,1731193
2025,Q4,2025-Q4,Qashqadaryo,BYD,Chazor (Destroyer 05),C-Sedan,Gibrid (PHEV),Gibrid/Yig‘uv (Jizzax),O‘rta ($15k-$25k),18577,60,1114620
2025,Q4,2025-Q4,Qashqadaryo,BYD,Song Plus EV,C-SUV,Elektromobil (EV),Import (Xitoy),Yuqori-o‘rta ($25k-$40k),27508,10,275080
2025,Q4,2025-Q4,Qashqadaryo,BYD,Han,E-Sedan,Elektromobil (EV),Import (Xitoy),Yuqori-o‘rta ($25k-$40k),38951,5,194755
2025,Q4,2025-Q4,Qashqadaryo,BYD,Seagull,A-Hatchback,Elektromobil (EV),Import (Xitoy),Byudjet (<$15k),11335,34,385390
2025,Q4,2025-Q4,Qashqadaryo,Chery,Tiggo 7 Pro,C-SUV,Benzin (Turbo),Mahalliy yig‘uv (ADM Jizzax),Yuqori-o‘rta ($25k-$40k),27992,15,419880
2025,Q4,2025-Q4,Qashqadaryo,Chery,Arrizo 6 Pro,C-Sedan,Benzin (Turbo),Mahalliy yig‘uv (ADM Jizzax),O‘rta ($15k-$25k),21992,9,197928
2025,Q4,2025-Q4,Qashqadaryo,Chery,Tiggo 8 Pro,Mid-SUV,Benzin (Turbo),Mahalliy yig‘uv (ADM Jizzax),Yuqori-o‘rta ($25k-$40k),34993,7,244951
2025,Q4,2025-Q4,Qashqadaryo,Haval,Jolion,B-SUV,Benzin (Turbo),Mahalliy yig‘uv (ADM Jizzax),O‘rta ($15k-$25k),24374,11,268114
2025,Q4,2025-Q4,Qashqadaryo,Haval,M6,C-SUV,Benzin,Mahalliy yig‘uv (ADM Jizzax),O‘rta ($15k-$25k),20396,13,265148
2025,Q4,2025-Q4,Qashqadaryo,Haval,H6,C-SUV,Benzin (Turbo),Mahalliy yig‘uv (ADM Jizzax),Yuqori-o‘rta ($25k-$40k),31001,6,186006
2025,Q4,2025-Q4,Qashqadaryo,Kia,Sonet,B-SUV,Benzin,Mahalliy yig‘uv (ADM Jizzax),O‘rta ($15k-$25k),19214,14,268996
2025,Q4,2025-Q4,Qashqadaryo,Kia,K5,D-Sedan,Benzin,Mahalliy yig‘uv (ADM Jizzax),Yuqori-o‘rta ($25k-$40k),35269,6,211614
2025,Q4,2025-Q4,Qashqadaryo,Kia,Sportage,C-SUV,Benzin,Mahalliy yig‘uv (ADM Jizzax),Yuqori-o‘rta ($25k-$40k),37124,4,148496
2025,Q4,2025-Q4,Qashqadaryo,Zeekr,001,E-Shooting Brake,Elektromobil (EV),Import (Xitoy),Premium (>$40k),51030,4,204120
2025,Q4,2025-Q4,Qashqadaryo,Geely,Monjaro,Mid-SUV,Benzin (Turbo),Import (Xitoy),Yuqori-o‘rta ($25k-$40k),38198,5,190990
2025,Q4,2025-Q4,Qashqadaryo,Jetour,Dashing,C-SUV,Benzin (Turbo),Import (Xitoy),Yuqori-o‘rta ($25k-$40k),28460,5,142300
2025,Q4,2025-Q4,Qashqadaryo,Li Auto,L7/L9,Full-SUV,Gibrid (EREV),Import (Xitoy),Premium (>$40k),61173,1,61173
2025,Q4,2025-Q4,Xorazm,Chevrolet,Cobalt,B-Sedan,Benzin,Mahalliy (Asaka),Byudjet (<$15k),12615,73,920895
2025,Q4,2025-Q4,Xorazm,Chevrolet,Damas,Mini-Van,Benzin,Mahalliy (Pitnak),Byudjet (<$15k),9266,154,1426964
2025,Q4,2025-Q4,Xorazm,Chevrolet,Labo,Mini-Truck,Benzin,Mahalliy (Pitnak),Byudjet (<$15k),8660,77,666820
2025,Q4,2025-Q4,Xorazm,Chevrolet,Tracker-2,B-SUV,Benzin (Turbo),Mahalliy (Asaka),O‘rta ($15k-$25k),17297,12,207564
2025,Q4,2025-Q4,Xorazm,Chevrolet,Onix,B-Sedan,Benzin (Turbo),Mahalliy (Asaka),Byudjet (<$15k),13791,13,179283
2025,Q4,2025-Q4,Xorazm,Chevrolet,Malibu-2,D-Sedan,Benzin (Turbo),Mahalliy (Asaka),Yuqori-o‘rta ($25k-$40k),37069,2,74138
2025,Q4,2025-Q4,Xorazm,BYD,Song Plus DM-i,C-SUV,Gibrid (PHEV),Gibrid/Yig‘uv (Jizzax),O‘rta ($15k-$25k),23905,65,1553825
2025,Q4,2025-Q4,Xorazm,BYD,Chazor (Destroyer 05),C-Sedan,Gibrid (PHEV),Gibrid/Yig‘uv (Jizzax),O‘rta ($15k-$25k),18244,42,766248
2025,Q4,2025-Q4,Xorazm,BYD,Song Plus EV,C-SUV,Elektromobil (EV),Import (Xitoy),Yuqori-o‘rta ($25k-$40k),27458,4,109832
2025,Q4,2025-Q4,Xorazm,BYD,Han,E-Sedan,Elektromobil (EV),Import (Xitoy),Yuqori-o‘rta ($25k-$40k),38409,3,115227
2025,Q4,2025-Q4,Xorazm,BYD,Seagull,A-Hatchback,Elektromobil (EV),Import (Xitoy),Byudjet (<$15k),11647,9,104823
2025,Q4,2025-Q4,Xorazm,Chery,Tiggo 7 Pro,C-SUV,Benzin (Turbo),Mahalliy yig‘uv (ADM Jizzax),Yuqori-o‘rta ($25k-$40k),27943,10,279430
2025,Q4,2025-Q4,Xorazm,Chery,Arrizo 6 Pro,C-Sedan,Benzin (Turbo),Mahalliy yig‘uv (ADM Jizzax),O‘rta ($15k-$25k),21871,9,196839
2025,Q4,2025-Q4,Xorazm,Chery,Tiggo 8 Pro,Mid-SUV,Benzin (Turbo),Mahalliy yig‘uv (ADM Jizzax),Yuqori-o‘rta ($25k-$40k),34836,5,174180
2025,Q4,2025-Q4,Xorazm,Haval,Jolion,B-SUV,Benzin (Turbo),Mahalliy yig‘uv (ADM Jizzax),O‘rta ($15k-$25k),24496,9,220464
2025,Q4,2025-Q4,Xorazm,Haval,M6,C-SUV,Benzin,Mahalliy yig‘uv (ADM Jizzax),O‘rta ($15k-$25k),20307,12,243684
2025,Q4,2025-Q4,Xorazm,Haval,H6,C-SUV,Benzin (Turbo),Mahalliy yig‘uv (ADM Jizzax),Yuqori-o‘rta ($25k-$40k),30869,6,185214
2025,Q4,2025-Q4,Xorazm,Kia,Sonet,B-SUV,Benzin,Mahalliy yig‘uv (ADM Jizzax),O‘rta ($15k-$25k),18980,10,189800
2025,Q4,2025-Q4,Xorazm,Kia,K5,D-Sedan,Benzin,Mahalliy yig‘uv (ADM Jizzax),Yuqori-o‘rta ($25k-$40k),35310,5,176550
2025,Q4,2025-Q4,Xorazm,Kia,Sportage,C-SUV,Benzin,Mahalliy yig‘uv (ADM Jizzax),Yuqori-o‘rta ($25k-$40k),37179,3,111537
2025,Q4,2025-Q4,Xorazm,Zeekr,001,E-Shooting Brake,Elektromobil (EV),Import (Xitoy),Premium (>$40k),51215,1,51215
2025,Q4,2025-Q4,Xorazm,Geely,Monjaro,Mid-SUV,Benzin (Turbo),Import (Xitoy),Yuqori-o‘rta ($25k-$40k),38123,4,152492
2025,Q4,2025-Q4,Xorazm,Jetour,Dashing,C-SUV,Benzin (Turbo),Import (Xitoy),Yuqori-o‘rta ($25k-$40k),28215,5,141075
2025,Q4,2025-Q4,Xorazm,Li Auto,L7/L9,Full-SUV,Gibrid (EREV),Import (Xitoy),Premium (>$40k),61155,1,61155
2025,Q4,2025-Q4,Surxondaryo,Chevrolet,Cobalt,B-Sedan,Benzin,Mahalliy (Asaka),Byudjet (<$15k),12462,94,1171428
2025,Q4,2025-Q4,Surxondaryo,Chevrolet,Damas,Mini-Van,Benzin,Mahalliy (Pitnak),Byudjet (<$15k),9247,70,647290
2025,Q4,2025-Q4,Surxondaryo,Chevrolet,Labo,Mini-Truck,Benzin,Mahalliy (Pitnak),Byudjet (<$15k),8590,38,326420
2025,Q4,2025-Q4,Surxondaryo,Chevrolet,Tracker-2,B-SUV,Benzin (Turbo),Mahalliy (Asaka),O‘rta ($15k-$25k),16870,16,269920
2025,Q4,2025-Q4,Surxondaryo,Chevrolet,Onix,B-Sedan,Benzin (Turbo),Mahalliy (Asaka),Byudjet (<$15k),14154,14,198156
2025,Q4,2025-Q4,Surxondaryo,Chevrolet,Malibu-2,D-Sedan,Benzin (Turbo),Mahalliy (Asaka),Yuqori-o‘rta ($25k-$40k),37121,3,111363
2025,Q4,2025-Q4,Surxondaryo,BYD,Song Plus DM-i,C-SUV,Gibrid (PHEV),Gibrid/Yig‘uv (Jizzax),O‘rta ($15k-$25k),24288,64,1554432
2025,Q4,2025-Q4,Surxondaryo,BYD,Chazor (Destroyer 05),C-Sedan,Gibrid (PHEV),Gibrid/Yig‘uv (Jizzax),O‘rta ($15k-$25k),18116,48,869568
2025,Q4,2025-Q4,Surxondaryo,BYD,Song Plus EV,C-SUV,Elektromobil (EV),Import (Xitoy),Yuqori-o‘rta ($25k-$40k),27212,7,190484
2025,Q4,2025-Q4,Surxondaryo,BYD,Han,E-Sedan,Elektromobil (EV),Import (Xitoy),Yuqori-o‘rta ($25k-$40k),38716,3,116148
2025,Q4,2025-Q4,Surxondaryo,BYD,Seagull,A-Hatchback,Elektromobil (EV),Import (Xitoy),Byudjet (<$15k),11569,26,300794
2025,Q4,2025-Q4,Surxondaryo,Chery,Tiggo 7 Pro,C-SUV,Benzin (Turbo),Mahalliy yig‘uv (ADM Jizzax),Yuqori-o‘rta ($25k-$40k),27907,10,279070
2025,Q4,2025-Q4,Surxondaryo,Chery,Arrizo 6 Pro,C-Sedan,Benzin (Turbo),Mahalliy yig‘uv (ADM Jizzax),O‘rta ($15k-$25k),21793,8,174344
2025,Q4,2025-Q4,Surxondaryo,Chery,Tiggo 8 Pro,Mid-SUV,Benzin (Turbo),Mahalliy yig‘uv (ADM Jizzax),Yuqori-o‘rta ($25k-$40k),34894,3,104682
2025,Q4,2025-Q4,Surxondaryo,Haval,Jolion,B-SUV,Benzin (Turbo),Mahalliy yig‘uv (ADM Jizzax),O‘rta ($15k-$25k),24613,9,221517
2025,Q4,2025-Q4,Surxondaryo,Haval,M6,C-SUV,Benzin,Mahalliy yig‘uv (ADM Jizzax),O‘rta ($15k-$25k),20635,10,206350
2025,Q4,2025-Q4,Surxondaryo,Haval,H6,C-SUV,Benzin (Turbo),Mahalliy yig‘uv (ADM Jizzax),Yuqori-o‘rta ($25k-$40k),30898,3,92694
2025,Q4,2025-Q4,Surxondaryo,Kia,Sonet,B-SUV,Benzin,Mahalliy yig‘uv (ADM Jizzax),O‘rta ($15k-$25k),18976,13,246688
2025,Q4,2025-Q4,Surxondaryo,Kia,K5,D-Sedan,Benzin,Mahalliy yig‘uv (ADM Jizzax),Yuqori-o‘rta ($25k-$40k),35520,5,177600
2025,Q4,2025-Q4,Surxondaryo,Kia,Sportage,C-SUV,Benzin,Mahalliy yig‘uv (ADM Jizzax),Yuqori-o‘rta ($25k-$40k),37038,3,111114
2025,Q4,2025-Q4,Surxondaryo,Zeekr,001,E-Shooting Brake,Elektromobil (EV),Import (Xitoy),Premium (>$40k),51401,2,102802
2025,Q4,2025-Q4,Surxondaryo,Geely,Monjaro,Mid-SUV,Benzin (Turbo),Import (Xitoy),Yuqori-o‘rta ($25k-$40k),38012,4,152048
2025,Q4,2025-Q4,Surxondaryo,Jetour,Dashing,C-SUV,Benzin (Turbo),Import (Xitoy),Yuqori-o‘rta ($25k-$40k),28535,3,85605
2025,Q4,2025-Q4,Surxondaryo,Li Auto,L7/L9,Full-SUV,Gibrid (EREV),Import (Xitoy),Premium (>$40k),61173,1,61173
2025,Q4,2025-Q4,Navoiy,Chevrolet,Cobalt,B-Sedan,Benzin,Mahalliy (Asaka),Byudjet (<$15k),12411,68,843948
2025,Q4,2025-Q4,Navoiy,Chevrolet,Damas,Mini-Van,Benzin,Mahalliy (Pitnak),Byudjet (<$15k),9285,56,519960
2025,Q4,2025-Q4,Navoiy,Chevrolet,Labo,Mini-Truck,Benzin,Mahalliy (Pitnak),Byudjet (<$15k),8596,30,257880
2025,Q4,2025-Q4,Navoiy,Chevrolet,Tracker-2,B-SUV,Benzin (Turbo),Mahalliy (Asaka),O‘rta ($15k-$25k),17308,10,173080
2025,Q4,2025-Q4,Navoiy,Chevrolet,Onix,B-Sedan,Benzin (Turbo),Mahalliy (Asaka),Byudjet (<$15k),13956,11,153516
2025,Q4,2025-Q4,Navoiy,Chevrolet,Malibu-2,D-Sedan,Benzin (Turbo),Mahalliy (Asaka),Yuqori-o‘rta ($25k-$40k),36935,1,36935
2025,Q4,2025-Q4,Navoiy,BYD,Song Plus DM-i,C-SUV,Gibrid (PHEV),Gibrid/Yig‘uv (Jizzax),O‘rta ($15k-$25k),24561,49,1203489
2025,Q4,2025-Q4,Navoiy,BYD,Chazor (Destroyer 05),C-Sedan,Gibrid (PHEV),Gibrid/Yig‘uv (Jizzax),O‘rta ($15k-$25k),18648,33,615384
2025,Q4,2025-Q4,Navoiy,BYD,Song Plus EV,C-SUV,Elektromobil (EV),Import (Xitoy),Yuqori-o‘rta ($25k-$40k),26957,5,134785
2025,Q4,2025-Q4,Navoiy,BYD,Han,E-Sedan,Elektromobil (EV),Import (Xitoy),Yuqori-o‘rta ($25k-$40k),38853,5,194265
2025,Q4,2025-Q4,Navoiy,BYD,Seagull,A-Hatchback,Elektromobil (EV),Import (Xitoy),Byudjet (<$15k),11054,20,221080
2025,Q4,2025-Q4,Navoiy,Chery,Tiggo 7 Pro,C-SUV,Benzin (Turbo),Mahalliy yig‘uv (ADM Jizzax),Yuqori-o‘rta ($25k-$40k),27964,9,251676
2025,Q4,2025-Q4,Navoiy,Chery,Arrizo 6 Pro,C-Sedan,Benzin (Turbo),Mahalliy yig‘uv (ADM Jizzax),O‘rta ($15k-$25k),21712,7,151984
2025,Q4,2025-Q4,Navoiy,Chery,Tiggo 8 Pro,Mid-SUV,Benzin (Turbo),Mahalliy yig‘uv (ADM Jizzax),Yuqori-o‘rta ($25k-$40k),34847,1,34847
2025,Q4,2025-Q4,Navoiy,Haval,Jolion,B-SUV,Benzin (Turbo),Mahalliy yig‘uv (ADM Jizzax),O‘rta ($15k-$25k),24671,9,222039
2025,Q4,2025-Q4,Navoiy,Haval,M6,C-SUV,Benzin,Mahalliy yig‘uv (ADM Jizzax),O‘rta ($15k-$25k),20518,8,164144
2025,Q4,2025-Q4,Navoiy,Haval,H6,C-SUV,Benzin (Turbo),Mahalliy yig‘uv (ADM Jizzax),Yuqori-o‘rta ($25k-$40k),30865,5,154325
2025,Q4,2025-Q4,Navoiy,Kia,Sonet,B-SUV,Benzin,Mahalliy yig‘uv (ADM Jizzax),O‘rta ($15k-$25k),18915,9,170235
2025,Q4,2025-Q4,Navoiy,Kia,K5,D-Sedan,Benzin,Mahalliy yig‘uv (ADM Jizzax),Yuqori-o‘rta ($25k-$40k),35385,3,106155
2025,Q4,2025-Q4,Navoiy,Kia,Sportage,C-SUV,Benzin,Mahalliy yig‘uv (ADM Jizzax),Yuqori-o‘rta ($25k-$40k),37020,3,111060
2025,Q4,2025-Q4,Navoiy,Zeekr,001,E-Shooting Brake,Elektromobil (EV),Import (Xitoy),Premium (>$40k),51247,1,51247
2025,Q4,2025-Q4,Navoiy,Geely,Monjaro,Mid-SUV,Benzin (Turbo),Import (Xitoy),Yuqori-o‘rta ($25k-$40k),37979,3,113937
2025,Q4,2025-Q4,Navoiy,Jetour,Dashing,C-SUV,Benzin (Turbo),Import (Xitoy),Yuqori-o‘rta ($25k-$40k),28379,2,56758
2025,Q4,2025-Q4,Navoiy,Li Auto,L7/L9,Full-SUV,Gibrid (EREV),Import (Xitoy),Premium (>$40k),60884,1,60884
2025,Q4,2025-Q4,Jizzax,Chevrolet,Cobalt,B-Sedan,Benzin,Mahalliy (Asaka),Byudjet (<$15k),12622,39,492258
2025,Q4,2025-Q4,Jizzax,Chevrolet,Damas,Mini-Van,Benzin,Mahalliy (Pitnak),Byudjet (<$15k),9344,37,345728
2025,Q4,2025-Q4,Jizzax,Chevrolet,Labo,Mini-Truck,Benzin,Mahalliy (Pitnak),Byudjet (<$15k),8854,17,150518
2025,Q4,2025-Q4,Jizzax,Chevrolet,Tracker-2,B-SUV,Benzin (Turbo),Mahalliy (Asaka),O‘rta ($15k-$25k),17111,7,119777
2025,Q4,2025-Q4,Jizzax,Chevrolet,Onix,B-Sedan,Benzin (Turbo),Mahalliy (Asaka),Byudjet (<$15k),14035,6,84210
2025,Q4,2025-Q4,Jizzax,Chevrolet,Malibu-2,D-Sedan,Benzin (Turbo),Mahalliy (Asaka),Yuqori-o‘rta ($25k-$40k),37108,1,37108
2025,Q4,2025-Q4,Jizzax,BYD,Song Plus DM-i,C-SUV,Gibrid (PHEV),Gibrid/Yig‘uv (Jizzax),O‘rta ($15k-$25k),23846,35,834610
2025,Q4,2025-Q4,Jizzax,BYD,Chazor (Destroyer 05),C-Sedan,Gibrid (PHEV),Gibrid/Yig‘uv (Jizzax),O‘rta ($15k-$25k),18873,22,415206
2025,Q4,2025-Q4,Jizzax,BYD,Song Plus EV,C-SUV,Elektromobil (EV),Import (Xitoy),Yuqori-o‘rta ($25k-$40k),27603,3,82809
2025,Q4,2025-Q4,Jizzax,BYD,Han,E-Sedan,Elektromobil (EV),Import (Xitoy),Yuqori-o‘rta ($25k-$40k),38906,1,38906
2025,Q4,2025-Q4,Jizzax,BYD,Seagull,A-Hatchback,Elektromobil (EV),Import (Xitoy),Byudjet (<$15k),11336,14,158704
2025,Q4,2025-Q4,Jizzax,Chery,Tiggo 7 Pro,C-SUV,Benzin (Turbo),Mahalliy yig‘uv (ADM Jizzax),Yuqori-o‘rta ($25k-$40k),27902,6,167412
2025,Q4,2025-Q4,Jizzax,Chery,Arrizo 6 Pro,C-Sedan,Benzin (Turbo),Mahalliy yig‘uv (ADM Jizzax),O‘rta ($15k-$25k),21879,5,109395
2025,Q4,2025-Q4,Jizzax,Chery,Tiggo 8 Pro,Mid-SUV,Benzin (Turbo),Mahalliy yig‘uv (ADM Jizzax),Yuqori-o‘rta ($25k-$40k),34707,2,69414
2025,Q4,2025-Q4,Jizzax,Haval,Jolion,B-SUV,Benzin (Turbo),Mahalliy yig‘uv (ADM Jizzax),O‘rta ($15k-$25k),24641,6,147846
2025,Q4,2025-Q4,Jizzax,Haval,M6,C-SUV,Benzin,Mahalliy yig‘uv (ADM Jizzax),O‘rta ($15k-$25k),20616,5,103080
2025,Q4,2025-Q4,Jizzax,Haval,H6,C-SUV,Benzin (Turbo),Mahalliy yig‘uv (ADM Jizzax),Yuqori-o‘rta ($25k-$40k),30923,3,92769
2025,Q4,2025-Q4,Jizzax,Kia,Sonet,B-SUV,Benzin,Mahalliy yig‘uv (ADM Jizzax),O‘rta ($15k-$25k),19260,3,57780
2025,Q4,2025-Q4,Jizzax,Kia,K5,D-Sedan,Benzin,Mahalliy yig‘uv (ADM Jizzax),Yuqori-o‘rta ($25k-$40k),35423,2,70846
2025,Q4,2025-Q4,Jizzax,Kia,Sportage,C-SUV,Benzin,Mahalliy yig‘uv (ADM Jizzax),Yuqori-o‘rta ($25k-$40k),37213,1,37213
2025,Q4,2025-Q4,Jizzax,Zeekr,001,E-Shooting Brake,Elektromobil (EV),Import (Xitoy),Premium (>$40k),51316,2,102632
2025,Q4,2025-Q4,Jizzax,Geely,Monjaro,Mid-SUV,Benzin (Turbo),Import (Xitoy),Yuqori-o‘rta ($25k-$40k),38332,2,76664
2025,Q4,2025-Q4,Jizzax,Jetour,Dashing,C-SUV,Benzin (Turbo),Import (Xitoy),Yuqori-o‘rta ($25k-$40k),28479,1,28479
2025,Q4,2025-Q4,Jizzax,Li Auto,L7/L9,Full-SUV,Gibrid (EREV),Import (Xitoy),Premium (>$40k),61187,2,122374
2025,Q4,2025-Q4,Sirdaryo,Chevrolet,Cobalt,B-Sedan,Benzin,Mahalliy (Asaka),Byudjet (<$15k),12708,33,419364
2025,Q4,2025-Q4,Sirdaryo,Chevrolet,Damas,Mini-Van,Benzin,Mahalliy (Pitnak),Byudjet (<$15k),9240,26,240240
2025,Q4,2025-Q4,Sirdaryo,Chevrolet,Labo,Mini-Truck,Benzin,Mahalliy (Pitnak),Byudjet (<$15k),8566,14,119924
2025,Q4,2025-Q4,Sirdaryo,Chevrolet,Tracker-2,B-SUV,Benzin (Turbo),Mahalliy (Asaka),O‘rta ($15k-$25k),17055,3,51165
2025,Q4,2025-Q4,Sirdaryo,Chevrolet,Onix,B-Sedan,Benzin (Turbo),Mahalliy (Asaka),Byudjet (<$15k),14068,5,70340
2025,Q4,2025-Q4,Sirdaryo,Chevrolet,Malibu-2,D-Sedan,Benzin (Turbo),Mahalliy (Asaka),Yuqori-o‘rta ($25k-$40k),37209,1,37209
2025,Q4,2025-Q4,Sirdaryo,BYD,Song Plus DM-i,C-SUV,Gibrid (PHEV),Gibrid/Yig‘uv (Jizzax),O‘rta ($15k-$25k),24584,23,565432
2025,Q4,2025-Q4,Sirdaryo,BYD,Chazor (Destroyer 05),C-Sedan,Gibrid (PHEV),Gibrid/Yig‘uv (Jizzax),O‘rta ($15k-$25k),18093,17,307581
2025,Q4,2025-Q4,Sirdaryo,BYD,Song Plus EV,C-SUV,Elektromobil (EV),Import (Xitoy),Yuqori-o‘rta ($25k-$40k),27062,2,54124
2025,Q4,2025-Q4,Sirdaryo,BYD,Han,E-Sedan,Elektromobil (EV),Import (Xitoy),Yuqori-o‘rta ($25k-$40k),38867,1,38867
2025,Q4,2025-Q4,Sirdaryo,BYD,Seagull,A-Hatchback,Elektromobil (EV),Import (Xitoy),Byudjet (<$15k),11122,10,111220
2025,Q4,2025-Q4,Sirdaryo,Chery,Tiggo 7 Pro,C-SUV,Benzin (Turbo),Mahalliy yig‘uv (ADM Jizzax),Yuqori-o‘rta ($25k-$40k),27638,4,110552
2025,Q4,2025-Q4,Sirdaryo,Chery,Arrizo 6 Pro,C-Sedan,Benzin (Turbo),Mahalliy yig‘uv (ADM Jizzax),O‘rta ($15k-$25k),21901,4,87604
2025,Q4,2025-Q4,Sirdaryo,Chery,Tiggo 8 Pro,Mid-SUV,Benzin (Turbo),Mahalliy yig‘uv (ADM Jizzax),Yuqori-o‘rta ($25k-$40k),34946,3,104838
2025,Q4,2025-Q4,Sirdaryo,Haval,Jolion,B-SUV,Benzin (Turbo),Mahalliy yig‘uv (ADM Jizzax),O‘rta ($15k-$25k),24380,2,48760
2025,Q4,2025-Q4,Sirdaryo,Haval,M6,C-SUV,Benzin,Mahalliy yig‘uv (ADM Jizzax),O‘rta ($15k-$25k),20329,5,101645
2025,Q4,2025-Q4,Sirdaryo,Haval,H6,C-SUV,Benzin (Turbo),Mahalliy yig‘uv (ADM Jizzax),Yuqori-o‘rta ($25k-$40k),31258,2,62516
2025,Q4,2025-Q4,Sirdaryo,Kia,Sonet,B-SUV,Benzin,Mahalliy yig‘uv (ADM Jizzax),O‘rta ($15k-$25k),19010,4,76040
2025,Q4,2025-Q4,Sirdaryo,Kia,K5,D-Sedan,Benzin,Mahalliy yig‘uv (ADM Jizzax),Yuqori-o‘rta ($25k-$40k),35599,2,71198
2025,Q4,2025-Q4,Sirdaryo,Kia,Sportage,C-SUV,Benzin,Mahalliy yig‘uv (ADM Jizzax),Yuqori-o‘rta ($25k-$40k),37149,2,74298
2025,Q4,2025-Q4,Sirdaryo,Zeekr,001,E-Shooting Brake,Elektromobil (EV),Import (Xitoy),Premium (>$40k),51270,1,51270
2025,Q4,2025-Q4,Sirdaryo,Geely,Monjaro,Mid-SUV,Benzin (Turbo),Import (Xitoy),Yuqori-o‘rta ($25k-$40k),38269,1,38269
2025,Q4,2025-Q4,Sirdaryo,Jetour,Dashing,C-SUV,Benzin (Turbo),Import (Xitoy),Yuqori-o‘rta ($25k-$40k),28421,2,56842
2025,Q4,2025-Q4,Sirdaryo,Li Auto,L7/L9,Full-SUV,Gibrid (EREV),Import (Xitoy),Premium (>$40k),61059,1,61059
2025,Q4,2025-Q4,Qoraqalpog‘iston Res.,Chevrolet,Cobalt,B-Sedan,Benzin,Mahalliy (Asaka),Byudjet (<$15k),12546,30,376380
2025,Q4,2025-Q4,Qoraqalpog‘iston Res.,Chevrolet,Damas,Mini-Van,Benzin,Mahalliy (Pitnak),Byudjet (<$15k),9350,24,224400
2025,Q4,2025-Q4,Qoraqalpog‘iston Res.,Chevrolet,Labo,Mini-Truck,Benzin,Mahalliy (Pitnak),Byudjet (<$15k),8600,14,120400
2025,Q4,2025-Q4,Qoraqalpog‘iston Res.,Chevrolet,Tracker-2,B-SUV,Benzin (Turbo),Mahalliy (Asaka),O‘rta ($15k-$25k),16907,6,101442
2025,Q4,2025-Q4,Qoraqalpog‘iston Res.,Chevrolet,Onix,B-Sedan,Benzin (Turbo),Mahalliy (Asaka),Byudjet (<$15k),13951,5,69755
2025,Q4,2025-Q4,Qoraqalpog‘iston Res.,Chevrolet,Malibu-2,D-Sedan,Benzin (Turbo),Mahalliy (Asaka),Yuqori-o‘rta ($25k-$40k),37059,3,111177
2025,Q4,2025-Q4,Qoraqalpog‘iston Res.,BYD,Song Plus DM-i,C-SUV,Gibrid (PHEV),Gibrid/Yig‘uv (Jizzax),O‘rta ($15k-$25k),24106,22,530332
2025,Q4,2025-Q4,Qoraqalpog‘iston Res.,BYD,Chazor (Destroyer 05),C-Sedan,Gibrid (PHEV),Gibrid/Yig‘uv (Jizzax),O‘rta ($15k-$25k),18083,16,289328
2025,Q4,2025-Q4,Qoraqalpog‘iston Res.,BYD,Song Plus EV,C-SUV,Elektromobil (EV),Import (Xitoy),Yuqori-o‘rta ($25k-$40k),27155,3,81465
2025,Q4,2025-Q4,Qoraqalpog‘iston Res.,BYD,Han,E-Sedan,Elektromobil (EV),Import (Xitoy),Yuqori-o‘rta ($25k-$40k),38471,3,115413
2025,Q4,2025-Q4,Qoraqalpog‘iston Res.,BYD,Seagull,A-Hatchback,Elektromobil (EV),Import (Xitoy),Byudjet (<$15k),11677,10,116770
2025,Q4,2025-Q4,Qoraqalpog‘iston Res.,Chery,Tiggo 7 Pro,C-SUV,Benzin (Turbo),Mahalliy yig‘uv (ADM Jizzax),Yuqori-o‘rta ($25k-$40k),27834,3,83502
2025,Q4,2025-Q4,Qoraqalpog‘iston Res.,Chery,Arrizo 6 Pro,C-Sedan,Benzin (Turbo),Mahalliy yig‘uv (ADM Jizzax),O‘rta ($15k-$25k),21782,5,108910
2025,Q4,2025-Q4,Qoraqalpog‘iston Res.,Chery,Tiggo 8 Pro,Mid-SUV,Benzin (Turbo),Mahalliy yig‘uv (ADM Jizzax),Yuqori-o‘rta ($25k-$40k),34988,1,34988
2025,Q4,2025-Q4,Qoraqalpog‘iston Res.,Haval,Jolion,B-SUV,Benzin (Turbo),Mahalliy yig‘uv (ADM Jizzax),O‘rta ($15k-$25k),24497,5,122485
2025,Q4,2025-Q4,Qoraqalpog‘iston Res.,Haval,M6,C-SUV,Benzin,Mahalliy yig‘uv (ADM Jizzax),O‘rta ($15k-$25k),20432,4,81728
2025,Q4,2025-Q4,Qoraqalpog‘iston Res.,Haval,H6,C-SUV,Benzin (Turbo),Mahalliy yig‘uv (ADM Jizzax),Yuqori-o‘rta ($25k-$40k),30884,2,61768
2025,Q4,2025-Q4,Qoraqalpog‘iston Res.,Kia,Sonet,B-SUV,Benzin,Mahalliy yig‘uv (ADM Jizzax),O‘rta ($15k-$25k),18940,3,56820
2025,Q4,2025-Q4,Qoraqalpog‘iston Res.,Kia,K5,D-Sedan,Benzin,Mahalliy yig‘uv (ADM Jizzax),Yuqori-o‘rta ($25k-$40k),35467,1,35467
2025,Q4,2025-Q4,Qoraqalpog‘iston Res.,Kia,Sportage,C-SUV,Benzin,Mahalliy yig‘uv (ADM Jizzax),Yuqori-o‘rta ($25k-$40k),37090,1,37090
2025,Q4,2025-Q4,Qoraqalpog‘iston Res.,Zeekr,001,E-Shooting Brake,Elektromobil (EV),Import (Xitoy),Premium (>$40k),51160,1,51160
2025,Q4,2025-Q4,Qoraqalpog‘iston Res.,Geely,Monjaro,Mid-SUV,Benzin (Turbo),Import (Xitoy),Yuqori-o‘rta ($25k-$40k),38174,1,38174
2025,Q4,2025-Q4,Qoraqalpog‘iston Res.,Jetour,Dashing,C-SUV,Benzin (Turbo),Import (Xitoy),Yuqori-o‘rta ($25k-$40k),28234,3,84702
2025,Q4,2025-Q4,Qoraqalpog‘iston Res.,Li Auto,L7/L9,Full-SUV,Gibrid (EREV),Import (Xitoy),Premium (>$40k),60981,1,60981
